name,lat,lon
CBLM_FL1S,-23.884903,152.413621
CBLM_LA1S,-23.896238,152.413635
CBLM_FL2S,-23.917571,152.391971
CBLM_BA1S,-23.900155,152.393624
CBLM_BA2S,-23.894298,152.404406
KENK_FL1S,-23.085288,150.898847
KEHW_BA1S,-23.201548,150.966419
KEGK_BA1S,-23.196282,150.936693
KEMD_BA1S,-23.162195,150.920995
KEML_BA1S,-23.15045,150.90317
OCLB_FL1S,-18.944082,147.699448
OCLB_BA1S,-18.949114,147.693065
OCCH_FL1S,-18.652112,147.718717
OCCH_BA1S,-18.653034,147.708676
OCCH_BA2S,-18.66016,147.70297
OCLB_LA1S,-18.949409,147.701664
TSAU_BA2S,-9.8757,143.388545
TSMA_FR1S,-9.759895,143.39796
TSMA_BA2S,-9.7442395,143.415763
TSAU_FR1S,-9.87996,143.41004
CBHE_FL1S,-23.4561755,151.925688
CBHE_LA1S,-23.454021,151.968494
CBHE_FR1D,-23.472098,151.977937
CBHE_FR1S,-23.471972,151.9777105
CBHE_BA1D_P4,-23.4281955,151.95204
CBHE_BA1D_P2,-23.4280535,151.952309
CBHE_BA1D_P1,-23.4280415,151.9524235
CBHE_BA1D_P3,-23.428095,151.952179
CBHE_BA1S_P1,-23.428403,151.952614
CBHE_BA1S_P3,-23.4284495,151.952358
CBHE_BA1S_P2,-23.428454,151.9524855
CBHE_BA1S_P4,-23.4284645,151.9522105
CBHE_FR1S_P3,-23.4719215,151.9778785
CBHE_FR1S_P4,-23.471902,151.977954
CBHE_LA2S,-23.443793,151.913647
CBHE_LA2S,-23.445995,151.914251
CBHE_LA2S,-23.446363,151.914292
CBHE_LA2S,-23.446343,151.91423
CBHE_LA2S,-23.446596,151.914423
CBHE_LA2S,-23.446857,151.91471
CBHE_LA3S,-23.441863,151.919192
CBHE_LA3S,-23.441833,151.919367
CBHE_LA3S,-23.437415,151.923291
CBHE_LA3S,-23.438065,151.922426
CBHE_LA3S,-23.440433,151.920458
CBHE_LA3S,-23.440581,151.920303
CBHE_LA3S,-23.442017,151.919499
CBHE_LA3S,-23.44179,151.91939
CBHE_LA3S,-23.44123,151.92091
CBHE_LA3S,-23.4408,151.921151
ONMO_BA1S,-16.8472105,146.217424
ONMO_FL1S,-16.8485425,146.237223
ONMO_FR1D,-16.872083,146.2536695
ONMO_FR1S,-16.872041,146.2536145
ONMO_FR2D,-16.8830355,146.244797
ONMO_FR2S,-16.882674,146.244602
ONMO_FL1D,-16.8484505,146.2372885
ONMO_LA1S,-16.859841,146.2256785
ONMO_LA1D,-16.8599245,146.2257455
ONMO_BA1D,-16.8471725,146.2174315
ONMO_BA2D,-16.881947,146.1837795
ONMO_BA2S,-16.8820015,146.183993
ONLI_FR1S,-14.691274,145.46938
ONLI_FL1S,-14.6980975,145.445447
ONLI_FR2S,-14.649439,145.492935
ONLI_BA2S,-14.667794,145.441894
ONLI_LA1S,-14.6877065,145.465276
PAPE_FR1S,-18.53952,146.49918
PAOR_FL1S,-18.57226,146.49542
PAPE_FR1D,-18.53935,146.4995
PAPE_BA1D,-18.55054,146.48822
PAOR_FL1D,-18.57151,146.49538
PAPE_BA2S,-18.54103,146.48862
PAPE_BA2D,-18.54083,146.48846
OCDA_FR2D,-18.83191,147.65257
OCDA_FR2S,-18.83187,147.6525
OCDA_FR1D,-18.81966,147.66394
OCDA_FR1S,-18.8192,147.66391
OCCH_BA2S,-18.660365,147.702675
OCCH_FL1S,-18.652217,147.7184615
OCCH_BA1S,-18.6532055,147.708533
OCDA_FL1D,-18.80592,147.6688
OCDA_FL1S,-18.80575,147.6686
OCLB_BA1S,-18.9493475,147.6929265
OCLB_FL1S,-18.944062,147.699285
OCLB_LA1S,-18.949382,147.701909
OCDA_LA1S,-18.833,147.63338
OCDA_LA2S,-18.83125,147.63316
OCDA_BA1D,-18.82579,147.62735
OCDA_BA1S,-18.8259,147.62727
ONLI_FR1S_P1,-14.69179039,145.4691158
ONLI_FR1S_P2,-14.6914335,145.4693475
ONLI_FR1S_P3,-14.691301,145.4694115
ONLI_FR1S_P4,-14.691127,145.469436
ONLI_BA1S_P1,-14.650714,145.450096
ONLI_FR2S_P1,-14.649595,145.493099
ONLI_FR2S_P2,-14.649549,145.493068
ONLI_FR2S_P4,-14.649287,145.4927845
ONLI_FR2S_P3,-14.649456,145.492929
TSAU_FR2D_P4,-9.88359,143.40722
TSAU_FR2S_P3,-9.88359,143.407125
TSAU_FL1S_P1,-9.882025,143.39442
TSAU_BA1S_P2,-9.867615,143.389355
TSMA_FR1D,-9.763955,143.417
TSMA_FR1S_P2,-9.76224,143.421395
TSMA_FR2D_P2,-9.74637,143.46012
TSMA_FR2S_P2,-9.74838,143.458505
TSMA_BA1D_P34,-9.748812489,143.3997011
TSMA_BA1D_P4,-9.748929977,143.3995972
TSMA_BA1D_P3,-9.748695,143.399805
TSMA_BA1D_P12,-9.748577408,143.3999224
TSMA_BA1D_P1,-9.748459816,143.4000397
TSMA_BA1S_P2,-9.748895,143.399825
TSMA_BA1S_P4,-9.749119759,143.3996124
TSMA_BA1S_P1,-9.748669624,143.4000397
TSMA_BA2D_P4,-9.74409,143.41574
TSMA_LA1S_P1,-9.73404,143.43519
TSDU_FR1S_P2,-9.9312,143.00543
TSDU_LA1S_P3,-9.934095,142.922705
TSDU_FR2S_P1,-10.03707,142.926535
TSDU_BA3S_P2,-9.985315,142.90854
TSDU_BA2S_P2,-9.878565,142.932925
CBLM_BA1S_P1,-23.900174,152.3936205
CBLM_BA1S_P2,-23.900253,152.393555
CBLM_BA1S_P3,-23.9003675,152.3934045
CBLM_BA1S_P4,-23.9004655,152.393308
CBLM_BA2S_P1,-23.8943045,152.4043745
CBLM_BA2S_P2,-23.8943095,152.404054
CBLM_BA2S_P4,-23.8945,152.403644
CBLM_BA2S_P3,-23.8944175,152.403762
CBLM_LA1S_P1,-23.8962565,152.413664
CBLM_LA1S_P2,-23.896318,152.4138515
CBLM_LA1S_P12,-23.89628725,152.4137578
CBLM_LA1S_P3,-23.8963465,152.414007
CBLM_LA1S_P4,-23.8960755,152.414039
CBLM_FL1S_P1,-23.884943,152.4136075
CBLM_FL1S_P2,-23.88506,152.4135875
CBLM_FL1S_P4,-23.8853215,152.413674
CBLM_FL1S_P3,-23.8852145,152.413594
CBLM_FL2S_P1,-23.9175615,152.392049
CBLM_FL2S_P2,-23.917564,152.392285
CBLM_FL2S_P3,-23.917494,152.392486
CBLM_FL2S_P4,-23.916998,152.3926315
CBHE_FR2D_P1,-23.4708128,151.9507523
CBHE_FR2D_P2,-23.47084618,151.9509202
CBHE_FR2D_P3,-23.47086716,151.9512024
CBHE_FR2S_P1,-23.4703846,151.9507065
CBHE_FR2S_P2,-23.47042275,151.9508896
CBHE_FR2S_P3,-23.4704876,151.9510498
CBHE_FR2S_P4,-23.47050095,151.9511948
CBHE_FR1D_P1,-23.472103,151.977764
CBHE_FR1D_P2,-23.4720845,151.977962
CBHE_FR1D_P4,-23.4720925,151.978211
CBHE_FR1S_P1,-23.4720295,151.9775415
CBHE_FR1S_P2,-23.4719785,151.9776975
CBHE_FL1S_P1,-23.456009,151.925543
CBHE_FL1S_P2,-23.4561095,151.925544
CBHE_FL1S_P3,-23.4561805,151.925674
CBHE_FL1S_P4,-23.4563285,151.9257705
CBHE_FL1S_P23,-23.456145,151.925609
CBHE_LA1S_P1,-23.454011,151.968531
CBHE_LA1S_P2,-23.453994,151.968625
CBHE_LA1S_P3,-23.4539295,151.968631
CBHE_LA1S_P4,-23.4539235,151.9684755
CBHE_BA2D_P1,-23.4340395,151.920592
CBHE_BA2D_P2,-23.43398,151.920474
CBHE_BA2D_P3,-23.434007,151.920339
CBHE_BA2D_P34,-23.4340495,151.9201853
CBHE_BA2D_P4,-23.434092,151.9200315
CBHE_BA2S_P1,-23.433933,151.9212005
CBHE_BA2S_P2,-23.433991,151.9210255
CBHE_BA2S_P3,-23.4340225,151.9208295
CBHE_BA2S_P4,-23.4340385,151.920667
KENK_FL1S_P1,-23.0852885,150.898866
KENK_FL1S_P4,-23.0854485,150.8994405
KEGK_BA1S_P1,-23.1963115,150.936706
KEGK_BA1S_P2,-23.19646,150.9367595
KEGK_BA1S_P3,-23.196646,150.936854
KEGK_BA1S_P4,-23.1967785,150.936948
KEHW_BA1S_P1,-23.2015605,150.966428
KEHW_BA1S_P2,-23.2016865,150.9665035
KEHW_BA1S_P3,-23.2017915,150.9666105
KEHW_BA1S_P4,-23.2021985,150.9667775
KENK_BA1S_P2,-23.0842695,150.885426
KENK_BA1S_P1,-23.084151,150.8855545
KENK_BA1S_P3,-23.0843315,150.885426
KEML_BA1S_P1,-23.150475,150.903145
KEML_BA1S_P2,-23.15051,150.90305
KEML_BA1S_P4,-23.15055,150.90275
KEML_BA1S_P3,-23.15053,150.90289
KEMD_BA1S_P1,-23.162169,150.920964
KEMD_BA1S_P2,-23.162055,150.920875
KEMD_BA1S_P3,-23.16194,150.920755
ONMO_FR2S_P3,-16.88269,146.2447035
ONMO_FR2S_P2,-16.8827925,146.244564
ONMO_FR2S_P1,-16.8828585,146.2444155
ONMO_FR1S_P1,-16.8722915,146.253598
ONMO_FR1S_P2,-16.8721375,146.253599
ONMO_FR1D_P3,-16.8719915,146.253711
ONMO_FR1D_P4,-16.8717695,146.253705
ONMO_FR1D_P1,-16.8723705,146.2536575
ONMO_FR1D_P2,-16.872129,146.2537205
ONMO_FR1S_P3,-16.8719965,146.253583
ONMO_FR1S_P4,-16.87181,146.253624
ONMO_BA2D_P4,-16.8820255,146.183502
ONMO_BA2D_P2,-16.8819085,146.183834
ONMO_BA2D_P1,-16.88184,146.1841005
ONMO_BA2D_P3,-16.881942,146.1837265
ONMO_BA2S_P4,-16.8820415,146.1837665
ONMO_BA2S_P3,-16.8819505,146.183962
ONMO_BA2S_P1,-16.881932,146.1842425
ONMO_BA2S_P2,-16.8818885,146.1840885
ONMO_LA1D_P1,-16.860028,146.225458
ONMO_LA1D_P4,-16.85986,146.2260415
ONMO_LA1D_P3,-16.859946,146.225974
ONMO_LA1D_P2,-16.8599965,146.2258945
ONMO_LA1S_P3,-16.8598625,146.2258965
ONMO_LA1S_P2,-16.8599545,146.2257745
ONMO_LA1S_P1,-16.8599555,146.225459
ONMO_LA1S_P4,-16.8597595,146.225918
ONMO_BA1D_P1,-16.846986,146.217602
ONMO_BA1D_P2,-16.847112,146.217435
ONMO_BA1D_P3,-16.8472235,146.2173485
ONMO_BA1D_P4,-16.847343,146.2172335
ONMO_BA1S_P4,-16.847364,146.217261
ONMO_BA1S_P3,-16.847236,146.2173505
ONMO_BA1S_P1,-16.8470695,146.21758
ONMO_BA1S_P2,-16.8471265,146.217468
OCDA_FR2D_P1,-18.83197972,147.6525535
OCDA_FR2D_P2,-18.83180932,147.6526864
OCDA_FR2D_P3,-18.83173759,147.6527397
OCDA_FR2D_P4,-18.83160726,147.652827
OCDA_FR2S_P1,-18.83192685,147.6524971
OCDA_FR2S_P2,-18.83180971,147.6525841
OCDA_FR2S_P3,-18.83163711,147.6527145
OCDA_BA2D_P1,-18.81434,147.63719
OCDA_BA2D_P2,-18.8143,147.637125
OCDA_BA2D_P3,-18.814315,147.6369
OCDA_BA2D_P4,-18.814355,147.636785
OCDA_BA2S_P1,-18.81449451,147.637185
OCDA_BA2S_P2,-18.81445,147.63709
OCDA_BA2S_P3,-18.81441,147.63697
OCDA_BA2S,-18.81448,147.6372
OCDA_BA2S_P4,-18.814435,147.636895
OCDA_FL1D_P1,-18.805915,147.668855
OCDA_FL1D_P2,-18.80582,147.668845
OCDA_FL1D_P4,-18.805595,147.66861
OCDA_FL1D_P3,-18.805735,147.66876
OCDA_FL1S_P2,-18.80573,147.66856
OCDA_FL1S_P3,-18.80563,147.66845
OCDA_FL1S_P4,-18.805575,147.66835
OCDA_FR1D_P1,-18.81968177,147.663926
OCDA_FR1D_P2,-18.819375,147.664025
OCDA_FR1D_P3,-18.81925,147.66413
OCDA_FR1D_P4,-18.819265,147.66417
OCDA_FR1S_P3,-18.81938248,147.663904
OCDA_FR1S_P2,-18.8194875,147.663784
OCDA_FR1S_P1,-18.81961901,147.6637135
OCDA_FR1S_P4,-18.81929652,147.6639395
OCDA_FR1S_P34,-18.8193395,147.6639218
OCCH_BA1S_P1,-18.653038,147.7086435
OCCH_BA1S_P2,-18.6531735,147.7085495
OCCH_BA1S_P3,-18.653342,147.708605
OCCH_BA1S_P4,-18.653383,147.7084325
OCCH_FL1S_P1,-18.652094,147.7186785
OCCH_FL1S_P2,-18.65208652,147.718515
OCCH_FL1S_P3,-18.6522605,147.7183575
OCCH_FL1S_P4,-18.652288,147.718228
OCCH_BA2S_P1,-18.66017252,147.702942
OCCH_BA2S_P2,-18.66027,147.70274
OCCH_BA2S_P3,-18.66045,147.70259
OCCH_BA2S_P4,-18.66053299,147.7024005
OCDA_BA1D_P4,-18.825645,147.62737
OCDA_BA1D_P3,-18.82578,147.627365
OCDA_BA1D_P1,-18.82595,147.627325
OCDA_BA1D_P2,-18.82586,147.627375
PAPE_FR1D_P4,-18.5394,146.4995
PAPE_FR1S_P3,-18.539612,146.499036
PAPE_FR1S_P2,-18.5396,146.4991715
PAPE_FR1S_P1,-18.53959533,146.4993701
PAOR_FL1D_P2,-18.5715,146.4954
PAOR_FL1S_P3,-18.5720195,146.495155
PAOR_FL1S_P2,-18.5720885,146.4952225
PAOR_FL1S_P4,-18.57187,146.495043
PAOR_FL1S_P1,-18.5722065,146.4953325
PAPE_BA1D_P1,-18.55088586,146.4881279
PAPE_BA1D_P2,-18.55081125,146.4881377
PAPE_BA1D_P3,-18.55071515,146.4881948
PAPE_BA1D_P4,-18.55060351,146.488198
PAPE_BA1S_P1,-18.5505295,146.4884325
PAPE_BA1S_P2,-18.55071,146.488428
PAPE_BA1S_P3,-18.550857,146.4884365
PAPE_BA1S_P4,-18.550977,146.488431
PAPE_BA2S_P1,-18.54077403,146.4886517
PAPE_BA2S_P2,-18.54093586,146.4886141
PAPE_BA2S_P3,-18.54103498,146.4886175
PAPE_BA2S_P23,-18.54098542,146.4886158
PAPE_BA2S_P4,-18.54116213,146.4886241
OCDA_FR2S_P4,-18.83150833,147.6528006
OCDA_LA2S_P1,-18.831095,147.63311
OCDA_LA2S_P2,-18.831305,147.633245
OCDA_LA2S_P23,-18.831295,147.6331825
OCDA_LA2S_P3,-18.831285,147.63312
OCDA_LA2S_P4,-18.831215,147.633025
OCDA_LA1S_P1,-18.832615,147.6333735
OCDA_LA1S_P2,-18.83290898,147.6334215
OCDA_LA1S_P3,-18.833055,147.633357
OCDA_LA1S_P4,-18.83318052,147.6332905
OCLB_LA1S_P1,-18.949405,147.7016985
OCLB_LA1S_P2,-18.9493795,147.701859
OCLB_LA1S_P4,-18.949362,147.7021085
OCLB_LA1S_P23,-18.94937875,147.7019308
OCLB_LA1S_P34,-18.94937,147.7020555
OCLB_LA1S_P3,-18.949378,147.7020025
OCLB_LA1S_P122,-18.94939225,147.7017788
OCLB_FL1S_P1,-18.9440645,147.699442
OCLB_FL1S_P2,-18.943966,147.699309
OCLB_BA1S_P4,-18.949567,147.6928
OCLB_BA1S_P3,-18.949407,147.692884
OCLB_BA1S_P2,-18.9492785,147.693012
OCLB_BA1S_P1,-18.949138,147.6930675
OCLB_FL1S_P3,-18.9439165,147.699257
OCLB_FL1S_P4,-18.944012,147.699129
OCDA_FL1S_P1,-18.805835,147.66868
PAPE_FR1S_P4,-18.539644,146.498876
ONMO_FL1D_P1,-16.8485545,146.2374375
ONMO_FL1D_P2,-16.848455,146.2373245
ONMO_FL1D_P3,-16.8483585,146.237261
ONMO_FL1D_P4,-16.8483175,146.2371315
ONMO_FL1S_P1,-16.8486695,146.237388
ONMO_FL1S_P3,-16.848496,146.2371905
ONMO_FL1S_P4,-16.8484175,146.2370605
ONMO_FL1S_P2,-16.848538,146.237323
ONLI_LA1S_P1,-14.6875135,145.4651275
ONLI_LA1S_P2,-14.6876155,145.465167
ONLI_LA1S_P3,-14.6878365,145.465296
ONLI_LA1S_P4,-14.6879075,145.465401
ONLI_FL1S_P1,-14.697944,145.4452925
ONLI_FL1S_P2,-14.6980275,145.4453655
ONLI_FL1S_P3,-14.698135,145.445475
ONLI_FL1S_P4,-14.69823,145.4455835
TSDU_BA1S_P4,-9.88136,142.92542
CBLM_BA1S_P23,-23.90031025,152.3934798
CBHE_FR2D_P4,-23.4708662,151.9513931
CBHE_BA2S,-23.433982,151.920934
CBHE_BA2D_P12,-23.43400975,151.920533
KEMD_BA1S_P4,-23.161835,150.920675
KENK_BA1S_P34,-23.08438575,150.8854493
KENK_BA1S_P4,-23.08444,150.8854725
ONLI_LO1S_P3,-14.6835,145.450361
ONLI_NP1D_P2,-14.646028,145.453583
ONLI_NP1S,-14.646083,145.45375
ONLI_CG1S_P4,-14.663694,145.451111
ONLI_BV1S_P4,-14.684389,145.44
ONLI_RB1S_P1,-14.679194,145.443583
ONLI_LA2S_P1,-14.686861,145.454972
ONLI_TA1S_P1,-14.685111,145.466972
ONLI_PA1S_P4,-14.696806,145.449889
ONLI_CN1S_P4,-14.658139,145.451583
Ahya_16a,-21.96286719,152.3072212
Ahya_17a,-21.96286744,152.3072024
Ahya_18a,-21.96288337,152.3072124
Ahya_19a,-21.9628806,152.3072144
Ahya_1a,-21.96280047,152.3074841
Ahya_20a,-21.96291732,152.3072255
Ahya_21a,-21.9629252,152.307218
Ahya_22a,-21.96292494,152.3072086
Ahya_23a,-21.96292897,152.3072169
Ahya_24a,-21.96295755,152.3072373
Ahya_25a,-21.96295403,152.3072329
Ahya_26a,-21.96296694,152.3072792
Ahya_27a,-21.96296794,152.3072757
Ahya_28a,-21.96297389,152.3072719
Ahya_29a,-21.96297641,152.3072649
Ahya_2a,-21.9628112,152.3074771
Ahya_30a,-21.96297792,152.3072644
Ahya_31a,-21.96297674,152.3072568
Ahya_32a,-21.96297968,152.3072604
Ahya_33a,-21.96296987,152.3072471
Ahya_3a,-21.96281531,152.3074759
Ahya_4a,-21.96281732,152.3074827
Ahya_5a,-21.96281682,152.3074778
Ahya_6a,-21.9628195,152.307478
Ahya_7a,-21.96282235,152.3074738
Ahya_8a,-21.96282637,152.3074762
Ahya_9a,-21.96282411,152.3074752
Ahya_10a,-21.95539883,152.2969731
Ahya_11a,-21.95540839,152.2969889
Ahya_12a,-21.95560763,152.2969331
Ahya_13a,-21.95577669,152.296778
Ahya_14a,-21.95580762,152.2967776
Ahya_15a,-21.95582304,152.2968107
Ahya_34a,-21.9558999,152.2968738
Ahya_35a,-21.95601197,152.2968814
Ahya_36a,-21.95617022,152.2967376
Ahya_37a,-21.95621942,152.2967232
Ahya_47a,-21.95513204,152.2968582
Ahya_48a,-21.9546624,152.2972206
Ahya_49a,-21.95462669,152.2971707
Ahya_50a,-21.95452242,152.2971737
Ahya_38a,-21.47282342,152.5609202
Ahya_39a,-21.47304855,152.5609273
Ahya_40a,-21.47309214,152.5610289
Ahya_41a,-21.47313128,152.560947
Ahya_42a,-21.47311921,152.5610228
Ahya_43a,-21.47306297,152.5609181
Ahya_44a,-21.47307848,152.5609108
Ahya_45a,-21.47393762,152.5611744
Ahya_51a,-21.47414323,152.56197
Ahya_52a,-21.4713337,152.5650215
Ahya_53a,-21.47045393,152.5653714
Ahya_54a,-21.47011573,152.5653786
Ahya_55a,-21.46932581,152.5643821
Ahya_56a,-21.46919229,152.564365
Ahya_57a,-21.46934174,152.5639749
Ahya_58a,-21.46945029,152.5641416
Ahya_59a,-21.46940771,152.5635042
Ahya_60a,-21.46969671,152.5626694
Ahya_61a,-21.46962371,152.5622835
Ahya_67a,-21.47008237,152.5652048
Ahya_68a,-21.470135,152.5653938
Ahya_69a,-21.47028998,152.5652801
Ahya_70a,-21.47047782,152.5653211
Ahya_71a,-21.47067765,152.5653065
Ahya_72a,-21.4699677,152.5649253
Ahya_73a,-21.47001984,152.5649245
Ahya_74a,-21.47007499,152.5651091
Ahya_75a,-21.47008899,152.5651574
Ahya_81a,-21.46981163,152.5618594
Ahya_82a,-21.4701397,152.5614906
Ahya_83a,-21.47025185,152.5616974
Ahya_84a,-21.47034539,152.5614061
Ahya_85a,-21.47048956,152.5616477
Ahya_100a,-23.90718265,152.3868982
Ahya_101a,-23.90718332,152.3868906
Ahya_102a,-23.90717134,152.3868998
Ahya_103a,-23.90710185,152.3869429
Ahya_104a,-23.90709305,152.3869322
Ahya_105a,-23.90711107,152.3869396
Ahya_106a,-23.90711007,152.3869808
Ahya_107a,-23.90711091,152.3869516
Ahya_76a,-23.90722322,152.386869
Ahya_77a,-23.90719078,152.3869172
Ahya_78a,-23.907185,152.3869209
Ahya_79a,-23.90718978,152.3869184
Ahya_80a,-23.90720135,152.3869153
Ahya_95a,-23.90722037,152.3868893
Ahya_96a,-23.90723865,152.3868959
Ahya_97a,-23.90720923,152.3869045
Ahya_98a,-23.90721786,152.3869001
Ahya_99a,-23.90718517,152.386885
Ahya_121a,-23.4554565,152.0317466
Ahya_122a,-23.45547401,152.0317511
Ahya_123a,-23.4554782,152.0317544
Ahya_124a,-23.45547024,152.0317458
Ahya_125a,-23.45548064,152.0317515
Ahya_126a,-23.45545809,152.0317526
Ahya_127a,-23.44699287,152.0252817
Ahya_128a,-23.44692581,152.0248448
Ahya_129a,-23.44634537,152.0247279
Ahya_130a,-23.44639742,152.0250007
Ahya_131a,-23.4463944,152.0249662
Ahya_132a,-23.44598511,152.024682
Ahya_133a,-23.44596022,152.0248452
Ahya_134a,-23.44506721,152.0246271
Ahya_135a,-23.4445845,152.0248315
Ahya_141a,-23.44506537,152.0249004
Ahya_142a,-23.44501046,152.0248745
Ahya_143a,-23.44448031,152.0247039
Ahya_144a,-23.44464317,152.0246978
Ahya_145a,-23.44428878,152.0246376
Ahya_150a,-23.43943499,152.0253063
Ahya_151a,-23.4397706,152.0247726
Ahya_152a,-23.43988493,152.0246003
Ahya_153a,-23.44084566,152.0257815
Ahya_154a,-23.4413205,152.0257062
Ahya_155a,-23.4412894,152.0250264
Ahya_156a,-23.44164094,152.0246668
Ahya_157a,-23.44165234,152.0251309
Ahya_158a,-23.44179408,152.0252545
Ahya_159a,-23.44231241,152.0248098
Ahya_160a,-23.44262598,152.0238483
Ahya_161a,-23.44345009,152.0241756
Ahya_10b,-14.47368407,145.504462
Ahya_11b,-14.47375062,145.5043475
Ahya_12b,-14.47381935,145.5042618
Ahya_13b,-14.47390568,145.5041231
Ahya_14b,-14.47397668,145.5040518
Ahya_15b,-14.47396805,145.5040515
Ahya_16b,-14.47404055,145.5039838
Ahya_17b,-14.47406813,145.5039478
Ahya_18b,-14.47411087,145.5038803
Ahya_19b,-14.47413677,145.5038358
Ahya_1b,-14.4295427,145.4505575
Ahya_20b,-14.47423476,145.5037072
Ahya_2b,-14.42957648,145.4506239
Ahya_3b,-14.42905328,145.4509223
Ahya_4b,-14.42899436,145.4512097
Ahya_5b,-14.4289765,145.4512073
Ahya_6b,-14.42887978,145.451713
Ahya_7b,-14.42893015,145.4520797
Ahya_8b,-14.47358801,145.5046293
Ahya_9b,-14.47367895,145.5044997
Ahya_21b,-14.47425638,145.5036686
Ahya_22b,-14.47428186,145.5036204
Ahya_23b,-14.47438924,145.5034631
Ahya_24b,-14.47447498,145.5033838
Ahya_25b,-14.47448001,145.5033776
Ahya_26b,-14.4745272,145.5033099
Ahya_27b,-14.47457892,145.5033001
Ahya_28b,-14.47464027,145.5032676
Ahya_29b,-14.474651,145.5032643
Ahya_30b,-14.47467707,145.5032157
Ahya_31b,-14.47470171,145.503171
Ahya_32b,-14.47473994,145.5031248
Ahya_33b,-14.47479056,145.5029511
Ahya_34b,-14.47485753,145.5028835
Ahya_35b,-14.47487027,145.502861
Ahya_36b,-14.47496147,145.5026533
Ahya_37b,-14.47504621,145.5025375
Ahya_38b,-14.47507236,145.5024813
Ahya_39b,-14.47504512,145.5024632
Ahya_40b,-14.47506272,145.5024348
Ahya_41b,-14.4751157,145.5024132
Ahya_42b,-14.47512022,145.5023274
Ahya_43b,-14.47510731,145.5023146
Ahya_B1,-14.74247,145.51225
Ahya_B10,-14.74256,145.5123
Ahya_B11,-14.74256,145.51229
Ahya_B12,-14.74256,145.5123
Ahya_B13,-14.74254,145.51232
Ahya_B14,-14.74255,145.51233
Ahya_B15,-14.74255,145.51231
Ahya_B16,-14.74255,145.51231
Ahya_B17,-14.74252,145.51236
Ahya_B18,-14.74253,145.51235
Ahya_B19,-14.74252,145.51233
Ahya_B2,-14.74249,145.51226
Ahya_B20,-14.74254,145.51234
Ahya_B21,-14.74257,145.51234
Ahya_B22,-14.74258,145.51235
Ahya_B23,-14.74258,145.51238
Ahya_B24,-14.74257,145.51245
Ahya_B25,-14.74261,145.51238
Ahya_B26,-14.7426,145.51238
Ahya_B27,-14.7426,145.51237
Ahya_B28,-14.74261,145.51237
Ahya_B29,-14.74263,145.51237
Ahya_B3,-14.74249,145.51226
Ahya_B30,-14.74264,145.51237
Ahya_B31,-14.74265,145.51237
Ahya_B32,-14.74259,145.51234
Ahya_B33,-14.74263,145.51238
Ahya_B34,-14.74263,145.51238
Ahya_B35,-14.74261,145.5124
Ahya_B36,-14.74262,145.5124
Ahya_B37,-14.74262,145.5124
Ahya_B38,-14.74262,145.5124
Ahya_B39,-14.74262,145.51246
Ahya_B4,-14.74249,145.51227
Ahya_B40,-14.74263,145.51248
Ahya_B5,-14.74249,145.51229
Ahya_B6,-14.74252,145.51229
Ahya_B7,-14.74252,145.5123
Ahya_B8,-14.74255,145.51229
Ahya_B9,-14.74255,145.51229
Ahya_44b,-14.7423653,145.5123142
Ahya_45b,-14.74240403,145.5123213
Ahya_46,-14.74240378,145.5123154
Ahya_47b,-14.74248223,145.5123608
Ahya_48b,-14.74248969,145.5125315
Ahya_49b,-14.74254543,145.5126457
Ahya_50b,-14.7427191,145.5125236
Ahya_51b,-14.7426787,145.5125182
Ahya_52b,-14.74268172,145.5125342
Ahya_53b,-14.74273461,145.5124882
Ahya_54b,-14.74274928,145.5124824
Ahya_55b,-14.74278566,145.512503
Ahya_56b,-14.74282622,145.5125197
Ahya_57b,-14.74285606,145.5124947
Ahya_58b,-14.74283854,145.5126526
Ahya_59b,-14.74283846,145.5126495
Ahya_60b,-14.74293058,145.5127109
Ahya_61b,-14.74294759,145.5129375
Ahya_62,-14.74295866,145.5129679
Ahya_63,-14.74296897,145.5129756
Ahya_64,-14.74299084,145.5129556
Ahya_65,-14.74306452,145.5129246
Ahya_66,-14.74308849,145.5128912
Ahya_67b,-14.74307081,145.5130658
Ahya_68b,-14.74333936,145.5131797
Ahya_69b,-14.74339569,145.5132492
Ahya_70b,-14.74336929,145.5132594
Ahya_71b,-14.74336199,145.5132533
Ahya_72b,-14.74335043,145.5132808
Ahya_73b,-14.74239699,145.5121812
Ahya_74b,-14.74241878,145.5121353
Ahya_75b,-14.7424083,145.5121015
Ahya_76b,-14.74238383,145.5120494
Ahya_77b,-14.74234208,145.5120157
Ahya_78b,-14.7421581,145.5117952
Ahya_79b,-14.74214553,145.5116461
Ahya_80b,-14.74217537,145.5116169
Ahya_81b,-14.74220982,145.5115903
Ahya_82b,-14.74221694,145.511577
Ahya_83b,-14.7422524,145.51159
Ahya_84b,-14.74225299,145.5115953
Ahya_85,-14.74225734,145.5116133
Ahya_86,-14.74229506,145.5115744
Ahya_87,-14.74229179,145.5115843
Ahya_88,-14.74232163,145.5115359
Ahya_89,-14.74227193,145.5114833
Ahya_90,-14.74227377,145.5114273
Ahya_91,-14.74223589,145.5113843
Ahya_92,-14.74222164,145.5113739
Ahya_93,-14.74221108,145.5113548
Ahya_94,-14.74222608,145.5113428
Ahya_95b,-14.74222289,145.5113193
Ahya_96b,-14.74214729,145.5113578
Ahya_B41,-14.74339,145.51333
Ahya_B42,-14.7421,145.51219
Ahya_B43,-14.74251,145.51217
Ahya_B44,-14.74252,145.51215
Ahya_B45,-14.74255,145.51205
Ahya_B46,-14.74255,145.51204
Ahya_B47,-14.74254,145.51203
Ahya_B48,-14.74254,145.51205
Ahya_B49,-14.74244,145.51204
Ahya_B50,-14.74239,145.51208
Ahya_B51,-14.7424,145.51207
Ahya_B52,-14.7424,145.51202
Ahya_B53,-14.74238,145.51195
Ahya_B54,-14.74236,145.51193
Ahya_B55,-14.74232,145.51176
Ahya_B56,-14.74225,145.51168
Ahya_B57,-14.74224,145.51166
Ahya_B58,-14.74217,145.51167
Ahya_B59,-14.7422,145.51182
Ahya_B60,-14.74239,145.51207
Ahya_100b,-14.65088219,145.6385087
Ahya_101b,-14.65092226,145.6384919
Ahya_102b,-14.65098512,145.6384826
Ahya_103b,-14.65098856,145.6384714
Ahya_104b,-14.65095445,145.6384332
Ahya_105b,-14.65096434,145.6384742
Ahya_106b,-14.65101538,145.6384382
Ahya_107b,-14.65099091,145.6384361
Ahya_108b,-14.6509723,145.6384345
Ahya_109b,-14.65097532,145.6384242
Ahya_110b,-14.65099636,145.6383884
Ahya_111b,-14.65101689,145.6383799
Ahya_112b,-14.65102888,145.6383849
Ahya_113b,-14.65105872,145.638374
Ahya_114b,-14.65103206,145.6383295
Ahya_115b,-14.65103407,145.638288
Ahya_116b,-14.65096258,145.63834
Ahya_117b,-14.65092159,145.6383108
Ahya_118b,-14.65088965,145.638275
Ahya_119b,-14.65087457,145.6382488
Ahya_120b,-14.65076476,145.6383714
Ahya_121b,-14.65091765,145.6392311
Ahya_122b,-14.65083861,145.6392903
Ahya_123b,-14.65086895,145.6383494
Ahya_124b,-14.65082461,145.638413
Ahya_125b,-14.65088815,145.6384346
Ahya_126b,-14.65090424,145.6384812
Ahya_127b,-14.65086241,145.6383748
Ahya_128b,-14.65098873,145.6384038
Ahya_129b,-14.65098387,145.6383354
Ahya_130b,-14.65086769,145.6383056
Ahya_97b,-14.65082838,145.6385369
Ahya_98b,-14.65083743,145.6385368
Ahya_99b,-14.65088421,145.6385167
Ahya_131b,-14.78004187,145.3588496
Ahya_132b,-14.78005218,145.3587015
Ahya_133b,-14.77995889,145.3587718
Ahya_134b,-14.78001639,145.3588786
Ahya_135,-14.77995504,145.3589369
Ahya_136,-14.7799231,145.3588682
Ahya_137,-14.77987801,145.3588843
Ahya_138,-14.7799366,145.3590635
Ahya_139,-14.78002327,145.3590894
Ahya_140,-14.78012754,145.3593483
Ahya_141b,-14.78000206,145.3593995
Ahya_142b,-14.77992855,145.3593156
Ahya_143b,-14.77992696,145.3592377
Ahya_144b,-14.77987382,145.3592046
Ahya_145b,-14.77980886,145.3591423
Ahya_146,-14.77981514,145.3591928
Ahya_147,-14.77981707,145.3592987
Ahya_148,-14.77986418,145.3593209
Ahya_149,-14.77978648,145.3594006
Ahya_150b,-14.77975328,145.3594316
Ahya_151b,-14.77974775,145.3595074
Ahya_152b,-14.77974088,145.359632
Ahya_153b,-14.77953334,145.3605418
Ahya_154b,-14.77910587,145.3608177
Ahya_155b,-14.77906303,145.3607222
Ahya_156b,-14.77942522,145.3602739
Ahya_157b,-14.77937635,145.3601987
Ahya_158b,-14.77942924,145.3601277
Ahya_159b,-14.7795978,145.3599456
Ahya_160b,-14.77965991,145.359936
Ahya_161b,-16.0734935,145.8430163
Ahya_162,-16.07349828,145.8430294
Ahya_163,-16.07351429,145.8430737
Ahya_164,-16.07340641,145.8430096
Ahya_165,-16.07330273,145.8429848
Ahya_166,-16.07324783,145.8429452
Ahya_167,-16.07324188,145.8429434
Ahya_168,-16.07321673,145.8429342
Ahya_169,-16.07319318,145.8429512
Ahya_170,-16.07317641,145.8430138
Ahya_171,-16.07315353,145.8430248
Ahya_172,-16.07310374,145.843032
Ahya_173,-16.07307122,145.8430844
Ahya_174,-16.07305228,145.8431096
Ahya_175,-16.07355176,145.8429891
Ahya_176,-16.0736111,145.8430347
Ahya_177,-16.07365284,145.8430915
Ahya_178,-16.07367841,145.8431075
Ahya_179,-16.07379416,145.8432
Ahya_180,-16.07378569,145.8432073
Ahya_181,-16.07384898,145.8432433
Ahya_182,-16.07383749,145.8432769
Ahya_183,-16.07381579,145.8432878
Ahya_184,-16.07381587,145.8434483
Ahya_185,-16.07385091,145.843494
Ahya_186,-16.07385367,145.8435996
Ahya_187,-16.07382576,145.8436393
Ahya_188,-18.42340616,146.9843048
Ahya_189,-18.42365216,146.9843686
Ahya_190,-18.42389708,146.9842961
Ahya_191,-18.42405181,146.9842974
Ahya_192,-18.424069,146.9843132
Ahya_193,-18.42410395,146.9843036
Ahya_194,-18.4233821,146.9853064
Ahya_195,-18.42330264,146.985242
Ahya_196,-18.42325914,146.985202
Ahya_197,-18.4232334,146.9852099
Ahya_198,-18.42311606,146.985167
Ahya_199,-18.42364454,146.9855722
Ahya_200,-18.42369047,146.985667
Ahya_201,-18.4235318,146.9858669
Ahya_202,-18.42345661,146.986001
Ahya_203,-18.4235598,146.9861253
Ahya_204,-18.42359274,146.98615
Ahya_205,-18.42411409,146.9855136
Ahya_206,-18.42422113,146.9854621
Ahya_207,-18.42418693,146.9854149
Ahya_208,-18.42415717,146.9853551
Ahya_209,-18.4242472,146.9853203
Ahya_210,-18.42425373,146.9855098
Ahya_211,-18.42390236,146.9857243
Ahya_212,-18.42394377,146.9857738
Ahya_213,-18.42380757,146.9857477
Ahya_214,-18.42344446,146.9860042
Ahya_215,-18.42344865,146.9860694
Ahya_216,-18.4237597,146.9865089
Ahya_217,-18.42376666,146.9865154
Ahya_218,-18.42394461,146.9865131
Ahya_219,-18.42409347,146.9865317
Ahya_220,-18.4241125,146.9865726
Ahya_221,-18.5577974,146.5031428
Ahya_222,-18.5577798,146.5031201
Ahya_223,-18.55757117,146.5032075
Ahya_224,-18.55753513,146.5031803
Ahya_225,-18.55761258,146.5031081
Ahya_226,-18.55767318,146.5030875
Ahya_227,-18.55773889,146.5030962
Ahya_228,-18.55778474,146.5030888
Ahya_229,-18.55784182,146.5029394
Ahya_230,-18.55832102,146.5026978
Ahya_231,-18.55843593,146.5026139
Ahya_232,-18.558462,146.5025805
Ahya_233,-18.55845982,146.50255
Ahya_234,-18.55848681,146.5025548
Ahya_235,-18.55849863,146.5025097
Ahya_236,-18.55855018,146.5024511
Ahya_237,-18.55858387,146.5024405
Ahya_238,-18.55869208,146.5023038
Ahya_239,-18.55867985,146.502264
Ahya_240,-18.55998063,146.5013112
Ahya_241,-18.55987846,146.5013549
Ahya_242,-18.55982875,146.5014096
Ahya_243,-18.55978441,146.5015324
Ahya_244,-18.55968257,146.5015261
Ahya_245,-18.55946657,146.5017308
Ahya_246,-18.559454,146.5017586
Ahya_247,-18.55941603,146.5017588
Ahya_248,-18.55940606,146.5017665
Ahya_249,-18.55940052,146.5017839
Ahya_250,-18.5593996,146.5017904
Ahya_251,-16.0729332,145.8435142
Ahya_252,-16.0729572,145.8439105
Ahya_253,-16.0729762,145.8439944
Ahya_254,-16.0729821,145.8441059
Ahya_255,-16.07579945,145.8423555
Ahya_256,-16.07348596,145.8428662
Ahya_257,-16.07304591,145.8430149
Ahya_258,-16.07300442,145.8431185
Ahya_259,-16.07288514,145.8432222
Ahya_260,-16.07293317,145.8435142
Ahya_261,-16.07370087,145.8431521
Ahya_262,-16.07383104,145.8430894
Ahya_263,-16.0740829,145.844343
Ahya_264,-16.073932,145.8440081
Ahya_265,-16.073917,145.8440104
Ahya_266,-16.0737839,145.8439742
Ahya_267,-16.0748859,145.8430532
Ahya_268,-16.03843468,145.6515371
Ahya_269,-16.03837106,145.6515141
Ahya_270,-16.03828113,145.6516184
Ahya_271,-16.03818188,145.6517298
Ahya_272,-16.03816705,145.6517438
Ahya_273,-16.03816428,145.6517593
Ahya_274,-16.03817233,145.6517735
Ahya_275,-16.03821063,145.6518355
Ahya_276,-16.03816143,145.6518095
Ahya_277,-16.03818507,145.6518647
Ahya_278,-16.03825422,145.6518467
Ahya_279,-16.03817233,145.6518975
Ahya_280,-16.03823947,145.6519349
Ahya_281,-16.03826235,145.6519396
Ahya_282,-16.03819295,145.6519614
Ahya_283,-16.03826746,145.6520017
Ahya_284,-16.0383491,145.6520631
Ahya_285,-16.03824089,145.6520632
Ahya_286,-16.03820728,145.6521056
Ahya_287,-16.03820284,145.6521111
Ahya_288,-16.03817753,145.6521141
Ahya_289,-16.03817912,145.6521183
Ahya_290,-16.03819052,145.6521654
Ahya_291,-16.03820452,145.6522014
Ahya_292,-16.0382103,145.652194
Ahya_293,-16.03825456,145.6522173
Ahya_294,-16.03826604,145.6522356
Ahya_295,-16.03828188,145.652303
Ahya_296,-16.03832932,145.6523507
Ahya_297,-16.03833578,145.6524616
Ahya_298,-16.03839411,145.6524814
Ahya_299,-16.0385071,145.6528322
Ahya_300,-16.03854071,145.6527676
Ahya_301,-18.67043057,147.7064718
Ahya_302,-18.6701584,147.7067162
Ahya_303,-18.67010065,147.7067622
Ahya_304,-18.67010409,147.7072681
Ahya_305,-18.67005237,147.7073453
Ahya_306,-18.6700367,147.707332
Ahya_307,-18.66996872,147.7072862
Ahya_308,-18.66993377,147.7072742
Ahya_309,-18.66995489,147.7072745
Ahya_310,-18.66983738,147.7071141
Ahya_311,-18.66999999,147.7067157
Ahya_312,-18.67000443,147.706693
Ahya_313,-18.67008221,147.7066505
Ahya_314,-18.67010317,147.7066174
Ahya_315,-18.67004734,147.7065373
Ahya_316,-18.67007819,147.7064511
Ahya_317,-18.67007861,147.7064041
Ahya_318,-18.67018204,147.7063997
Ahya_319,-18.6705081,147.7063129
Ahya_320,-18.67041858,147.7063558
Ahya_321,-18.67034658,147.7063874
Ahya_322,-18.67035991,147.7064092
Ahya_323,-18.67030023,147.7064108
Ahya_324,-18.67025857,147.7063633
Ahya_325,-18.6700657,147.706381
Ahya_326,-18.66994676,147.7061994
Ahya_327,-18.66993134,147.7061432
Ahya_328,-18.66983931,147.7060978
Ahya_329,-18.66980813,147.7061156
Ahya_330,-18.66981802,147.7061793
Ahya_331,-18.82576995,147.6264861
Ahya_332,-18.82570289,147.6265722
Ahya_333,-18.82567682,147.6264331
Ahya_334,-18.82562092,147.6266302
Ahya_335,-18.82565117,147.6266666
Ahya_336,-18.82561999,147.6266616
Ahya_337,-18.82559761,147.6266398
Ahya_338,-18.8255599,147.6266382
Ahya_339,-18.82548773,147.6265585
Ahya_340,-18.82548689,147.6265579
Ahya_341,-18.82547365,147.6265724
Ahya_342,-18.82545504,147.6265292
Ahya_343,-18.82543249,147.6266186
Ahya_344,-18.82552419,147.6267356
Ahya_345,-18.82553106,147.6267352
Ahya_346,-18.82549116,147.6267391
Ahya_347,-18.82544867,147.6267423
Ahya_348,-18.8254314,147.6267185
Ahya_349,-18.82540433,147.6267076
Ahya_350,-18.8253822,147.6267019
Ahya_351,-18.82554523,147.626808
Ahya_352,-18.82538228,147.6267284
Ahya_353,-18.82540223,147.6267524
Ahya_354,-18.82545881,147.6267491
Ahya_355,-18.82545336,147.6268257
Ahya_356,-18.82546484,147.6268599
Ahya_357,-18.82547993,147.6268779
Ahya_358,-18.82549762,147.6269171
Ahya_359,-18.82548119,147.6268675
Ahya_360,-18.82544758,147.6268708
Ahya_361,-16.94063701,145.9948087
Ahya_362,-16.94058697,145.9947788
Ahya_363,-16.94054145,145.9947606
Ahya_364,-16.9405205,145.994654
Ahya_365,-16.9405459,145.9945824
Ahya_366,-16.94067632,145.9946248
Ahya_367,-16.94073239,145.9945433
Ahya_368,-16.94328032,145.9913964
Ahya_369,-16.94326599,145.9914029
Ahya_370,-16.94324613,145.9914126
Ahya_371,-16.94321788,145.9914582
Ahya_372,-16.94319927,145.9914014
Ahya_373,-16.94319701,145.9916391
Ahya_374,-16.94313766,145.9920085
Ahya_375,-16.8456656,146.2316663
Ahya_376,-16.84565856,146.2316635
Ahya_377,-16.84567776,146.2316621
Ahya_378,-16.84568765,146.2316663
Ahya_379,-16.84569184,146.2316815
Ahya_380,-16.84571799,146.2316679
Ahya_381,-16.84574506,146.2316953
Ahya_382,-16.84572528,146.2316915
Ahya_383,-16.84574883,146.2317189
Ahya_384,-16.84574473,146.2316865
Ahya_385,-16.84578077,146.2316703
Ahya_386,-16.84581086,146.2316883
Ahya_387,-16.84582846,146.2317312
Ahya_388,-16.8458288,146.231748
Ahya_389,-16.84585864,146.231786
Ahya_390,-16.84586082,146.2317608
Ahya_391,-16.84586082,146.2317249
Ahya_392,-16.84586191,146.2317218
Ahya_393,-16.8458951,146.2317456
Ahya_394,-16.84588412,146.2317524
Ahya_395,-16.84596844,146.2317637
Ahya_396,-16.84598579,146.2318663
Ahya_397,-16.84593684,146.2318091
Ahya_398,-16.84591463,146.2317948
Ahya_399,-16.84581287,146.2317432
Ahya_400,-16.84571883,146.2317389
Ahya_401,-16.84574246,146.2320411
Ahya_402,-16.84581983,146.2320809
Ahya_403,-16.84584288,146.2320987
Ahya_404,-16.84586274,146.2320855
Ahya_405,-16.84588705,146.2321108
Ahya_406,-16.84587733,146.2321133
Ahya_407,-16.84593349,146.2321319
Ahya_408,-16.84595168,146.232164
Ahya_409,-16.84600105,146.2321476
Ahya_410,-16.84601806,146.2321974
Ahya_411,-16.84600146,146.2321551
Ahya_412,-16.84606827,146.2322668
Ahya_413,-16.84608109,146.2323077
Ahya_414,-16.84608294,146.2323796
Ahya_415,-16.84615687,146.2323497
Ahya_416,-16.84617732,146.2323427
Ahya_417,-16.84608151,146.2322638
Ahya_418,-16.84605125,146.2322283
Ahya_419,-16.84606383,146.232218
Ahya_420,-16.84604002,146.2321926
Ahya_421,-16.84601814,146.2321845
Ahya_422,-16.84601295,146.2321752
Ahya_423,-16.84599811,146.2321678
Ahya_424,-16.84599828,146.2321704
Ahya_425,-16.84595637,146.2321841
Aspat_426,-14.475094,145.502542
Aspat_427,-14.475117,145.502517
Aspat_428,-14.47508,145.502557
Aspat_429,-14.475055,145.502585
Aspat_430,-14.47508,145.50259
Aspat_431,-14.475049,145.502616
Aspat_432,-14.475019,145.502648
Aspat_433,-14.475007,145.502672
Aspat_434,-14.474992,145.502678
Aspat_435,-14.474981,145.502698
Aspat_436,-14.474986,145.502689
Aspat_437,-14.47497,145.502715
Aspat_438,-14.474966,145.502713
Aspat_439,-14.474964,145.502743
Aspat_440,-14.474921,145.50275
Aspat_441,-14.474892,145.502861
Aspat_442,-14.47489,145.502862
Aspat_443,-14.474887,145.502864
Aspat_444,-14.474895,145.502881
Aspat_445,-14.474842,145.502893
Aspat_446,-14.474864,145.50289
Aspat_447,-14.474907,145.502798
Aspat_448,-14.474994,145.502743
Aspat_449,-14.474852,145.502929
Aspat_450,-14.474892,145.502936
Aspat_451,-14.474847,145.502957
Aspat_452,-14.474843,145.502958
Aspat_453,-14.474845,145.502953
Aspat_454,-14.474847,145.502942
Aspat_455,-14.474828,145.502991
Aspat_456,-14.474808,145.50302
Aspat_457,-14.474835,145.502969
Aspat_458,-14.474766,145.503105
Aspat_459,-14.474748,145.503075
Aspat_460,-14.474749,145.503085
Aspat_461,-14.474809,145.503184
Aspat_462,-14.474723,145.503195
Aspat_463,-14.474719,145.503195
Aspat_464,-14.474705,145.503209
Aspat_465,-14.474696,145.503218
Aspat_466,-14.474672,145.503206
Aspat_467,-14.474653,145.503232
Aspat_468,-14.47463,145.503245
Aspat_469,-14.47459,145.503324
Aspat_470,-14.474526,145.503397
Aspat_471,-14.475238,145.502408
Aspat_472,-14.47519,145.50252
Aspat_473,-14.475204,145.502346
Aspat_474,-14.475189,145.502344
Aspat_475,-14.475177,145.502318
Aspat_476,-14.475156,145.502336
Aspat_477,-14.475121,145.502382
Aspat_478,-14.475097,145.50239
Aspat_479,-14.475095,145.50239
Aspat_480,-14.475091,145.50239
Aspat_481,-14.475091,145.502401
Aspat_482,-14.475091,145.502397
Aspat_483,-14.475075,145.502415
Aspat_484,-14.47505,145.502455
Aspat_485,-14.475059,145.502503
Aspat_486,-14.47505,145.502527
Aspat_487,-14.743066,145.513041
Aspat_488,-14.743046,145.513023
Aspat_489,-14.743032,145.513015
Aspat_490,-14.743023,145.513008
Aspat_491,-14.743038,145.512998
Aspat_492,-14.743062,145.512984
Aspat_493,-14.743056,145.512981
Aspat_494,-14.74306,145.512953
Aspat_495,-14.74306,145.512942
Aspat_496,-14.743054,145.512918
Aspat_497,-14.74305,145.512921
Aspat_498,-14.743048,145.51292
Aspat_499,-14.743046,145.512901
Aspat_500,-14.74304,145.5129
Aspat_501,-14.743037,145.512892
Aspat_502,-14.743027,145.512894
Aspat_503,-14.743039,145.512869
Aspat_504,-14.743048,145.512853
Aspat_505,-14.743058,145.51286
Aspat_506,-14.743062,145.512844
Aspat_507,-14.743045,145.512839
Aspat_508,-14.743032,145.51283
Aspat_509,-14.743068,145.512805
Aspat_510,-14.743065,145.512805
Aspat_511,-14.743092,145.512784
Aspat_512,-14.743105,145.512795
Aspat_513,-14.743101,145.512791
Aspat_514,-14.743095,145.512795
Aspat_515,-14.743104,145.512806
Aspat_516,-14.743098,145.512783
Aspat_517,-14.743088,145.51276
Aspat_518,-14.743077,145.512762
Aspat_519,-14.743071,145.512765
Aspat_520,-14.74307,145.512767
Aspat_521,-14.743059,145.512738
Aspat_522,-14.743048,145.512718
Aspat_523,-14.743031,145.512716
Aspat_524,-14.743017,145.512709
Aspat_525,-14.743028,145.512697
Aspat_526,-14.743028,145.512676
Aspat_527,-14.743014,145.512681
Aspat_528,-14.742999,145.512669
Aspat_529,-14.742997,145.51267
Aspat_530,-14.742995,145.51267
Aspat_531,-14.742986,145.512671
Aspat_532,-14.74299,145.512689
Aspat_533,-14.742997,145.512697
Aspat_534,-14.742994,145.512701
Aspat_535,-14.742995,145.512713
Aspat_536,-14.742985,145.512732
Aspat_537,-14.742987,145.512719
Aspat_538,-14.742969,145.512715
Aspat_539,-14.780084,145.358902
Aspat_540,-14.780096,145.358857
Aspat_541,-14.780078,145.358833
Aspat_542,-14.780076,145.35883
Aspat_543,-14.780058,145.358815
Aspat_544,-14.78004,145.358834
Aspat_545,-14.780114,145.358814
Aspat_546,-14.779999,145.358772
Aspat_547,-14.780018,145.358709
Aspat_548,-14.779949,145.358759
Aspat_549,-14.779982,145.358715
Aspat_550,-14.780038,145.3587
Aspat_551,-14.780039,145.358655
Aspat_552,-14.780026,145.358649
Aspat_553,-14.780017,145.358635
Aspat_554,-14.780013,145.358643
Aspat_555,-14.780008,145.35864
Aspat_556,-14.779961,145.358646
Aspat_557,-14.779979,145.358622
Aspat_558,-14.779981,145.358601
Aspat_559,-14.780057,145.358544
Aspat_560,-14.78007,145.358492
Aspat_561,-14.780039,145.358513
Aspat_562,-14.780029,145.358953
Aspat_563,-14.779994,145.358974
Aspat_564,-14.779973,145.359
Aspat_565,-14.779959,145.359026
Aspat_566,-14.779941,145.359033
Aspat_567,-14.779934,145.359128
Aspat_568,-14.77992,145.359144
Aspat_569,-14.7799,145.359159
Aspat_570,-14.779861,145.359173
Aspat_571,-14.779832,145.359245
Aspat_572,-14.779848,145.359258
Aspat_573,-14.779941,145.359297
Aspat_574,-14.779897,145.359313
Aspat_575,-14.779902,145.359313
Aspat_576,-14.779885,145.359329
Aspat_577,-14.779871,145.359357
Aspat_578,-14.779905,145.359415
Aspat_579,-14.779903,145.359425
Aspat_580,-14.779884,145.359423
Aspat_581,-14.77984,145.359423
Aspat_582,-14.779821,145.359473
Aspat_583,-14.779762,145.359547
Aspat_584,-14.779761,145.359572
Aspat_585,-14.779699,145.359733
Aspat_586,-14.780121,145.358541
Aspat_587,-14.7801,145.358501
Aspat_588,-14.780056,145.358422
Aspat_589,-14.780109,145.358393
Aspat_590,-14.780139,145.358351
Aspat_591,-14.780142,145.358348
Aspat_592,-14.780162,145.358309
Aspat_593,-14.780093,145.358165
Aspat_594,-14.780077,145.358147
Aspat_595,-14.780078,145.358134
Aspat_596,-14.780086,145.358066
Aspat_597,-14.78007,145.358059
Aspat_598,-14.780034,145.357997
Aspat_599,-14.651159,145.638351
Aspat_600,-14.651118,145.638346
Aspat_601,-14.651131,145.638398
Aspat_602,-14.651076,145.638429
Aspat_603,-14.651058,145.638442
Aspat_604,-14.651071,145.638462
Aspat_605,-14.651021,145.638478
Aspat_606,-14.651033,145.638499
Aspat_607,-14.650986,145.638495
Aspat_608,-14.650954,145.638451
Aspat_609,-14.650948,145.638461
Aspat_610,-14.650922,145.638477
Aspat_611,-14.65089,145.638455
Aspat_612,-14.650928,145.638471
Aspat_613,-14.650919,145.638458
Aspat_614,-14.650953,145.63847
Aspat_615,-14.650938,145.638409
Aspat_616,-14.650937,145.638408
Aspat_617,-14.65096,145.638414
Aspat_618,-14.650954,145.638411
Aspat_619,-14.650949,145.638396
Aspat_620,-14.650998,145.638434
Aspat_621,-14.650997,145.638415
Aspat_622,-14.651201,145.638293
Aspat_623,-14.6512,145.638224
Aspat_624,-14.651162,145.638217
Aspat_625,-14.651146,145.638232
Aspat_626,-14.651045,145.638315
Aspat_627,-14.651014,145.638331
Aspat_628,-14.650944,145.638312
Aspat_629,-14.650926,145.638278
Aspat_630,-14.650905,145.638249
Aspat_631,-14.650885,145.638248
Aspat_632,-14.65091,145.638211
Aspat_633,-14.650916,145.638216
Aspat_634,-14.650912,145.638227
Aspat_635,-14.650911,145.638238
Aspat_636,-14.65091,145.638233
Aspat_637,-14.65086,145.638305
Aspat_638,-14.650802,145.63836
Aspat_639,-14.650828,145.638419
Aspat_640,-14.650853,145.638456
Aspat_641,-14.650855,145.638471
Aspat_642,-14.65088,145.638513
Aspat_643,-14.650851,145.638511
Aspat_644,-14.65106,145.638459
Aspat_645,-14.651079,145.638409
Aspat_646,-14.651089,145.638403
Aspat_647,-14.651097,145.638401
Aspat_648,-14.651094,145.638389
Aspat_649,-14.651103,145.638376
Aspat_650,-14.6511,145.638356
Aspat_651,-14.65113,145.63841
Ahya_277_R2022,-16.03818507,145.6518647
Ahya_278_R2022,-16.03825422,145.6518467
Ahya_280_R2022,-16.03823947,145.6519349
Ahya_281_R2022,-16.03826235,145.6519396
Ahya_284_R2022,-16.0383491,145.6520631
Ahya_289_R2022,-16.03817912,145.6521183
Ahya_291_R2022,-16.03820452,145.6522014
Ahya_292_R2022,-16.0382103,145.652194
Ahya_294_R2022,-16.03826604,145.6522356
Ahya_300_R2022,-16.03854071,145.6527676
Ahya_787,-16.03845555,145.6515125
Ahya_788,-16.03839244,145.6514789
Ahya_789,-16.03829345,145.651513
Ahya_790,-16.0382973,145.6515919
Ahya_791,-16.03820896,145.6516917
Ahya_792,-16.03821072,145.6517553
Ahya_793,-16.03820401,145.6519852
Ahya_794,-16.0382455,145.6518697
Ahya_795,-16.03821709,145.6518557
Ahya_796,-16.03826755,145.6520129
Aspat_652,-16.038632,145.651362
Aspat_653,-16.038646,145.651393
Aspat_654,-16.038669,145.651398
Aspat_655,-16.038696,145.651379
Aspat_656,-16.03871,145.651384
Aspat_657,-16.038723,145.651377
Aspat_658,-16.038737,145.651368
Aspat_659,-16.038754,145.651355
Aspat_660,-16.038734,145.65131
Aspat_661,-16.038726,145.651299
Aspat_662,-16.038702,145.651301
Aspat_663,-16.038701,145.651265
Aspat_664,-16.038695,145.651277
Aspat_665,-16.038721,145.651278
Aspat_666,-16.03873,145.65128
Aspat_667,-16.038732,145.651283
Aspat_668,-16.038734,145.651261
Aspat_669,-16.038732,145.651241
Aspat_670,-16.038752,145.65123
Aspat_671,-16.038768,145.651189
Aspat_672,-16.038776,145.651205
Aspat_673,-16.038794,145.651201
Aspat_674,-16.038782,145.651236
Aspat_675,-16.038773,145.65127
Aspat_676,-16.03877,145.651254
Aspat_677,-16.038773,145.65131
Aspat_678,-16.038784,145.651278
Aspat_679,-16.038811,145.651235
Aspat_680,-16.038828,145.651238
Aspat_681,-16.038837,145.651247
Aspat_682,-16.038842,145.651248
Aspat_683,-16.038856,145.65124
Aspat_684,-16.038863,145.651225
Aspat_685,-16.038867,145.651216
Aspat_686,-16.038865,145.651194
Aspat_687,-16.038871,145.651172
Aspat_688,-16.038874,145.65117
Aspat_689,-16.038878,145.651151
Aspat_690,-16.038882,145.65113
Aspat_691,-16.038896,145.651138
Aspat_692,-16.038913,145.651157
Aspat_693,-16.038921,145.651154
Aspat_694,-16.038916,145.651136
Aspat_695,-16.038918,145.651119
Aspat_696,-16.03891,145.651106
Aspat_697,-16.03864,145.651321
Aspat_698,-16.03868,145.651315
Aspat_699,-16.038748,145.651243
Aspat_700,-16.038729,145.651233
Aspat_701,-16.038777,145.651192
Aspat_702,-16.038775,145.651189
Aspat_703,-16.03878,145.651111
Aspat_704,-16.038796,145.651102
Aspat_705,-16.03883,145.651114
Aspat_706,-16.038872,145.651099
Aspat_707,-16.03886,145.651099
Aspat_708,-16.038861,145.651089
Aspat_709,-16.03887,145.651082
Aspat_710,-16.038871,145.651063
Aspat_711,-16.038926,145.651066
Aspat_712,-16.075005,145.844256
Aspat_713,-16.074997,145.844294
Aspat_714,-16.075025,145.844333
Aspat_715,-16.075047,145.844359
Aspat_716,-16.075046,145.844377
Aspat_717,-16.07507,145.844414
Aspat_718,-16.075083,145.844422
Aspat_719,-16.075094,145.844439
Aspat_720,-16.075092,145.844421
Aspat_721,-16.07511,145.844413
Aspat_722,-16.075125,145.844392
Aspat_723,-16.075131,145.844398
Aspat_724,-16.075139,145.844392
Aspat_725,-16.075197,145.844442
Aspat_726,-16.075199,145.844456
Aspat_727,-16.0752,145.844456
Aspat_728,-16.075214,145.844475
Aspat_729,-16.07523,145.844479
Aspat_730,-16.07525,145.844473
Aspat_731,-16.07525,145.844471
Aspat_732,-16.075257,145.84445
Aspat_733,-16.075291,145.844421
Aspat_734,-16.075277,145.844403
Aspat_735,-16.075248,145.84441
Aspat_736,-16.075232,145.844359
Aspat_737,-16.075242,145.844347
Aspat_738,-16.07523,145.844334
Aspat_739,-16.075254,145.844307
Aspat_740,-16.075261,145.844333
Aspat_741,-16.075279,145.844342
Aspat_742,-16.075276,145.844343
Aspat_743,-16.075287,145.844367
Aspat_744,-16.075311,145.844421
Aspat_745,-16.075321,145.844441
Aspat_746,-16.075359,145.844379
Aspat_747,-16.075394,145.84435
Aspat_748,-16.075396,145.844331
Aspat_749,-16.075392,145.844314
Aspat_750,-16.075355,145.844308
Aspat_751,-16.075353,145.844284
Aspat_752,-16.072758,145.843531
Aspat_753,-16.072886,145.843642
Aspat_754,-16.072878,145.843691
Aspat_755,-16.072911,145.843722
Aspat_756,-16.072851,145.843767
Aspat_757,-16.072889,145.843762
Aspat_758,-16.072887,145.843795
Aspat_759,-16.072918,145.843817
Aspat_760,-16.072888,145.84383
Aspat_761,-16.072879,145.84386
Aspat_762,-16.072872,145.843927
Aspat_763,-16.072912,145.843939
Aspat_764,-16.072899,145.843973
Aspat_765,-16.072892,145.844005
Aspat_766,-16.072796,145.844061
Aspat_767,-16.072758,145.844073
Aspat_768,-16.072748,145.844185
Aspat_769,-16.072776,145.844206
Aspat_770,-16.072792,145.84421
Aspat_771,-16.072831,145.84419
Aspat_772,-16.93952,145.983204
Aspat_773,-16.939483,145.983211
Aspat_774,-16.939471,145.983233
Aspat_775,-16.939455,145.983239
Aspat_776,-16.939429,145.983267
Aspat_777,-16.93937,145.983326
Aspat_778,-16.939362,145.983304
Aspat_779,-16.939347,145.983298
Aspat_780,-16.939337,145.98332
Aspat_781,-16.939275,145.98328
Aspat_782,-16.93924,145.983299
Aspat_783,-16.939233,145.98334
Aspat_784,-16.939234,145.983341
Aspat_785,-16.939203,145.983349
Aspat_786,-16.939196,145.98334
Aspat_807,-16.939122,145.983319
Aspat_808,-16.939136,145.983263
Aspat_809,-16.939136,145.983175
Aspat_810,-16.939122,145.983147
Aspat_811,-16.939105,145.983155
Aspat_812,-16.939077,145.983153
Aspat_813,-16.939057,145.983162
Aspat_814,-16.939078,145.983124
Aspat_815,-16.938937,145.983081
Aspat_816,-16.938924,145.983063
Aspat_817,-16.938927,145.983093
Aspat_818,-16.938845,145.982958
Aspat_819,-16.939251,145.983187
Aspat_820,-16.939306,145.983211
Aspat_821,-16.939323,145.983237
Aspat_822,-16.939475,145.983145
Aspat_823,-16.93941,145.983185
Aspat_824,-16.939449,145.983199
Aspat_825,-16.939279,145.983202
Aspat_826,-16.939263,145.983219
Aspat_827,-16.939238,145.983213
Aspat_828,-16.939258,145.98321
Aspat_829,-16.939198,145.983105
Aspat_830,-16.93916,145.983095
Aspat_831,-16.939144,145.983059
Aspat_832,-16.939042,145.982894
Aspat_833,-16.938804,145.982816
Aspat_834,-16.938401,145.982666
Aspat_835,-16.938642,145.982775
Aspat_836,-16.938811,145.982867
Aspat_837,-16.938873,145.982921
Aspat_838,-16.938875,145.982923
Aspat_839,-16.938865,145.982925
Aspat_840,-16.938909,145.982934
Aspat_841,-16.939039,145.983021
Aspat_842,-16.940768,145.994759
Aspat_843,-16.940656,145.994752
Aspat_844,-16.940642,145.994744
Aspat_845,-16.94063,145.994743
Aspat_846,-16.940557,145.994638
Aspat_847,-16.940583,145.994583
Aspat_848,-16.94059,145.994485
Aspat_849,-16.940808,145.99445
Aspat_850,-16.940902,145.994427
Aspat_851,-16.940632,145.994726
Aspat_852,-16.888619,146.18648
Aspat_853,-16.888504,146.186709
Aspat_854,-16.888576,146.186712
Aspat_855,-16.888634,146.186724
Aspat_856,-16.888691,146.186604
Aspat_857,-16.887992,146.186714
Aspat_858,-16.888025,146.186689
Aspat_859,-16.887888,146.186621
Aspat_860,-16.887814,146.186658
Aspat_861,-16.887789,146.186643
Aspat_862,-16.887728,146.186711
Aspat_863,-16.887755,146.186773
Aspat_864,-16.887708,146.18684
Aspat_865,-16.887678,146.186839
Aspat_866,-16.887667,146.186835
Aspat_867,-16.887664,146.186789
Aspat_868,-16.887656,146.186789
Aspat_869,-16.887721,146.186724
Aspat_870,-16.887564,146.186759
Aspat_871,-16.887565,146.186765
Aspat_872,-16.887557,146.18677
Aspat_873,-16.887406,146.186893
Aspat_874,-16.887387,146.186877
Aspat_875,-16.887332,146.186948
Aspat_876,-16.887314,146.187
Aspat_877,-16.887312,146.187022
Aspat_878,-16.887328,146.187033
Aspat_879,-16.887334,146.187053
Aspat_880,-16.887322,146.18706
Aspat_881,-16.88725,146.187073
Aspat_882,-16.887853,146.186962
Aspat_883,-16.887851,146.18693
Aspat_884,-16.887904,146.186963
Aspat_885,-16.887908,146.186996
Aspat_886,-16.887784,146.186952
Aspat_887,-16.887768,146.186918
Aspat_888,-16.887695,146.186919
Aspat_889,-16.887675,146.186921
Aspat_890,-16.887684,146.186945
Aspat_892,-16.887643,146.186928
Aspat_893,-16.887726,146.186674
Aspat_894,-16.887611,146.186684
Aspat_895,-16.887427,146.186642
Aspat_896,-16.88796,146.186712
Aspat_897,-18.558304,146.50286
Aspat_898,-18.558395,146.502826
Aspat_899,-18.558465,146.502773
Aspat_900,-18.558513,146.502739
Aspat_901,-18.558564,146.502705
Aspat_902,-18.55828,146.502901
Aspat_903,-18.558277,146.502918
Aspat_904,-18.558428,146.502587
Aspat_905,-18.558519,146.502621
Aspat_906,-18.558531,146.502626
Aspat_907,-18.558621,146.502593
Aspat_908,-18.558617,146.502553
Aspat_909,-18.558606,146.502556
Aspat_910,-18.558614,146.502525
Aspat_911,-18.558624,146.502464
Aspat_912,-18.558131,146.502866
Aspat_913,-18.558021,146.502882
Aspat_914,-18.558024,146.502864
Aspat_915,-18.558016,146.502857
Aspat_916,-18.557986,146.502852
Aspat_917,-18.557973,146.502883
Aspat_918,-18.557895,146.502864
Aspat_919,-18.558011,146.502738
Aspat_920,-18.558072,146.502821
Aspat_921,-18.558072,146.50284
Aspat_922,-18.558089,146.502868
Aspat_923,-18.558144,146.502875
Aspat_924,-18.558152,146.502875
Aspat_925,-18.558177,146.50289
Aspat_926,-18.558192,146.502851
Aspat_927,-18.558121,146.502804
Aspat_928,-18.55812,146.502789
Aspat_929,-18.558087,146.502789
Aspat_930,-18.558121,146.502765
Aspat_931,-18.558205,146.502776
Aspat_932,-18.558242,146.502773
Aspat_933,-18.558277,146.502732
Aspat_934,-18.558363,146.502723
Aspat_935,-18.558388,146.50272
Aspat_936,-18.558438,146.502713
Aspat_937,-18.558491,146.502692
Aspat_938,-18.558456,146.502636
Aspat_939,-18.558459,146.502608
Aspat_940,-18.558463,146.502588
Aspat_941,-18.558457,146.502575
Aspat_942,-18.423753,146.985555
Aspat_943,-18.423708,146.985631
Aspat_944,-18.423717,146.985672
Aspat_945,-18.423717,146.98572
Aspat_946,-18.423696,146.98571
Aspat_947,-18.423691,146.985726
Aspat_948,-18.423684,146.985709
Aspat_949,-18.423767,146.985506
Aspat_950,-18.423745,146.985502
Aspat_951,-18.423619,146.985512
Aspat_952,-18.423585,146.9855
Aspat_953,-18.42356,146.98547
Aspat_954,-18.423654,146.985455
Aspat_955,-18.423533,146.985435
Aspat_957,-18.423685,146.985695
Aspat_958,-18.423674,146.985703
Aspat_959,-18.423668,146.985723
Aspat_960,-18.423655,146.985745
Aspat_961,-18.423662,146.985764
Aspat_962,-18.423683,146.985753
Aspat_963,-18.423692,146.985758
Aspat_964,-18.42369,146.985788
Aspat_965,-18.423662,146.985794
Aspat_966,-18.423651,146.985782
Aspat_967,-18.423635,146.98576
Aspat_968,-18.4236,146.985772
Aspat_969,-18.42359,146.985776
Aspat_970,-18.423594,146.985813
Aspat_971,-18.423547,146.985886
Aspat_972,-18.423537,146.985415
Aspat_973,-18.423518,146.985415
Aspat_974,-18.423476,146.985313
Aspat_975,-18.423446,146.985313
Aspat_976,-18.423453,146.98532
Aspat_977,-18.423423,146.98532
Aspat_978,-18.423375,146.985339
Aspat_979,-18.42333,146.98538
Aspat_980,-18.423297,146.985356
Aspat_981,-18.423284,146.985361
Aspat_982,-18.423263,146.985365
Aspat_983,-18.423273,146.985349
Aspat_984,-18.423287,146.985282
Aspat_985,-18.423276,146.985239
Aspat_986,-18.42322,146.985198
Ahya_301_R2022,-18.67043057,147.7064718
Ahya_302_R2022,-18.6701584,147.7067162
Ahya_303_R2022,-18.67010065,147.7067622
Ahya_304_R2022,-18.67010409,147.7072681
Ahya_305_R2022,-18.67005237,147.7073453
Ahya_307_R2022,-18.66996872,147.7072862
Ahya_309_R2022,-18.66995489,147.7072745
Ahya_311_R2022,-18.66999999,147.7067157
Ahya_312_R2022,-18.67000443,147.706693
Ahya_313_R2022,-18.67008221,147.7066505
Ahya_314_R2022,-18.67010317,147.7066174
Ahya_315_R2022,-18.67004734,147.7065373
Ahya_316_R2022,-18.67007819,147.7064511
Ahya_317_R2022,-18.67007861,147.7064041
Ahya_318_R2022,-18.67018204,147.7063997
Ahya_319_R2022,-18.6705081,147.7063129
Ahya_320_R2022,-18.67041858,147.7063558
Ahya_323_R2022,-18.67030023,147.7064108
Ahya_326_R2022,-18.66994676,147.7061994
Ahya_328_R2022,-18.66983931,147.7060978
Ahya_329_R2022,-18.66980813,147.7061156
Aspat_1000,-18.670069,147.707557
Aspat_1501,-18.669954,147.707641
Aspat_1502,-18.669934,147.707631
Aspat_1503,-18.669915,147.707647
Aspat_1504,-18.669891,147.70765
Aspat_1505,-18.669833,147.707649
Aspat_1506,-18.670243,147.707176
Aspat_1507,-18.670177,147.707149
Aspat_1508,-18.670196,147.707095
Aspat_1509,-18.670143,147.707036
Aspat_1510,-18.669605,147.706998
Aspat_1511,-18.669619,147.70699
Aspat_1512,-18.669588,147.706966
Aspat_1513,-18.669571,147.7069
Aspat_1514,-18.66948,147.706859
Aspat_1515,-18.669474,147.706875
Aspat_1516,-18.669426,147.706876
Aspat_1517,-18.669365,147.706865
Aspat_1518,-18.669363,147.70688
Aspat_1519,-18.669288,147.706917
Aspat_1520,-18.669297,147.706837
Aspat_1521,-18.669341,147.706728
Aspat_1522,-18.669281,147.706613
Aspat_1523,-18.669272,147.706599
Aspat_1524,-18.669263,147.706531
Aspat_1525,-18.669259,147.706465
Aspat_1526,-18.669294,147.706362
Aspat_1527,-18.669277,147.706265
Aspat_1528,-18.669219,147.706159
Aspat_1529,-18.669165,147.705974
Aspat_1530,-18.669634,147.706013
Aspat_1531,-18.669939,147.705889
Aspat_1532,-18.66994,147.705884
Aspat_1533,-18.669945,147.705881
Aspat_1534,-18.67002,147.705903
Aspat_1535,-18.670025,147.705901
Aspat_797,-18.669904,147.707261
Aspat_798,-18.669817,147.707237
Aspat_799,-18.669795,147.707243
Aspat_800,-18.669792,147.707369
Aspat_801,-18.669763,147.70738
Aspat_802,-18.669745,147.707357
Aspat_803,-18.669731,147.707334
Aspat_804,-18.669861,147.70735
Aspat_805,-18.669885,147.707422
Aspat_806,-18.669937,147.707434
Aspat_956,-18.669899,147.707242
Aspat_987,-18.670048,147.70725
Aspat_988,-18.670031,147.707207
Aspat_989,-18.669977,147.707209
Aspat_990,-18.669958,147.707242
Aspat_991,-18.669945,147.707441
Aspat_992,-18.669998,147.707449
Aspat_993,-18.669986,147.707448
Aspat_994,-18.670001,147.707458
Aspat_995,-18.670037,147.707416
Aspat_996,-18.670052,147.707458
Aspat_997,-18.670071,147.707474
Aspat_998,-18.670077,147.707496
Aspat_999,-18.67007,147.707542
Ahya_331_R2022,-18.82576995,147.6264861
Ahya_333_R2022_NoRun,-18.82567682,147.6264331
Ahya_334_R2022,-18.82562092,147.6266302
Ahya_335_R2022,-18.82565117,147.6266666
Ahya_336_R2022,-18.82561999,147.6266616
Ahya_337_R2022_NoRun,-18.82559761,147.6266398
Ahya_340_R2022_NoRun,-18.82548689,147.6265579
Ahya_343_R2022_NoRun,-18.82543249,147.6266186
Ahya_344_R2022_NoRun,-18.82552419,147.6267356
Ahya_345_R2022_NoRun,-18.82553106,147.6267352
Ahya_346_R2022,-18.82549116,147.6267391
Ahya_347_R2022_NoRun,-18.82544867,147.6267423
Ahya_348_R2022_NoRun,-18.8254314,147.6267185
Ahya_349_R2022,-18.82540433,147.6267076
Ahya_350_R2022_NoRun,-18.8253822,147.6267019
Ahya_352_R2022_NoRun,-18.82538228,147.6267284
Ahya_354_R2022_NoRun,-18.82545881,147.6267491
Ahya_355_R2022,-18.82545336,147.6268257
Ahya_356_R2022,-18.82546484,147.6268599
Ahya_357_R2022,-18.82547993,147.6268779
Ahya_359_R2022_NoRun,-18.82548119,147.6268675
Ahya_360_R2022,-18.82544758,147.6268708
Aspat_1536,-18.825859,147.626415
Aspat_1537,-18.825871,147.626419
Aspat_1538,-18.825882,147.626386
Aspat_1539,-18.825906,147.626386
Aspat_1540,-18.82592,147.626429
Aspat_1541,-18.825968,147.626451
Aspat_1542,-18.825962,147.626476
Aspat_1543,-18.825956,147.626479
Aspat_1544,-18.825974,147.626483
Aspat_1545,-18.825978,147.626527
Aspat_1546,-18.826015,147.626526
Aspat_1547,-18.825987,147.626538
Aspat_1548,-18.826001,147.626555
Aspat_1549,-18.825988,147.62659
Aspat_1550,-18.825964,147.626623
Aspat_1551,-18.825865,147.626609
Aspat_1552,-18.825875,147.62662
Aspat_1553,-18.825873,147.62664
Aspat_1554,-18.825879,147.626661
Aspat_1555,-18.825885,147.626673
Aspat_1556,-18.825883,147.626682
Aspat_1557,-18.825902,147.626646
Aspat_1558,-18.82594,147.626663
Aspat_1559,-18.825767,147.62643
Aspat_1560,-18.825762,147.626444
Aspat_1561,-18.825755,147.626447
Aspat_1562,-18.82577,147.626469
Aspat_1563,-18.82579,147.626481
Aspat_1564,-18.825689,147.626434
Aspat_1565,-18.825615,147.626457
Aspat_1566,-18.82562,147.626455
Aspat_1567,-18.825596,147.626534
Aspat_1568,-18.825596,147.626534
Aspat_1569,-18.825446,147.626433
Aspat_1570,-18.825503,147.626439
Aspat_1571,-18.825484,147.626413
Aspat_1572,-18.825469,147.626454
Aspat_1573,-18.825492,147.62644
Aspat_1581,-18.825474,147.626425
Aspat_1582,-18.825455,147.626416
Aspat_1583,-18.825442,147.626479
Aspat_1584,-18.825365,147.626494
Aspat_1585,-18.825355,147.626527
Aspat_1586,-18.825385,147.62658
Aspat_1587,-18.825382,147.626606
Aspat_1588,-18.8254,147.626624
Aspat_1589,-18.825441,147.626639
Aspat_1590,-18.825315,147.626725
Aspat_1591,-18.825289,147.626655
Aspat_1592,-18.825317,147.626702
Aspat_1593,-18.825247,147.626596
Aspat_1594,-18.825202,147.626635
Aspat_1595,-18.825193,147.626659
Ahya_1780,-23.90907512,152.3858947
Ahya_1781,-23.88365373,152.4157701
Ahya_1782,-23.88377761,152.4158244
Ahya_1783,-23.88385699,152.4158544
Ahya_1784,-23.88374727,152.4159669
Ahya_1785,-23.88335533,152.4169858
Ahya_1786,-23.88335751,152.4170236
Ahya_1787,-23.90929665,152.3859508
Ahya_1788,-23.90893447,152.3860075
Ahya_1789,-23.90854991,152.3862298
Ahya_1790,-23.90742539,152.386974
Ahya_1791,-23.90747845,152.3870143
Aspat_1596,-23.90743973,152.3867061
Aspat_1597,-23.90743109,152.386691
Aspat_1598,-23.90741182,152.3866715
Aspat_1599,-23.90742783,152.3866732
Aspat_1600,-23.90737393,152.3865905
Aspat_1601,-23.90741014,152.3865734
Aspat_1602,-23.9075072,152.3865234
Aspat_1603,-23.90767048,152.3866346
Aspat_1604,-23.90768666,152.3866475
Aspat_1605,-23.90773108,152.3866667
Aspat_1606,-23.90830969,152.3865203
Aspat_1607,-23.90832494,152.3864977
Aspat_1608,-23.90835813,152.3865083
Aspat_1609,-23.90836962,152.3865145
Aspat_1610,-23.90836618,152.3865228
Aspat_1611,-23.88356882,152.41571
Aspat_1612,-23.88372414,152.4158023
Aspat_1613,-23.88355432,152.4162366
Aspat_1614,-23.8834099,152.4165353
Aspat_1615,-23.88336388,152.4167807
Aspat_1616,-23.88349799,152.4164156
Aspat_1617,-23.90760938,152.3866694
Aspat_1618,-23.90765657,152.3866973
Aspat_1619,-23.90766101,152.3866995
Aspat_1620,-23.90769848,152.3866834
Aspat_1621,-23.90772924,152.3867169
Aspat_1622,-23.90789662,152.3867519
Aspat_1623,-23.9080216,152.3867485
Aspat_1624,-23.9083101,152.3865646
Aspat_1625,-23.90832678,152.3865125
Aspat_1626,-23.90860246,152.3867034
Aspat_1627,-23.90872367,152.386629
Aspat_1628,-23.90881679,152.386503
Aspat_1629,-23.90892844,152.3864628
Aspat_1630,-23.90908836,152.386376
Aspat_1631,-23.90915475,152.3863735
Aspat_1632,-23.90931292,152.3862838
Aspat_1633,-23.90933219,152.3862881
Aspat_1634,-23.90942582,152.3862434
Aspat_1635,-23.90954635,152.3860341
Aspat_1636,-23.90977342,152.3860339
Aspat_1637,-23.9101558,152.3860247
Aspat_1638,-23.90985128,152.3857347
Aspat_1641,-23.9083231,152.3863455
Aspat_1642,-23.90838822,152.3863165
Aspat_1643,-23.90839644,152.3863147
Aspat_1644,-23.90854949,152.3861689
Aspat_1645,-23.90860758,152.386056
Aspat_1646,-23.90953411,152.3859078
Aspat_1647,-23.90953512,152.3858995
Aspat_1648,-23.9095891,152.3859064
Aspat_1649,-23.90987844,152.3857418
Aspat_1650,-23.90845218,152.386493
Aspat_1651,-23.90848931,152.3865544
Aspat_1652,-23.90852552,152.3866161
Aspat_1653,-23.90854991,152.3866916
Aspat_1654,-23.90853968,152.3866672
Aspat_1656,-23.61269848,152.1551499
Aspat_1657,-23.61273696,152.1551793
Aspat_1658,-23.61273981,152.1551789
Aspat_1659,-23.61276244,152.1551767
Aspat_1660,-23.61279085,152.1551679
Aspat_1661,-23.61285313,152.155153
Aspat_1662,-23.61286864,152.1551611
Aspat_1663,-23.61289487,152.1551909
Aspat_1664,-23.61289144,152.155196
Aspat_1665,-23.61294835,152.1551952
Aspat_1666,-23.61311037,152.155027
Aspat_1667,-23.61315354,152.1549629
Aspat_1668,-23.61314868,152.1549424
Aspat_1669,-23.6132102,152.1549204
Aspat_1670,-23.61324825,152.1548894
Aspat_1671,-23.61323677,152.1548745
Aspat_1672,-23.61323434,152.1548535
Aspat_1673,-23.61330198,152.1548048
Aspat_1674,-23.61333735,152.1547489
Aspat_1675,-23.61333995,152.1546884
Aspat_1676,-23.61333442,152.1546905
Aspat_1677,-23.613377,152.1546883
Aspat_1678,-23.61338505,152.1546684
Aspat_1679,-23.61339368,152.1546109
Aspat_1680,-23.61335688,152.1544077
Aspat_1681,-23.61333325,152.1543921
Aspat_1682,-23.6131967,152.1543092
Aspat_1683,-23.61311716,152.1543358
Aspat_1684,-23.61304265,152.1543612
Aspat_1685,-23.61297802,152.1544509
Aspat_1686,-23.61292337,152.1544842
Aspat_1687,-23.61279773,152.1476459
Aspat_1688,-23.61268482,152.1476954
Aspat_1689,-23.61283083,152.1475072
Aspat_1690,-23.61320064,152.1471301
Aspat_1691,-23.6131807,152.1471603
Aspat_1692,-23.61311691,152.1474468
Aspat_1693,-23.61308808,152.1474849
Aspat_1694,-23.61294986,152.1475393
Aspat_1695,-23.61271592,152.1478878
Aspat_1696,-23.61271424,152.147891
Aspat_1697,-23.61268122,152.1479282
Aspat_1698,-23.61267929,152.1480325
Aspat_1699,-23.61263922,152.1480894
Aspat_1700,-23.61261995,152.1481099
Aspat_1701,-23.6125663,152.1481586
Aspat_1702,-23.61244711,152.1482531
Aspat_1703,-23.61241744,152.1483251
Aspat_1704,-23.61237461,152.1483562
Aspat_1705,-23.61233228,152.1483573
Aspat_1706,-23.61230537,152.1483886
Aspat_1707,-23.61223681,152.1483894
Aspat_1708,-23.61219741,152.1483736
Aspat_1709,-23.61212407,152.148339
Aspat_1710,-23.61204537,152.1483796
Aspat_1711,-23.61202022,152.1484059
Aspat_1712,-23.61199122,152.1484624
Aspat_1713,-23.61193506,152.1484239
Aspat_1714,-23.61183649,152.1483399
Aspat_1715,-23.61178771,152.1482628
Aspat_1716,-23.61177354,152.148235
Aspat_1717,-23.43974219,151.9800225
Aspat_1718,-23.43960883,151.9798389
Aspat_1719,-23.43965795,151.9797847
Aspat_1720,-23.43968485,151.9797746
Aspat_1721,-23.43969902,151.9797729
Aspat_1722,-23.43974303,151.9797493
Aspat_1723,-23.43975342,151.979739
Aspat_1724,-23.43977496,151.9797213
Aspat_1725,-23.43968452,151.9795906
Aspat_1726,-23.43975786,151.979636
Aspat_1727,-23.43966725,151.9795826
Aspat_1728,-23.43961998,151.9797301
Aspat_1729,-23.43966071,151.9797433
Aspat_1730,-23.43967086,151.9797437
Aspat_1731,-23.43963532,151.9797716
Aspat_1732,-23.43907163,151.9822522
Aspat_1733,-23.43908429,151.9822389
Aspat_1734,-23.43905579,151.982217
Aspat_1735,-23.4390055,151.9820785
Aspat_1736,-23.43897323,151.9820732
Aspat_1737,-23.43888187,151.9819631
Aspat_1738,-23.43889008,151.9818672
Aspat_1739,-23.43914372,151.9818917
Aspat_1740,-23.43939216,151.9819606
Aspat_1741,-23.43929082,151.9817874
Aspat_1742,-23.43927607,151.9816192
Aspat_1743,-23.43950188,151.9816625
Aspat_1744,-23.43941965,151.9818036
Aspat_1745,-23.43925687,151.9821311
Aspat_1746,-23.43924254,151.9822725
Aspat_1747,-23.43946181,151.9828142
Aspat_1748,-23.43984369,151.9830175
Aspat_1749,-23.43983229,151.9829794
Aspat_1750,-23.43974604,151.9829475
Aspat_1751,-23.43969793,151.9829468
Aspat_1752,-23.43973992,151.9829582
Aspat_1753,-23.43975744,151.9827861
Aspat_1754,-23.43952434,151.9828049
Aspat_1755,-23.43952711,151.9827924
Aspat_1756,-23.43953029,151.9828023
Aspat_1757,-23.4395168,151.9827985
Aspat_1758,-23.43949375,151.9827862
Aspat_1759,-23.4402156,151.9805621
Aspat_1760,-23.4402363,151.9805277
Aspat_1761,-23.44024049,151.9805168
Aspat_1762,-23.44023286,151.9805083
Aspat_1763,-23.44023538,151.9804982
Aspat_1764,-23.44025072,151.9804624
Aspat_1765,-23.44025264,151.9804592
Aspat_1766,-23.44016489,151.9804647
Aspat_1767,-23.44011527,151.9805075
Aspat_1768,-23.44033797,151.9801228
Aspat_1769,-23.44033973,151.9801186
Aspat_1770,-23.44028508,151.9801782
Aspat_1771,-23.44016053,151.9802457
Aspat_1772,-23.4401265,151.9802402
Aspat_1773,-23.44011392,151.9802236
Aspat_1774,-23.44004955,151.9802609
Aspat_1775,-23.44005592,151.9802674
Aspat_1776,-23.44007193,151.9803006
Amil_1_Sudbury,-16.99537276,146.2708587
Amil_10_Sudbury,-16.99564006,146.271169
Amil_11_Sudbury,-16.99566009,146.271205
Amil_12_Sudbury,-16.99569664,146.2712164
Amil_13_Sudbury,-16.99573101,146.2712274
Amil_14_Sudbury,-16.9957383,146.2711641
Amil_15_Sudbury,-16.99571583,146.2711378
Amil_16_Sudbury,-16.99573888,146.2711266
Amil_17_Sudbury,-16.9957647,146.2711048
Amil_18_Sudbury,-16.99573863,146.2710763
Amil_19_Sudbury,-16.99575942,146.2710714
Amil_2_Sudbury,-16.99533764,146.2708434
Amil_20_Sudbury,-16.9957616,146.2710351
Amil_21_Sudbury,-16.99574417,146.2710555
Amil_22_Sudbury,-16.99578314,146.2710812
Amil_23_Sudbury,-16.99575473,146.2711325
Amil_24_Sudbury,-16.99583813,146.2711351
Amil_25_Sudbury,-16.99595799,146.2711599
Amil_26_Sudbury,-16.99539598,146.2708695
Amil_27_Sudbury,-16.99543789,146.27089
Amil_28_Sudbury,-16.99546052,146.2708877
Amil_29_Sudbury,-16.99551475,146.2709297
Amil_3_Sudbury,-16.99524309,146.2710503
Amil_30_Sudbury,-16.99557426,146.2710148
Amil_31_Sudbury,-16.99563453,146.2710047
Amil_32_Sudbury,-16.99567191,146.2710039
Amil_33_Sudbury,-16.99567879,146.2709491
Amil_34_Sudbury,-16.9956487,146.2709034
Amil_35_Sudbury,-16.99566822,146.2708471
Amil_36_Sudbury,-16.99574291,146.27082
Amil_37_Sudbury,-16.99583997,146.2708252
Amil_38_Sudbury,-16.99585263,146.27086
Amil_39_Sudbury,-16.99584777,146.270789
Amil_4_Sudbury,-16.99528157,146.2710707
Amil_40_Sudbury,-16.99583938,146.2707497
Amil_41_Sudbury,-16.99591331,146.2706165
Amil_42_Sudbury,-16.99599965,146.2706714
Amil_43_Sudbury,-16.99604482,146.270692
Amil_44_Sudbury,-16.9960501,146.2707245
Amil_45_Sudbury,-16.99608774,146.2708095
Amil_46_Sudbury,-16.99616469,146.2707701
Amil_47_Sudbury,-16.99617927,146.2707476
Amil_48_Sudbury,-16.99613267,146.2705948
Amil_49_Sudbury,-16.9961211,146.2705385
Amil_5_Sudbury,-16.99529473,146.2710664
Amil_50_Sudbury,-16.99614021,146.2704693
Amil_6_Sudbury,-16.99534846,146.2711446
Amil_7_Sudbury,-16.99541342,146.2711818
Amil_8_Sudbury,-16.99550008,146.2712251
Amil_9_Sudbury,-16.99563344,146.2711721
Aken_1001,-16.93929045,145.9829412
Aken_1002,-16.93933505,145.9829629
Aken_1003,-16.93933412,145.9829962
Aken_1004,-16.93933966,145.9830203
Aken_1005,-16.93938492,145.9830153
Aken_1006,-16.93936765,145.9830489
Aken_1007,-16.93942079,145.9830759
Aken_1008,-16.93940738,145.9831092
Aken_1009,-16.93941032,145.9831409
Aken_1010,-16.93946128,145.9831852
Aken_1011,-16.93954828,145.9831502
Aken_1012,-16.93960679,145.9831661
Aken_1013,-16.9396782,145.9832168
Aken_1014,-16.93967678,145.9832096
Aken_1015,-16.9397383,145.9832622
Aken_1016,-16.93979454,145.9832694
Aken_1017,-16.93984006,145.9833216
Aken_1018,-16.9398916,145.9833976
Aken_1019,-16.93994508,145.9834088
Aken_1020,-16.93997467,145.9834566
Aken_1021,-16.94002102,145.9835146
Aken_1022,-16.94005396,145.9835411
Aken_1023,-16.94009847,145.9835497
Aken_1024,-16.94012026,145.9835784
Aken_1025,-16.94017399,145.983566
Aken_1026,-16.94022311,145.9835563
Aken_1027,-16.94030257,145.9835293
Aken_1031,-16.93932264,145.9829167
Aken_1032,-16.93932817,145.9829248
Aken_1033,-16.9393467,145.9829122
Aken_1034,-16.93938752,145.9828864
Aken_1035,-16.93944736,145.9829049
Aken_1036,-16.93945834,145.982919
Aken_1037,-16.93946371,145.9829801
Aken_1038,-16.93946329,145.9829874
Aken_1039,-16.93947326,145.9830044
Aken_1040,-16.93949279,145.9830416
Aken_1041,-16.93953596,145.983074
Aken_1042,-16.93956027,145.9830657
Aken_1043,-16.93959748,145.9830596
Aken_1044,-16.93960134,145.9830761
Aken_1045,-16.93970125,145.983102
Aken_1046,-16.939686,145.9830941
Aken_1047,-16.93969723,145.9831096
Aken_1048,-16.93974249,145.9831086
Aken_1049,-16.93975758,145.9831522
Aken_1050,-16.93977174,145.9831621
Aken_1051,-16.93984215,145.9832033
Aken_1052,-16.93987157,145.9832607
Aken_1053,-16.93992471,145.9832877
Aken_1054,-16.93985439,145.9832555
Aken_1055,-16.93994475,145.9833414
Aken_1056,-16.93993636,145.9833295
Aken_1057,-16.94004742,145.9833479
Aken_1058,-16.94005019,145.9833428
Aken_1059,-16.94008674,145.9834756
Aken_1060,-16.94010752,145.9834869
Aken_1061,-16.84585403,146.2320419
Aken_1062,-16.84574523,146.2322137
Aken_1063,-16.84588445,146.2321393
Aken_1064,-16.84599652,146.2321624
Aken_1065,-16.84608562,146.2323827
Aken_1066,-16.84611445,146.2324581
Aken_1067,-16.84614069,146.2324395
Aken_1068,-16.84620959,146.2323926
Aken_1069,-16.88719961,146.1867844
Aken_1070,-16.88713859,146.1868197
Aken_1071,-16.88729684,146.1867177
Aken_1072,-16.8873048,146.1867191
Aken_1073,-16.88752273,146.1866499
Aken_1076,-16.84580047,146.2316832
Aken_1077,-16.8458257,146.231733
Aken_1078,-16.84585897,146.2317615
Aken_1079,-16.84597112,146.2317756
Aken_1080,-16.84599945,146.2317839
Aken_1081,-16.8457081,146.2323693
Aken_1082,-16.8457278,146.2324599
Aken_1083,-16.84583961,146.2325236
Aken_1084,-16.84605,146.2322977
Aken_1085,-16.84606014,146.2323114
Aken_1086,-16.84607984,146.2324584
Aken_1087,-16.8461603,146.2324806
Aken_1088,-16.84633532,146.2325081
Aken_1089,-16.88712954,146.1867041
Aken_1090,-16.88715862,146.1867595
Aken_1091,-16.88717522,146.18682
Aken_1092,-16.88713633,146.1868452
Aken_1093,-16.88710154,146.1869212
Aken_1094,-16.88703055,146.1870227
Aken_1095,-16.8870163,146.187056
Aken_1096,-16.88702703,146.1870745
Aken_1097,-16.88702459,146.187105
Aken_1098,-16.88700205,146.1871415
Aken_1099,-16.88705242,146.1871738
Aken_1100,-16.8870168,146.1872321
Aken_1101,-16.88708293,146.1873953
Aken_1102,-16.88706458,146.1874327
Aken_1103,-16.88707992,146.187506
Aken_1104,-16.88708201,146.1875522
Aken_1105,-16.88712358,146.1876127
Aken_1106,-16.03870047,145.6512437
Aken_1107,-16.03872788,145.6511892
Aken_1108,-16.03874188,145.6511755
Aken_1109,-16.03878488,145.6511149
Aken_1110,-16.03885453,145.6510613
Aken_1111,-16.03890013,145.6510103
Aken_1112,-16.03893064,145.6510103
Aken_1113,-16.03898898,145.6510248
Aken_1114,-16.03903533,145.6509726
Aken_1115,-16.03909358,145.6509169
Aken_1116,-16.03917782,145.6509124
Aken_1117,-16.03924437,145.6509522
Aken_1118,-16.03927195,145.6509903
Aken_1119,-16.03933096,145.6510354
Aken_1120,-16.03933716,145.6509976
Aken_1121,-16.03934973,145.6509577
Aken_1122,-16.03939785,145.6509673
Aken_1123,-16.03942056,145.6509333
Aken_1124,-16.03941025,145.6508773
Aken_1125,-16.0394302,145.6508361
Aken_1126,-16.03940791,145.6509741
Aken_1127,-16.03932174,145.6510782
Aken_1128,-16.03926022,145.6511195
Aken_1129,-16.03865311,145.6513126
Aken_1130,-16.038648,145.6513682
Aken_1131,-16.03860232,145.6514855
Aken_1149,-16.03864574,145.6512951
Aken_1150,-16.03876652,145.6512292
Aken_1151,-16.03875982,145.6512315
Aken_1152,-16.03880625,145.6511914
Aken_1153,-16.03882553,145.6511571
Aken_1154,-16.03883165,145.6511304
Aken_1155,-16.03891253,145.6511143
Aken_1156,-16.03895981,145.6510985
Aken_1157,-16.03895889,145.6510878
Aken_1158,-16.03901823,145.6511206
Aken_1159,-16.03906198,145.6510997
Aken_1160,-16.03910021,145.6510471
Aken_1161,-16.03916944,145.6510051
Aken_1162,-16.03918126,145.6510126
Aken_1163,-16.03918905,145.6510447
Aken_1164,-16.03922392,145.6510724
Aken_1165,-16.03923339,145.6511666
Aken_1166,-16.03919081,145.6511551
Aken_1167,-16.03913574,145.6511559
Aken_1168,-16.03914237,145.651096
Aken_1169,-16.03915846,145.6511107
Aken_1170,-16.03916517,145.6510868
Aken_1171,-16.03920372,145.650953
Aken_1172,-16.03922241,145.6509547
Aken_1173,-16.0392427,145.6509493
Aken_1174,-16.03927782,145.6509957
Aken_1175,-16.03923457,145.6509672
Aken_1176,-16.03914882,145.6509854
Aken_1177,-16.03912083,145.6509816
Aken_1178,-16.03907179,145.6510109
Amil_1_Undine,-16.1112,145.6479
Amil_10_Undine,-16.1112,145.6479
Amil_11_Undine,-16.1112,145.6479
Amil_12_Undine,-16.1112,145.6479
Amil_13_Undine,-16.1112,145.6479
Amil_14_Undine,-16.1112,145.6479
Amil_15_Undine,-16.1112,145.6479
Amil_16_Undine,-16.1112,145.6479
Amil_17_Undine,-16.1112,145.6479
Amil_18_Undine,-16.1112,145.6479
Amil_19_Undine,-16.1112,145.6479
Amil_2_Undine,-16.1112,145.6479
Amil_20_Undine,-16.1112,145.6479
Amil_21_Undine,-16.1112,145.6479
Amil_22_Undine,-16.1112,145.6479
Amil_23_Undine,-16.1112,145.6479
Amil_24_Undine,-16.1112,145.6479
Amil_25_Undine,-16.1112,145.6479
Amil_26_Undine,-16.11122766,145.6479552
Amil_27_Undine,-16.11122053,145.6479627
Amil_28_Undine,-16.11121894,145.648034
Amil_29_Undine,-16.11132204,145.6482179
Amil_3_Undine,-16.1112,145.6479
Amil_30_Undine,-16.11132983,145.6483719
Amil_31_Undine,-16.11138716,145.6484478
Amil_32_Undine,-16.11129991,145.6484508
Amil_33_Undine,-16.11132237,145.6485427
Amil_34_Undine,-16.11151046,145.6488105
Amil_35_Undine,-16.11157676,145.6489797
Amil_36_Undine,-16.11161968,145.6490232
Amil_37_Undine,-16.11151239,145.6490656
Amil_38_Undine,-16.11150677,145.6491139
Amil_39_Undine,-16.11156243,145.6491315
Amil_4_Undine,-16.1112,145.6479
Amil_40_Undine,-16.1116092,145.6491346
Amil_41_Undine,-16.11152119,145.6492154
Amil_42_Undine,-16.11142673,145.6492661
Amil_43_Undine,-16.11181095,145.6495575
Amil_44_Undine,-16.11187759,145.649608
Amil_45_Undine,-16.11195261,145.649659
Amil_46_Undine,-16.11197239,145.6496589
Amil_47_Undine,-16.1120583,145.6498665
Amil_48_Undine,-16.11206979,145.649868
Amil_49_Undine,-16.11204749,145.6499871
Amil_5_Undine,-16.1112,145.6479
Amil_50_Undine,-16.11220934,145.6500799
Amil_6_Undine,-16.1112,145.6479
Amil_7_Undine,-16.1112,145.6479
Amil_8_Undine,-16.1112,145.6479
Amil_9_Undine,-16.1112,145.6479
Aken_1132,-16.0749688,145.8440976
Aken_1133,-16.07494969,145.8440949
Aken_1134,-16.07495463,145.8441315
Aken_1135,-16.07496494,145.8441883
Aken_1136,-16.0760338,145.8437416
Aken_1137,-16.07607957,145.8437898
Aken_1138,-16.07610865,145.8438642
Aken_1139,-16.0761286,145.8439098
Aken_1140,-16.0761141,145.8439914
Aken_1141,-16.07609491,145.8440121
Aken_1142,-16.076182,145.8440576
Aken_1143,-16.07621293,145.8440749
Aken_1144,-16.07617152,145.8441189
Aken_1145,-16.07624419,145.8441539
Aken_1146,-16.07627076,145.8442035
Aken_1147,-16.07631334,145.8442533
Aken_1179,-16.07499252,145.8441873
Aken_1180,-16.07501498,145.8441398
Aken_1181,-16.07510316,145.8441824
Aken_1182,-16.07522856,145.8441226
Aken_1183,-16.07522026,145.8441218
Aken_1184,-16.07522378,145.8441445
Aken_1185,-16.07533702,145.8442658
Aken_1186,-16.07530475,145.8442474
Aken_1187,-16.07519578,145.8439338
Aken_1188,-16.07521967,145.8438067
Aken_1189,-16.07533853,145.8436532
Aken_1190,-16.07540357,145.8436417
Aken_1191,-16.07543265,145.8436195
Aken_1192,-16.07557825,145.8436105
Aken_1193,-16.07577011,145.8436823
Aken_1194,-16.0757971,145.843662
Aken_1195,-16.07574848,145.8436793
Aken_1196,-16.07574991,145.8437014
Aken_1197,-16.07583197,145.843667
Aken_1198,-16.07591813,145.8437028
Aken_1199,-16.07612902,145.8438706
Aken_1200,-16.07618736,145.8440417
Aken_1201,-16.07631133,145.8443068
Aken_1202,-16.07631653,145.8443162
Aken_1203,-16.07636103,145.8443809
Aken_1204,-16.07640588,145.8443873
Aken_1205,-16.07498774,145.8442169
Aken_1206,-16.07525286,145.8442596
Aken_1207,-16.07521188,145.8442125
Aken_1208,-16.07519654,145.8441776
Aken_1209,-16.07519796,145.8441032
Aken_1210,-16.07517382,145.8440667
Aken_1211,-16.07512772,145.8440568
Aken_1212,-16.07511926,145.8440153
Aken_1213,-16.07518681,145.8439535
Aken_1214,-16.07527298,145.8437271
Aken_1215,-16.07546216,145.8436678
Aken_1216,-16.07550524,145.8436516
Aken_1217,-16.07559535,145.8436496
Aken_1218,-16.07567003,145.8436859
Aken_1219,-16.07574706,145.8437184
Aken_1220,-16.07586374,145.8436797
Aken_1221,-16.07587949,145.8436976
Aken_1222,-16.07591822,145.8437028
Ahya_1_Tydeman,-13.970879,144.5028362
Ahya_10_Tydeman,-13.971456,144.5026016
Ahya_11_Tydeman,-13.971361,144.5023902
Ahya_12_Tydeman,-13.971349,144.5023803
Ahya_13_Tydeman,-13.971392,144.5023619
Ahya_14_Tydeman,-13.971393,144.5023145
Ahya_15_Tydeman,-13.971614,144.5022933
Ahya_16_Tydeman,-13.97192,144.5020579
Ahya_17_Tydeman,-13.971724,144.501924
Ahya_18_Tydeman,-13.971716,144.5019161
Ahya_19_Tydeman,-13.971728,144.5019269
Ahya_2_Tydeman,-13.9709,144.5028621
Ahya_20_Tydeman,-13.971733,144.501962
Ahya_21_Tydeman,-13.971701,144.5019706
Ahya_22_Tydeman,-13.97146,144.5019062
Ahya_23_Tydeman,-13.971394,144.5018794
Ahya_24_Tydeman,-13.971343,144.5018999
Ahya_25_Tydeman,-13.971335,144.5019089
Ahya_26_Tydeman,-13.970963,144.5027447
Ahya_27_Tydeman,-13.970985,144.5027782
Ahya_28_Tydeman,-13.971007,144.5027863
Ahya_29_Tydeman,-13.971034,144.5027861
Ahya_3_Tydeman,-13.97101,144.5028631
Ahya_30_Tydeman,-13.971074,144.5027775
Ahya_31_Tydeman,-13.971108,144.5027289
Ahya_32_Tydeman,-13.971071,144.5027078
Ahya_33_Tydeman,-13.971095,144.5026807
Ahya_34_Tydeman,-13.971093,144.5026759
Ahya_35_Tydeman,-13.971143,144.5026423
Ahya_36_Tydeman,-13.971173,144.5026538
Ahya_37_Tydeman,-13.971194,144.5025991
Ahya_38_Tydeman,-13.971148,144.5025422
Ahya_39_Tydeman,-13.9712,144.5025109
Ahya_4_Tydeman,-13.971141,144.5029128
Ahya_40_Tydeman,-13.971271,144.5024872
Ahya_41_Tydeman,-13.971333,144.5024443
Ahya_42_Tydeman,-13.971349,144.5024076
Ahya_43_Tydeman,-13.971374,144.5023597
Ahya_44_Tydeman,-13.971425,144.5023115
Ahya_45_Tydeman,-13.971526,144.5022599
Ahya_46_Tydeman,-13.971624,144.5022699
Ahya_47_Tydeman,-13.971668,144.5022418
Ahya_48_Tydeman,-13.971734,144.5021729
Ahya_49_Tydeman,-13.971754,144.5021593
Ahya_5_Tydeman,-13.971153,144.5026653
Ahya_50_Tydeman,-13.971787,144.502147
Ahya_6_Tydeman,-13.971255,144.5027471
Ahya_7_Tydeman,-13.971269,144.5027332
Ahya_8_Tydeman,-13.971326,144.5027072
Ahya_9_Tydeman,-13.97134,144.5026767
Aken_1_Tydeman,-13.97098496,144.509612
Aken_10_Tydeman,-13.97107431,144.5100589
Aken_11_Tydeman,-13.97109333,144.5101069
Aken_12_Tydeman,-13.97109283,144.5101137
Aken_13_Tydeman,-13.97111789,144.5101178
Aken_14_Tydeman,-13.97110725,144.5102321
Aken_15_Tydeman,-13.97108093,144.5103008
Aken_16_Tydeman,-13.97109778,144.5103629
Aken_17_Tydeman,-13.97111186,144.5104033
Aken_18_Tydeman,-13.97112963,144.5104443
Aken_19_Tydeman,-13.97120934,144.510549
Aken_2_Tydeman,-13.97090013,144.5095978
Aken_20_Tydeman,-13.97125049,144.5106013
Aken_21_Tydeman,-13.97130481,144.5106534
Aken_22_Tydeman,-13.97139198,144.51073
Aken_23_Tydeman,-13.9713981,144.5108019
Aken_24_Tydeman,-13.97135594,144.5108985
Aken_25_Tydeman,-13.9714535,144.5109898
Aken_26_Tydeman,-13.97101589,144.5097673
Aken_3_Tydeman,-13.97087876,144.509602
Aken_4_Tydeman,-13.97086116,144.5096105
Aken_5_Tydeman,-13.97100432,144.5097088
Aken_6_Tydeman,-13.9710236,144.5097404
Aken_7_Tydeman,-13.97107095,144.509858
Aken_8_Tydeman,-13.97107875,144.509965
Aken_9_Tydeman,-13.97109442,144.5100171
Ahya_1283,-14.780195,145.3592862
Ahya_1284,-14.780235,145.3592251
Ahya_1285,-14.780229,145.359267
Ahya_1286,-14.780327,145.3596172
Ahya_1287,-14.780361,145.3596195
Ahya_1288,-14.780413,145.3596159
Ahya_1289,-14.780439,145.3596079
Ahya_1290,-14.78046,145.3595682
Ahya_1291,-14.780561,145.359443
Ahya_1292,-14.780507,145.3594103
Ahya_1293,-14.780478,145.3594152
Ahya_1294,-14.780453,145.3593318
Ahya_1296,-14.779635,145.3597959
Ahya_1297,-14.779957,145.3592754
Ahya_1298,-14.780022,145.3585815
Ahya_1299,-14.780048,145.3585736
Ahya_1300,-14.779989,145.3594272
Ahya_136_R2023,-14.779922,145.3588774
Ahya_157b_R2023,-14.779374,145.360251
Aken_1223,-14.78010306,145.358533
Aken_1224,-14.78013818,145.358499
Aken_1225,-14.78030423,145.3584325
Aken_1226,-14.78032493,145.3585006
Aken_1227,-14.78032736,145.3584102
Aken_1228,-14.78037556,145.3583258
Aken_1229,-14.78048821,145.3582649
Aken_1230,-14.7803691,145.3582881
Aken_1231,-14.78026601,145.3582501
Aken_1232,-14.7801681,145.3583618
Aken_1233,-14.78031814,145.3580776
Aken_1234,-14.78043767,145.3580834
Aken_1235,-14.78029107,145.3580329
Aken_1236,-14.78033298,145.3581133
Aken_1237,-14.78033801,145.3582035
Aken_1238,-14.7803204,145.3580459
Aken_1239,-14.78032946,145.358016
Aken_1240,-14.78034278,145.3578964
Aken_1241,-14.78040028,145.3578885
Aken_1242,-14.78046617,145.3578927
Aken_1243,-14.78055149,145.3578359
Aken_1244,-14.78056608,145.3578337
Aken_1245,-14.78059952,145.3577995
Aken_1246,-14.78067999,145.3578195
Aken_1247,-14.78066113,145.3578278
Aken_1248,-14.78066775,145.3578024
Aken_1249,-14.78064462,145.3577854
Aken_1250,-14.78063615,145.3577796
Aken_1251,-14.78063188,145.357756
Aken_1252,-14.78050497,145.3577807
Aken_1253,-14.7799133,145.3589633
Aken_1254,-14.77995562,145.3592935
Aken_1255,-14.78006174,145.3594833
Aken_1256,-14.7800775,145.359509
Aken_1257,-14.78007331,145.3595384
Aken_1258,-14.78008202,145.3595543
Aken_1259,-14.78008982,145.3595805
Aken_1260,-14.78010088,145.3596059
Aken_1261,-14.78011345,145.3596182
Aken_1262,-14.78013483,145.3596302
Aken_1263,-14.78014673,145.3596696
Aken_1264,-14.78017515,145.3596584
Aken_1265,-14.78019325,145.3596426
Aken_1266,-14.78023273,145.3596126
Aken_1267,-14.78026777,145.3596253
Aken_1268,-14.78028084,145.3596288
Aken_1269,-14.78031009,145.3596253
Aken_1270,-14.78029576,145.3595756
Aken_1271,-14.78034429,145.359567
Aken_1272,-14.78039961,145.359542
Aken_1273,-14.78043096,145.3595575
Aken_1274,-14.78040464,145.3595192
Aken_1275,-14.78046499,145.3594752
Aken_1276,-14.7804354,145.3594667
Aken_1277,-14.78043096,145.3594595
Aken_1278,-14.78036877,145.3594336
Aken_1279,-14.78039358,145.3594182
Aken_1280,-14.78036868,145.3593773
Aken_1281,-14.78031655,145.359367
Aken_1282,-14.78024681,145.3593683
Ahya_102b_R2023,-14.65102,145.6384435
Ahya_103b_R2023,-14.650971,145.6384252
Ahya_105b_R2023,-14.650915,145.6384266
Ahya_108b_R2023,-14.650979,145.6384282
Ahya_113b_R2023,-14.651082,145.6383584
Ahya_114b_R2023,-14.651067,145.6383119
Ahya_117b_R2023,-14.650895,145.6382666
Ahya_119b_R2023,-14.650917,145.6382451
Ahya_124b_R2023,-14.650713,145.6384677
Ahya_126b_R2023,-14.650897,145.6384843
Ahya_127b_R2023,-14.650907,145.6382421
Ahya_128b_R2023,-14.651004,145.6384191
Ahya_1403_No Name,-14.650809,145.6383951
Ahya_1404_No Name,-14.6509,145.6383641
Ahya_1405_No Name,-14.650958,145.6383368
Ahya_1411_No Name,-14.650833,145.6383392
Ahya_1412_No Name,-14.650882,145.6382806
Ahya_1413_No Name,-14.65085,145.6384648
Ahya_172_Lizard,-14.6412011,145.4914095
Ahya_176_Lizard,-14.641204,145.4914741
Ahya_178_Lizard,-14.6412272,145.4914882
Ahya_179_Lizard,-14.6411738,145.491481
Ahya_481_Lizard,-14.6412179,145.4915279
Ahya_482_Lizard,-14.6412616,145.4915159
Ahya_483_Lizard,-14.6412362,145.4915348
Ahya_484_Lizard,-14.6413109,145.4915963
Ahya_485_Lizard,-14.6412952,145.4916036
Ahya_486_Lizard,-14.6413399,145.4915592
Ahya_487_Lizard,-14.6414072,145.4915282
Ahya_488_Lizard,-14.6412616,145.4915365
Ahya_616*_No Name,-14.650752,145.6383576
Ahya_97b_R2023,-14.650839,145.6385532
Ahya_98b_R2023,-14.650838,145.6385358
Ahya_99b.1_R2023,-14.650905,145.6384618
Ahya_99b.2_R2023,-14.650877,145.6385037
Aken_489,-14.6411783,145.4914524
Aken_490,-14.64113488,145.4915072
Aken_491,-14.64120302,145.4914994
Aken_492,-14.64122163,145.4914973
Aken_493,-14.6412228,145.4915405
Aken_494,-14.64125474,145.4915752
Aken_495,-14.64131593,145.4915808
Aken_496,-14.64132096,145.4915818
Aken_497,-14.64134811,145.4915453
Aken_498,-14.64134543,145.4915202
Aken_499,-14.64142833,145.4915135
Amil_1_Lizard,-14.68675599,145.4400449
Amil_10_Lizard,-14.6868098,145.439798
Amil_11_Lizard,-14.68688766,145.4398275
Amil_12_Lizard,-14.68689093,145.4398174
Amil_13_Lizard,-14.68691055,145.4398069
Amil_14_Lizard,-14.68691901,145.4397995
Amil_15_Lizard,-14.68692983,145.439807
Amil_16_Lizard,-14.6869289,145.4397515
Amil_17_Lizard,-14.68700116,145.4396643
Amil_18_Lizard,-14.68698087,145.4396345
Amil_19_Lizard,-14.68698045,145.4396247
Amil_2_Lizard,-14.68677811,145.4400483
Amil_20_Lizard,-14.68698774,145.4396006
Amil_21_Lizard,-14.68697953,145.4395508
Amil_22_Lizard,-14.6870196,145.4395764
Amil_23_Lizard,-14.68703535,145.4395452
Amil_24_Lizard,-14.68704432,145.4395122
Amil_25_Lizard,-14.68710601,145.4395224
Amil_26_Lizard,-14.68644477,145.4398694
Amil_27_Lizard,-14.68649405,145.4398926
Amil_28_Lizard,-14.68649506,145.4399901
Amil_29_Lizard,-14.68637805,145.4400657
Amil_3_Lizard,-14.68677057,145.440043
Amil_30_Lizard,-14.68636019,145.4401212
Amil_31_Lizard,-14.68630269,145.4402674
Amil_32_Lizard,-14.68614788,145.4402947
Amil_33_Lizard,-14.6861141,145.4402578
Amil_34_Lizard,-14.68609256,145.4402252
Amil_35_Lizard,-14.68612852,145.4401868
Amil_36_Lizard,-14.68612575,145.4401631
Amil_37_Lizard,-14.68610404,145.4400658
Amil_38_Lizard,-14.6861136,145.4400219
Amil_39_Lizard,-14.68609968,145.4399024
Amil_4_Lizard,-14.6867937,145.4400139
Amil_40_Lizard,-14.68611879,145.4397767
Amil_41_Lizard,-14.68612282,145.4397471
Amil_42_Lizard,-14.68612659,145.4397068
Amil_43_Lizard,-14.68613866,145.4397081
Amil_44_Lizard,-14.68616213,145.4396875
Amil_45_Lizard,-14.68616305,145.4396236
Amil_46_Lizard,-14.68612432,145.4396021
Amil_47_Lizard,-14.68610706,145.4395919
Amil_48_Lizard,-14.68603707,145.4396094
Amil_49_Lizard,-14.68604369,145.439564
Amil_5_Lizard,-14.68678624,145.4399911
Amil_50_Lizard,-14.68607982,145.4395386
Amil_6_Lizard,-14.68676856,145.439954
Amil_7_Lizard,-14.68683343,145.4399383
Amil_8_Lizard,-14.68680779,145.4399264
Amil_9_Lizard,-14.68675733,145.4398078
Aken_1301,-14.65112376,145.6382704
Aken_1302,-14.65115394,145.6383015
Aken_1303,-14.65113918,145.6383907
Aken_1304,-14.65115586,145.6383401
Aken_1305,-14.65103734,145.6384377
Aken_1306,-14.65104631,145.6384497
Aken_1307,-14.65100516,145.6384946
Aken_1308,-14.65095478,145.638527
Aken_1309,-14.65094497,145.6385154
Aken_1310,-14.65090122,145.6385152
Aken_1311,-14.6508697,145.6385142
Aken_1312,-14.650834,145.6384836
Aken_1313,-14.65081288,145.6384807
Aken_1314,-14.65075387,145.6383759
Aken_1315,-14.65082629,145.6382504
Aken_1326,-14.6514442,145.6390163
Aken_1327,-14.65115561,145.6388503
Aken_1328,-14.65100474,145.6388443
Aken_1329,-14.65090784,145.6382346
Aken_1330,-14.65098739,145.6382776
Aken_1331,-14.65119098,145.6382735
Aken_1332,-14.6512173,145.6382539
Aken_1333,-14.65121202,145.6382453
Aken_1334,-14.65108939,145.6382543
Aken_1335,-14.65113013,145.638273
Aken_1336,-14.65099879,145.6382994
Aken_1337,-14.6509516,145.6382628
Aken_1338,-14.65078865,145.6382049
Aken_1339,-14.65082251,145.6382101
Aken_1340,-14.65085395,145.6381966
Aken_1341,-14.6506506,145.6387634
Aken_1342,-14.65061121,145.638905
Aken_1343,-14.650992,145.6387967
Aken_1344,-14.65096802,145.6387847
Aken_1345,-14.65088605,145.6387328
Aken_1346,-14.65046075,145.6391821
Aken_1347,-14.65059369,145.6394033
Aken_1348,-14.65062336,145.6394039
Aken_1349,-14.6507314,145.6394299
Aken_1350,-14.65078144,145.6393708
Aken_1351,-14.65085286,145.6393053
Aken_1352,-14.65092528,145.6392295
Aken_1353,-14.65125712,145.6393726
Aken_1354,-14.65145401,145.6393321
Aken_1355,-14.65159189,145.6392939
Aken_1356,-14.65159868,145.6392488
Aken_1357,-14.65157907,145.6392121
Aken_1358,-14.65152978,145.6392287
Aken_1359,-14.65150497,145.6392085
Aken_1360,-14.65150153,145.6390363
Ahya_1_Lizard,-14.645871,145.4554776
Ahya_10_Lizard,-14.645963,145.4552607
Ahya_11_Lizard,-14.645967,145.4552521
Ahya_12_Lizard,-14.645962,145.4552355
Ahya_13_Lizard,-14.646008,145.4552482
Ahya_14_Lizard,-14.646013,145.4552558
Ahya_15_Lizard,-14.646049,145.4552729
Ahya_16_Lizard,-14.646053,145.4552995
Ahya_17_Lizard,-14.646011,145.455313
Ahya_18_Lizard,-14.645972,145.4553634
Ahya_19_Lizard,-14.646082,145.4554162
Ahya_2_Lizard,-14.645823,145.4553902
Ahya_20_Lizard,-14.646078,145.4555599
Ahya_21_Lizard,-14.646108,145.4557541
Ahya_22_Lizard,-14.646155,145.4557764
Ahya_23_Lizard,-14.646142,145.4557654
Ahya_24_Lizard,-14.646266,145.4557567
Ahya_25_Lizard,-14.64626,145.4557956
Ahya_26_Lizard,-14.646247,145.4558274
Ahya_27_Lizard,-14.646253,145.455841
Ahya_28_Lizard,-14.646201,145.4559376
Ahya_29_Lizard,-14.6462,145.4560365
Ahya_3_Lizard,-14.645833,145.4553826
Ahya_30_Lizard,-14.646221,145.4561094
Ahya_31_Lizard,-14.646236,145.4561233
Ahya_32_Lizard,-14.646271,145.4561404
Ahya_33_Lizard,-14.64628,145.4561336
Ahya_34_Lizard,-14.64635,145.4561482
Ahya_35_Lizard,-14.646398,145.4561488
Ahya_36_Lizard,-14.646417,145.4561563
Ahya_37_Lizard,-14.64645,145.4563461
Ahya_38_Lizard,-14.646571,145.4565145
Ahya_39_Lizard,-14.646659,145.4565708
Ahya_4_Lizard,-14.645856,145.4553477
Ahya_40_Lizard,-14.646695,145.4566113
Ahya_41_Lizard,-14.646708,145.4566281
Ahya_42_Lizard,-14.646725,145.4566304
Ahya_43_Lizard,-14.646745,145.45665
Ahya_44_Lizard,-14.646764,145.4566618
Ahya_45_Lizard,-14.64682,145.4567101
Ahya_46_Lizard,-14.64684,145.4567451
Ahya_47_Lizard,-14.646846,145.4567322
Ahya_48_Lizard,-14.64685,145.4567686
Ahya_49_Lizard,-14.646885,145.4569187
Ahya_5_Lizard,-14.645862,145.4553297
Ahya_50_Lizard,-14.646884,145.4569779
Ahya_6_Lizard,-14.645871,145.4553236
Ahya_7_Lizard,-14.645936,145.4553294
Ahya_8_Lizard,-14.645946,145.4553441
Ahya_9_Lizard,-14.645971,145.4553193
Aken_1_Lizard,-14.64589748,145.4554444
Aken_10_Lizard,-14.64601289,145.4552799
Aken_11_Lizard,-14.64603033,145.4552543
Aken_12_Lizard,-14.6460403,145.4552995
Aken_13_Lizard,-14.64610551,145.4554186
Aken_1316,-14.74254367,145.5125447
Aken_1317,-14.74256999,145.5125269
Aken_1318,-14.74257569,145.5124069
Aken_1319,-14.74256529,145.5123842
Aken_1320,-14.74234636,145.5123385
Aken_1321,-14.74235952,145.5123116
Aken_1322,-14.7423617,145.5121557
Aken_1323,-14.74237762,145.5120874
Aken_1324,-14.74237788,145.5120587
Aken_1325,-14.74238081,145.5120582
Aken_1361,-14.74330408,145.513266
Aken_1362,-14.74333819,145.513238
Aken_1363,-14.74336275,145.5132172
Aken_1364,-14.74328295,145.513156
Aken_1365,-14.74326409,145.5131544
Aken_1366,-14.74321531,145.5131658
Aken_1367,-14.74312462,145.5131528
Aken_1368,-14.74303979,145.5130851
Aken_14_Lizard,-14.64611591,145.4554295
Aken_1406,-14.74219649,145.5119117
Aken_1407,-14.74212214,145.5117554
Aken_1408,-14.74213111,145.5116542
Aken_1409,-14.74213899,145.511375
Aken_1410,-14.74219574,145.5113795
Aken_1414,-14.74314658,145.5130356
Aken_1415,-14.74310031,145.5130513
Aken_1416,-14.74308455,145.5130413
Aken_1417,-14.74304013,145.5129828
Aken_1418,-14.74294684,145.5129575
Aken_1419,-14.74296184,145.5129314
Aken_1420,-14.74301917,145.5128808
Aken_1421,-14.74304968,145.5128437
Aken_1422,-14.74303837,145.512756
Aken_1423,-14.74292655,145.5127266
Aken_1424,-14.7428709,145.5127718
Aken_1425,-14.7428341,145.5127479
Aken_1426,-14.74269488,145.5127157
Aken_1427,-14.74257745,145.5126694
Aken_1428,-14.74255716,145.5126707
Aken_1429,-14.74257477,145.5126469
Aken_1430,-14.74257695,145.5125664
Aken_1431,-14.74247804,145.5125633
Aken_1432,-14.74239355,145.5123996
Aken_1433,-14.74238726,145.5122819
Aken_1434,-14.74238777,145.5122341
Aken_1435,-14.74236229,145.5122106
Aken_1436,-14.74241233,145.5121828
Aken_1437,-14.74246077,145.5121414
Aken_1438,-14.74248357,145.5121037
Aken_1439,-14.74254769,145.5122226
Aken_1440,-14.74249765,145.512233
Aken_1441,-14.74253135,145.5121976
Aken_1442,-14.74254736,145.5122922
Aken_1443,-14.74255339,145.5123261
Aken_1444,-14.74295162,145.5129827
Aken_1445,-14.74296947,145.5128701
Aken_1446,-14.74299805,145.5127886
Aken_1447,-14.74293871,145.5127523
Aken_1448,-14.74289504,145.5127778
Aken_1449,-14.74258843,145.5127075
Aken_1450,-14.74252699,145.5126851
Aken_15_Lizard,-14.64608615,145.4554204
Aken_16_Lizard,-14.64609529,145.455511
Aken_17_Lizard,-14.64607961,145.4556014
Aken_18_Lizard,-14.64601776,145.4557459
Aken_19_Lizard,-14.64599378,145.4557475
Aken_2_Lizard,-14.6459041,145.4554002
Aken_20_Lizard,-14.64596872,145.4556998
Aken_21_Lizard,-14.64594358,145.4557404
Aken_22_Lizard,-14.64609822,145.4557762
Aken_24_Lizard,-14.64612119,145.4558245
Aken_25_Lizard,-14.64617416,145.4560295
Aken_26_Lizard,-14.64618992,145.456054
Aken_27_Lizard,-14.64627123,145.4561543
Aken_28_Lizard,-14.64627282,145.4561539
Aken_29_Lizard,-14.64630408,145.4561582
Aken_3_Lizard,-14.64587987,145.455419
Aken_30_Lizard,-14.6463216,145.456169
Aken_31_Lizard,-14.64642579,145.4563592
Aken_32_Lizard,-14.64645286,145.4563919
Aken_33_Lizard,-14.64649972,145.4564207
Aken_34_Lizard,-14.6465433,145.4565141
Aken_35_Lizard,-14.64668714,145.4566301
Aken_36_Lizard,-14.64674681,145.4566722
Aken_37_Lizard,-14.64679769,145.4567075
Aken_38_Lizard,-14.64689819,145.4570159
Aken_39_Lizard,-14.64637382,145.4563178
Aken_4_Lizard,-14.64589295,145.4553873
Aken_40_Lizard,-14.64635546,145.4562497
Aken_41_Lizard,-14.64632588,145.4561951
Aken_42_Lizard,-14.645887,145.4556225
Aken_43_Lizard,-14.64581391,145.4555579
Aken_5_Lizard,-14.64588339,145.4553493
Aken_6_Lizard,-14.64588147,145.4553338
Aken_7_Lizard,-14.64590468,145.4553401
Aken_8_Lizard,-14.64593654,145.4553757
Aken_9_Lizard,-14.64594098,145.4553781
Aken_1369,-14.47404047,145.5039727
Aken_1370,-14.47416351,145.5038628
Aken_1371,-14.47421925,145.5037841
Aken_1372,-14.47479819,145.5030107
Aken_1373,-14.47482174,145.5029726
Aken_1374,-14.47482174,145.5029599
Aken_1375,-14.47480825,145.5029369
Aken_1376,-14.4748085,145.5029297
Aken_1377,-14.47482023,145.5029319
Aken_1378,-14.47485494,145.5028774
Aken_1379,-14.47487857,145.5028521
Aken_1380,-14.47487363,145.5028441
Aken_1381,-14.47490682,145.5027822
Aken_1382,-14.47491143,145.5027752
Aken_1383,-14.47495501,145.5027092
Aken_1384,-14.47499726,145.5026986
Aken_1385,-14.47490782,145.5028383
Aken_1386,-14.47487832,145.5029119
Aken_1399,-14.47441405,145.5035837
Aken_1400,-14.47449728,145.503495
Aken_1452,-14.47454514,145.5034852
Aken_1453,-14.47458873,145.503382
Aken_1454,-14.47469308,145.5032102
Aken_1455,-14.47482811,145.5029254
Aken_1456,-14.47488913,145.5029149
Aken_1457,-14.47487849,145.5029169
Aken_1458,-14.47495988,145.5028271
Aken_1459,-14.4750121,145.5026657
Aken_1460,-14.47507144,145.5025827
Aken_1461,-14.47510446,145.5024672
Aken_1462,-14.47518376,145.5023132
Aken_1463,-14.47525886,145.5022124
Aken_1464,-14.47529716,145.5021579
Aken_1465,-14.47534922,145.5021107
Aken_1466,-14.47535056,145.5021311
Aken_1467,-14.47536732,145.5020581
Aken_1468,-14.4753586,145.5020487
Aken_1469,-14.47535324,145.5020175
Aken_1470,-14.47539045,145.5019646
Aken_1471,-14.47540445,145.5019662
Aken_1472,-14.47547595,145.5018357
Amil_1_Davies,-18.82912941,147.6381798
Amil_10_Davies,-18.82912748,147.638407
Amil_11_Davies,-18.82913721,147.6383986
Amil_12_Davies,-18.82914651,147.638422
Amil_13_Davies,-18.829216,147.6385386
Amil_14_Davies,-18.82949679,147.6387218
Amil_15_Davies,-18.82979292,147.6389437
Amil_16_Davies,-18.82996945,147.6389485
Amil_17_Davies,-18.8302857,147.6384122
Amil_18_Davies,-18.83041059,147.6383077
Amil_19_Davies,-18.83044336,147.6381903
Amil_2_Davies,-18.8289725,147.6382663
Amil_20_Davies,-18.83044411,147.6381809
Amil_21_Davies,-18.83054906,147.6380575
Amil_22_Davies,-18.83069767,147.6380047
Amil_23_Davies,-18.83075567,147.6380061
Amil_24_Davies,-18.8307814,147.6379849
Amil_25_Davies,-18.83091627,147.63777
Amil_26_Davies,-18.82884778,147.639038
Amil_27_Davies,-18.82906437,147.6388814
Amil_28_Davies,-18.82922354,147.6386231
Amil_29_Davies,-18.82930527,147.6385835
Amil_3_Davies,-18.82871032,147.6381071
Amil_30_Davies,-18.8293455,147.638425
Amil_31_Davies,-18.82208635,147.6273538
Amil_4_Davies,-18.82846029,147.6373399
Amil_5_Davies,-18.82829583,147.6368694
Amil_6_Davies,-18.82922371,147.6384126
Amil_7_Davies,-18.82920443,147.6384241
Amil_8_Davies,-18.82911801,147.638391
Amil_9_Davies,-18.82913335,147.6384046
Ahya_1_Myrmidon,-18.27838,147.37922
Ahya_10_Myrmidon,-18.27838,147.37922
Ahya_11_Myrmidon,-18.27838,147.37922
Ahya_12_Myrmidon,-18.27838,147.37922
Ahya_13_Myrmidon,-18.27838,147.37922
Ahya_14_Myrmidon,-18.27838,147.37922
Ahya_15_Myrmidon,-18.27838,147.37922
Ahya_16_Myrmidon,-18.27838,147.37922
Ahya_17_Myrmidon,-18.27838,147.37922
Ahya_18_Myrmidon,-18.27838,147.37922
Ahya_19_Myrmidon,-18.27838,147.37922
Ahya_2_Myrmidon,-18.27838,147.37922
Ahya_20_Myrmidon,-18.27838,147.37922
Ahya_21_Myrmidon,-18.27838,147.37922
Ahya_22_Myrmidon,-18.27838,147.37922
Ahya_23_Myrmidon,-18.27838,147.37922
Ahya_24_Myrmidon,-18.27838,147.37922
Ahya_25_Myrmidon,-18.27838,147.37922
Ahya_26_Myrmidon,-18.27838,147.37922
Ahya_27_Myrmidon,-18.27838,147.37922
Ahya_28_Myrmidon,-18.27838,147.37922
Ahya_29_Myrmidon,-18.27838,147.37922
Ahya_3_Myrmidon,-18.27838,147.37922
Ahya_30_Myrmidon,-18.27838,147.37922
Ahya_31_Myrmidon,-18.27838,147.37922
Ahya_32_Myrmidon,-18.27838,147.37922
Ahya_33_Myrmidon,-18.27838,147.37922
Ahya_34_Myrmidon,-18.27838,147.37922
Ahya_35_Myrmidon,-18.27838,147.37922
Ahya_36_Myrmidon,-18.27838,147.37922
Ahya_37_Myrmidon,-18.27838,147.37922
Ahya_38_Myrmidon,-18.27838,147.37922
Ahya_39_Myrmidon,-18.27838,147.37922
Ahya_4_Myrmidon,-18.27838,147.37922
Ahya_40_Myrmidon,-18.27838,147.37922
Ahya_41_Myrmidon,-18.27838,147.37922
Ahya_42_Myrmidon,-18.27838,147.37922
Ahya_43_Myrmidon,-18.27838,147.37922
Ahya_44_Myrmidon,-18.27838,147.37922
Ahya_45_Myrmidon,-18.27838,147.37922
Ahya_46_Myrmidon,-18.27838,147.37922
Ahya_47_Myrmidon,-18.27838,147.37922
Ahya_48_Myrmidon,-18.27838,147.37922
Ahya_49_Myrmidon,-18.27838,147.37922
Ahya_5_Myrmidon,-18.27838,147.37922
Ahya_50_Myrmidon,-18.27838,147.37922
Ahya_6_Myrmidon,-18.27838,147.37922
Ahya_7_Myrmidon,-18.27838,147.37922
Ahya_8_Myrmidon,-18.27838,147.37922
Ahya_9_Myrmidon,-18.27838,147.37922
Aken_1,-18.27819396,147.3789882
Aken_10,-18.27786673,147.3787855
Aken_11,-18.27784234,147.3788077
Aken_12,-18.27786069,147.3788495
Aken_13,-18.27797284,147.3789485
Aken_14,-18.27798642,147.3789643
Aken_15,-18.27798609,147.3789681
Aken_16,-18.27797854,147.378974
Aken_17,-18.27797259,147.3789835
Aken_18,-18.27797092,147.3790123
Aken_19,-18.2780461,147.3791772
Aken_2,-18.27817678,147.3789961
Aken_20,-18.27807058,147.3792812
Aken_21,-18.2781616,147.3793314
Aken_22,-18.27814065,147.3793501
Aken_23,-18.27814191,147.3793548
Aken_24,-18.27811911,147.3794505
Aken_25,-18.27814241,147.3794371
Aken_26,-18.27838,147.37922
Aken_27,-18.27838,147.37922
Aken_28,-18.27838,147.37922
Aken_29,-18.27838,147.37922
Aken_3,-18.27809949,147.3789341
Aken_30,-18.27838,147.37922
Aken_31,-18.27838,147.37922
Aken_32,-18.27838,147.37922
Aken_33,-18.27838,147.37922
Aken_34,-18.27838,147.37922
Aken_35,-18.27838,147.37922
Aken_36,-18.27838,147.37922
Aken_37,-18.27838,147.37922
Aken_38,-18.27838,147.37922
Aken_39,-18.27838,147.37922
Aken_4,-18.27810628,147.3789045
Aken_40,-18.27838,147.37922
Aken_41,-18.27838,147.37922
Aken_42,-18.27838,147.37922
Aken_43,-18.27838,147.37922
Aken_44,-18.27838,147.37922
Aken_45,-18.27838,147.37922
Aken_46,-18.27838,147.37922
Aken_47,-18.27838,147.37922
Aken_48,-18.27838,147.37922
Aken_49,-18.27838,147.37922
Aken_5,-18.27811022,147.3788917
Aken_50,-18.27838,147.37922
Aken_51,-18.27838,147.37922
Aken_52,-18.27838,147.37922
Aken_53,-18.27838,147.37922
Aken_54,-18.27838,147.37922
Aken_55,-18.27838,147.37922
Aken_56,-18.27838,147.37922
Aken_57,-18.27838,147.37922
Aken_58,-18.27838,147.37922
Aken_59,-18.27838,147.37922
Aken_6,-18.27802163,147.3788529
Aken_60,-18.27838,147.37922
Aken_7,-18.27797921,147.3787955
Aken_8,-18.2779767,147.3787863
Aken_9,-18.27795331,147.378726
Ahya_1_Kelso,-18.446281,146.9910411
Ahya_10_Kelso,-18.446173,146.9912426
Ahya_11_Kelso,-18.445989,146.9912746
Ahya_12_Kelso,-18.445932,146.991266
Ahya_13_Kelso,-18.445935,146.9911048
Ahya_14_Kelso,-18.445958,146.9910534
Ahya_15_Kelso,-18.44596,146.9910386
Ahya_16_Kelso,-18.445959,146.9910218
Ahya_17_Kelso,-18.445928,146.9910529
Ahya_18_Kelso,-18.445917,146.9910933
Ahya_19_Kelso,-18.445978,146.9911013
Ahya_2_Kelso,-18.446241,146.9910324
Ahya_20_Kelso,-18.446045,146.9910752
Ahya_21_Kelso,-18.446074,146.9910707
Ahya_3_Kelso,-18.446223,146.9910015
Ahya_4_Kelso,-18.446156,146.9911158
Ahya_5_Kelso,-18.4461,146.9911493
Ahya_6_Kelso,-18.446346,146.9911305
Ahya_7_Kelso,-18.446352,146.991035
Ahya_8_Kelso,-18.446196,146.9909436
Ahya_9_Kelso,-18.446201,146.9912373
Aken_1_Kelso,-18.423731,146.98549
Aken_10_Kelso,-18.423731,146.98549
Aken_11_Kelso,-18.423731,146.98549
Aken_1148,-18.42366407,146.9863732
Aken_12_Kelso,-18.423731,146.98549
Aken_13_Kelso,-18.423731,146.98549
Aken_1387,-18.42396984,146.9857839
Aken_1388,-18.42388686,146.9858186
Aken_1389,-18.4238597,146.9858135
Aken_1390,-18.42369097,146.9859292
Aken_1391,-18.42383363,146.9863349
Aken_1392,-18.42384168,146.9863348
Aken_1393,-18.42425164,146.986458
Aken_1394,-18.42410739,146.9866491
Aken_1395,-18.42365401,146.9867931
Aken_1396,-18.42358243,146.986242
Aken_1397,-18.42358452,146.9862392
Aken_1398,-18.42351973,146.9863096
Aken_14_Kelso,-18.423731,146.98549
Aken_1473,-18.42371981,146.9864073
Aken_1474,-18.42378602,146.9863713
Aken_1475,-18.42364848,146.9853339
Aken_1476,-18.42368041,146.9854262
Aken_1477,-18.42372567,146.9854888
Aken_1478,-18.42374688,146.9855037
Aken_1479,-18.42373012,146.9854927
Aken_1480,-18.42373397,146.9855405
Aken_1481,-18.42373087,146.9855322
Aken_1482,-18.42372274,146.9855969
Aken_1483,-18.42370405,146.9856097
Aken_1484,-18.42379843,146.9856895
Aken_1485,-18.42399172,146.9857507
Aken_1486,-18.42404737,146.9858108
Aken_1487,-18.4240151,146.9857936
Aken_1488,-18.42397571,146.9858069
Aken_1489,-18.42397864,146.9858184
Aken_1490,-18.4239234,146.9858237
Aken_1491,-18.42385199,146.9858262
Aken_1492,-18.42368678,146.9858987
Aken_1493,-18.42369039,146.9859029
Aken_1494,-18.42384093,146.9859711
Aken_1495,-18.42384093,146.9859713
Aken_1496,-18.42383992,146.9859716
Aken_1497,-18.42383774,146.9859729
Aken_1498,-18.42383841,146.9859733
Aken_1499,-18.42380413,146.9857382
Aken_15_Kelso,-18.423731,146.98549
Aken_1500,-18.42372215,146.9858316
Aken_16_Kelso,-18.423731,146.98549
Aken_17_Kelso,-18.423731,146.98549
Aken_18_Kelso,-18.423731,146.98549
Aken_1810,-18.42361797,146.986074
Aken_1811,-18.42403094,146.9862533
Aken_1812,-18.42417251,146.9861985
Aken_1813,-18.42433671,146.9862862
Aken_1814,-18.42429598,146.9864076
Aken_1815,-18.4243026,146.9864343
Aken_1816,-18.42430042,146.9864359
Aken_1817,-18.4242363,146.9865079
Aken_1818,-18.42406514,146.9866729
Aken_1819,-18.42378787,146.9868715
Aken_19_Kelso,-18.423731,146.98549
Aken_2_Kelso,-18.423731,146.98549
Aken_20_Kelso,-18.423731,146.98549
Aken_21_Kelso,-18.423731,146.98549
Aken_22_Kelso,-18.423731,146.98549
Aken_23_Kelso,-18.423731,146.98549
Aken_24_Kelso,-18.423731,146.98549
Aken_25_Kelso,-18.423731,146.98549
Aken_26_Kelso,-18.423731,146.98549
Aken_27_Kelso,-18.423731,146.98549
Aken_28_Kelso,-18.423731,146.98549
Aken_29_Kelso,-18.423731,146.98549
Aken_3_Kelso,-18.423731,146.98549
Aken_30_Kelso,-18.423731,146.98549
Aken_31_Kelso,-18.423731,146.98549
Aken_32_Kelso,-18.423731,146.98549
Aken_33_Kelso,-18.423731,146.98549
Aken_34_Kelso,-18.423731,146.98549
Aken_35_Kelso,-18.423731,146.98549
Aken_36_Kelso,-18.423731,146.98549
Aken_4_Kelso,-18.423731,146.98549
Aken_5_Kelso,-18.423731,146.98549
Aken_6_Kelso,-18.423731,146.98549
Aken_7_Kelso,-18.423731,146.98549
Aken_8_Kelso,-18.423731,146.98549
Aken_9_Kelso,-18.423731,146.98549
Ahya_1_Pelorus ,-18.56062,146.50121
Ahya_10_Pelorus ,-18.56062,146.50121
Ahya_11_Pelorus ,-18.56062,146.50121
Ahya_12_Pelorus ,-18.56062,146.50121
Ahya_13_Pelorus ,-18.56062,146.50121
Ahya_14_Pelorus ,-18.56062,146.50121
Ahya_15_Pelorus ,-18.56062,146.50121
Ahya_16_Pelorus ,-18.56062,146.50121
Ahya_17_Pelorus ,-18.56062,146.50121
Ahya_18_Pelorus ,-18.56062,146.50121
Ahya_19_Pelorus ,-18.56062,146.50121
Ahya_2_Pelorus ,-18.56062,146.50121
Ahya_20_Pelorus ,-18.56062,146.50121
Ahya_21_Pelorus ,-18.56062,146.50121
Ahya_22_Pelorus ,-18.56062,146.50121
Ahya_23_Pelorus ,-18.56062,146.50121
Ahya_24_Pelorus ,-18.56062,146.50121
Ahya_25_Pelorus ,-18.56062,146.50121
Ahya_26_Pelorus ,-18.56062,146.50121
Ahya_27_Pelorus ,-18.56062,146.50121
Ahya_28_Pelorus ,-18.56062,146.50121
Ahya_29_Pelorus ,-18.56062,146.50121
Ahya_3_Pelorus ,-18.56062,146.50121
Ahya_30_Pelorus ,-18.56062,146.50121
Ahya_31_Pelorus ,-18.56062,146.50121
Ahya_32_Pelorus ,-18.56062,146.50121
Ahya_33_Pelorus ,-18.56062,146.50121
Ahya_34_Pelorus ,-18.56062,146.50121
Ahya_35_Pelorus ,-18.56062,146.50121
Ahya_36_Pelorus ,-18.56062,146.50121
Ahya_37_Pelorus ,-18.56062,146.50121
Ahya_38_Pelorus ,-18.56062,146.50121
Ahya_39_Pelorus ,-18.56062,146.50121
Ahya_4_Pelorus ,-18.56062,146.50121
Ahya_40_Pelorus ,-18.56062,146.50121
Ahya_5_Pelorus ,-18.56062,146.50121
Ahya_6_Pelorus ,-18.56062,146.50121
Ahya_7_Pelorus ,-18.56062,146.50121
Ahya_8_Pelorus ,-18.56062,146.50121
Ahya_9_Pelorus ,-18.56062,146.50121
Amil_1_Orpheus,-18.56992149,146.4922088
Amil_1_SE_Pelorus,-18.55804835,146.4878799
Amil_1_SW_Pelorus,-18.55363,146.48859
Amil_10_Orpheus,-18.56943861,146.4917387
Amil_10_SE_Pelorus,-18.55803779,146.4878856
Amil_10_SW_Pelorus,-18.55363,146.48859
Amil_11_Orpheus,-18.56941832,146.4917397
Amil_11_SE_Pelorus,-18.55802857,146.487883
Amil_11_SW_Pelorus,-18.55363,146.48859
Amil_12_Orpheus,-18.56940089,146.4917395
Amil_12_SE_Pelorus,-18.55803654,146.4878865
Amil_12_SW_Pelorus,-18.55363,146.48859
Amil_13_Orpheus,-18.56938329,146.4917298
Amil_13_SE_Pelorus,-18.55803662,146.4878872
Amil_13_SW_Pelorus,-18.55363,146.48859
Amil_14_Orpheus,-18.56937859,146.4917195
Amil_14_SE_Pelorus,-18.55803327,146.4878794
Amil_14_SW_Pelorus,-18.55363,146.48859
Amil_15_Orpheus,-18.56938521,146.4917218
Amil_15_SE_Pelorus,-18.55803385,146.4878851
Amil_15_SW_Pelorus,-18.55363,146.48859
Amil_16_Orpheus,-18.56929938,146.4914631
Amil_16_SE_Pelorus,-18.55803503,146.4878896
Amil_16_SW_Pelorus,-18.55363,146.48859
Amil_17_Orpheus,-18.56896277,146.4908064
Amil_17_SE_Pelorus,-18.55803612,146.4878914
Amil_17_SW_Pelorus,-18.55363,146.48859
Amil_18_Orpheus,-18.5689191,146.4907364
Amil_18_SE_Pelorus,-18.55849779,146.4883072
Amil_18_SW_Pelorus,-18.55363,146.48859
Amil_19_Orpheus,-18.56888884,146.4907578
Amil_19_SE_Pelorus,-18.55849293,146.4883105
Amil_19_SW_Pelorus,-18.55363,146.48859
Amil_2_Orpheus,-18.56987472,146.4921279
Amil_2_SE_Pelorus,-18.5580533,146.4878844
Amil_2_SW_Pelorus,-18.55363,146.48859
Amil_20_Orpheus,-18.5688564,146.4907741
Amil_20_SE_Pelorus,-18.55847072,146.4883292
Amil_20_SW_Pelorus,-18.55363,146.48859
Amil_21_Orpheus,-18.56883905,146.4908557
Amil_21_SE_Pelorus,-18.55845261,146.4883191
Amil_21_SW_Pelorus,-18.55363,146.48859
Amil_22_Orpheus,-18.56878247,146.4905195
Amil_22_SE_Pelorus,-18.5584475,146.4883128
Amil_22_SW_Pelorus,-18.55363,146.48859
Amil_23_Orpheus,-18.56876085,146.4905306
Amil_23_SE_Pelorus,-18.55845572,146.4883268
Amil_23_SW_Pelorus,-18.55363,146.48859
Amil_24_SE_Pelorus,-18.55845815,146.4883347
Amil_24_SW_Pelorus,-18.55363,146.48859
Amil_25_Orpheus,-18.56879781,146.4906596
Amil_25_SE_Pelorus,-18.55843208,146.4883408
Amil_25_SW_Pelorus,-18.55363,146.48859
Amil_26_Orpheus,-18.56871927,146.4906518
Amil_26_SE_Pelorus,-18.55841054,146.4883252
Amil_26_SW_Pelorus,-18.55363,146.48859
Amil_27_Orpheus,-18.56869681,146.4906205
Amil_27_SE_Pelorus,-18.55841347,146.4883134
Amil_27_SW_Pelorus,-18.55363,146.48859
Amil_28_Orpheus,-18.56868139,146.4906179
Amil_28_SE_Pelorus,-18.55841305,146.4883304
Amil_28_SW_Pelorus,-18.55363,146.48859
Amil_29_Orpheus,-18.56866848,146.4906213
Amil_29_SE_Pelorus,-18.55848773,146.4884287
Amil_29_SW_Pelorus,-18.55363,146.48859
Amil_3_Orpheus,-18.56982937,146.4921283
Amil_3_SE_Pelorus,-18.55805431,146.4878856
Amil_3_SW_Pelorus,-18.55363,146.48859
Amil_30_Orpheus,-18.56865691,146.4906157
Amil_30_SE_Pelorus,-18.55852503,146.488444
Amil_31_Orpheus,-18.56863067,146.490576
Amil_31_SE_Pelorus,-18.55856946,146.4884753
Amil_32_Orpheus,-18.5684591,146.4902413
Amil_32_SE_Pelorus,-18.5585817,146.4884761
Amil_33_Orpheus,-18.56846455,146.4902351
Amil_33_SE_Pelorus,-18.55873374,146.4885342
Amil_34_Orpheus,-18.56851467,146.4901909
Amil_34_SE_Pelorus,-18.55876023,146.4885373
Amil_35_Orpheus,-18.56852397,146.4901834
Amil_35_SE_Pelorus,-18.55875344,146.4884098
Amil_36_Orpheus,-18.56853738,146.4901114
Amil_36_SE_Pelorus,-18.55882653,146.4883185
Amil_37_Orpheus,-18.56836715,146.4898461
Amil_37_SE_Pelorus,-18.55886165,146.488268
Amil_38_Orpheus,-18.56834435,146.4897955
Amil_38_SE_Pelorus,-18.55891529,146.488149
Amil_39_Orpheus,-18.56807403,146.4895813
Amil_39_SE_Pelorus,-18.55852755,146.4883012
Amil_4_Orpheus,-18.56981219,146.4921371
Amil_4_SE_Pelorus,-18.55805556,146.4878777
Amil_4_SW_Pelorus,-18.55363,146.48859
Amil_40_Orpheus,-18.5679882,146.489583
Amil_40_SE_Pelorus,-18.55853258,146.4883481
Amil_41_SE_Pelorus,-18.55853266,146.4883688
Amil_42_SE_Pelorus,-18.55853618,146.488396
Amil_43_SE_Pelorus,-18.55848606,146.4883838
Amil_44_SE_Pelorus,-18.55846904,146.4883692
Amil_5_Orpheus,-18.56975427,146.4920384
Amil_5_SE_Pelorus,-18.55805883,146.4878821
Amil_5_SW_Pelorus,-18.55363,146.48859
Amil_6_Orpheus,-18.56969895,146.4919805
Amil_6_SE_Pelorus,-18.55805741,146.4878855
Amil_6_SW_Pelorus,-18.55363,146.48859
Amil_7_Orpheus,-18.56958454,146.4917105
Amil_7_SE_Pelorus,-18.55805833,146.4878871
Amil_7_SW_Pelorus,-18.55363,146.48859
Amil_8_Orpheus,-18.5695531,146.4917181
Amil_8_SE_Pelorus,-18.558059,146.4878861
Amil_8_SW_Pelorus,-18.55363,146.48859
Amil_9_Orpheus,-18.56949527,146.4917431
Amil_9_SE_Pelorus,-18.55805565,146.4878917
Amil_9_SW_Pelorus,-18.55363,146.48859
Aken_1820,-18.55884857,146.5023281
Aken_1821,-18.55885134,146.5023373
Aken_1822,-18.55911965,146.5023042
Aken_1823,-18.55912434,146.5022438
Aken_1824,-18.55914177,146.5022074
Aken_1825,-18.55916575,146.5023315
Aken_1826,-18.55918628,146.5022991
Aken_1827,-18.55919617,146.5022861
Aken_1828,-18.55923406,146.502259
Aken_1910,-18.55925652,146.5022638
Aken_1911,-18.5592991,146.5022635
Aken_1912,-18.5592986,146.5024177
Aken_1913,-18.55934688,146.5024284
Aken_1914,-18.559353,146.5024204
Aken_1915,-18.55934755,146.5024037
Aken_1916,-18.5592406,146.502305
Aken_1917,-18.55925418,146.5023385
Aken_1918,-18.55924688,146.5023401
Aken_1919,-18.55924261,146.5023675
Aken_1920,-18.55923238,146.5023721
Aken_1921,-18.5592323,146.5023747
Aken_1922,-18.55920556,146.5024016
Aken_1923,-18.55920967,146.5023961
Aken_1924,-18.55920154,146.5023737
Aken_1925,-18.55918997,146.5023602
Aken_1926,-18.55916181,146.5024404
Aken_1927,-18.55911973,146.5024784
Aken_1928,-18.55911772,146.5024799
Aken_1929,-18.55909986,146.502398
Aken_1930,-18.55908905,146.5023505
Aken_1931,-18.55938133,146.5024063
Aken_1932,-18.5593882,146.50239
Aken_1933,-18.55939709,146.5023489
Aken_1934,-18.55939474,146.5022841
Aken_1935,-18.55943514,146.5022958
Aken_1936,-18.55943992,146.5022733
Aken_1937,-18.55949331,146.5022597
Aken_1938,-18.55950085,146.5022298
Aken_1939,-18.55953748,146.5022144
Aken_1940,-18.55954721,146.5022098
Aken_1941,-18.55961669,146.5021827
Aken_1942,-18.55966162,146.5021779
Aken_1943,-18.55969079,146.5021845
Aken_1944,-18.55969423,146.502187
Aken_1945,-18.55971375,146.5021954
Aken_1946,-18.55926105,146.5023082
Aken_1947,-18.55923951,146.5022608
Aken_1948,-18.55923666,146.5022449
Aken_1949,-18.55921394,146.5022047
Aken_1950,-18.55921285,146.5021914
Aken_1951,-18.55922735,146.5022124
Aken_1952,-18.55928293,146.5022094
Aken_1953,-18.55930715,146.5022261
Aken_1954,-18.55936046,146.5022084
Aken_1955,-18.55936037,146.50221
Aken_1956,-18.55937672,146.5022116
Aken_1957,-18.55939055,146.5022184
Aken_1958,-18.55944042,146.5022716
Aken_1959,-18.55944637,146.5022736
Aken_1960,-18.55944352,146.5022779
Aken_1_Orpheus,-18.56877099,146.4904606
Aken_10_Orpheus,-18.56863864,146.4901015
Aken_11_Orpheus,-18.56862548,146.4902958
Aken_12_Orpheus,-18.56848483,146.4902207
Aken_13_Orpheus,-18.56853738,146.4901114
Aken_14_Orpheus,-18.56854635,146.4900166
Aken_15_Orpheus,-18.56821225,146.4896096
Aken_16_Orpheus,-18.56793531,146.4895094
Aken_17_Orpheus,-18.5679421,146.4894663
Aken_18_Orpheus,-18.56794093,146.4894123
Aken_19_Orpheus,-18.56788175,146.4892778
Aken_2_Orpheus,-18.56879999,146.4905643
Aken_20_Orpheus,-18.56610102,146.4885199
Aken_21_Orpheus,-18.56381712,146.486584
Aken_22_Orpheus,-18.56330917,146.4863674
Aken_23_Orpheus,-18.56330724,146.4864401
Aken_24_Orpheus,-18.56340305,146.4863859
Aken_25_Orpheus,-18.56339668,146.4863885
Aken_26_Orpheus,-18.56332032,146.4864418
Aken_27_Orpheus,-18.56331336,146.4864366
Aken_28_Orpheus,-18.56331102,146.4864329
Aken_29_Orpheus,-18.56333859,146.4864204
Aken_3_Orpheus,-18.56874735,146.4906594
Aken_30_Orpheus,-18.56332367,146.4864075
Aken_4_Orpheus,-18.56869681,146.4906205
Aken_5_Orpheus,-18.56868139,146.4906179
Aken_6_Orpheus,-18.56866848,146.4906213
Aken_7_Orpheus,-18.56865775,146.4905703
Aken_8_Orpheus,-18.5686984,146.4904465
Aken_9_Orpheus,-18.56866756,146.4903183
Ahya_1829_Pelorus ,-18.5375998,146.4970958
Ahya_1830_Pelorus ,-18.5373227,146.4947838
Ahya_1831_Pelorus ,-18.5369721,146.4943978
Ahya_1832_Pelorus ,-18.5375261,146.4942126
Ahya_1833_Pelorus ,-18.5375863,146.4939459
Ahya_1834_Pelorus ,-18.5376581,146.4939824
Ahya_1835_Pelorus ,-18.5377041,146.4938953
Ahya_1836_Pelorus ,-18.5375611,146.4938685
Ahya_1837_Pelorus ,-18.5375252,146.4938283
Ahya_1844_Pelorus ,-18.53748,146.4944253
Ahya_1845_Pelorus ,-18.53743,146.4946393
Ahya_1846_Pelorus ,-18.537277,146.4946914
Ahya_1847_Pelorus ,-18.537578,146.4945813
Ahya_1848_Pelorus ,-18.537601,146.4946002
Ahya_1849_Pelorus ,-18.537723,146.4946233
Ahya_1850_Pelorus ,-18.537858,146.4946064
Ahya_1851_Pelorus ,-18.537898,146.4945286
Ahya_1852_Pelorus ,-18.537838,146.4944951
Ahya_1853_Pelorus ,-18.537745,146.4945033
Ahya_1854_Pelorus ,-18.537945,146.4943419
Ahya_1855_Pelorus ,-18.537983,146.4943046
Ahya_1856_Pelorus ,-18.537944,146.4943034
Ahya_1_Chicken,-18.654948,147.7094633
Ahya_10_Chicken,-18.654217,147.7098152
Ahya_11_Chicken,-18.654186,147.7098086
Ahya_12_Chicken,-18.654149,147.7098089
Ahya_13_Chicken,-18.654151,147.709808
Ahya_14_Chicken,-18.654152,147.7097586
Ahya_15_Chicken,-18.65407,147.7098029
Ahya_16_Chicken,-18.654063,147.7098172
Ahya_17_Chicken,-18.65398,147.7099723
Ahya_18_Chicken,-18.654165,147.7100503
Ahya_1838,-18.670042,147.7074879
Ahya_1839,-18.67003,147.7074275
Ahya_1840,-18.669994,147.7073892
Ahya_1841,-18.670001,147.7072808
Ahya_1842,-18.670107,147.7067266
Ahya_1843,-18.670077,147.706557
Ahya_1857,-18.670141,147.7063916
Ahya_19_Chicken,-18.654166,147.7100622
Ahya_2_Chicken,-18.654654,147.7094135
Ahya_20_Chicken,-18.654042,147.710119
Ahya_21_Chicken,-18.654027,147.7101427
Ahya_22_Chicken,-18.654,147.7101735
Ahya_23_Chicken,-18.65397,147.710146
Ahya_24_Chicken,-18.653874,147.7103024
Ahya_25_Chicken,-18.654285,147.7099648
Ahya_3_Chicken,-18.65463,147.7094357
Ahya_301_R2023,-18.670393,147.706726
Ahya_302_R2023,-18.67043,147.7066264
Ahya_303_R2023,-18.670415,147.7066218
Ahya_305_R2023,-18.67044,147.7067388
Ahya_307_R2023,-18.670445,147.7067477
Ahya_309_R2023,-18.670348,147.7066289
Ahya_312_R2023,-18.670434,147.7066306
Ahya_313_R2023,-18.670443,147.7066416
Ahya_314_R2023,-18.670417,147.7066267
Ahya_315_R2023,-18.670403,147.7067281
Ahya_316_R2023,-18.670389,147.7066236
Ahya_317_R2023,-18.670415,147.7066277
Ahya_318_R2023,-18.670386,147.7067226
Ahya_319_R2023,-18.670397,147.7067247
Ahya_320_R2023,-18.670389,147.706724
Ahya_323_R2023,-18.67041,147.706619
Ahya_326_R2023,-18.670409,147.7066275
Ahya_328_R2023,-18.670458,147.7066487
Ahya_329_R2023,-18.670442,147.7066374
Ahya_330_R2023,-18.670467,147.7066495
Ahya_4_Chicken,-18.654459,147.7092164
Ahya_5_Chicken,-18.654333,147.7093888
Ahya_6_Chicken,-18.654338,147.7096243
Ahya_7_Chicken,-18.654353,147.7098456
Ahya_8_Chicken,-18.654308,147.7098108
Ahya_9_Chicken,-18.654245,147.7097898
Aken_1859,-18.67037927,147.706492
Aken_1860,-18.67043199,147.7064835
Aken_1861,-18.67042897,147.7063577
Aken_1862,-18.67042788,147.7063333
Aken_1863,-18.67042554,147.7063247
Aken_1864,-18.67045563,147.7063281
Aken_1865,-18.67048346,147.7063299
Aken_1866,-18.67048664,147.7063112
Aken_1867,-18.67046719,147.7062929
Aken_1868,-18.67044917,147.7062928
Aken_1869,-18.67040483,147.7062572
Aken_1870,-18.67005363,147.7062531
Aken_1871,-18.67001725,147.706292
Aken_1872,-18.67001826,147.7062945
Aken_1873,-18.67000929,147.706307
Aken_1874,-18.66999831,147.7062937
Aken_1875,-18.66993989,147.7063448
Aken_1876,-18.66992002,147.7064399
Aken_1877,-18.66983403,147.7066355
Aken_1878,-18.66981978,147.7066694
Aken_1879,-18.66993017,147.7067698
Aken_1880,-18.66996101,147.7068039
Aken_1881,-18.66991566,147.7068665
Aken_1882,-18.66987417,147.7068563
Aken_1883,-18.6698207,147.7068951
Aken_1884,-18.66980729,147.7069033
Aken_1885,-18.66979874,147.7068846
Aken_1886,-18.66984459,147.7067902
Aken_1887,-18.67000644,147.7067526
Aken_1888,-18.67005455,147.7067585
Aken_1889,-18.67003838,147.7067799
Aken_1890,-18.67005891,147.7067769
Aken_1891,-18.67010778,147.7067678
Aken_1892,-18.67011314,147.7067657
Aken_1893,-18.67014432,147.7067061
Aken_1894,-18.67015723,147.7066848
Aken_1895,-18.67017936,147.7065452
Aken_1896,-18.67020643,147.706589
Aken_1897,-18.67036837,147.7065098
Aken_1898,-18.67059829,147.7065983
Aken_1899,-18.67059183,147.7066432
Aken_1900,-18.67061086,147.7066658
Aken_1901,-18.67074472,147.7066244
Aken_1902,-18.67084723,147.7065797
Aken_1903,-18.67043249,147.7066702
Aken_1961,-18.67042922,147.7065433
Aken_1962,-18.67049863,147.7065465
Aken_1963,-18.67057859,147.7066071
Aken_1964,-18.67055152,147.7067028
Aken_1965,-18.67054733,147.7067148
Aken_1966,-18.67052176,147.7067376
Aken_1967,-18.67041648,147.7067609
Aken_1968,-18.67039218,147.7067407
Aken_1969,-18.67037365,147.7067122
Aken_1970,-18.67035479,147.7067572
Aken_1971,-18.67034809,147.7067818
Aken_1972,-18.67039494,147.7068034
Aken_1973,-18.67040148,147.7068001
Aken_1974,-18.67043727,147.7068578
Aken_1975,-18.67050039,147.7069122
Ahya_239_Davies,-18.826631,147.6263646
Ahya_270_Davies,-18.826257,147.6267484
Ahya_271_Davies,-18.826319,147.6267341
Ahya_272_Davies,-18.826168,147.6267475
Ahya_273_Davies,-18.826932,147.6268889
Ahya_274_Davies,-18.826399,147.6267185
Ahya_275_Davies,-18.826311,147.6267473
Ahya_279_Davies,-18.826356,147.6267455
Ahya_292_Davies,-18.826248,147.6267448
Ahya_293_Davies,-18.826904,147.6265616
Ahya_298_Davies,-18.826243,147.6267383
Aken_1976,-18.82579694,147.6264594
Aken_1977,-18.82551405,147.6264275
Aken_1978,-18.82550684,147.6264477
Aken_1979,-18.82537415,147.626795
Aken_1980,-18.82526527,147.6269275
Aken_1981,-18.82521741,147.626934
Aken_1982,-18.82517776,147.6269794
Aken_1983,-18.82517148,147.6270664
Aken_1984,-18.82567716,147.6272135
Aken_1985,-18.8254578,147.6264787
Aken_1986,-18.82638451,147.6262119
Aken_1987,-18.82653471,147.6262405
Aken_1988,-18.82684962,147.6261352
Aken_1989,-18.8265876,147.6263021
Aken_1990,-18.82629801,147.6263906
Aken_2006,-18.82600078,147.6262603
Aken_2007,-18.82631301,147.6263009
Aken_2008,-18.82631795,147.6263185
Aken_2009,-18.82638115,147.6262713
Aken_2010,-18.82646891,147.6262399
Aken_2011,-18.82648459,147.6263522
Aken_2012,-18.82655139,147.6263559
Aken_2013,-18.8266803,147.6264692
Aken_2014,-18.82666279,147.6265107
Aken_2015,-18.82666832,147.626516
Aken_2016,-18.82670411,147.626529
Aken_2017,-18.82669237,147.6265441
Aken_2018,-18.82664342,147.6265606
Aken_2019,-18.82659397,147.6265939
Aken_2020,-18.82661191,147.6266073
Aken_2021,-18.82662272,147.6266278
Aken_2022,-18.82662498,147.6266273
Aken_2023,-18.82668265,147.6265786
Aken_2024,-18.82672691,147.6265971
Aken_2025,-18.826729,147.6266147
Aken_2026,-18.82678843,147.6264559
Aken_2027,-18.82680771,147.6263729
Aken_2028,-18.82677846,147.6262906
Aken_2029,-18.82676672,147.6262514
Aken_2030,-18.82676035,147.6261725
Aken_2031,-18.82676974,147.6261748
Aken_2032,-18.82676664,147.6261503
Aken_2033,-18.82671953,147.6261432
Aken_2035,-18.82659473,147.626247
Aken_Logger 2,-18.82580381,147.6264326
Amil_1_Magnetic,-19.16572267,146.8520262
Amil_10_Magnetic,-19.16537491,146.8525482
Amil_11_Magnetic,-19.1652729,146.8525649
Amil_12_Magnetic,-19.16524138,146.8525608
Amil_13_Magnetic,-19.1652387,146.8525678
Amil_14_Magnetic,-19.16524675,146.8525656
Amil_15_Magnetic,-19.16522739,146.8525566
Amil_16_Magnetic,-19.16521749,146.852554
Amil_17_Magnetic,-19.16523417,146.8525557
Amil_18_Magnetic,-19.16523409,146.8525631
Amil_19_Magnetic,-19.16524499,146.8525567
Amil_2_Magnetic,-19.16575528,146.8520791
Amil_20_Magnetic,-19.16523158,146.8525614
Amil_21_Magnetic,-19.16566123,146.8519413
Amil_22_Magnetic,-19.16590129,146.8521029
Amil_23_Magnetic,-19.16591747,146.8520919
Amil_24_Magnetic,-19.16521372,146.8525489
Amil_25_Magnetic,-19.16520157,146.8525583
Amil_26_Magnetic,-19.16523032,146.8525578
Amil_27_Magnetic,-19.16523853,146.8525572
Amil_28_Magnetic,-19.16523946,146.8525568
Amil_29_Magnetic,-19.16524792,146.8525564
Amil_3_Magnetic,-19.16576743,146.8520853
Amil_30_Magnetic,-19.16522764,146.8525811
Amil_31_Magnetic,-19.16617144,146.8521584
Amil_32_Magnetic,-19.16604538,146.8521603
Amil_33_Magnetic,-19.16614185,146.8522173
Amil_34.1_Magnetic,-19.1661307,146.8521344
Amil_34.2_Magnetic,-19.16620337,146.8521011
Amil_35_Magnetic,-19.16619684,146.8520728
Amil_36_Magnetic,-19.16618762,146.8520932
Amil_37_Magnetic,-19.16626892,146.8520673
Amil_38_Magnetic,-19.16623942,146.8521169
Amil_39_Magnetic,-19.16619038,146.852093
Amil_4_Magnetic,-19.16581571,146.8520631
Amil_40_Magnetic,-19.16619415,146.8520884
Amil_41_Magnetic,-19.16620103,146.8521036
Amil_42_Magnetic,-19.16620195,146.852095
Amil_43_Magnetic,-19.1662115,146.8520993
Amil_44_Magnetic,-19.16621662,146.8521069
Amil_45_Magnetic,-19.16619558,146.8520966
Amil_46_Magnetic,-19.16619751,146.8521043
Amil_47_Magnetic,-19.16619332,146.8521067
Amil_48_Magnetic,-19.16619751,146.8521102
Amil_49_Magnetic,-19.16619516,146.8521005
Amil_5_Magnetic,-19.16575117,146.8522009
Amil_50_Magnetic,-19.16618661,146.8521017
Amil_6_Magnetic,-19.16576014,146.8522133
Amil_7_Magnetic,-19.16591956,146.8522454
Amil_8_Magnetic,-19.16584128,146.8523627
Amil_9_Magnetic,-19.1656635,146.8524781
Aken_1_Magnetic,-19.16573592,146.8520385
Aken_10_Magnetic,-19.16618594,146.8521751
Aken_11_Magnetic,-19.16617454,146.8521513
Aken_12_Magnetic,-19.16617571,146.852142
Aken_13_Magnetic,-19.16617027,146.8521381
Aken_14_Magnetic,-19.16618829,146.8521423
Aken_15_Magnetic,-19.16617488,146.8521377
Aken_16_Magnetic,-19.1661908,146.8521498
Aken_17_Magnetic,-19.16617479,146.8521378
Aken_18_Magnetic,-19.16618544,146.8521514
Aken_19_Magnetic,-19.16618887,146.85215
Aken_2_Magnetic,-19.16579962,146.8521348
Aken_20_Magnetic,-19.16618275,146.852152
Aken_21_Magnetic,-19.1661696,146.8521408
Aken_22_Magnetic,-19.16617806,146.8521472
Aken_23_Magnetic,-19.16577313,146.8520423
Aken_24_Magnetic,-19.16585217,146.8521066
Aken_25.1_Magnetic,-19.16586516,146.8521018
Aken_25.2_Magnetic,-19.16602828,146.8521022
Aken_26_Magnetic,-19.16609718,146.8522852
Aken_27_Magnetic,-19.16611763,146.8521672
Aken_28_Magnetic,-19.16612576,146.8521206
Aken_29_Magnetic,-19.16618787,146.8520591
Aken_3_Magnetic,-19.16579358,146.8522898
Aken_30_Magnetic,-19.16622047,146.852094
Aken_31_Magnetic,-19.16618804,146.8520934
Aken_32_Magnetic,-19.16621712,146.852116
Aken_33_Magnetic,-19.16619114,146.8520953
Aken_35_Magnetic,-19.16620379,146.8520923
Aken_36_Magnetic,-19.16620949,146.8521056
Aken_37_Magnetic,-19.16619977,146.8521025
Aken_38_Magnetic,-19.16620949,146.8521052
Aken_39_Magnetic,-19.16621829,146.8521206
Aken_4_Magnetic,-19.16582099,146.8523074
Aken_40_Magnetic,-19.16620463,146.8521115
Aken_41_Magnetic,-19.16620891,146.8521108
Aken_42_Magnetic,-19.1661882,146.8521
Aken_43_Magnetic,-19.16618745,146.8521071
Aken_44_Magnetic,-19.16619382,146.852105
Aken_5_Magnetic,-19.16584002,146.8523036
Aken_6_Magnetic,-19.16584823,146.8522964
Aken_7_Magnetic,-19.16596332,146.8522072
Aken_8_Magnetic,-19.16597195,146.8521953
Aken_9_Magnetic,-19.16591344,146.8522634