individualID,projectID,scientificName,scientificAbbreviation,dayCollected,monthCollected,yearCollected,locality,decimalLatitudeOriginal,decimalLongitudeOriginal,decimalLatitude,decimalLongitude,georeferenceProtocol,coordinateUncertaintyInMeters,depthOfColonyinMetersOriginal,depthOfColonyinMetersCorrected,EcoPlotID_full,GBR1_site
1,ECO03,Acropora hyacinthus,Ahya,11,5,2021,Lady_Musgrave,-23.884903,152.413621,-23.884903,152.413621,GPS EcoRRAP sites,60,1-May,4.5,CBLM_FL1S,CBLM_FL1S
2,ECO03,Acropora hyacinthus,Ahya,11,5,2021,Lady_Musgrave,-23.884903,152.413621,-23.884903,152.413621,GPS EcoRRAP sites,60,1-May,4.5,CBLM_FL1S,CBLM_FL1S
3,ECO03,Acropora hyacinthus,Ahya,11,5,2021,Lady_Musgrave,-23.884903,152.413621,-23.884903,152.413621,GPS EcoRRAP sites,60,1-May,4.5,CBLM_FL1S,CBLM_FL1S
4,ECO03,Acropora hyacinthus,Ahya,11,5,2021,Lady_Musgrave,-23.884903,152.413621,-23.884903,152.413621,GPS EcoRRAP sites,60,1-May,4.5,CBLM_FL1S,CBLM_FL1S
5,ECO03,Stylophora pistillata,Spis,13,5,2021,Lady_Musgrave,-23.896238,152.413635,-23.896238,152.413635,GPS EcoRRAP sites,60,1,4.1,CBLM_LA1S,CBLM_LA1S
6,ECO03,Stylophora pistillata,Spis,13,5,2021,Lady_Musgrave,-23.896238,152.413635,-23.896238,152.413635,GPS EcoRRAP sites,60,1,4.1,CBLM_LA1S,CBLM_LA1S
7,ECO03,Stylophora pistillata,Spis,11,5,2021,Lady_Musgrave,-23.884903,152.413621,-23.884903,152.413621,GPS EcoRRAP sites,60,1-May,4.5,CBLM_FL1S,CBLM_FL1S
8,ECO03,Stylophora pistillata,Spis,11,5,2021,Lady_Musgrave,-23.884903,152.413621,-23.884903,152.413621,GPS EcoRRAP sites,60,1-May,4.5,CBLM_FL1S,CBLM_FL1S
9,ECO03,Stylophora pistillata,Spis,11,5,2021,Lady_Musgrave,-23.884903,152.413621,-23.884903,152.413621,GPS EcoRRAP sites,60,1-May,4.5,CBLM_FL1S,CBLM_FL1S
10,ECO03,Stylophora pistillata,Spis,11,5,2021,Lady_Musgrave,-23.884903,152.413621,-23.884903,152.413621,GPS EcoRRAP sites,60,1-May,4.5,CBLM_FL1S,CBLM_FL1S
11,ECO03,Stylophora pistillata,Spis,11,5,2021,Lady_Musgrave,-23.884903,152.413621,-23.884903,152.413621,GPS EcoRRAP sites,60,1-May,4.5,CBLM_FL1S,CBLM_FL1S
12,ECO03,Stylophora pistillata,Spis,11,5,2021,Lady_Musgrave,-23.884903,152.413621,-23.884903,152.413621,GPS EcoRRAP sites,60,1-May,4.5,CBLM_FL1S,CBLM_FL1S
13,ECO03,Stylophora pistillata,Spis,12,5,2021,Lady_Musgrave,-23.917571,152.391971,-23.917571,152.391971,GPS EcoRRAP sites,60,1-May,5.1,CBLM_FL2S,CBLM_FL2S
14,ECO03,Stylophora pistillata,Spis,12,5,2021,Lady_Musgrave,-23.917571,152.391971,-23.917571,152.391971,GPS EcoRRAP sites,60,1-May,5.1,CBLM_FL2S,CBLM_FL2S
15,ECO03,Stylophora pistillata,Spis,12,5,2021,Lady_Musgrave,-23.917571,152.391971,-23.917571,152.391971,GPS EcoRRAP sites,60,1-May,5.1,CBLM_FL2S,CBLM_FL2S
16,ECO03,Stylophora pistillata,Spis,12,5,2021,Lady_Musgrave,-23.917571,152.391971,-23.917571,152.391971,GPS EcoRRAP sites,60,1-May,5.1,CBLM_FL2S,CBLM_FL2S
17,ECO03,Stylophora pistillata,Spis,12,5,2021,Lady_Musgrave,-23.917571,152.391971,-23.917571,152.391971,GPS EcoRRAP sites,60,1-May,5.1,CBLM_FL2S,CBLM_FL2S
18,ECO03,Stylophora pistillata,Spis,12,5,2021,Lady_Musgrave,-23.917571,152.391971,-23.917571,152.391971,GPS EcoRRAP sites,60,1-May,5.1,CBLM_FL2S,CBLM_FL2S
19,ECO03,Acropora hyacinthus,Ahya,12,5,2021,Lady_Musgrave,-23.917571,152.391971,-23.917571,152.391971,GPS EcoRRAP sites,60,1-May,5.1,CBLM_FL2S,CBLM_FL2S
20,ECO03,Stylophora pistillata,Spis,12,5,2021,Lady_Musgrave,-23.917571,152.391971,-23.917571,152.391971,GPS EcoRRAP sites,60,1-May,5.1,CBLM_FL2S,CBLM_FL2S
21,ECO03,Stylophora pistillata,Spis,12,5,2021,Lady_Musgrave,-23.917571,152.391971,-23.917571,152.391971,GPS EcoRRAP sites,60,1-May,5.1,CBLM_FL2S,CBLM_FL2S
22,ECO03,Acropora hyacinthus,Ahya,12,5,2021,Lady_Musgrave,-23.917571,152.391971,-23.917571,152.391971,GPS EcoRRAP sites,60,1-May,5.1,CBLM_FL2S,CBLM_FL2S
23,ECO03,Stylophora pistillata,Spis,12,5,2021,Lady_Musgrave,-23.917571,152.391971,-23.917571,152.391971,GPS EcoRRAP sites,60,1-May,5.1,CBLM_FL2S,CBLM_FL2S
24,ECO03,Acropora hyacinthus,Ahya,12,5,2021,Lady_Musgrave,-23.917571,152.391971,-23.917571,152.391971,GPS EcoRRAP sites,60,1-May,5.1,CBLM_FL2S,CBLM_FL2S
25,ECO03,Stylophora pistillata,Spis,12,5,2021,Lady_Musgrave,-23.917571,152.391971,-23.917571,152.391971,GPS EcoRRAP sites,60,1-May,5.1,CBLM_FL2S,CBLM_FL2S
26,ECO03,Stylophora pistillata,Spis,12,5,2021,Lady_Musgrave,-23.917571,152.391971,-23.917571,152.391971,GPS EcoRRAP sites,60,1-May,5.1,CBLM_FL2S,CBLM_FL2S
27,ECO03,Acropora hyacinthus,Ahya,12,5,2021,Lady_Musgrave,-23.900155,152.393624,-23.900155,152.393624,GPS EcoRRAP sites,60,2-Sep,4.1,CBLM_BA1S,CBLM_BA1S
28,ECO03,Acropora hyacinthus,Ahya,12,5,2021,Lady_Musgrave,-23.900155,152.393624,-23.900155,152.393624,GPS EcoRRAP sites,60,2-Sep,4.1,CBLM_BA1S,CBLM_BA1S
29,ECO03,Acropora hyacinthus,Ahya,12,5,2021,Lady_Musgrave,-23.900155,152.393624,-23.900155,152.393624,GPS EcoRRAP sites,60,2-Sep,4.1,CBLM_BA1S,CBLM_BA1S
30,ECO03,Acropora hyacinthus,Ahya,12,5,2021,Lady_Musgrave,-23.900155,152.393624,-23.900155,152.393624,GPS EcoRRAP sites,60,2-Sep,4.1,CBLM_BA1S,CBLM_BA1S
31,ECO03,Acropora hyacinthus,Ahya,12,5,2021,Lady_Musgrave,-23.900155,152.393624,-23.900155,152.393624,GPS EcoRRAP sites,60,2-Sep,4.1,CBLM_BA1S,CBLM_BA1S
32,ECO03,Acropora hyacinthus,Ahya,12,5,2021,Lady_Musgrave,-23.900155,152.393624,-23.900155,152.393624,GPS EcoRRAP sites,60,2-Sep,4.1,CBLM_BA1S,CBLM_BA1S
33,ECO03,Acropora hyacinthus,Ahya,13,5,2021,Lady_Musgrave,-23.894298,152.404406,-23.894298,152.404406,GPS EcoRRAP sites,60,2-May,4.6,CBLM_BA2S,CBLM_BA2S
34,ECO03,Acropora hyacinthus,Ahya,13,5,2021,Lady_Musgrave,-23.894298,152.404406,-23.894298,152.404406,GPS EcoRRAP sites,60,2-May,4.6,CBLM_BA2S,CBLM_BA2S
35,ECO03,Stylophora pistillata,Spis,13,5,2021,Lady_Musgrave,-23.894298,152.404406,-23.894298,152.404406,GPS EcoRRAP sites,60,2-May,4.6,CBLM_BA2S,CBLM_BA2S
36,ECO03,Stylophora pistillata,Spis,13,5,2021,Lady_Musgrave,-23.894298,152.404406,-23.894298,152.404406,GPS EcoRRAP sites,60,2-May,4.6,CBLM_BA2S,CBLM_BA2S
37,ECO03,Stylophora pistillata,Spis,13,5,2021,Lady_Musgrave,-23.894298,152.404406,-23.894298,152.404406,GPS EcoRRAP sites,60,2-May,4.6,CBLM_BA2S,CBLM_BA2S
38,ECO03,Stylophora pistillata,Spis,13,5,2021,Lady_Musgrave,-23.894298,152.404406,-23.894298,152.404406,GPS EcoRRAP sites,60,2-May,4.6,CBLM_BA2S,CBLM_BA2S
39,ECO03,Stylophora pistillata,Spis,13,5,2021,Lady_Musgrave,-23.894298,152.404406,-23.894298,152.404406,GPS EcoRRAP sites,60,2-May,4.6,CBLM_BA2S,CBLM_BA2S
40,ECO03,Stylophora pistillata,Spis,13,5,2021,Lady_Musgrave,-23.894298,152.404406,-23.894298,152.404406,GPS EcoRRAP sites,60,2-May,4.6,CBLM_BA2S,CBLM_BA2S
41,ECO03,Stylophora pistillata,Spis,13,5,2021,Lady_Musgrave,-23.894298,152.404406,-23.894298,152.404406,GPS EcoRRAP sites,60,2-May,4.6,CBLM_BA2S,CBLM_BA2S
42,ECO03,Stylophora pistillata,Spis,13,5,2021,Lady_Musgrave,-23.896238,152.413635,-23.896238,152.413635,GPS EcoRRAP sites,60,1,4.1,CBLM_LA1S,CBLM_LA1S
42,ECO03,Stylophora pistillata,Spis,13,5,2021,Lady_Musgrave,-23.896238,152.413635,-23.896238,152.413635,GPS EcoRRAP sites,60,1,4.1,CBLM_LA1S,CBLM_LA1S
43,ECO03,Acropora hyacinthus,Ahya,13,5,2021,Lady_Musgrave,-23.896238,152.413635,-23.896238,152.413635,GPS EcoRRAP sites,60,1,4.1,CBLM_LA1S,CBLM_LA1S
44,ECO03,Stylophora pistillata,Spis,13,5,2021,Lady_Musgrave,-23.896238,152.413635,-23.896238,152.413635,GPS EcoRRAP sites,60,1,4.1,CBLM_LA1S,CBLM_LA1S
45,ECO03,Acropora hyacinthus,Ahya,13,5,2021,Lady_Musgrave,-23.896238,152.413635,-23.896238,152.413635,GPS EcoRRAP sites,60,1,4.1,CBLM_LA1S,CBLM_LA1S
46,ECO03,Stylophora pistillata,Spis,13,5,2021,Lady_Musgrave,-23.896238,152.413635,-23.896238,152.413635,GPS EcoRRAP sites,60,1,4.1,CBLM_LA1S,CBLM_LA1S
47,ECO03,Stylophora pistillata,Spis,13,5,2021,Lady_Musgrave,-23.896238,152.413635,-23.896238,152.413635,GPS EcoRRAP sites,60,1,4.1,CBLM_LA1S,CBLM_LA1S
48,ECO03,Acropora hyacinthus,Ahya,13,5,2021,Lady_Musgrave,-23.896238,152.413635,-23.896238,152.413635,GPS EcoRRAP sites,60,1,4.1,CBLM_LA1S,CBLM_LA1S
49,ECO03,Stylophora pistillata,Spis,13,5,2021,Lady_Musgrave,-23.896238,152.413635,-23.896238,152.413635,GPS EcoRRAP sites,60,1,4.1,CBLM_LA1S,CBLM_LA1S
50,ECO03,Acropora hyacinthus,Ahya,13,5,2021,Lady_Musgrave,-23.896238,152.413635,-23.896238,152.413635,GPS EcoRRAP sites,60,1,4.1,CBLM_LA1S,CBLM_LA1S
51,ECO03,Acropora hyacinthus,Ahya,13,5,2021,Lady_Musgrave,-23.896238,152.413635,-23.896238,152.413635,GPS EcoRRAP sites,60,1,4.1,CBLM_LA1S,CBLM_LA1S
52,ECO03,Stylophora pistillata,Spis,13,5,2021,Lady_Musgrave,-23.896238,152.413635,-23.896238,152.413635,GPS EcoRRAP sites,60,1,4.1,CBLM_LA1S,CBLM_LA1S
52,ECO03,Stylophora pistillata,Spis,13,5,2021,Lady_Musgrave,-23.896238,152.413635,-23.896238,152.413635,GPS EcoRRAP sites,60,1,4.1,CBLM_LA1S,CBLM_LA1S
53,ECO03,Acropora hyacinthus,Ahya,13,5,2021,Lady_Musgrave,-23.896238,152.413635,-23.896238,152.413635,GPS EcoRRAP sites,60,1,4.1,CBLM_LA1S,CBLM_LA1S
54,ECO03,Acropora hyacinthus,Ahya,13,5,2021,Lady_Musgrave,-23.896238,152.413635,-23.896238,152.413635,GPS EcoRRAP sites,60,1,4.1,CBLM_LA1S,CBLM_LA1S
55,ECO03,Stylophora pistillata,Spis,13,5,2021,Lady_Musgrave,-23.896238,152.413635,-23.896238,152.413635,GPS EcoRRAP sites,60,1,4.1,CBLM_LA1S,CBLM_LA1S
56,ECO03,Stylophora pistillata,Spis,13,5,2021,Lady_Musgrave,-23.896238,152.413635,-23.896238,152.413635,GPS EcoRRAP sites,60,1,4.1,CBLM_LA1S,CBLM_LA1S
57,ECO03,Acropora hyacinthus,Ahya,13,5,2021,Lady_Musgrave,-23.896238,152.413635,-23.896238,152.413635,GPS EcoRRAP sites,60,1,4.1,CBLM_LA1S,CBLM_LA1S
58,ECO03,Acropora hyacinthus,Ahya,13,5,2021,Lady_Musgrave,-23.896238,152.413635,-23.896238,152.413635,GPS EcoRRAP sites,60,1,4.1,CBLM_LA1S,CBLM_LA1S
59,ECO03,Acropora hyacinthus,Ahya,18,5,2021,North_Keppel,-23.085288,150.898847,-23.085288,150.898847,GPS EcoRRAP sites,60,1-May,3.1,KENK_FL1S,KENK_FL1S
60,ECO03,Acropora hyacinthus,Ahya,18,5,2021,North_Keppel,-23.085288,150.898847,-23.085288,150.898847,GPS EcoRRAP sites,60,1-May,3.1,KENK_FL1S,KENK_FL1S
61,ECO03,Acropora hyacinthus,Ahya,19,5,2021,Halfway,-23.201548,150.966419,-23.201548,150.966419,GPS EcoRRAP sites,60,1-May,4.3,KEHW_BA1S,KEHW_BA1S
62,ECO03,Acropora hyacinthus,Ahya,19,5,2021,Halfway,-23.201548,150.966419,-23.201548,150.966419,GPS EcoRRAP sites,60,1-May,4.3,KEHW_BA1S,KEHW_BA1S
63,ECO03,Acropora hyacinthus,Ahya,19,5,2021,Halfway,-23.201548,150.966419,-23.201548,150.966419,GPS EcoRRAP sites,60,1-May,4.3,KEHW_BA1S,KEHW_BA1S
64,ECO03,Acropora hyacinthus,Ahya,19,5,2021,Halfway,-23.201548,150.966419,-23.201548,150.966419,GPS EcoRRAP sites,60,1-May,4.3,KEHW_BA1S,KEHW_BA1S
65,ECO03,Acropora hyacinthus,Ahya,19,5,2021,Halfway,-23.201548,150.966419,-23.201548,150.966419,GPS EcoRRAP sites,60,1-May,4.3,KEHW_BA1S,KEHW_BA1S
66,ECO03,Acropora hyacinthus,Ahya,19,5,2021,Halfway,-23.201548,150.966419,-23.201548,150.966419,GPS EcoRRAP sites,60,1-May,4.3,KEHW_BA1S,KEHW_BA1S
67,ECO03,Acropora hyacinthus,Ahya,19,5,2021,Halfway,-23.201548,150.966419,-23.201548,150.966419,GPS EcoRRAP sites,60,1-May,4.3,KEHW_BA1S,KEHW_BA1S
68,ECO03,Acropora hyacinthus,Ahya,19,5,2021,Halfway,-23.201548,150.966419,-23.201548,150.966419,GPS EcoRRAP sites,60,1-May,4.3,KEHW_BA1S,KEHW_BA1S
69,ECO03,Acropora hyacinthus,Ahya,19,5,2021,Halfway,-23.201548,150.966419,-23.201548,150.966419,GPS EcoRRAP sites,60,1-May,4.3,KEHW_BA1S,KEHW_BA1S
70,ECO03,Acropora hyacinthus,Ahya,19,5,2021,Great_Keppel,-23.196282,150.936693,-23.196282,150.936693,GPS EcoRRAP sites,60,1-May,2.7,KEGK_BA1S,KEGK_BA1S
70,ECO03,Acropora hyacinthus,Ahya,19,5,2021,Great_Keppel,-23.196282,150.936693,-23.196282,150.936693,GPS EcoRRAP sites,60,1-May,2.7,KEGK_BA1S,KEGK_BA1S
71,ECO03,Acropora hyacinthus,Ahya,19,5,2021,Great_Keppel,-23.196282,150.936693,-23.196282,150.936693,GPS EcoRRAP sites,60,1-May,2.7,KEGK_BA1S,KEGK_BA1S
71,ECO03,Acropora hyacinthus,Ahya,19,5,2021,Great_Keppel,-23.196282,150.936693,-23.196282,150.936693,GPS EcoRRAP sites,60,1-May,2.7,KEGK_BA1S,KEGK_BA1S
72,ECO03,Acropora hyacinthus,Ahya,19,5,2021,Great_Keppel,-23.196282,150.936693,-23.196282,150.936693,GPS EcoRRAP sites,60,1-May,2.7,KEGK_BA1S,KEGK_BA1S
72,ECO03,Acropora hyacinthus,Ahya,19,5,2021,Great_Keppel,-23.196282,150.936693,-23.196282,150.936693,GPS EcoRRAP sites,60,1-May,2.7,KEGK_BA1S,KEGK_BA1S
73,ECO03,Acropora hyacinthus,Ahya,19,5,2021,Great_Keppel,-23.196282,150.936693,-23.196282,150.936693,GPS EcoRRAP sites,60,1-May,2.7,KEGK_BA1S,KEGK_BA1S
74,ECO03,Acropora hyacinthus,Ahya,19,5,2021,Great_Keppel,-23.196282,150.936693,-23.196282,150.936693,GPS EcoRRAP sites,60,1-May,2.7,KEGK_BA1S,KEGK_BA1S
75,ECO03,Acropora hyacinthus,Ahya,19,5,2021,Great_Keppel,-23.196282,150.936693,-23.196282,150.936693,GPS EcoRRAP sites,60,1-May,2.7,KEGK_BA1S,KEGK_BA1S
76,ECO03,Acropora hyacinthus,Ahya,20,5,2021,Middle,-23.162195,150.920995,-23.162195,150.920995,GPS EcoRRAP sites,60,1-May,3.8,KEMD_BA1S,KEMD_BA1S
77,ECO03,Acropora hyacinthus,Ahya,20,5,2021,Middle,-23.162195,150.920995,-23.162195,150.920995,GPS EcoRRAP sites,60,1-May,3.8,KEMD_BA1S,KEMD_BA1S
78,ECO03,Acropora hyacinthus,Ahya,20,5,2021,Middle,-23.162195,150.920995,-23.162195,150.920995,GPS EcoRRAP sites,60,1-May,3.8,KEMD_BA1S,KEMD_BA1S
79,ECO03,Acropora hyacinthus,Ahya,20,5,2021,Middle,-23.162195,150.920995,-23.162195,150.920995,GPS EcoRRAP sites,60,1-May,3.8,KEMD_BA1S,KEMD_BA1S
80,ECO03,Acropora hyacinthus,Ahya,20,5,2021,Middle,-23.162195,150.920995,-23.162195,150.920995,GPS EcoRRAP sites,60,1-May,3.8,KEMD_BA1S,KEMD_BA1S
81,ECO03,Acropora hyacinthus,Ahya,20,5,2021,Middle,-23.162195,150.920995,-23.162195,150.920995,GPS EcoRRAP sites,60,1-May,3.8,KEMD_BA1S,KEMD_BA1S
82,ECO03,Acropora hyacinthus,Ahya,20,5,2021,Miall,-23.15045,150.90317,-23.15045,150.90317,GPS EcoRRAP sites,60,1-May,2.9,KEML_BA1S,KEML_BA1S
83,ECO03,Acropora hyacinthus,Ahya,20,5,2021,Miall,-23.15045,150.90317,-23.15045,150.90317,GPS EcoRRAP sites,60,1-May,2.9,KEML_BA1S,KEML_BA1S
84,ECO03,Acropora hyacinthus,Ahya,20,5,2021,Miall,-23.15045,150.90317,-23.15045,150.90317,GPS EcoRRAP sites,60,1-May,2.9,KEML_BA1S,KEML_BA1S
84,ECO03,Acropora hyacinthus,Ahya,20,5,2021,Miall,-23.15045,150.90317,-23.15045,150.90317,GPS EcoRRAP sites,60,1-May,2.9,KEML_BA1S,KEML_BA1S
85,ECO03,Acropora hyacinthus,Ahya,20,5,2021,Miall,-23.15045,150.90317,-23.15045,150.90317,GPS EcoRRAP sites,60,1-May,2.9,KEML_BA1S,KEML_BA1S
86,ECO03,Acropora hyacinthus,Ahya,20,5,2021,Miall,-23.15045,150.90317,-23.15045,150.90317,GPS EcoRRAP sites,60,1-May,2.9,KEML_BA1S,KEML_BA1S
87,ECO03,Acropora hyacinthus,Ahya,20,5,2021,Miall,-23.15045,150.90317,-23.15045,150.90317,GPS EcoRRAP sites,60,1-May,2.9,KEML_BA1S,KEML_BA1S
88,ECO03,Acropora hyacinthus,Ahya,22,5,2021,Little_Broadhurst,-18.944082,147.699448,-18.944082,147.699448,GPS EcoRRAP sites,60,1-May,4.7,OCLB_FL1S,OCLB_FL1S
89,ECO03,Acropora hyacinthus,Ahya,22,5,2021,Little_Broadhurst,-18.944082,147.699448,-18.944082,147.699448,GPS EcoRRAP sites,60,1-May,4.7,OCLB_FL1S,OCLB_FL1S
90,ECO03,Acropora hyacinthus,Ahya,22,5,2021,Little_Broadhurst,-18.944082,147.699448,-18.944082,147.699448,GPS EcoRRAP sites,60,1-May,4.7,OCLB_FL1S,OCLB_FL1S
91,ECO03,Acropora hyacinthus,Ahya,22,5,2021,Little_Broadhurst,-18.944082,147.699448,-18.944082,147.699448,GPS EcoRRAP sites,60,1-May,4.7,OCLB_FL1S,OCLB_FL1S
92,ECO03,Stylophora pistillata,Spis,22,5,2021,Little_Broadhurst,-18.944082,147.699448,-18.944082,147.699448,GPS EcoRRAP sites,60,1-May,4.7,OCLB_FL1S,OCLB_FL1S
93,ECO03,Stylophora pistillata,Spis,22,5,2021,Little_Broadhurst,-18.944082,147.699448,-18.944082,147.699448,GPS EcoRRAP sites,60,1-May,4.7,OCLB_FL1S,OCLB_FL1S
94,ECO03,Acropora hyacinthus,Ahya,22,5,2021,Little_Broadhurst,-18.949114,147.693065,-18.949114,147.693065,GPS EcoRRAP sites,60,1-May,4.2,OCLB_BA1S,OCLB_BA1S
95,ECO03,Acropora hyacinthus,Ahya,22,5,2021,Little_Broadhurst,-18.949114,147.693065,-18.949114,147.693065,GPS EcoRRAP sites,60,1-May,4.2,OCLB_BA1S,OCLB_BA1S
96,ECO03,Acropora hyacinthus,Ahya,22,5,2021,Little_Broadhurst,-18.949114,147.693065,-18.949114,147.693065,GPS EcoRRAP sites,60,1-May,4.2,OCLB_BA1S,OCLB_BA1S
97,ECO03,Acropora hyacinthus,Ahya,22,5,2021,Little_Broadhurst,-18.944082,147.699448,-18.944082,147.699448,GPS EcoRRAP sites,60,1-May,4.7,OCLB_FL1S,OCLB_FL1S
97,ECO03,Acropora hyacinthus,Ahya,22,5,2021,Little_Broadhurst,-18.944082,147.699448,-18.944082,147.699448,GPS EcoRRAP sites,60,1-May,4.7,OCLB_FL1S,OCLB_FL1S
98,ECO03,Acropora hyacinthus,Ahya,22,5,2021,Little_Broadhurst,-18.949114,147.693065,-18.949114,147.693065,GPS EcoRRAP sites,60,1-May,4.2,OCLB_BA1S,OCLB_BA1S
99,ECO03,Stylophora pistillata,Spis,22,5,2021,Little_Broadhurst,-18.949114,147.693065,-18.949114,147.693065,GPS EcoRRAP sites,60,1-May,4.2,OCLB_BA1S,OCLB_BA1S
100,ECO03,Acropora hyacinthus,Ahya,22,5,2021,Little_Broadhurst,-18.944082,147.699448,-18.944082,147.699448,GPS EcoRRAP sites,60,1-May,4.7,OCLB_FL1S,OCLB_FL1S
101,ECO03,Acropora hyacinthus,Ahya,22,5,2021,Little_Broadhurst,-18.944082,147.699448,-18.944082,147.699448,GPS EcoRRAP sites,60,1-May,4.7,OCLB_FL1S,OCLB_FL1S
102,ECO03,Acropora hyacinthus,Ahya,22,5,2021,Little_Broadhurst,-18.944082,147.699448,-18.944082,147.699448,GPS EcoRRAP sites,60,1-May,4.7,OCLB_FL1S,OCLB_FL1S
103,ECO03,Acropora hyacinthus,Ahya,22,5,2021,Little_Broadhurst,-18.949114,147.693065,-18.949114,147.693065,GPS EcoRRAP sites,60,1-May,4.2,OCLB_BA1S,OCLB_BA1S
104,ECO03,Stylophora pistillata,Spis,22,5,2021,Little_Broadhurst,-18.949114,147.693065,-18.949114,147.693065,GPS EcoRRAP sites,60,1-May,4.2,OCLB_BA1S,OCLB_BA1S
105,ECO03,Stylophora pistillata,Spis,22,5,2021,Little_Broadhurst,-18.949114,147.693065,-18.949114,147.693065,GPS EcoRRAP sites,60,1-May,4.2,OCLB_BA1S,OCLB_BA1S
106,ECO03,Stylophora pistillata,Spis,22,5,2021,Little_Broadhurst,-18.949114,147.693065,-18.949114,147.693065,GPS EcoRRAP sites,60,1-May,4.2,OCLB_BA1S,OCLB_BA1S
107,ECO03,Stylophora pistillata,Spis,22,5,2021,Little_Broadhurst,-18.949114,147.693065,-18.949114,147.693065,GPS EcoRRAP sites,60,1-May,4.2,OCLB_BA1S,OCLB_BA1S
108,ECO03,Stylophora pistillata,Spis,22,5,2021,Little_Broadhurst,-18.949114,147.693065,-18.949114,147.693065,GPS EcoRRAP sites,60,1-May,4.2,OCLB_BA1S,OCLB_BA1S
109,ECO03,Acropora hyacinthus,Ahya,22,5,2021,Little_Broadhurst,-18.949114,147.693065,-18.949114,147.693065,GPS EcoRRAP sites,60,1-May,4.2,OCLB_BA1S,OCLB_BA1S
110,ECO03,Stylophora pistillata,Spis,22,5,2021,Little_Broadhurst,-18.949114,147.693065,-18.949114,147.693065,GPS EcoRRAP sites,60,1-May,4.2,OCLB_BA1S,OCLB_BA1S
111,ECO03,Stylophora pistillata,Spis,22,5,2021,Little_Broadhurst,-18.949114,147.693065,-18.949114,147.693065,GPS EcoRRAP sites,60,1-May,4.2,OCLB_BA1S,OCLB_BA1S
112,ECO03,Acropora hyacinthus,Ahya,22,5,2021,Little_Broadhurst,-18.949114,147.693065,-18.949114,147.693065,GPS EcoRRAP sites,60,1-May,4.2,OCLB_BA1S,OCLB_BA1S
113,ECO03,Acropora hyacinthus,Ahya,22,5,2021,Little_Broadhurst,-18.949114,147.693065,-18.949114,147.693065,GPS EcoRRAP sites,60,1-May,4.2,OCLB_BA1S,OCLB_BA1S
114,ECO03,Stylophora pistillata,Spis,22,5,2021,Little_Broadhurst,-18.949114,147.693065,-18.949114,147.693065,GPS EcoRRAP sites,60,1-May,4.2,OCLB_BA1S,OCLB_BA1S
115,ECO03,Stylophora pistillata,Spis,22,5,2021,Little_Broadhurst,-18.949114,147.693065,-18.949114,147.693065,GPS EcoRRAP sites,60,1-May,4.2,OCLB_BA1S,OCLB_BA1S
116,ECO03,Acropora hyacinthus,Ahya,22,5,2021,Little_Broadhurst,-18.949114,147.693065,-18.949114,147.693065,GPS EcoRRAP sites,60,1-May,4.2,OCLB_BA1S,OCLB_BA1S
117,ECO03,Acropora hyacinthus,Ahya,23,5,2021,Chicken,-18.652112,147.718717,-18.652112,147.718717,GPS EcoRRAP sites,60,1-May,5.7,OCCH_FL1S,OCCH_FL1S
118,ECO03,Stylophora pistillata,Spis,23,5,2021,Chicken,-18.652112,147.718717,-18.652112,147.718717,GPS EcoRRAP sites,60,1-May,5.7,OCCH_FL1S,OCCH_FL1S
119,ECO03,Stylophora pistillata,Spis,23,5,2021,Chicken,-18.652112,147.718717,-18.652112,147.718717,GPS EcoRRAP sites,60,1-May,5.7,OCCH_FL1S,OCCH_FL1S
120,ECO03,Acropora hyacinthus,Ahya,23,5,2021,Chicken,-18.652112,147.718717,-18.652112,147.718717,GPS EcoRRAP sites,60,1-May,5.7,OCCH_FL1S,OCCH_FL1S
121,ECO03,Stylophora pistillata,Spis,23,5,2021,Chicken,-18.652112,147.718717,-18.652112,147.718717,GPS EcoRRAP sites,60,1-May,5.7,OCCH_FL1S,OCCH_FL1S
122,ECO03,Acropora hyacinthus,Ahya,23,5,2021,Chicken,-18.652112,147.718717,-18.652112,147.718717,GPS EcoRRAP sites,60,1-May,5.7,OCCH_FL1S,OCCH_FL1S
123,ECO03,Stylophora pistillata,Spis,23,5,2021,Chicken,-18.652112,147.718717,-18.652112,147.718717,GPS EcoRRAP sites,60,1-May,5.7,OCCH_FL1S,OCCH_FL1S
124,ECO03,Acropora hyacinthus,Ahya,23,5,2021,Chicken,-18.652112,147.718717,-18.652112,147.718717,GPS EcoRRAP sites,60,1-May,5.7,OCCH_FL1S,OCCH_FL1S
125,ECO03,Stylophora pistillata,Spis,23,5,2021,Chicken,-18.652112,147.718717,-18.652112,147.718717,GPS EcoRRAP sites,60,1-May,5.7,OCCH_FL1S,OCCH_FL1S
126,ECO03,Acropora hyacinthus,Ahya,23,5,2021,Chicken,-18.652112,147.718717,-18.652112,147.718717,GPS EcoRRAP sites,60,1-May,5.7,OCCH_FL1S,OCCH_FL1S
127,ECO03,Acropora hyacinthus,Ahya,23,5,2021,Chicken,-18.652112,147.718717,-18.652112,147.718717,GPS EcoRRAP sites,60,1-May,5.7,OCCH_FL1S,OCCH_FL1S
128,ECO03,Acropora hyacinthus,Ahya,23,5,2021,Chicken,-18.652112,147.718717,-18.652112,147.718717,GPS EcoRRAP sites,60,1-May,5.7,OCCH_FL1S,OCCH_FL1S
129,ECO03,Stylophora pistillata,Spis,23,5,2021,Chicken,-18.652112,147.718717,-18.652112,147.718717,GPS EcoRRAP sites,60,1-May,5.7,OCCH_FL1S,OCCH_FL1S
130,ECO03,Stylophora pistillata,Spis,23,5,2021,Chicken,-18.652112,147.718717,-18.652112,147.718717,GPS EcoRRAP sites,60,1-May,5.7,OCCH_FL1S,OCCH_FL1S
131,ECO03,Acropora hyacinthus,Ahya,23,5,2021,Chicken,-18.653034,147.708676,-18.653034,147.708676,GPS EcoRRAP sites,60,2-May,5.2,OCCH_BA1S,OCCH_BA1S
132,ECO03,Stylophora pistillata,Spis,23,5,2021,Chicken,-18.653034,147.708676,-18.653034,147.708676,GPS EcoRRAP sites,60,2-May,5.2,OCCH_BA1S,OCCH_BA1S
133,ECO03,Acropora hyacinthus,Ahya,23,5,2021,Chicken,-18.653034,147.708676,-18.653034,147.708676,GPS EcoRRAP sites,60,2-May,5.2,OCCH_BA1S,OCCH_BA1S
134,ECO03,Stylophora pistillata,Spis,23,5,2021,Chicken,-18.653034,147.708676,-18.653034,147.708676,GPS EcoRRAP sites,60,2-May,5.2,OCCH_BA1S,OCCH_BA1S
135,ECO03,Stylophora pistillata,Spis,23,5,2021,Chicken,-18.653034,147.708676,-18.653034,147.708676,GPS EcoRRAP sites,60,2-May,5.2,OCCH_BA1S,OCCH_BA1S
136,ECO03,Stylophora pistillata,Spis,23,5,2021,Chicken,-18.653034,147.708676,-18.653034,147.708676,GPS EcoRRAP sites,60,2-May,5.2,OCCH_BA1S,OCCH_BA1S
137,ECO03,Stylophora pistillata,Spis,23,5,2021,Chicken,-18.653034,147.708676,-18.653034,147.708676,GPS EcoRRAP sites,60,2-May,5.2,OCCH_BA1S,OCCH_BA1S
138,ECO03,Stylophora pistillata,Spis,23,5,2021,Chicken,-18.653034,147.708676,-18.653034,147.708676,GPS EcoRRAP sites,60,2-May,5.2,OCCH_BA1S,OCCH_BA1S
139,ECO03,Acropora hyacinthus,Ahya,23,5,2021,Chicken,-18.653034,147.708676,-18.653034,147.708676,GPS EcoRRAP sites,60,2-May,5.2,OCCH_BA1S,OCCH_BA1S
140,ECO03,Stylophora pistillata,Spis,23,5,2021,Chicken,-18.653034,147.708676,-18.653034,147.708676,GPS EcoRRAP sites,60,2-May,5.2,OCCH_BA1S,OCCH_BA1S
141,ECO03,Acropora hyacinthus,Ahya,23,5,2021,Chicken,-18.653034,147.708676,-18.653034,147.708676,GPS EcoRRAP sites,60,2-May,5.2,OCCH_BA1S,OCCH_BA1S
142,ECO03,Stylophora pistillata,Spis,23,5,2021,Chicken,-18.653034,147.708676,-18.653034,147.708676,GPS EcoRRAP sites,60,2-May,5.2,OCCH_BA1S,OCCH_BA1S
143,ECO03,Acropora hyacinthus,Ahya,23,5,2021,Chicken,-18.653034,147.708676,-18.653034,147.708676,GPS EcoRRAP sites,60,2-May,5.2,OCCH_BA1S,OCCH_BA1S
144,ECO03,Stylophora pistillata,Spis,24,5,2021,Chicken,-18.66016,147.70297,-18.66016,147.70297,GPS EcoRRAP sites,60,1-May,4.4,OCCH_BA2S,OCCH_BA2S
145,ECO03,Stylophora pistillata,Spis,24,5,2021,Chicken,-18.66016,147.70297,-18.66016,147.70297,GPS EcoRRAP sites,60,1-May,4.4,OCCH_BA2S,OCCH_BA2S
146,ECO03,Stylophora pistillata,Spis,24,5,2021,Chicken,-18.66016,147.70297,-18.66016,147.70297,GPS EcoRRAP sites,60,1-May,4.4,OCCH_BA2S,OCCH_BA2S
147,ECO03,Stylophora pistillata,Spis,24,5,2021,Chicken,-18.66016,147.70297,-18.66016,147.70297,GPS EcoRRAP sites,60,1-May,4.4,OCCH_BA2S,OCCH_BA2S
148,ECO03,Stylophora pistillata,Spis,24,5,2021,Chicken,-18.66016,147.70297,-18.66016,147.70297,GPS EcoRRAP sites,60,1-May,4.4,OCCH_BA2S,OCCH_BA2S
149,ECO03,Acropora hyacinthus,Ahya,24,5,2021,Chicken,-18.66016,147.70297,-18.66016,147.70297,GPS EcoRRAP sites,60,1-May,4.4,OCCH_BA2S,OCCH_BA2S
150,ECO03,Acropora hyacinthus,Ahya,24,5,2021,Chicken,-18.66016,147.70297,-18.66016,147.70297,GPS EcoRRAP sites,60,1-May,4.4,OCCH_BA2S,OCCH_BA2S
151,ECO03,Acropora hyacinthus,Ahya,24,5,2021,Chicken,-18.66016,147.70297,-18.66016,147.70297,GPS EcoRRAP sites,60,1-May,4.4,OCCH_BA2S,OCCH_BA2S
151,ECO03,Acropora hyacinthus,Ahya,24,5,2021,Chicken,-18.66016,147.70297,-18.66016,147.70297,GPS EcoRRAP sites,60,1-May,4.4,OCCH_BA2S,OCCH_BA2S
152,ECO03,Stylophora pistillata,Spis,24,5,2021,Chicken,-18.66016,147.70297,-18.66016,147.70297,GPS EcoRRAP sites,60,1-May,4.4,OCCH_BA2S,OCCH_BA2S
153,ECO03,Stylophora pistillata,Spis,24,5,2021,Chicken,-18.66016,147.70297,-18.66016,147.70297,GPS EcoRRAP sites,60,1-May,4.4,OCCH_BA2S,OCCH_BA2S
154,ECO03,Acropora hyacinthus,Ahya,24,5,2021,Chicken,-18.66016,147.70297,-18.66016,147.70297,GPS EcoRRAP sites,60,1-May,4.4,OCCH_BA2S,OCCH_BA2S
155,ECO03,Stylophora pistillata,Spis,25,5,2021,Little_Broadhurst,-18.949409,147.701664,-18.949409,147.701664,GPS EcoRRAP sites,60,1-May,3.4,OCLB_LA1S,OCLB_LA1S
156,ECO03,Stylophora pistillata,Spis,25,5,2021,Little_Broadhurst,-18.949409,147.701664,-18.949409,147.701664,GPS EcoRRAP sites,60,1-May,3.4,OCLB_LA1S,OCLB_LA1S
157,ECO03,Stylophora pistillata,Spis,25,5,2021,Little_Broadhurst,-18.949409,147.701664,-18.949409,147.701664,GPS EcoRRAP sites,60,1-May,3.4,OCLB_LA1S,OCLB_LA1S
158,ECO03,Acropora hyacinthus,Ahya,25,5,2021,Little_Broadhurst,-18.949409,147.701664,-18.949409,147.701664,GPS EcoRRAP sites,60,1-May,3.4,OCLB_LA1S,OCLB_LA1S
159,ECO03,Acropora hyacinthus,Ahya,25,5,2021,Little_Broadhurst,-18.949409,147.701664,-18.949409,147.701664,GPS EcoRRAP sites,60,1-May,3.4,OCLB_LA1S,OCLB_LA1S
160,ECO03,Acropora hyacinthus,Ahya,25,5,2021,Little_Broadhurst,-18.949409,147.701664,-18.949409,147.701664,GPS EcoRRAP sites,60,1-May,3.4,OCLB_LA1S,OCLB_LA1S
161,ECO03,Stylophora pistillata,Spis,25,5,2021,Little_Broadhurst,-18.949409,147.701664,-18.949409,147.701664,GPS EcoRRAP sites,60,1-May,3.4,OCLB_LA1S,OCLB_LA1S
162,ECO03,Stylophora pistillata,Spis,25,5,2021,Little_Broadhurst,-18.949409,147.701664,-18.949409,147.701664,GPS EcoRRAP sites,60,1-May,3.4,OCLB_LA1S,OCLB_LA1S
163,ECO03,Acropora hyacinthus,Ahya,25,5,2021,Little_Broadhurst,-18.949409,147.701664,-18.949409,147.701664,GPS EcoRRAP sites,60,1-May,3.4,OCLB_LA1S,OCLB_LA1S
164,ECO03,Acropora hyacinthus,Ahya,25,5,2021,Little_Broadhurst,-18.949409,147.701664,-18.949409,147.701664,GPS EcoRRAP sites,60,1-May,3.4,OCLB_LA1S,OCLB_LA1S
165,ECO03,Acropora hyacinthus,Ahya,25,5,2021,Little_Broadhurst,-18.949409,147.701664,-18.949409,147.701664,GPS EcoRRAP sites,60,1-May,3.4,OCLB_LA1S,OCLB_LA1S
166,ECO03,Acropora hyacinthus,Ahya,25,5,2021,Little_Broadhurst,-18.949409,147.701664,-18.949409,147.701664,GPS EcoRRAP sites,60,1-May,3.4,OCLB_LA1S,OCLB_LA1S
167,ECO03,Acropora hyacinthus,Ahya,25,5,2021,Little_Broadhurst,-18.949409,147.701664,-18.949409,147.701664,GPS EcoRRAP sites,60,1-May,3.4,OCLB_LA1S,OCLB_LA1S
168,ECO03,Stylophora pistillata,Spis,25,5,2021,Little_Broadhurst,-18.949409,147.701664,-18.949409,147.701664,GPS EcoRRAP sites,60,1-May,3.4,OCLB_LA1S,OCLB_LA1S
169,ECO03,Acropora hyacinthus,Ahya,NA,NA,NA,Aukane,-9.8757,143.388545,-9.8757,143.388545,GPS EcoRRAP sites,60,1-May,3,TSAU_BA2S,TSAU_BA2S
170,ECO03,Acropora hyacinthus,Ahya,NA,NA,NA,Aukane,-9.8757,143.388545,-9.8757,143.388545,GPS EcoRRAP sites,60,1-May,3,TSAU_BA2S,TSAU_BA2S
171,ECO03,Stylophora pistillata,Spis,NA,NA,NA,Aukane,-9.8757,143.388545,-9.8757,143.388545,GPS EcoRRAP sites,60,1-May,3,TSAU_BA2S,TSAU_BA2S
172,ECO03,Stylophora pistillata,Spis,NA,NA,NA,Aukane,-9.8757,143.388545,-9.8757,143.388545,GPS EcoRRAP sites,60,1-May,3,TSAU_BA2S,TSAU_BA2S
173,ECO03,Stylophora pistillata,Spis,NA,NA,NA,Masig,-9.759895,143.39796,-9.759895,143.39796,GPS EcoRRAP sites,60,1-May,3.6,TSMA_FR1S,TSMA_FR1S
174,ECO03,Stylophora pistillata,Spis,NA,NA,NA,Masig,-9.759895,143.39796,-9.759895,143.39796,GPS EcoRRAP sites,60,1-May,3.6,TSMA_FR1S,TSMA_FR1S
175,ECO03,Stylophora pistillata,Spis,NA,NA,NA,Masig,-9.7442395,143.415763,-9.7442395,143.415763,GPS EcoRRAP sites,60,1-May,3.6,TSMA_BA2S,TSMA_BA2S
176,ECO03,Stylophora pistillata,Spis,NA,NA,NA,Masig,-9.7442395,143.415763,-9.7442395,143.415763,GPS EcoRRAP sites,60,1-May,3.6,TSMA_BA2S,TSMA_BA2S
177,ECO03,Stylophora pistillata,Spis,NA,NA,NA,Masig,-9.7442395,143.415763,-9.7442395,143.415763,GPS EcoRRAP sites,60,1-May,3.6,TSMA_BA2S,TSMA_BA2S
178,ECO03,Stylophora pistillata,Spis,NA,NA,NA,Aukane,-9.87996,143.41004,-9.87996,143.41004,GPS EcoRRAP sites,60,1-May,3.1,TSAU_FR1S,TSAU_FR1S
179,ECO03,Stylophora pistillata,Spis,NA,NA,NA,Aukane,-9.87996,143.41004,-9.87996,143.41004,GPS EcoRRAP sites,60,1-May,3.1,TSAU_FR1S,TSAU_FR1S
180,ECO03,Stylophora pistillata,Spis,NA,NA,NA,Aukane,-9.8757,143.388545,-9.8757,143.388545,GPS EcoRRAP sites,60,1-May,3,TSAU_BA2S,TSAU_BA2S
181,ECO03,Stylophora pistillata,Spis,18,4,2021,Masig,-9.759895,143.39796,-9.759895,143.39796,GPS EcoRRAP sites,60,3-May,3.6,TSMA_FR1S,TSMA_FR1S
182,ECO03,Stylophora pistillata,Spis,18,4,2021,Masig,-9.759895,143.39796,-9.759895,143.39796,GPS EcoRRAP sites,60,3-May,3.6,TSMA_FR1S,TSMA_FR1S
183,ECO03,Stylophora pistillata,Spis,18,4,2021,Masig,-9.759895,143.39796,-9.759895,143.39796,GPS EcoRRAP sites,60,3-May,3.6,TSMA_FR1S,TSMA_FR1S
184,ECO03,Stylophora pistillata,Spis,18,4,2021,Masig,-9.759895,143.39796,-9.759895,143.39796,GPS EcoRRAP sites,60,3-May,3.6,TSMA_FR1S,TSMA_FR1S
185,ECO03,Stylophora pistillata,Spis,18,4,2021,Masig,-9.759895,143.39796,-9.759895,143.39796,GPS EcoRRAP sites,60,3-May,3.6,TSMA_FR1S,TSMA_FR1S
186,ECO03,Stylophora pistillata,Spis,18,4,2021,Masig,-9.759895,143.39796,-9.759895,143.39796,GPS EcoRRAP sites,60,3-May,3.6,TSMA_FR1S,TSMA_FR1S
187,ECO03,Stylophora pistillata,Spis,18,4,2021,Masig,-9.759895,143.39796,-9.759895,143.39796,GPS EcoRRAP sites,60,5,3.6,TSMA_FR1S,TSMA_FR1S
188,ECO03,Stylophora pistillata,Spis,18,4,2021,Masig,-9.759895,143.39796,-9.759895,143.39796,GPS EcoRRAP sites,60,5,3.6,TSMA_FR1S,TSMA_FR1S
189,ECO03,Stylophora pistillata,Spis,18,4,2021,Masig,-9.759895,143.39796,-9.759895,143.39796,GPS EcoRRAP sites,60,5,3.6,TSMA_FR1S,TSMA_FR1S
189,ECO03,Stylophora pistillata,Spis,18,4,2021,Masig,-9.759895,143.39796,-9.759895,143.39796,GPS EcoRRAP sites,60,5,3.6,TSMA_FR1S,TSMA_FR1S
190,ECO03,Stylophora pistillata,Spis,18,4,2021,Masig,-9.759895,143.39796,-9.759895,143.39796,GPS EcoRRAP sites,60,5,3.6,TSMA_FR1S,TSMA_FR1S
191,ECO03,Stylophora pistillata,Spis,24,4,2021,Masig,-9.759895,143.39796,-9.759895,143.39796,GPS EcoRRAP sites,60,5,3.6,TSMA_FR1S,TSMA_FR1S
192,ECO03,Stylophora pistillata,Spis,24,4,2021,Masig,-9.759895,143.39796,-9.759895,143.39796,GPS EcoRRAP sites,60,5,3.6,TSMA_FR1S,TSMA_FR1S
193,ECO03,Acropora hyacinthus,Ahya,22,4,2021,Aukane,-9.8757,143.388545,-9.8757,143.388545,GPS EcoRRAP sites,60,3-May,3,TSAU_BA2S,TSAU_BA2S
194,ECO03,Acropora hyacinthus,Ahya,22,4,2021,Aukane,-9.8757,143.388545,-9.8757,143.388545,GPS EcoRRAP sites,60,3-May,3,TSAU_BA2S,TSAU_BA2S
195,ECO03,Acropora hyacinthus,Ahya,22,4,2021,Aukane,-9.8757,143.388545,-9.8757,143.388545,GPS EcoRRAP sites,60,3-May,3,TSAU_BA2S,TSAU_BA2S
196,ECO03,Stylophora pistillata,Spis,22,4,2021,Aukane,-9.8757,143.388545,-9.8757,143.388545,GPS EcoRRAP sites,60,3-May,3,TSAU_BA2S,TSAU_BA2S
197,ECO03,Stylophora pistillata,Spis,22,4,2021,Aukane,-9.8757,143.388545,-9.8757,143.388545,GPS EcoRRAP sites,60,3-May,3,TSAU_BA2S,TSAU_BA2S
198,ECO03,Stylophora pistillata,Spis,22,4,2021,Aukane,-9.8757,143.388545,-9.8757,143.388545,GPS EcoRRAP sites,60,3-May,3,TSAU_BA2S,TSAU_BA2S
199,ECO03,Stylophora pistillata,Spis,20,4,2021,Aukane,-9.87996,143.41004,-9.87996,143.41004,GPS EcoRRAP sites,60,3-May,3.1,TSAU_FR1S,TSAU_FR1S
200,ECO03,Stylophora pistillata,Spis,20,4,2021,Aukane,-9.87996,143.41004,-9.87996,143.41004,GPS EcoRRAP sites,60,3-May,3.1,TSAU_FR1S,TSAU_FR1S
201,ECO03,Acropora hyacinthus,Ahya,20,4,2021,Aukane,-9.87996,143.41004,-9.87996,143.41004,GPS EcoRRAP sites,60,3-May,3.1,TSAU_FR1S,TSAU_FR1S
202,ECO03,Acropora hyacinthus,Ahya,20,4,2021,Aukane,-9.87996,143.41004,-9.87996,143.41004,GPS EcoRRAP sites,60,3-May,3.1,TSAU_FR1S,TSAU_FR1S
203,ECO03,Acropora hyacinthus,Ahya,22,4,2021,Aukane,-9.8757,143.388545,-9.8757,143.388545,GPS EcoRRAP sites,60,3-May,3,TSAU_BA2S,TSAU_BA2S
204,ECO03,Acropora hyacinthus,Ahya,22,4,2021,Aukane,-9.8757,143.388545,-9.8757,143.388545,GPS EcoRRAP sites,60,3-May,3,TSAU_BA2S,TSAU_BA2S
205,ECO03,Acropora hyacinthus,Ahya,22,4,2021,Aukane,-9.8757,143.388545,-9.8757,143.388545,GPS EcoRRAP sites,60,3-May,3,TSAU_BA2S,TSAU_BA2S
206,ECO03,Acropora hyacinthus,Ahya,22,4,2021,Aukane,-9.8757,143.388545,-9.8757,143.388545,GPS EcoRRAP sites,60,3-May,3,TSAU_BA2S,TSAU_BA2S
207,ECO03,Acropora hyacinthus,Ahya,22,4,2021,Aukane,-9.8757,143.388545,-9.8757,143.388545,GPS EcoRRAP sites,60,3-May,3,TSAU_BA2S,TSAU_BA2S
208,ECO03,Acropora hyacinthus,Ahya,24,4,2021,Masig,-9.7442395,143.415763,-9.7442395,143.415763,GPS EcoRRAP sites,60,2-May,3.6,TSMA_BA2S,TSMA_BA2S
209,ECO03,Stylophora pistillata,Spis,24,4,2021,Masig,-9.7442395,143.415763,-9.7442395,143.415763,GPS EcoRRAP sites,60,2-May,3.6,TSMA_BA2S,TSMA_BA2S
210,ECO03,Stylophora pistillata,Spis,24,4,2021,Masig,-9.7442395,143.415763,-9.7442395,143.415763,GPS EcoRRAP sites,60,2-May,3.6,TSMA_BA2S,TSMA_BA2S
211,ECO03,Stylophora pistillata,Spis,16,9,2021,Heron,-23.4561755,151.925688,-23.4561755,151.925688,GPS EcoRRAP sites,60,1-May,4.3,CBHE_FL1S,CBHE_FL1S
211,ECO03,Stylophora pistillata,Spis,16,9,2021,Heron,-23.4561755,151.925688,-23.4561755,151.925688,GPS EcoRRAP sites,60,1-May,4.3,CBHE_FL1S,CBHE_FL1S
212,ECO03,Stylophora pistillata,Spis,16,9,2021,Heron,-23.4561755,151.925688,-23.4561755,151.925688,GPS EcoRRAP sites,60,1-May,4.3,CBHE_FL1S,CBHE_FL1S
212,ECO03,Stylophora pistillata,Spis,16,9,2021,Heron,-23.4561755,151.925688,-23.4561755,151.925688,GPS EcoRRAP sites,60,1-May,4.3,CBHE_FL1S,CBHE_FL1S
213,ECO03,Stylophora pistillata,Spis,16,9,2021,Heron,-23.4561755,151.925688,-23.4561755,151.925688,GPS EcoRRAP sites,60,1-May,4.3,CBHE_FL1S,CBHE_FL1S
213,ECO03,Stylophora pistillata,Spis,16,9,2021,Heron,-23.4561755,151.925688,-23.4561755,151.925688,GPS EcoRRAP sites,60,1-May,4.3,CBHE_FL1S,CBHE_FL1S
214,ECO03,Stylophora pistillata,Spis,16,9,2021,Heron,-23.4561755,151.925688,-23.4561755,151.925688,GPS EcoRRAP sites,60,1-May,4.3,CBHE_FL1S,CBHE_FL1S
214,ECO03,Stylophora pistillata,Spis,16,9,2021,Heron,-23.4561755,151.925688,-23.4561755,151.925688,GPS EcoRRAP sites,60,1-May,4.3,CBHE_FL1S,CBHE_FL1S
215,ECO03,Stylophora pistillata,Spis,16,9,2021,Heron,-23.4561755,151.925688,-23.4561755,151.925688,GPS EcoRRAP sites,60,1-May,4.3,CBHE_FL1S,CBHE_FL1S
215,ECO03,Stylophora pistillata,Spis,16,9,2021,Heron,-23.4561755,151.925688,-23.4561755,151.925688,GPS EcoRRAP sites,60,1-May,4.3,CBHE_FL1S,CBHE_FL1S
216,ECO03,Stylophora pistillata,Spis,16,9,2021,Heron,-23.4561755,151.925688,-23.4561755,151.925688,GPS EcoRRAP sites,60,1-May,4.3,CBHE_FL1S,CBHE_FL1S
216,ECO03,Stylophora pistillata,Spis,16,9,2021,Heron,-23.4561755,151.925688,-23.4561755,151.925688,GPS EcoRRAP sites,60,1-May,4.3,CBHE_FL1S,CBHE_FL1S
217,ECO03,Stylophora pistillata,Spis,16,9,2021,Heron,-23.4561755,151.925688,-23.4561755,151.925688,GPS EcoRRAP sites,60,1-May,4.3,CBHE_FL1S,CBHE_FL1S
217,ECO03,Stylophora pistillata,Spis,16,9,2021,Heron,-23.4561755,151.925688,-23.4561755,151.925688,GPS EcoRRAP sites,60,1-May,4.3,CBHE_FL1S,CBHE_FL1S
218,ECO03,Acropora hyacinthus,Ahya,16,9,2021,Heron,-23.4561755,151.925688,-23.4561755,151.925688,GPS EcoRRAP sites,60,1-May,4.3,CBHE_FL1S,CBHE_FL1S
219,ECO03,Stylophora pistillata,Spis,16,9,2021,Heron,-23.4561755,151.925688,-23.4561755,151.925688,GPS EcoRRAP sites,60,1-May,4.3,CBHE_FL1S,CBHE_FL1S
219,ECO03,Stylophora pistillata,Spis,16,9,2021,Heron,-23.4561755,151.925688,-23.4561755,151.925688,GPS EcoRRAP sites,60,1-May,4.3,CBHE_FL1S,CBHE_FL1S
220,ECO03,Stylophora pistillata,Spis,16,9,2021,Heron,-23.4561755,151.925688,-23.4561755,151.925688,GPS EcoRRAP sites,60,1-May,4.3,CBHE_FL1S,CBHE_FL1S
221,ECO03,Stylophora pistillata,Spis,16,9,2021,Heron,-23.4561755,151.925688,-23.4561755,151.925688,GPS EcoRRAP sites,60,1-May,4.3,CBHE_FL1S,CBHE_FL1S
221,ECO03,Stylophora pistillata,Spis,16,9,2021,Heron,-23.4561755,151.925688,-23.4561755,151.925688,GPS EcoRRAP sites,60,1-May,4.3,CBHE_FL1S,CBHE_FL1S
222,ECO03,Acropora hyacinthus,Ahya,16,9,2021,Heron,-23.4561755,151.925688,-23.4561755,151.925688,GPS EcoRRAP sites,60,1-May,4.3,CBHE_FL1S,CBHE_FL1S
222,ECO03,Acropora hyacinthus,Ahya,16,9,2021,Heron,-23.4561755,151.925688,-23.4561755,151.925688,GPS EcoRRAP sites,60,1-May,4.3,CBHE_FL1S,CBHE_FL1S
223,ECO03,Stylophora pistillata,Spis,16,9,2021,Heron,-23.4561755,151.925688,-23.4561755,151.925688,GPS EcoRRAP sites,60,1-May,4.3,CBHE_FL1S,CBHE_FL1S
223,ECO03,Stylophora pistillata,Spis,16,9,2021,Heron,-23.4561755,151.925688,-23.4561755,151.925688,GPS EcoRRAP sites,60,1-May,4.3,CBHE_FL1S,CBHE_FL1S
224,ECO03,Pocillopora verrucosa,Pver,16,9,2021,Heron,-23.4561755,151.925688,-23.4561755,151.925688,GPS EcoRRAP sites,60,1-May,4.3,CBHE_FL1S,CBHE_FL1S
225,ECO03,Pocillopora verrucosa,Pver,16,9,2021,Heron,-23.454021,151.968494,-23.454021,151.968494,GPS EcoRRAP sites,60,1-May,0.6,CBHE_LA1S,CBHE_LA1S
226,ECO03,Pocillopora verrucosa,Pver,16,9,2021,Heron,-23.454021,151.968494,-23.454021,151.968494,GPS EcoRRAP sites,60,1-May,0.6,CBHE_LA1S,CBHE_LA1S
227,ECO03,Pocillopora verrucosa,Pver,16,9,2021,Heron,-23.454021,151.968494,-23.454021,151.968494,GPS EcoRRAP sites,60,1-May,0.6,CBHE_LA1S,CBHE_LA1S
228,ECO03,Pocillopora verrucosa,Pver,16,9,2021,Heron,-23.454021,151.968494,-23.454021,151.968494,GPS EcoRRAP sites,60,1-May,0.6,CBHE_LA1S,CBHE_LA1S
229,ECO03,Stylophora pistillata,Spis,16,9,2021,Heron,-23.4561755,151.925688,-23.4561755,151.925688,GPS EcoRRAP sites,60,1-May,4.3,CBHE_FL1S,CBHE_FL1S
230,ECO03,Pocillopora verrucosa,Pver,17,9,2021,Heron,-23.472098,151.977937,-23.472098,151.977937,GPS EcoRRAP sites,60,Dec-15,11.6,CBHE_FR1D,CBHE_FR1D
231,ECO03,Pocillopora verrucosa,Pver,17,9,2021,Heron,-23.472098,151.977937,-23.472098,151.977937,GPS EcoRRAP sites,60,Dec-15,11.6,CBHE_FR1D,CBHE_FR1D
232,ECO03,Stylophora pistillata,Spis,17,9,2021,Heron,-23.472098,151.977937,-23.472098,151.977937,GPS EcoRRAP sites,60,Dec-15,11.6,CBHE_FR1D,CBHE_FR1D
232,ECO03,Stylophora pistillata,Spis,17,9,2021,Heron,-23.472098,151.977937,-23.472098,151.977937,GPS EcoRRAP sites,60,Dec-15,11.6,CBHE_FR1D,CBHE_FR1D
233,ECO03,Stylophora pistillata,Spis,17,9,2021,Heron,-23.471972,151.9777105,-23.471972,151.9777105,GPS EcoRRAP sites,60,Dec-15,6,CBHE_FR1S,CBHE_FR1S
233,ECO03,Stylophora pistillata,Spis,17,9,2021,Heron,-23.471972,151.9777105,-23.471972,151.9777105,GPS EcoRRAP sites,60,Dec-15,6,CBHE_FR1S,CBHE_FR1S
234,ECO03,Stylophora pistillata,Spis,17,9,2021,Heron,-23.471972,151.9777105,-23.471972,151.9777105,GPS EcoRRAP sites,60,Dec-15,6,CBHE_FR1S,CBHE_FR1S
234,ECO03,Stylophora pistillata,Spis,17,9,2021,Heron,-23.471972,151.9777105,-23.471972,151.9777105,GPS EcoRRAP sites,60,Dec-15,6,CBHE_FR1S,CBHE_FR1S
235,ECO03,Stylophora pistillata,Spis,17,9,2021,Heron,-23.471972,151.9777105,-23.471972,151.9777105,GPS EcoRRAP sites,60,Dec-15,6,CBHE_FR1S,CBHE_FR1S
236,ECO03,Stylophora pistillata,Spis,17,9,2021,Heron,-23.471972,151.9777105,-23.471972,151.9777105,GPS EcoRRAP sites,60,Dec-15,6,CBHE_FR1S,CBHE_FR1S
236,ECO03,Stylophora pistillata,Spis,17,9,2021,Heron,-23.471972,151.9777105,-23.471972,151.9777105,GPS EcoRRAP sites,60,Dec-15,6,CBHE_FR1S,CBHE_FR1S
237,ECO03,Stylophora pistillata,Spis,17,9,2021,Heron,-23.471972,151.9777105,-23.471972,151.9777105,GPS EcoRRAP sites,60,Dec-15,6,CBHE_FR1S,CBHE_FR1S
237,ECO03,Stylophora pistillata,Spis,17,9,2021,Heron,-23.471972,151.9777105,-23.471972,151.9777105,GPS EcoRRAP sites,60,Dec-15,6,CBHE_FR1S,CBHE_FR1S
238,ECO03,Stylophora pistillata,Spis,17,9,2021,Heron,-23.471972,151.9777105,-23.471972,151.9777105,GPS EcoRRAP sites,60,Dec-15,6,CBHE_FR1S,CBHE_FR1S
238,ECO03,Stylophora pistillata,Spis,17,9,2021,Heron,-23.471972,151.9777105,-23.471972,151.9777105,GPS EcoRRAP sites,60,Dec-15,6,CBHE_FR1S,CBHE_FR1S
239,ECO03,Stylophora pistillata,Spis,17,9,2021,Heron,-23.471972,151.9777105,-23.471972,151.9777105,GPS EcoRRAP sites,60,Dec-15,6,CBHE_FR1S,CBHE_FR1S
239,ECO03,Stylophora pistillata,Spis,17,9,2021,Heron,-23.471972,151.9777105,-23.471972,151.9777105,GPS EcoRRAP sites,60,Dec-15,6,CBHE_FR1S,CBHE_FR1S
240,ECO03,Stylophora pistillata,Spis,17,9,2021,Heron,-23.471972,151.9777105,-23.471972,151.9777105,GPS EcoRRAP sites,60,Dec-15,6,CBHE_FR1S,CBHE_FR1S
240,ECO03,Stylophora pistillata,Spis,17,9,2021,Heron,-23.471972,151.9777105,-23.471972,151.9777105,GPS EcoRRAP sites,60,Dec-15,6,CBHE_FR1S,CBHE_FR1S
241,ECO03,Pocillopora verrucosa,Pver,17,9,2021,Heron,-23.471972,151.9777105,-23.471972,151.9777105,GPS EcoRRAP sites,60,Dec-15,6,CBHE_FR1S,CBHE_FR1S
242,ECO03,Pocillopora verrucosa,Pver,17,9,2021,Heron,-23.472098,151.977937,-23.472098,151.977937,GPS EcoRRAP sites,60,Dec-15,11.6,CBHE_FR1D,CBHE_FR1D
244,ECO03,Pocillopora verrucosa,Pver,17,9,2021,Heron,-23.472098,151.977937,-23.472098,151.977937,GPS EcoRRAP sites,60,Dec-15,11.6,CBHE_FR1D,CBHE_FR1D
245,ECO03,Stylophora pistillata,Spis,17,9,2021,Heron,-23.472098,151.977937,-23.472098,151.977937,GPS EcoRRAP sites,60,Dec-15,11.6,CBHE_FR1D,CBHE_FR1D
245,ECO03,Stylophora pistillata,Spis,17,9,2021,Heron,-23.472098,151.977937,-23.472098,151.977937,GPS EcoRRAP sites,60,Dec-15,11.6,CBHE_FR1D,CBHE_FR1D
246,ECO03,Stylophora pistillata,Spis,17,9,2021,Heron,-23.472098,151.977937,-23.472098,151.977937,GPS EcoRRAP sites,60,Dec-15,11.6,CBHE_FR1D,CBHE_FR1D
247,ECO03,Stylophora pistillata,Spis,17,9,2021,Heron,-23.472098,151.977937,-23.472098,151.977937,GPS EcoRRAP sites,60,Dec-15,11.6,CBHE_FR1D,CBHE_FR1D
247,ECO03,Stylophora pistillata,Spis,17,9,2021,Heron,-23.472098,151.977937,-23.472098,151.977937,GPS EcoRRAP sites,60,Dec-15,11.6,CBHE_FR1D,CBHE_FR1D
248,ECO03,Pocillopora verrucosa,Pver,17,9,2021,Heron,-23.472098,151.977937,-23.472098,151.977937,GPS EcoRRAP sites,60,Dec-15,11.6,CBHE_FR1D,CBHE_FR1D
249,ECO03,Pocillopora verrucosa,Pver,17,9,2021,Heron,-23.472098,151.977937,-23.472098,151.977937,GPS EcoRRAP sites,60,Dec-15,11.6,CBHE_FR1D,CBHE_FR1D
250,ECO03,Stylophora pistillata,Spis,17,9,2021,Heron,-23.472098,151.977937,-23.472098,151.977937,GPS EcoRRAP sites,60,Dec-15,11.6,CBHE_FR1D,CBHE_FR1D
250,ECO03,Stylophora pistillata,Spis,17,9,2021,Heron,-23.472098,151.977937,-23.472098,151.977937,GPS EcoRRAP sites,60,Dec-15,11.6,CBHE_FR1D,CBHE_FR1D
251,ECO03,Stylophora pistillata,Spis,17,9,2021,Heron,-23.472098,151.977937,-23.472098,151.977937,GPS EcoRRAP sites,60,Dec-15,11.6,CBHE_FR1D,CBHE_FR1D
251,ECO03,Stylophora pistillata,Spis,17,9,2021,Heron,-23.472098,151.977937,-23.472098,151.977937,GPS EcoRRAP sites,60,Dec-15,11.6,CBHE_FR1D,CBHE_FR1D
252,ECO03,Pocillopora verrucosa,Pver,17,9,2021,Heron,-23.472098,151.977937,-23.472098,151.977937,GPS EcoRRAP sites,60,Dec-15,11.6,CBHE_FR1D,CBHE_FR1D
253,ECO03,Stylophora pistillata,Spis,18,9,2021,Heron,-23.428043,151.952453,-23.4281955,151.95204,GPS EcoRRAP sites,6,Dec-15,11.7,CBHE_BA1D_P4,CBHE_BA1D_P4
253,ECO03,Stylophora pistillata,Spis,18,9,2021,Heron,-23.428043,151.952453,-23.4281955,151.95204,GPS EcoRRAP sites,6,Dec-15,11.7,CBHE_BA1D_P4,CBHE_BA1D_P4
254,ECO03,Acropora cytherea,Acyt,18,9,2021,Heron,-23.428043,151.952453,-23.4280535,151.952309,GPS EcoRRAP sites,6,Dec-15,11.7,CBHE_BA1D_P2,CBHE_BA1D_P2
255,ECO03,Acropora hyacinthus,Ahya,18,9,2021,Heron,-23.428043,151.952453,-23.4280535,151.952309,GPS EcoRRAP sites,6,Dec-15,11.7,CBHE_BA1D_P2,CBHE_BA1D_P2
256,ECO03,Stylophora pistillata,Spis,18,9,2021,Heron,-23.428043,151.952453,-23.4280415,151.9524235,GPS EcoRRAP sites,6,Dec-15,11.7,CBHE_BA1D_P1,CBHE_BA1D_P1
256,ECO03,Stylophora pistillata,Spis,18,9,2021,Heron,-23.428043,151.952453,-23.4280415,151.9524235,GPS EcoRRAP sites,6,Dec-15,11.7,CBHE_BA1D_P1,CBHE_BA1D_P1
257,ECO03,Pocillopora verrucosa,Pver,18,9,2021,Heron,-23.428043,151.952453,-23.428095,151.952179,GPS EcoRRAP sites,6,Dec-15,11.3,CBHE_BA1D_P3,CBHE_BA1D_P3
258,ECO03,Pocillopora verrucosa,Pver,19,9,2021,Heron,-23.4284405,151.952418,-23.428403,151.952614,GPS EcoRRAP sites,6,1-May,5.1,CBHE_BA1S_P1,CBHE_BA1S_P1
259,ECO03,Stylophora pistillata,Spis,19,9,2021,Heron,-23.4284405,151.952418,-23.428403,151.952614,GPS EcoRRAP sites,6,1-May,5.1,CBHE_BA1S_P1,CBHE_BA1S_P1
259,ECO03,Stylophora pistillata,Spis,19,9,2021,Heron,-23.4284405,151.952418,-23.428403,151.952614,GPS EcoRRAP sites,6,1-May,5.1,CBHE_BA1S_P1,CBHE_BA1S_P1
260,ECO03,Stylophora pistillata,Spis,19,9,2021,Heron,-23.4284405,151.952418,-23.428403,151.952614,GPS EcoRRAP sites,6,1-May,5.1,CBHE_BA1S_P1,CBHE_BA1S_P1
260,ECO03,Stylophora pistillata,Spis,19,9,2021,Heron,-23.4284405,151.952418,-23.428403,151.952614,GPS EcoRRAP sites,6,1-May,5.1,CBHE_BA1S_P1,CBHE_BA1S_P1
261,ECO03,Pocillopora verrucosa,Pver,19,9,2021,Heron,-23.4284405,151.952418,-23.428403,151.952614,GPS EcoRRAP sites,6,1-May,5.1,CBHE_BA1S_P1,CBHE_BA1S_P1
262,ECO03,Pocillopora verrucosa,Pver,19,9,2021,Heron,-23.4284405,151.952418,-23.428403,151.952614,GPS EcoRRAP sites,6,1-May,5.1,CBHE_BA1S_P1,CBHE_BA1S_P1
263,ECO03,Pocillopora verrucosa,Pver,19,9,2021,Heron,-23.4284405,151.952418,-23.428403,151.952614,GPS EcoRRAP sites,6,1-May,5.1,CBHE_BA1S_P1,CBHE_BA1S_P1
264,ECO03,Stylophora pistillata,Spis,19,9,2021,Heron,-23.4284405,151.952418,-23.4284495,151.952358,GPS EcoRRAP sites,6,1-May,4,CBHE_BA1S_P3,CBHE_BA1S_P3
265,ECO03,Stylophora pistillata,Spis,19,9,2021,Heron,-23.4284405,151.952418,-23.4284495,151.952358,GPS EcoRRAP sites,6,1-May,4,CBHE_BA1S_P3,CBHE_BA1S_P3
265,ECO03,Stylophora pistillata,Spis,19,9,2021,Heron,-23.4284405,151.952418,-23.4284495,151.952358,GPS EcoRRAP sites,6,1-May,4,CBHE_BA1S_P3,CBHE_BA1S_P3
266,ECO03,Pocillopora verrucosa,Pver,19,9,2021,Heron,-23.4284405,151.952418,-23.4284495,151.952358,GPS EcoRRAP sites,6,1-May,4,CBHE_BA1S_P3,CBHE_BA1S_P3
267,ECO03,Pocillopora verrucosa,Pver,19,9,2021,Heron,-23.4284405,151.952418,-23.4284495,151.952358,GPS EcoRRAP sites,6,1-May,4,CBHE_BA1S_P3,CBHE_BA1S_P3
268,ECO03,Pocillopora verrucosa,Pver,19,9,2021,Heron,-23.4284405,151.952418,-23.428454,151.9524855,GPS EcoRRAP sites,6,1-May,4.8,CBHE_BA1S_P2,CBHE_BA1S_P2
269,ECO03,Pocillopora verrucosa,Pver,19,9,2021,Heron,-23.4284405,151.952418,-23.4284645,151.9522105,GPS EcoRRAP sites,6,1-May,5,CBHE_BA1S_P4,CBHE_BA1S_P4
270,ECO03,Stylophora pistillata,Spis,19,9,2021,Heron,-23.4284405,151.952418,-23.4284645,151.9522105,GPS EcoRRAP sites,6,1-May,5,CBHE_BA1S_P4,CBHE_BA1S_P4
270,ECO03,Stylophora pistillata,Spis,19,9,2021,Heron,-23.4284405,151.952418,-23.4284645,151.9522105,GPS EcoRRAP sites,6,1-May,5,CBHE_BA1S_P4,CBHE_BA1S_P4
271,ECO03,Stylophora pistillata,Spis,19,9,2021,Heron,-23.4284405,151.952418,-23.4284645,151.9522105,GPS EcoRRAP sites,6,1-May,5,CBHE_BA1S_P4,CBHE_BA1S_P4
272,ECO03,Stylophora pistillata,Spis,19,9,2021,Heron,-23.4284405,151.952418,-23.4284645,151.9522105,GPS EcoRRAP sites,6,1-May,5,CBHE_BA1S_P4,CBHE_BA1S_P4
272,ECO03,Stylophora pistillata,Spis,19,9,2021,Heron,-23.4284405,151.952418,-23.4284645,151.9522105,GPS EcoRRAP sites,6,1-May,5,CBHE_BA1S_P4,CBHE_BA1S_P4
273,ECO03,Stylophora pistillata,Spis,20,9,2021,Heron,-23.471972,151.9777105,-23.4719215,151.9778785,GPS EcoRRAP sites,6,1-May,5.9,CBHE_FR1S_P3,CBHE_FR1S_P3
273,ECO03,Stylophora pistillata,Spis,20,9,2021,Heron,-23.471972,151.9777105,-23.4719215,151.9778785,GPS EcoRRAP sites,6,1-May,5.9,CBHE_FR1S_P3,CBHE_FR1S_P3
274,ECO03,Pocillopora verrucosa,Pver,20,9,2021,Heron,-23.471972,151.9777105,-23.4719215,151.9778785,GPS EcoRRAP sites,6,1-May,5.9,CBHE_FR1S_P3,CBHE_FR1S_P3
275,ECO03,Stylophora pistillata,Spis,20,9,2021,Heron,-23.471972,151.9777105,-23.4719215,151.9778785,GPS EcoRRAP sites,6,1-May,5.9,CBHE_FR1S_P3,CBHE_FR1S_P3
275,ECO03,Stylophora pistillata,Spis,20,9,2021,Heron,-23.471972,151.9777105,-23.4719215,151.9778785,GPS EcoRRAP sites,6,1-May,5.9,CBHE_FR1S_P3,CBHE_FR1S_P3
276,ECO03,Stylophora pistillata,Spis,20,9,2021,Heron,-23.471972,151.9777105,-23.4719215,151.9778785,GPS EcoRRAP sites,6,1-May,5.9,CBHE_FR1S_P3,CBHE_FR1S_P3
277,ECO03,Stylophora pistillata,Spis,20,9,2021,Heron,-23.471972,151.9777105,-23.471902,151.977954,GPS EcoRRAP sites,10,1-May,5.7,CBHE_FR1S_P4,CBHE_FR1S_P4
277,ECO03,Stylophora pistillata,Spis,20,9,2021,Heron,-23.471972,151.9777105,-23.471902,151.977954,GPS EcoRRAP sites,10,1-May,5.7,CBHE_FR1S_P4,CBHE_FR1S_P4
278,ECO03,Stylophora pistillata,Spis,20,9,2021,Heron,-23.471972,151.9777105,-23.471902,151.977954,GPS EcoRRAP sites,10,1-May,5.7,CBHE_FR1S_P4,CBHE_FR1S_P4
278,ECO03,Stylophora pistillata,Spis,20,9,2021,Heron,-23.471972,151.9777105,-23.471902,151.977954,GPS EcoRRAP sites,10,1-May,5.7,CBHE_FR1S_P4,CBHE_FR1S_P4
279,ECO03,Pocillopora verrucosa,Pver,17/ 20,9,2021,Heron,-23.472098,151.977937,-23.472098,151.977937,GPS EcoRRAP sites,60,Dec-15,11.6,CBHE_FR1D,CBHE_FR1D
280,ECO03,Stylophora pistillata,Spis,20,9,2021,Heron,-23.471972,151.9777105,-23.4719215,151.9778785,GPS EcoRRAP sites,6,1-May,5.9,CBHE_FR1S_P3,CBHE_FR1S_P3
280,ECO03,Stylophora pistillata,Spis,20,9,2021,Heron,-23.471972,151.9777105,-23.4719215,151.9778785,GPS EcoRRAP sites,6,1-May,5.9,CBHE_FR1S_P3,CBHE_FR1S_P3
281,ECO03,Stylophora pistillata,Spis,20,9,2021,Heron,-23.471972,151.9777105,-23.4719215,151.9778785,GPS EcoRRAP sites,6,1-May,5.9,CBHE_FR1S_P3,CBHE_FR1S_P3
281,ECO03,Stylophora pistillata,Spis,20,9,2021,Heron,-23.471972,151.9777105,-23.4719215,151.9778785,GPS EcoRRAP sites,6,1-May,5.9,CBHE_FR1S_P3,CBHE_FR1S_P3
282,ECO03,Stylophora pistillata,Spis,20,9,2021,Heron,-23.471972,151.9777105,-23.4719215,151.9778785,GPS EcoRRAP sites,6,1-May,5.9,CBHE_FR1S_P3,CBHE_FR1S_P3
282,ECO03,Stylophora pistillata,Spis,20,9,2021,Heron,-23.471972,151.9777105,-23.4719215,151.9778785,GPS EcoRRAP sites,6,1-May,5.9,CBHE_FR1S_P3,CBHE_FR1S_P3
283,ECO03,Stylophora pistillata,Spis,20,9,2021,Heron,-23.471972,151.9777105,-23.4719215,151.9778785,GPS EcoRRAP sites,6,1-May,5.9,CBHE_FR1S_P3,CBHE_FR1S_P3
283,ECO03,Stylophora pistillata,Spis,20,9,2021,Heron,-23.471972,151.9777105,-23.4719215,151.9778785,GPS EcoRRAP sites,6,1-May,5.9,CBHE_FR1S_P3,CBHE_FR1S_P3
284,ECO03,Stylophora pistillata,Spis,20,9,2021,Heron,-23.471972,151.9777105,-23.4719215,151.9778785,GPS EcoRRAP sites,6,1-May,5.9,CBHE_FR1S_P3,CBHE_FR1S_P3
285,ECO03,Stylophora pistillata,Spis,20,9,2021,Heron,-23.471972,151.9777105,-23.4719215,151.9778785,GPS EcoRRAP sites,6,1-May,5.9,CBHE_FR1S_P3,CBHE_FR1S_P3
285,ECO03,Stylophora pistillata,Spis,20,9,2021,Heron,-23.471972,151.9777105,-23.4719215,151.9778785,GPS EcoRRAP sites,6,1-May,5.9,CBHE_FR1S_P3,CBHE_FR1S_P3
286,ECO03,Stylophora pistillata,Spis,20,9,2021,Heron,-23.471972,151.9777105,-23.471902,151.977954,GPS EcoRRAP sites,10,1-May,5.7,CBHE_FR1S_P4,CBHE_FR1S_P4
286,ECO03,Stylophora pistillata,Spis,20,9,2021,Heron,-23.471972,151.9777105,-23.471902,151.977954,GPS EcoRRAP sites,10,1-May,5.7,CBHE_FR1S_P4,CBHE_FR1S_P4
287,ECO03,Porites massive,Pmas,21,9,2021,Heron,-23.443793,151.913647,-23.443793,151.913647,GPS EcoRRAP sites,60,<1,NA,CBHE_LA2S,CBHE_LA2S
288,ECO03,Pocillopora verrucosa,Pver,21,9,2021,Heron,-23.445995,151.914251,-23.445995,151.914251,GPS EcoRRAP sites,60,<1,NA,CBHE_LA2S,CBHE_LA2S
289,ECO03,Pocillopora verrucosa,Pver,21,9,2021,Heron,-23.446363,151.914292,-23.446363,151.914292,GPS EcoRRAP sites,60,<1,NA,CBHE_LA2S,CBHE_LA2S
290,ECO03,Pocillopora verrucosa,Pver,21,9,2021,Heron,-23.446343,151.91423,-23.446343,151.91423,GPS EcoRRAP sites,60,<1,NA,CBHE_LA2S,CBHE_LA2S
291,ECO03,Pocillopora verrucosa,Pver,21,9,2021,Heron,-23.446596,151.914423,-23.446596,151.914423,NA,60,<1,NA,CBHE_LA2S,CBHE_LA2S
292,ECO03,Stylophora pistillata,Spis,21,9,2021,Heron,-23.446857,151.91471,-23.446857,151.91471,NA,60,<1,NA,CBHE_LA2S,CBHE_LA2S
292,ECO03,Stylophora pistillata,Spis,21,9,2021,Heron,-23.446857,151.91471,-23.446857,151.91471,NA,60,<1,NA,CBHE_LA2S,CBHE_LA2S
293,ECO03,Pocillopora damicornis,Pdam,22,9,2021,Heron,-23.441863,151.919192,-23.441863,151.919192,NA,60,<1,NA,CBHE_LA3S,CBHE_LA3S
294,ECO03,Pocillopora damicornis,Pdam,22,9,2021,Heron,-23.441833,151.919367,-23.441833,151.919367,NA,60,<1,NA,CBHE_LA3S,CBHE_LA3S
295,ECO03,Stylophora pistillata,Spis,22,9,2021,Heron,-23.437415,151.923291,-23.437415,151.923291,NA,60,<1,NA,CBHE_LA3S,CBHE_LA3S
295,ECO03,Stylophora pistillata,Spis,22,9,2021,Heron,-23.437415,151.923291,-23.437415,151.923291,NA,60,<1,NA,CBHE_LA3S,CBHE_LA3S
296,ECO03,Stylophora pistillata,Spis,22,9,2021,Heron,-23.438065,151.922426,-23.438065,151.922426,NA,60,<1,NA,CBHE_LA3S,CBHE_LA3S
296,ECO03,Stylophora pistillata,Spis,22,9,2021,Heron,-23.438065,151.922426,-23.438065,151.922426,NA,60,<1,NA,CBHE_LA3S,CBHE_LA3S
297,ECO03,Pocillopora damicornis,Pdam,22,9,2021,Heron,-23.440433,151.920458,-23.440433,151.920458,NA,60,<1,NA,CBHE_LA3S,CBHE_LA3S
298,ECO03,Pocillopora damicornis,Pdam,22,9,2021,Heron,-23.440581,151.920303,-23.440581,151.920303,NA,60,<1,NA,CBHE_LA3S,CBHE_LA3S
299,ECO03,Pocillopora acuta,Pacu,22,9,2021,Heron,-23.442017,151.919499,-23.442017,151.919499,NA,60,<1,NA,CBHE_LA3S,CBHE_LA3S
300,ECO03,Pocillopora damicornis,Pdam,22,9,2021,Heron,-23.44179,151.91939,-23.44179,151.91939,NA,60,<1,NA,CBHE_LA3S,CBHE_LA3S
301,ECO03,Pocillopora acuta,Pacu,22,9,2021,Heron,-23.44123,151.92091,-23.44123,151.92091,NA,60,<1,NA,CBHE_LA3S,CBHE_LA3S
301,ECO03,Pocillopora acuta,Pacu,22,9,2021,Heron,-23.44123,151.92091,-23.44123,151.92091,NA,60,<1,NA,CBHE_LA3S,CBHE_LA3S
302,ECO03,Pocillopora damicornis,Pdam,22,9,2021,Heron,-23.4408,151.921151,-23.4408,151.921151,NA,60,<1,NA,CBHE_LA3S,CBHE_LA3S
303,ECO03,Pocillopora verrucosa,Pver,24,10,2021,Moore_Reef,-16.8472105,146.217424,-16.8472105,146.217424,GPS EcoRRAP sites,60,5,4.1,ONMO_BA1S,ONMO_BA1S
304,ECO03,Pocillopora verrucosa,Pver,24,10,2021,Moore_Reef,-16.8472105,146.217424,-16.8472105,146.217424,GPS EcoRRAP sites,60,5,4.1,ONMO_BA1S,ONMO_BA1S
305,ECO03,Pocillopora verrucosa,Pver,24,10,2021,Moore_Reef,-16.8472105,146.217424,-16.8472105,146.217424,GPS EcoRRAP sites,60,5,4.1,ONMO_BA1S,ONMO_BA1S
306,ECO03,Acropora hyacinthus,Ahya,24,10,2021,Moore_Reef,-16.8472105,146.217424,-16.8472105,146.217424,GPS EcoRRAP sites,60,5,4.1,ONMO_BA1S,ONMO_BA1S
307,ECO03,Acropora hyacinthus,Ahya,24,10,2021,Moore_Reef,-16.8472105,146.217424,-16.8472105,146.217424,GPS EcoRRAP sites,60,5,4.1,ONMO_BA1S,ONMO_BA1S
308,ECO03,Pocillopora verrucosa,Pver,24,10,2021,Moore_Reef,-16.8472105,146.217424,-16.8472105,146.217424,GPS EcoRRAP sites,60,5,4.1,ONMO_BA1S,ONMO_BA1S
309,ECO03,Acropora hyacinthus,Ahya,24,10,2021,Moore_Reef,-16.8472105,146.217424,-16.8472105,146.217424,GPS EcoRRAP sites,60,5,4.1,ONMO_BA1S,ONMO_BA1S
310,ECO03,Acropora hyacinthus,Ahya,24,10,2021,Moore_Reef,-16.8472105,146.217424,-16.8472105,146.217424,GPS EcoRRAP sites,60,5,4.1,ONMO_BA1S,ONMO_BA1S
311,ECO03,Pocillopora verrucosa,Pver,24,10,2021,Moore_Reef,-16.8472105,146.217424,-16.8472105,146.217424,GPS EcoRRAP sites,60,5,4.1,ONMO_BA1S,ONMO_BA1S
312,ECO03,Acropora hyacinthus,Ahya,24,10,2021,Moore_Reef,-16.8472105,146.217424,-16.8472105,146.217424,GPS EcoRRAP sites,60,5,4.1,ONMO_BA1S,ONMO_BA1S
313,ECO03,Pocillopora verrucosa,Pver,24,10,2021,Moore_Reef,-16.8485425,146.237223,-16.8485425,146.237223,GPS EcoRRAP sites,60,5,3.8,ONMO_FL1S,ONMO_FL1S
314,ECO03,Stylophora pistillata,Spis,24,10,2021,Moore_Reef,-16.8485425,146.237223,-16.8485425,146.237223,GPS EcoRRAP sites,60,5,3.8,ONMO_FL1S,ONMO_FL1S
314,ECO03,Stylophora pistillata,Spis,24,10,2021,Moore_Reef,-16.8485425,146.237223,-16.8485425,146.237223,GPS EcoRRAP sites,60,5,3.8,ONMO_FL1S,ONMO_FL1S
315,ECO03,Stylophora pistillata,Spis,24,10,2021,Moore_Reef,-16.8485425,146.237223,-16.8485425,146.237223,GPS EcoRRAP sites,60,5,3.8,ONMO_FL1S,ONMO_FL1S
315,ECO03,Stylophora pistillata,Spis,24,10,2021,Moore_Reef,-16.8485425,146.237223,-16.8485425,146.237223,GPS EcoRRAP sites,60,5,3.8,ONMO_FL1S,ONMO_FL1S
316,ECO03,Stylophora pistillata,Spis,24,10,2021,Moore_Reef,-16.8485425,146.237223,-16.8485425,146.237223,GPS EcoRRAP sites,60,5,3.8,ONMO_FL1S,ONMO_FL1S
316,ECO03,Stylophora pistillata,Spis,24,10,2021,Moore_Reef,-16.8485425,146.237223,-16.8485425,146.237223,GPS EcoRRAP sites,60,5,3.8,ONMO_FL1S,ONMO_FL1S
317,ECO03,Stylophora pistillata,Spis,24,10,2021,Moore_Reef,-16.8485425,146.237223,-16.8485425,146.237223,GPS EcoRRAP sites,60,5,3.8,ONMO_FL1S,ONMO_FL1S
317,ECO03,Stylophora pistillata,Spis,24,10,2021,Moore_Reef,-16.8485425,146.237223,-16.8485425,146.237223,GPS EcoRRAP sites,60,5,3.8,ONMO_FL1S,ONMO_FL1S
318,ECO03,Acropora hyacinthus,Ahya,24,10,2021,Moore_Reef,-16.8485425,146.237223,-16.8485425,146.237223,GPS EcoRRAP sites,60,5,3.8,ONMO_FL1S,ONMO_FL1S
319,ECO03,Pocillopora verrucosa,Pver,24,10,2021,Moore_Reef,-16.8485425,146.237223,-16.8485425,146.237223,GPS EcoRRAP sites,60,5,3.8,ONMO_FL1S,ONMO_FL1S
320,ECO03,Stylophora pistillata,Spis,24,10,2021,Moore_Reef,-16.8485425,146.237223,-16.8485425,146.237223,GPS EcoRRAP sites,60,5,3.8,ONMO_FL1S,ONMO_FL1S
320,ECO03,Stylophora pistillata,Spis,24,10,2021,Moore_Reef,-16.8485425,146.237223,-16.8485425,146.237223,GPS EcoRRAP sites,60,5,3.8,ONMO_FL1S,ONMO_FL1S
321,ECO03,Stylophora pistillata,Spis,24,10,2021,Moore_Reef,-16.8485425,146.237223,-16.8485425,146.237223,GPS EcoRRAP sites,60,5,3.8,ONMO_FL1S,ONMO_FL1S
321,ECO03,Stylophora pistillata,Spis,24,10,2021,Moore_Reef,-16.8485425,146.237223,-16.8485425,146.237223,GPS EcoRRAP sites,60,5,3.8,ONMO_FL1S,ONMO_FL1S
322,ECO03,Stylophora pistillata,Spis,24,10,2021,Moore_Reef,-16.8485425,146.237223,-16.8485425,146.237223,GPS EcoRRAP sites,60,5,3.8,ONMO_FL1S,ONMO_FL1S
323,ECO03,Pocillopora verrucosa,Pver,24,10,2021,Moore_Reef,-16.8485425,146.237223,-16.8485425,146.237223,GPS EcoRRAP sites,60,5,3.8,ONMO_FL1S,ONMO_FL1S
324,ECO03,Acropora hyacinthus,Ahya,24,10,2021,Moore_Reef,-16.8485425,146.237223,-16.8485425,146.237223,GPS EcoRRAP sites,60,5,3.8,ONMO_FL1S,ONMO_FL1S
325,ECO03,Acropora hyacinthus,Ahya,24,10,2021,Moore_Reef,-16.8485425,146.237223,-16.8485425,146.237223,GPS EcoRRAP sites,60,5,3.8,ONMO_FL1S,ONMO_FL1S
326,ECO03,Pocillopora verrucosa,Pver,24,10,2021,Moore_Reef,-16.8485425,146.237223,-16.8485425,146.237223,GPS EcoRRAP sites,60,5,3.8,ONMO_FL1S,ONMO_FL1S
327,ECO03,Stylophora pistillata,Spis,25,10,2021,Moore_Reef,-16.872083,146.2536695,-16.872083,146.2536695,GPS EcoRRAP sites,60,10-Dec,10.4,ONMO_FR1D,ONMO_FR1D
327,ECO03,Stylophora pistillata,Spis,25,10,2021,Moore_Reef,-16.872083,146.2536695,-16.872083,146.2536695,GPS EcoRRAP sites,60,10-Dec,10.4,ONMO_FR1D,ONMO_FR1D
328,ECO03,Stylophora pistillata,Spis,25,10,2021,Moore_Reef,-16.872083,146.2536695,-16.872083,146.2536695,GPS EcoRRAP sites,60,10-Dec,10.4,ONMO_FR1D,ONMO_FR1D
328,ECO03,Stylophora pistillata,Spis,25,10,2021,Moore_Reef,-16.872083,146.2536695,-16.872083,146.2536695,GPS EcoRRAP sites,60,10-Dec,10.4,ONMO_FR1D,ONMO_FR1D
329,ECO03,Stylophora pistillata,Spis,25,10,2021,Moore_Reef,-16.872083,146.2536695,-16.872083,146.2536695,GPS EcoRRAP sites,60,10-Dec,10.4,ONMO_FR1D,ONMO_FR1D
329,ECO03,Stylophora pistillata,Spis,25,10,2021,Moore_Reef,-16.872083,146.2536695,-16.872083,146.2536695,GPS EcoRRAP sites,60,10-Dec,10.4,ONMO_FR1D,ONMO_FR1D
330,ECO03,Pocillopora verrucosa,Pver,25,10,2021,Moore_Reef,-16.872083,146.2536695,-16.872083,146.2536695,GPS EcoRRAP sites,60,10-Dec,10.4,ONMO_FR1D,ONMO_FR1D
331,ECO03,Pocillopora verrucosa,Pver,25,10,2021,Moore_Reef,-16.872083,146.2536695,-16.872083,146.2536695,GPS EcoRRAP sites,60,10-Dec,10.4,ONMO_FR1D,ONMO_FR1D
332,ECO03,Pocillopora verrucosa,Pver,25,10,2021,Moore_Reef,-16.872083,146.2536695,-16.872083,146.2536695,GPS EcoRRAP sites,60,10-Dec,10.4,ONMO_FR1D,ONMO_FR1D
333,ECO03,Stylophora pistillata,Spis,25,10,2021,Moore_Reef,-16.872083,146.2536695,-16.872083,146.2536695,GPS EcoRRAP sites,60,10-Dec,10.4,ONMO_FR1D,ONMO_FR1D
333,ECO03,Stylophora pistillata,Spis,25,10,2021,Moore_Reef,-16.872083,146.2536695,-16.872083,146.2536695,GPS EcoRRAP sites,60,10-Dec,10.4,ONMO_FR1D,ONMO_FR1D
334,ECO03,Stylophora pistillata,Spis,25,10,2021,Moore_Reef,-16.872083,146.2536695,-16.872083,146.2536695,GPS EcoRRAP sites,60,10-Dec,10.4,ONMO_FR1D,ONMO_FR1D
334,ECO03,Stylophora pistillata,Spis,25,10,2021,Moore_Reef,-16.872083,146.2536695,-16.872083,146.2536695,GPS EcoRRAP sites,60,10-Dec,10.4,ONMO_FR1D,ONMO_FR1D
335,ECO03,Pocillopora verrucosa,Pver,25,10,2021,Moore_Reef,-16.872083,146.2536695,-16.872083,146.2536695,GPS EcoRRAP sites,60,10-Dec,10.4,ONMO_FR1D,ONMO_FR1D
336,ECO03,Pocillopora verrucosa,Pver,25,10,2021,Moore_Reef,-16.872083,146.2536695,-16.872083,146.2536695,GPS EcoRRAP sites,60,10-Dec,10.4,ONMO_FR1D,ONMO_FR1D
337,ECO03,Pocillopora verrucosa,Pver,25,10,2021,Moore_Reef,-16.872041,146.2536145,-16.872041,146.2536145,GPS EcoRRAP sites,60,5,4.5,ONMO_FR1S,ONMO_FR1S
338,ECO03,Pocillopora verrucosa,Pver,25,10,2021,Moore_Reef,-16.872041,146.2536145,-16.872041,146.2536145,GPS EcoRRAP sites,60,5,4.5,ONMO_FR1S,ONMO_FR1S
339,ECO03,Pocillopora verrucosa,Pver,25,10,2021,Moore_Reef,-16.872041,146.2536145,-16.872041,146.2536145,GPS EcoRRAP sites,60,5,4.5,ONMO_FR1S,ONMO_FR1S
340,ECO03,Pocillopora verrucosa,Pver,25,10,2021,Moore_Reef,-16.872041,146.2536145,-16.872041,146.2536145,GPS EcoRRAP sites,60,5,4.5,ONMO_FR1S,ONMO_FR1S
341,ECO03,Stylophora pistillata,Spis,25,10,2021,Moore_Reef,-16.872041,146.2536145,-16.872041,146.2536145,GPS EcoRRAP sites,60,5,4.5,ONMO_FR1S,ONMO_FR1S
342,ECO03,Stylophora pistillata,Spis,25,10,2021,Moore_Reef,-16.872041,146.2536145,-16.872041,146.2536145,GPS EcoRRAP sites,60,5,4.5,ONMO_FR1S,ONMO_FR1S
342,ECO03,Stylophora pistillata,Spis,25,10,2021,Moore_Reef,-16.872041,146.2536145,-16.872041,146.2536145,GPS EcoRRAP sites,60,5,4.5,ONMO_FR1S,ONMO_FR1S
343,ECO03,Stylophora pistillata,Spis,25,10,2021,Moore_Reef,-16.872041,146.2536145,-16.872041,146.2536145,GPS EcoRRAP sites,60,5,4.5,ONMO_FR1S,ONMO_FR1S
343,ECO03,Stylophora pistillata,Spis,25,10,2021,Moore_Reef,-16.872041,146.2536145,-16.872041,146.2536145,GPS EcoRRAP sites,60,5,4.5,ONMO_FR1S,ONMO_FR1S
344,ECO03,Pocillopora verrucosa,Pver,25,10,2021,Moore_Reef,-16.872041,146.2536145,-16.872041,146.2536145,GPS EcoRRAP sites,60,5,4.5,ONMO_FR1S,ONMO_FR1S
345,ECO03,Acropora hyacinthus,Ahya,25,10,2021,Moore_Reef,-16.872041,146.2536145,-16.872041,146.2536145,GPS EcoRRAP sites,60,5,4.5,ONMO_FR1S,ONMO_FR1S
346,ECO03,Acropora hyacinthus,Ahya,25,10,2021,Moore_Reef,-16.872041,146.2536145,-16.872041,146.2536145,GPS EcoRRAP sites,60,5,4.5,ONMO_FR1S,ONMO_FR1S
347,ECO03,Stylophora pistillata,Spis,26,10,2021,Moore_Reef,-16.8830355,146.244797,-16.8830355,146.244797,GPS EcoRRAP sites,60,Dec-15,10.9,ONMO_FR2D,ONMO_FR2D
347,ECO03,Stylophora pistillata,Spis,26,10,2021,Moore_Reef,-16.8830355,146.244797,-16.8830355,146.244797,GPS EcoRRAP sites,60,Dec-15,10.9,ONMO_FR2D,ONMO_FR2D
348,ECO03,Stylophora pistillata,Spis,26,10,2021,Moore_Reef,-16.8830355,146.244797,-16.8830355,146.244797,GPS EcoRRAP sites,60,Dec-15,10.9,ONMO_FR2D,ONMO_FR2D
348,ECO03,Stylophora pistillata,Spis,26,10,2021,Moore_Reef,-16.8830355,146.244797,-16.8830355,146.244797,GPS EcoRRAP sites,60,Dec-15,10.9,ONMO_FR2D,ONMO_FR2D
349,ECO03,Stylophora pistillata,Spis,26,10,2021,Moore_Reef,-16.8830355,146.244797,-16.8830355,146.244797,GPS EcoRRAP sites,60,Dec-15,10.9,ONMO_FR2D,ONMO_FR2D
349,ECO03,Stylophora pistillata,Spis,26,10,2021,Moore_Reef,-16.8830355,146.244797,-16.8830355,146.244797,GPS EcoRRAP sites,60,Dec-15,10.9,ONMO_FR2D,ONMO_FR2D
350,ECO03,Stylophora pistillata,Spis,26,10,2021,Moore_Reef,-16.8830355,146.244797,-16.8830355,146.244797,GPS EcoRRAP sites,60,Dec-15,10.9,ONMO_FR2D,ONMO_FR2D
350,ECO03,Stylophora pistillata,Spis,26,10,2021,Moore_Reef,-16.8830355,146.244797,-16.8830355,146.244797,GPS EcoRRAP sites,60,Dec-15,10.9,ONMO_FR2D,ONMO_FR2D
351,ECO03,Stylophora pistillata,Spis,26,10,2021,Moore_Reef,-16.8830355,146.244797,-16.8830355,146.244797,GPS EcoRRAP sites,60,Dec-15,10.9,ONMO_FR2D,ONMO_FR2D
351,ECO03,Stylophora pistillata,Spis,26,10,2021,Moore_Reef,-16.8830355,146.244797,-16.8830355,146.244797,GPS EcoRRAP sites,60,Dec-15,10.9,ONMO_FR2D,ONMO_FR2D
352,ECO03,Pocillopora verrucosa,Pver,26,10,2021,Moore_Reef,-16.8830355,146.244797,-16.8830355,146.244797,GPS EcoRRAP sites,60,Dec-15,10.9,ONMO_FR2D,ONMO_FR2D
353,ECO03,Pocillopora verrucosa,Pver,26,10,2021,Moore_Reef,-16.8830355,146.244797,-16.8830355,146.244797,GPS EcoRRAP sites,60,Dec-15,10.9,ONMO_FR2D,ONMO_FR2D
354,ECO03,Pocillopora verrucosa,Pver,26,10,2021,Moore_Reef,-16.8830355,146.244797,-16.8830355,146.244797,GPS EcoRRAP sites,60,Dec-15,10.9,ONMO_FR2D,ONMO_FR2D
355,ECO03,Pocillopora verrucosa,Pver,26,10,2021,Moore_Reef,-16.8830355,146.244797,-16.8830355,146.244797,GPS EcoRRAP sites,60,Dec-15,10.9,ONMO_FR2D,ONMO_FR2D
356,ECO03,Pocillopora verrucosa,Pver,26,10,2021,Moore_Reef,-16.882674,146.244602,-16.882674,146.244602,GPS EcoRRAP sites,60,5,3.8,ONMO_FR2S,ONMO_FR2S
357,ECO03,Pocillopora verrucosa,Pver,26,10,2021,Moore_Reef,-16.882674,146.244602,-16.882674,146.244602,GPS EcoRRAP sites,60,5,3.8,ONMO_FR2S,ONMO_FR2S
358,ECO03,Pocillopora verrucosa,Pver,26,10,2021,Moore_Reef,-16.882674,146.244602,-16.882674,146.244602,GPS EcoRRAP sites,60,5,3.8,ONMO_FR2S,ONMO_FR2S
359,ECO03,Pocillopora verrucosa,Pver,26,10,2021,Moore_Reef,-16.882674,146.244602,-16.882674,146.244602,GPS EcoRRAP sites,60,5,3.8,ONMO_FR2S,ONMO_FR2S
360,ECO03,Stylophora pistillata,Spis,26,10,2021,Moore_Reef,-16.882674,146.244602,-16.882674,146.244602,GPS EcoRRAP sites,60,5,3.8,ONMO_FR2S,ONMO_FR2S
360,ECO03,Stylophora pistillata,Spis,26,10,2021,Moore_Reef,-16.882674,146.244602,-16.882674,146.244602,GPS EcoRRAP sites,60,5,3.8,ONMO_FR2S,ONMO_FR2S
361,ECO03,Stylophora pistillata,Spis,26,10,2021,Moore_Reef,-16.882674,146.244602,-16.882674,146.244602,GPS EcoRRAP sites,60,5,3.8,ONMO_FR2S,ONMO_FR2S
361,ECO03,Stylophora pistillata,Spis,26,10,2021,Moore_Reef,-16.882674,146.244602,-16.882674,146.244602,GPS EcoRRAP sites,60,5,3.8,ONMO_FR2S,ONMO_FR2S
362,ECO03,Stylophora pistillata,Spis,26,10,2021,Moore_Reef,-16.882674,146.244602,-16.882674,146.244602,GPS EcoRRAP sites,60,5,3.8,ONMO_FR2S,ONMO_FR2S
362,ECO03,Stylophora pistillata,Spis,26,10,2021,Moore_Reef,-16.882674,146.244602,-16.882674,146.244602,GPS EcoRRAP sites,60,5,3.8,ONMO_FR2S,ONMO_FR2S
363,ECO03,Stylophora pistillata,Spis,26,10,2021,Moore_Reef,-16.882674,146.244602,-16.882674,146.244602,GPS EcoRRAP sites,60,5,3.8,ONMO_FR2S,ONMO_FR2S
363,ECO03,Stylophora pistillata,Spis,26,10,2021,Moore_Reef,-16.882674,146.244602,-16.882674,146.244602,GPS EcoRRAP sites,60,5,3.8,ONMO_FR2S,ONMO_FR2S
363,ECO03,Stylophora pistillata,Spis,26,10,2021,Moore_Reef,-16.882674,146.244602,-16.882674,146.244602,GPS EcoRRAP sites,60,5,3.8,ONMO_FR2S,ONMO_FR2S
364,ECO03,Stylophora pistillata,Spis,26,10,2021,Moore_Reef,-16.882674,146.244602,-16.882674,146.244602,GPS EcoRRAP sites,60,5,3.8,ONMO_FR2S,ONMO_FR2S
364,ECO03,Stylophora pistillata,Spis,26,10,2021,Moore_Reef,-16.882674,146.244602,-16.882674,146.244602,GPS EcoRRAP sites,60,5,3.8,ONMO_FR2S,ONMO_FR2S
365,ECO03,Pocillopora verrucosa,Pver,26,10,2021,Moore_Reef,-16.882674,146.244602,-16.882674,146.244602,GPS EcoRRAP sites,60,5,3.8,ONMO_FR2S,ONMO_FR2S
366,ECO03,Acropora hyacinthus,Ahya,26,10,2021,Moore_Reef,-16.882674,146.244602,-16.882674,146.244602,GPS EcoRRAP sites,60,3,3.8,ONMO_FR2S,ONMO_FR2S
367,ECO03,Acropora hyacinthus,Ahya,26,10,2021,Moore_Reef,-16.882674,146.244602,-16.882674,146.244602,GPS EcoRRAP sites,60,3,3.8,ONMO_FR2S,ONMO_FR2S
368,ECO03,Acropora hyacinthus,Ahya,26,10,2021,Moore_Reef,-16.882674,146.244602,-16.882674,146.244602,GPS EcoRRAP sites,60,3,3.8,ONMO_FR2S,ONMO_FR2S
369,ECO03,Acropora hyacinthus,Ahya,26,10,2021,Moore_Reef,-16.882674,146.244602,-16.882674,146.244602,GPS EcoRRAP sites,60,3,3.8,ONMO_FR2S,ONMO_FR2S
370,ECO03,Acropora hyacinthus,Ahya,26,10,2021,Moore_Reef,-16.882674,146.244602,-16.882674,146.244602,GPS EcoRRAP sites,60,3,3.8,ONMO_FR2S,ONMO_FR2S
371,ECO03,Pocillopora verrucosa,Pver,27,10,2021,Moore_Reef,-16.8484505,146.2372885,-16.8484505,146.2372885,GPS EcoRRAP sites,60,12,9.9,ONMO_FL1D,ONMO_FL1D
372,ECO03,Pocillopora verrucosa,Pver,27,10,2021,Moore_Reef,-16.8484505,146.2372885,-16.8484505,146.2372885,GPS EcoRRAP sites,60,12,9.9,ONMO_FL1D,ONMO_FL1D
373,ECO03,Stylophora pistillata,Spis,27,10,2021,Moore_Reef,-16.8484505,146.2372885,-16.8484505,146.2372885,GPS EcoRRAP sites,60,12,9.9,ONMO_FL1D,ONMO_FL1D
374,ECO03,Pocillopora verrucosa,Pver,27,10,2021,Moore_Reef,-16.8484505,146.2372885,-16.8484505,146.2372885,GPS EcoRRAP sites,60,12,9.9,ONMO_FL1D,ONMO_FL1D
375,ECO03,Pocillopora verrucosa,Pver,27,10,2021,Moore_Reef,-16.8484505,146.2372885,-16.8484505,146.2372885,GPS EcoRRAP sites,60,12,9.9,ONMO_FL1D,ONMO_FL1D
376,ECO03,Stylophora pistillata,Spis,27,10,2021,Moore_Reef,-16.8484505,146.2372885,-16.8484505,146.2372885,GPS EcoRRAP sites,60,12,9.9,ONMO_FL1D,ONMO_FL1D
376,ECO03,Stylophora pistillata,Spis,27,10,2021,Moore_Reef,-16.8484505,146.2372885,-16.8484505,146.2372885,GPS EcoRRAP sites,60,12,9.9,ONMO_FL1D,ONMO_FL1D
377,ECO03,Pocillopora verrucosa,Pver,27,10,2021,Moore_Reef,-16.8484505,146.2372885,-16.8484505,146.2372885,GPS EcoRRAP sites,60,12,9.9,ONMO_FL1D,ONMO_FL1D
378,ECO03,Stylophora pistillata,Spis,27,10,2021,Moore_Reef,-16.8484505,146.2372885,-16.8484505,146.2372885,GPS EcoRRAP sites,60,12,9.9,ONMO_FL1D,ONMO_FL1D
378,ECO03,Stylophora pistillata,Spis,27,10,2021,Moore_Reef,-16.8484505,146.2372885,-16.8484505,146.2372885,GPS EcoRRAP sites,60,12,9.9,ONMO_FL1D,ONMO_FL1D
379,ECO03,Stylophora pistillata,Spis,27,10,2021,Moore_Reef,-16.8484505,146.2372885,-16.8484505,146.2372885,GPS EcoRRAP sites,60,12,9.9,ONMO_FL1D,ONMO_FL1D
380,ECO03,Stylophora pistillata,Spis,27,10,2021,Moore_Reef,-16.8484505,146.2372885,-16.8484505,146.2372885,GPS EcoRRAP sites,60,12,9.9,ONMO_FL1D,ONMO_FL1D
380,ECO03,Stylophora pistillata,Spis,27,10,2021,Moore_Reef,-16.8484505,146.2372885,-16.8484505,146.2372885,GPS EcoRRAP sites,60,12,9.9,ONMO_FL1D,ONMO_FL1D
381,ECO03,Stylophora pistillata,Spis,27,10,2021,Moore_Reef,-16.859841,146.2256785,-16.859841,146.2256785,GPS EcoRRAP sites,60,5,3.9,ONMO_LA1S,ONMO_LA1S
381,ECO03,Stylophora pistillata,Spis,27,10,2021,Moore_Reef,-16.859841,146.2256785,-16.859841,146.2256785,GPS EcoRRAP sites,60,5,3.9,ONMO_LA1S,ONMO_LA1S
382,ECO03,Stylophora pistillata,Spis,27,10,2021,Moore_Reef,-16.859841,146.2256785,-16.859841,146.2256785,GPS EcoRRAP sites,60,5,3.9,ONMO_LA1S,ONMO_LA1S
382,ECO03,Stylophora pistillata,Spis,27,10,2021,Moore_Reef,-16.859841,146.2256785,-16.859841,146.2256785,GPS EcoRRAP sites,60,5,3.9,ONMO_LA1S,ONMO_LA1S
383,ECO03,Stylophora pistillata,Spis,27,10,2021,Moore_Reef,-16.859841,146.2256785,-16.859841,146.2256785,GPS EcoRRAP sites,60,5,3.9,ONMO_LA1S,ONMO_LA1S
383,ECO03,Stylophora pistillata,Spis,27,10,2021,Moore_Reef,-16.859841,146.2256785,-16.859841,146.2256785,GPS EcoRRAP sites,60,5,3.9,ONMO_LA1S,ONMO_LA1S
384,ECO03,Pocillopora verrucosa,Pver,27,10,2021,Moore_Reef,-16.859841,146.2256785,-16.859841,146.2256785,GPS EcoRRAP sites,60,5,3.9,ONMO_LA1S,ONMO_LA1S
385,ECO03,Stylophora pistillata,Spis,27,10,2021,Moore_Reef,-16.859841,146.2256785,-16.859841,146.2256785,GPS EcoRRAP sites,60,5,3.9,ONMO_LA1S,ONMO_LA1S
385,ECO03,Stylophora pistillata,Spis,27,10,2021,Moore_Reef,-16.859841,146.2256785,-16.859841,146.2256785,GPS EcoRRAP sites,60,5,3.9,ONMO_LA1S,ONMO_LA1S
386,ECO03,Stylophora pistillata,Spis,27,10,2021,Moore_Reef,-16.859841,146.2256785,-16.859841,146.2256785,GPS EcoRRAP sites,60,5,3.9,ONMO_LA1S,ONMO_LA1S
386,ECO03,Stylophora pistillata,Spis,27,10,2021,Moore_Reef,-16.859841,146.2256785,-16.859841,146.2256785,GPS EcoRRAP sites,60,5,3.9,ONMO_LA1S,ONMO_LA1S
387,ECO03,Pocillopora verrucosa,Pver,27,10,2021,Moore_Reef,-16.859841,146.2256785,-16.859841,146.2256785,GPS EcoRRAP sites,60,5,3.9,ONMO_LA1S,ONMO_LA1S
388,ECO03,Pocillopora verrucosa,Pver,27,10,2021,Moore_Reef,-16.859841,146.2256785,-16.859841,146.2256785,GPS EcoRRAP sites,60,5,3.9,ONMO_LA1S,ONMO_LA1S
389,ECO03,Pocillopora verrucosa,Pver,27,10,2021,Moore_Reef,-16.859841,146.2256785,-16.859841,146.2256785,GPS EcoRRAP sites,60,5,3.9,ONMO_LA1S,ONMO_LA1S
390,ECO03,Pocillopora verrucosa,Pver,27,10,2021,Moore_Reef,-16.859841,146.2256785,-16.859841,146.2256785,GPS EcoRRAP sites,60,5,3.9,ONMO_LA1S,ONMO_LA1S
391,ECO03,Acropora hyacinthus,Ahya,28,10,2021,Moore_Reef,-16.859841,146.2256785,-16.859841,146.2256785,GPS EcoRRAP sites,60,4,3.9,ONMO_LA1S,ONMO_LA1S
392,ECO03,Acropora hyacinthus,Ahya,28,10,2021,Moore_Reef,-16.859841,146.2256785,-16.859841,146.2256785,GPS EcoRRAP sites,60,4,3.9,ONMO_LA1S,ONMO_LA1S
392,ECO03,Acropora hyacinthus,Ahya,28,10,2021,Moore_Reef,-16.859841,146.2256785,-16.859841,146.2256785,GPS EcoRRAP sites,60,4,3.9,ONMO_LA1S,ONMO_LA1S
393,ECO03,Stylophora pistillata,Spis,28,10,2021,Moore_Reef,-16.8599245,146.2257455,-16.8599245,146.2257455,GPS EcoRRAP sites,60,10,10.3,ONMO_LA1D,ONMO_LA1D
393,ECO03,Stylophora pistillata,Spis,28,10,2021,Moore_Reef,-16.8599245,146.2257455,-16.8599245,146.2257455,GPS EcoRRAP sites,60,10,10.3,ONMO_LA1D,ONMO_LA1D
394,ECO03,Stylophora pistillata,Spis,28,10,2021,Moore_Reef,-16.8599245,146.2257455,-16.8599245,146.2257455,GPS EcoRRAP sites,60,10,10.3,ONMO_LA1D,ONMO_LA1D
394,ECO03,Stylophora pistillata,Spis,28,10,2021,Moore_Reef,-16.8599245,146.2257455,-16.8599245,146.2257455,GPS EcoRRAP sites,60,10,10.3,ONMO_LA1D,ONMO_LA1D
395,ECO03,Stylophora pistillata,Spis,28,10,2021,Moore_Reef,-16.8599245,146.2257455,-16.8599245,146.2257455,GPS EcoRRAP sites,60,10,10.3,ONMO_LA1D,ONMO_LA1D
395,ECO03,Stylophora pistillata,Spis,28,10,2021,Moore_Reef,-16.8599245,146.2257455,-16.8599245,146.2257455,GPS EcoRRAP sites,60,10,10.3,ONMO_LA1D,ONMO_LA1D
396,ECO03,Stylophora pistillata,Spis,28,10,2021,Moore_Reef,-16.8599245,146.2257455,-16.8599245,146.2257455,GPS EcoRRAP sites,60,10,10.3,ONMO_LA1D,ONMO_LA1D
396,ECO03,Stylophora pistillata,Spis,28,10,2021,Moore_Reef,-16.8599245,146.2257455,-16.8599245,146.2257455,GPS EcoRRAP sites,60,10,10.3,ONMO_LA1D,ONMO_LA1D
397,ECO03,Stylophora pistillata,Spis,28,10,2021,Moore_Reef,-16.8599245,146.2257455,-16.8599245,146.2257455,GPS EcoRRAP sites,60,10,10.3,ONMO_LA1D,ONMO_LA1D
397,ECO03,Stylophora pistillata,Spis,28,10,2021,Moore_Reef,-16.8599245,146.2257455,-16.8599245,146.2257455,GPS EcoRRAP sites,60,10,10.3,ONMO_LA1D,ONMO_LA1D
398,ECO03,Pocillopora verrucosa,Pver,28,10,2021,Moore_Reef,-16.8599245,146.2257455,-16.8599245,146.2257455,GPS EcoRRAP sites,60,10,10.3,ONMO_LA1D,ONMO_LA1D
399,ECO03,Pocillopora verrucosa,Pver,28,10,2021,Moore_Reef,-16.8599245,146.2257455,-16.8599245,146.2257455,GPS EcoRRAP sites,60,10,10.3,ONMO_LA1D,ONMO_LA1D
400,ECO03,Pocillopora verrucosa,Pver,28,10,2021,Moore_Reef,-16.8599245,146.2257455,-16.8599245,146.2257455,GPS EcoRRAP sites,60,10,10.3,ONMO_LA1D,ONMO_LA1D
401,ECO03,Pocillopora verrucosa,Pver,28,10,2021,Moore_Reef,-16.8599245,146.2257455,-16.8599245,146.2257455,GPS EcoRRAP sites,60,10,10.3,ONMO_LA1D,ONMO_LA1D
402,ECO03,Pocillopora verrucosa,Pver,28,10,2021,Moore_Reef,-16.8599245,146.2257455,-16.8599245,146.2257455,GPS EcoRRAP sites,60,10,10.3,ONMO_LA1D,ONMO_LA1D
403,ECO03,Stylophora pistillata,Spis,28,10,2021,Moore_Reef,-16.8471725,146.2174315,-16.8471725,146.2174315,GPS EcoRRAP sites,60,12,9.3,ONMO_BA1D,ONMO_BA1D
403,ECO03,Stylophora pistillata,Spis,28,10,2021,Moore_Reef,-16.8471725,146.2174315,-16.8471725,146.2174315,GPS EcoRRAP sites,60,12,9.3,ONMO_BA1D,ONMO_BA1D
404,ECO03,Stylophora pistillata,Spis,28,10,2021,Moore_Reef,-16.8471725,146.2174315,-16.8471725,146.2174315,GPS EcoRRAP sites,60,12,9.3,ONMO_BA1D,ONMO_BA1D
404,ECO03,Stylophora pistillata,Spis,28,10,2021,Moore_Reef,-16.8471725,146.2174315,-16.8471725,146.2174315,GPS EcoRRAP sites,60,12,9.3,ONMO_BA1D,ONMO_BA1D
405,ECO03,Pocillopora verrucosa,Pver,28,10,2021,Moore_Reef,-16.8471725,146.2174315,-16.8471725,146.2174315,GPS EcoRRAP sites,60,12,9.3,ONMO_BA1D,ONMO_BA1D
405,ECO03,Pocillopora verrucosa,Pver,28,10,2021,Moore_Reef,-16.8471725,146.2174315,-16.8471725,146.2174315,GPS EcoRRAP sites,60,12,9.3,ONMO_BA1D,ONMO_BA1D
406,ECO03,Pocillopora verrucosa,Pver,28,10,2021,Moore_Reef,-16.8471725,146.2174315,-16.8471725,146.2174315,GPS EcoRRAP sites,60,12,9.3,ONMO_BA1D,ONMO_BA1D
407,ECO03,Pocillopora verrucosa,Pver,28,10,2021,Moore_Reef,-16.8471725,146.2174315,-16.8471725,146.2174315,GPS EcoRRAP sites,60,12,9.3,ONMO_BA1D,ONMO_BA1D
408,ECO03,Stylophora pistillata,Spis,28,10,2021,Moore_Reef,-16.8471725,146.2174315,-16.8471725,146.2174315,GPS EcoRRAP sites,60,12,9.3,ONMO_BA1D,ONMO_BA1D
408,ECO03,Stylophora pistillata,Spis,28,10,2021,Moore_Reef,-16.8471725,146.2174315,-16.8471725,146.2174315,GPS EcoRRAP sites,60,12,9.3,ONMO_BA1D,ONMO_BA1D
409,ECO03,Pocillopora verrucosa,Pver,28,10,2021,Moore_Reef,-16.8471725,146.2174315,-16.8471725,146.2174315,GPS EcoRRAP sites,60,12,9.3,ONMO_BA1D,ONMO_BA1D
410,ECO03,Stylophora pistillata,Spis,28,10,2021,Moore_Reef,-16.8471725,146.2174315,-16.8471725,146.2174315,GPS EcoRRAP sites,60,12,9.3,ONMO_BA1D,ONMO_BA1D
410,ECO03,Stylophora pistillata,Spis,28,10,2021,Moore_Reef,-16.8471725,146.2174315,-16.8471725,146.2174315,GPS EcoRRAP sites,60,12,9.3,ONMO_BA1D,ONMO_BA1D
411,ECO03,Pocillopora verrucosa,Pver,28,10,2021,Moore_Reef,-16.8471725,146.2174315,-16.8471725,146.2174315,GPS EcoRRAP sites,60,12,9.3,ONMO_BA1D,ONMO_BA1D
412,ECO03,Stylophora pistillata,Spis,28,10,2021,Moore_Reef,-16.8471725,146.2174315,-16.8471725,146.2174315,GPS EcoRRAP sites,60,12,9.3,ONMO_BA1D,ONMO_BA1D
412,ECO03,Stylophora pistillata,Spis,28,10,2021,Moore_Reef,-16.8471725,146.2174315,-16.8471725,146.2174315,GPS EcoRRAP sites,60,12,9.3,ONMO_BA1D,ONMO_BA1D
413,ECO03,Pocillopora verrucosa,Pver,29,10,2021,Moore_Reef,-16.881947,146.1837795,-16.881947,146.1837795,GPS EcoRRAP sites,60,10,8.4,ONMO_BA2D,ONMO_BA2D
414,ECO03,Stylophora pistillata,Spis,29,10,2021,Moore_Reef,-16.881947,146.1837795,-16.881947,146.1837795,GPS EcoRRAP sites,60,10,8.4,ONMO_BA2D,ONMO_BA2D
414,ECO03,Stylophora pistillata,Spis,29,10,2021,Moore_Reef,-16.881947,146.1837795,-16.881947,146.1837795,GPS EcoRRAP sites,60,10,8.4,ONMO_BA2D,ONMO_BA2D
415,ECO03,Stylophora pistillata,Spis,29,10,2021,Moore_Reef,-16.881947,146.1837795,-16.881947,146.1837795,GPS EcoRRAP sites,60,10,8.4,ONMO_BA2D,ONMO_BA2D
415,ECO03,Stylophora pistillata,Spis,29,10,2021,Moore_Reef,-16.881947,146.1837795,-16.881947,146.1837795,GPS EcoRRAP sites,60,10,8.4,ONMO_BA2D,ONMO_BA2D
416,ECO03,Stylophora pistillata,Spis,29,10,2021,Moore_Reef,-16.881947,146.1837795,-16.881947,146.1837795,GPS EcoRRAP sites,60,10,8.4,ONMO_BA2D,ONMO_BA2D
416,ECO03,Stylophora pistillata,Spis,29,10,2021,Moore_Reef,-16.881947,146.1837795,-16.881947,146.1837795,GPS EcoRRAP sites,60,10,8.4,ONMO_BA2D,ONMO_BA2D
417,ECO03,Pocillopora verrucosa,Pver,29,10,2021,Moore_Reef,-16.881947,146.1837795,-16.881947,146.1837795,GPS EcoRRAP sites,60,10,8.4,ONMO_BA2D,ONMO_BA2D
418,ECO03,Pocillopora verrucosa,Pver,29,10,2021,Moore_Reef,-16.881947,146.1837795,-16.881947,146.1837795,GPS EcoRRAP sites,60,10,8.4,ONMO_BA2D,ONMO_BA2D
419,ECO03,Stylophora pistillata,Spis,29,10,2021,Moore_Reef,-16.881947,146.1837795,-16.881947,146.1837795,GPS EcoRRAP sites,60,10,8.4,ONMO_BA2D,ONMO_BA2D
419,ECO03,Stylophora pistillata,Spis,29,10,2021,Moore_Reef,-16.881947,146.1837795,-16.881947,146.1837795,GPS EcoRRAP sites,60,10,8.4,ONMO_BA2D,ONMO_BA2D
420,ECO03,Pocillopora verrucosa,Pver,29,10,2021,Moore_Reef,-16.881947,146.1837795,-16.881947,146.1837795,GPS EcoRRAP sites,60,10,8.4,ONMO_BA2D,ONMO_BA2D
421,ECO03,Stylophora pistillata,Spis,29,10,2021,Moore_Reef,-16.881947,146.1837795,-16.881947,146.1837795,GPS EcoRRAP sites,60,10,8.4,ONMO_BA2D,ONMO_BA2D
421,ECO03,Stylophora pistillata,Spis,29,10,2021,Moore_Reef,-16.881947,146.1837795,-16.881947,146.1837795,GPS EcoRRAP sites,60,10,8.4,ONMO_BA2D,ONMO_BA2D
422,ECO03,Pocillopora verrucosa,Pver,29,10,2021,Moore_Reef,-16.881947,146.1837795,-16.881947,146.1837795,GPS EcoRRAP sites,60,10,8.4,ONMO_BA2D,ONMO_BA2D
423,ECO03,Acropora hyacinthus,Ahya,29,10,2021,Moore_Reef,-16.8820015,146.183993,-16.8820015,146.183993,GPS EcoRRAP sites,60,3-May,3.6,ONMO_BA2S,ONMO_BA2S
423,ECO03,Acropora hyacinthus,Ahya,29,10,2021,Moore_Reef,-16.8820015,146.183993,-16.8820015,146.183993,GPS EcoRRAP sites,60,3-May,3.6,ONMO_BA2S,ONMO_BA2S
424,ECO03,Pocillopora verrucosa,Pver,29,10,2021,Moore_Reef,-16.8820015,146.183993,-16.8820015,146.183993,GPS EcoRRAP sites,60,3-May,3.6,ONMO_BA2S,ONMO_BA2S
425,ECO03,Pocillopora verrucosa,Pver,29,10,2021,Moore_Reef,-16.8820015,146.183993,-16.8820015,146.183993,GPS EcoRRAP sites,60,3-May,3.6,ONMO_BA2S,ONMO_BA2S
426,ECO03,Pocillopora verrucosa,Pver,29,10,2021,Moore_Reef,-16.8820015,146.183993,-16.8820015,146.183993,GPS EcoRRAP sites,60,3-May,3.6,ONMO_BA2S,ONMO_BA2S
427,ECO03,Stylophora pistillata,Spis,29,10,2021,Moore_Reef,-16.8820015,146.183993,-16.8820015,146.183993,GPS EcoRRAP sites,60,3-May,3.6,ONMO_BA2S,ONMO_BA2S
427,ECO03,Stylophora pistillata,Spis,29,10,2021,Moore_Reef,-16.8820015,146.183993,-16.8820015,146.183993,GPS EcoRRAP sites,60,3-May,3.6,ONMO_BA2S,ONMO_BA2S
428,ECO03,Acropora hyacinthus,Ahya,29,10,2021,Moore_Reef,-16.8820015,146.183993,-16.8820015,146.183993,GPS EcoRRAP sites,60,3-May,3.6,ONMO_BA2S,ONMO_BA2S
429,ECO03,Acropora hyacinthus,Ahya,29,10,2021,Moore_Reef,-16.8820015,146.183993,-16.8820015,146.183993,GPS EcoRRAP sites,60,3-May,3.6,ONMO_BA2S,ONMO_BA2S
430,ECO03,Pocillopora verrucosa,Pver,29,10,2021,Moore_Reef,-16.8820015,146.183993,-16.8820015,146.183993,GPS EcoRRAP sites,60,3-May,3.6,ONMO_BA2S,ONMO_BA2S
431,ECO03,Pocillopora verrucosa,Pver,29,10,2021,Moore_Reef,-16.8820015,146.183993,-16.8820015,146.183993,GPS EcoRRAP sites,60,3-May,3.6,ONMO_BA2S,ONMO_BA2S
432,ECO03,Acropora hyacinthus,Ahya,29,10,2021,Moore_Reef,-16.8820015,146.183993,-16.8820015,146.183993,GPS EcoRRAP sites,60,3-May,3.6,ONMO_BA2S,ONMO_BA2S
433,ECO03,Acropora hyacinthus,Ahya,29,10,2021,Moore_Reef,-16.8820015,146.183993,-16.8820015,146.183993,GPS EcoRRAP sites,60,3-May,3.6,ONMO_BA2S,ONMO_BA2S
434,ECO03,Acropora hyacinthus,Ahya,29,10,2021,Moore_Reef,-16.8820015,146.183993,-16.8820015,146.183993,GPS EcoRRAP sites,60,3-May,3.6,ONMO_BA2S,ONMO_BA2S
435,ECO03,Acropora hyacinthus,Ahya,29,10,2021,Moore_Reef,-16.8820015,146.183993,-16.8820015,146.183993,GPS EcoRRAP sites,60,3-May,3.6,ONMO_BA2S,ONMO_BA2S
436,ECO03,Pocillopora verrucosa,Pver,30,10,2021,Lizard_Island,-14.691274,145.46938,-14.691274,145.46938,GPS EcoRRAP sites,60,3-May,4.6,ONLI_FR1S,ONLI_FR1S
437,ECO03,Pocillopora verrucosa,Pver,30,10,2021,Lizard_Island,-14.691274,145.46938,-14.691274,145.46938,GPS EcoRRAP sites,60,3-May,4.6,ONLI_FR1S,ONLI_FR1S
438,ECO03,Pocillopora verrucosa,Pver,30,10,2021,Lizard_Island,-14.691274,145.46938,-14.691274,145.46938,GPS EcoRRAP sites,60,3-May,4.6,ONLI_FR1S,ONLI_FR1S
439,ECO03,Pocillopora verrucosa,Pver,30,10,2021,Lizard_Island,-14.691274,145.46938,-14.691274,145.46938,GPS EcoRRAP sites,60,3-May,4.6,ONLI_FR1S,ONLI_FR1S
440,ECO03,Pocillopora verrucosa,Pver,30,10,2021,Lizard_Island,-14.691274,145.46938,-14.691274,145.46938,GPS EcoRRAP sites,60,3-May,4.6,ONLI_FR1S,ONLI_FR1S
441,ECO03,Stylophora pistillata,Spis,30,10,2021,Lizard_Island,-14.691274,145.46938,-14.691274,145.46938,GPS EcoRRAP sites,60,3-May,4.6,ONLI_FR1S,ONLI_FR1S
441,ECO03,Stylophora pistillata,Spis,30,10,2021,Lizard_Island,-14.691274,145.46938,-14.691274,145.46938,GPS EcoRRAP sites,60,3-May,4.6,ONLI_FR1S,ONLI_FR1S
442,ECO03,Stylophora pistillata,Spis,30,10,2021,Lizard_Island,-14.691274,145.46938,-14.691274,145.46938,GPS EcoRRAP sites,60,3-May,4.6,ONLI_FR1S,ONLI_FR1S
442,ECO03,Stylophora pistillata,Spis,30,10,2021,Lizard_Island,-14.691274,145.46938,-14.691274,145.46938,GPS EcoRRAP sites,60,3-May,4.6,ONLI_FR1S,ONLI_FR1S
443,ECO03,Stylophora pistillata,Spis,30,10,2021,Lizard_Island,-14.691274,145.46938,-14.691274,145.46938,GPS EcoRRAP sites,60,3-May,4.6,ONLI_FR1S,ONLI_FR1S
443,ECO03,Stylophora pistillata,Spis,30,10,2021,Lizard_Island,-14.691274,145.46938,-14.691274,145.46938,GPS EcoRRAP sites,60,3-May,4.6,ONLI_FR1S,ONLI_FR1S
444,ECO03,Acropora hyacinthus,Ahya,30,10,2021,Lizard_Island,-14.691274,145.46938,-14.691274,145.46938,GPS EcoRRAP sites,60,3-May,4.6,ONLI_FR1S,ONLI_FR1S
445,ECO03,Stylophora pistillata,Spis,30,10,2021,Lizard_Island,-14.691274,145.46938,-14.691274,145.46938,GPS EcoRRAP sites,60,3-May,4.6,ONLI_FR1S,ONLI_FR1S
445,ECO03,Stylophora pistillata,Spis,30,10,2021,Lizard_Island,-14.691274,145.46938,-14.691274,145.46938,GPS EcoRRAP sites,60,3-May,4.6,ONLI_FR1S,ONLI_FR1S
446,ECO03,Acropora hyacinthus,Ahya,30,10,2021,Lizard_Island,-14.691274,145.46938,-14.691274,145.46938,GPS EcoRRAP sites,60,3-May,4.6,ONLI_FR1S,ONLI_FR1S
447,ECO03,Acropora hyacinthus,Ahya,30,10,2021,Lizard_Island,-14.691274,145.46938,-14.691274,145.46938,GPS EcoRRAP sites,60,3-May,4.6,ONLI_FR1S,ONLI_FR1S
448,ECO03,Stylophora pistillata,Spis,30,10,2021,Lizard_Island,-14.691274,145.46938,-14.691274,145.46938,GPS EcoRRAP sites,60,3-May,4.6,ONLI_FR1S,ONLI_FR1S
448,ECO03,Stylophora pistillata,Spis,30,10,2021,Lizard_Island,-14.691274,145.46938,-14.691274,145.46938,GPS EcoRRAP sites,60,3-May,4.6,ONLI_FR1S,ONLI_FR1S
449,ECO03,Stylophora pistillata,Spis,30,10,2021,Lizard_Island,-14.6980975,145.445447,-14.6980975,145.445447,GPS EcoRRAP sites,60,4,4,ONLI_FL1S,ONLI_FL1S
449,ECO03,Stylophora pistillata,Spis,30,10,2021,Lizard_Island,-14.6980975,145.445447,-14.6980975,145.445447,GPS EcoRRAP sites,60,4,4,ONLI_FL1S,ONLI_FL1S
450,ECO03,Stylophora pistillata,Spis,30,10,2021,Lizard_Island,-14.6980975,145.445447,-14.6980975,145.445447,GPS EcoRRAP sites,60,4,4,ONLI_FL1S,ONLI_FL1S
451,ECO03,Pocillopora verrucosa,Pver,30,10,2021,Lizard_Island,-14.6980975,145.445447,-14.6980975,145.445447,GPS EcoRRAP sites,60,4,4,ONLI_FL1S,ONLI_FL1S
452,ECO03,Pocillopora verrucosa,Pver,30,10,2021,Lizard_Island,-14.6980975,145.445447,-14.6980975,145.445447,GPS EcoRRAP sites,60,4,4,ONLI_FL1S,ONLI_FL1S
453,ECO03,Pocillopora verrucosa,Pver,30,10,2021,Lizard_Island,-14.6980975,145.445447,-14.6980975,145.445447,GPS EcoRRAP sites,60,4,4,ONLI_FL1S,ONLI_FL1S
454,ECO03,Pocillopora verrucosa,Pver,30,10,2021,Lizard_Island,-14.6980975,145.445447,-14.6980975,145.445447,GPS EcoRRAP sites,60,4,4,ONLI_FL1S,ONLI_FL1S
455,ECO03,Stylophora pistillata,Spis,30,10,2021,Lizard_Island,-14.6980975,145.445447,-14.6980975,145.445447,GPS EcoRRAP sites,60,4,4,ONLI_FL1S,ONLI_FL1S
455,ECO03,Stylophora pistillata,Spis,30,10,2021,Lizard_Island,-14.6980975,145.445447,-14.6980975,145.445447,GPS EcoRRAP sites,60,4,4,ONLI_FL1S,ONLI_FL1S
456,ECO03,Stylophora pistillata,Spis,30,10,2021,Lizard_Island,-14.6980975,145.445447,-14.6980975,145.445447,GPS EcoRRAP sites,60,4,4,ONLI_FL1S,ONLI_FL1S
456,ECO03,Stylophora pistillata,Spis,30,10,2021,Lizard_Island,-14.6980975,145.445447,-14.6980975,145.445447,GPS EcoRRAP sites,60,4,4,ONLI_FL1S,ONLI_FL1S
457,ECO03,Pocillopora verrucosa,Pver,30,10,2021,Lizard_Island,-14.6980975,145.445447,-14.6980975,145.445447,GPS EcoRRAP sites,60,4,4,ONLI_FL1S,ONLI_FL1S
458,ECO03,Stylophora pistillata,Spis,30,10,2021,Lizard_Island,-14.6980975,145.445447,-14.6980975,145.445447,GPS EcoRRAP sites,60,4,4,ONLI_FL1S,ONLI_FL1S
458,ECO03,Stylophora pistillata,Spis,30,10,2021,Lizard_Island,-14.6980975,145.445447,-14.6980975,145.445447,GPS EcoRRAP sites,60,4,4,ONLI_FL1S,ONLI_FL1S
459,ECO03,Acropora hyacinthus,Ahya,30,10,2021,Lizard_Island,-14.6980975,145.445447,-14.6980975,145.445447,GPS EcoRRAP sites,60,2-Mar,4,ONLI_FL1S,ONLI_FL1S
460,ECO03,Acropora hyacinthus,Ahya,30,10,2021,Lizard_Island,-14.6980975,145.445447,-14.6980975,145.445447,GPS EcoRRAP sites,60,2-Mar,4,ONLI_FL1S,ONLI_FL1S
461,ECO03,Acropora hyacinthus,Ahya,30,10,2021,Lizard_Island,-14.6980975,145.445447,-14.6980975,145.445447,GPS EcoRRAP sites,60,2-Mar,4,ONLI_FL1S,ONLI_FL1S
462,ECO03,Acropora hyacinthus,Ahya,30,10,2021,Lizard_Island,-14.6980975,145.445447,-14.6980975,145.445447,GPS EcoRRAP sites,60,2-Mar,4,ONLI_FL1S,ONLI_FL1S
463,ECO03,Acropora hyacinthus,Ahya,30,10,2021,Lizard_Island,-14.6980975,145.445447,-14.6980975,145.445447,GPS EcoRRAP sites,60,2-Mar,4,ONLI_FL1S,ONLI_FL1S
464,ECO03,Stylophora pistillata,Spis,31,10,2021,Lizard_Island,-14.649439,145.492935,-14.649439,145.492935,GPS EcoRRAP sites,60,5,4.4,ONLI_FR2S,ONLI_FR2S
465,ECO03,Stylophora pistillata,Spis,31,10,2021,Lizard_Island,-14.649439,145.492935,-14.649439,145.492935,GPS EcoRRAP sites,60,5,4.4,ONLI_FR2S,ONLI_FR2S
465,ECO03,Stylophora pistillata,Spis,31,10,2021,Lizard_Island,-14.649439,145.492935,-14.649439,145.492935,GPS EcoRRAP sites,60,5,4.4,ONLI_FR2S,ONLI_FR2S
466,ECO03,Stylophora pistillata,Spis,31,10,2021,Lizard_Island,-14.649439,145.492935,-14.649439,145.492935,GPS EcoRRAP sites,60,5,4.4,ONLI_FR2S,ONLI_FR2S
467,ECO03,Stylophora pistillata,Spis,31,10,2021,Lizard_Island,-14.649439,145.492935,-14.649439,145.492935,GPS EcoRRAP sites,60,5,4.4,ONLI_FR2S,ONLI_FR2S
467,ECO03,Stylophora pistillata,Spis,31,10,2021,Lizard_Island,-14.649439,145.492935,-14.649439,145.492935,GPS EcoRRAP sites,60,5,4.4,ONLI_FR2S,ONLI_FR2S
468,ECO03,Stylophora pistillata,Spis,31,10,2021,Lizard_Island,-14.649439,145.492935,-14.649439,145.492935,GPS EcoRRAP sites,60,5,4.4,ONLI_FR2S,ONLI_FR2S
468,ECO03,Stylophora pistillata,Spis,31,10,2021,Lizard_Island,-14.649439,145.492935,-14.649439,145.492935,GPS EcoRRAP sites,60,5,4.4,ONLI_FR2S,ONLI_FR2S
469,ECO03,Pocillopora verrucosa,Pver,31,10,2021,Lizard_Island,-14.649439,145.492935,-14.649439,145.492935,GPS EcoRRAP sites,60,5,4.4,ONLI_FR2S,ONLI_FR2S
470,ECO03,Pocillopora verrucosa,Pver,31,10,2021,Lizard_Island,-14.649439,145.492935,-14.649439,145.492935,GPS EcoRRAP sites,60,5,4.4,ONLI_FR2S,ONLI_FR2S
471,ECO03,Pocillopora verrucosa,Pver,31,10,2021,Lizard_Island,-14.649439,145.492935,-14.649439,145.492935,GPS EcoRRAP sites,60,5,4.4,ONLI_FR2S,ONLI_FR2S
472,ECO03,Pocillopora verrucosa,Pver,31,10,2021,Lizard_Island,-14.649439,145.492935,-14.649439,145.492935,GPS EcoRRAP sites,60,5,4.4,ONLI_FR2S,ONLI_FR2S
473,ECO03,Pocillopora verrucosa,Pver,31,10,2021,Lizard_Island,-14.649439,145.492935,-14.649439,145.492935,GPS EcoRRAP sites,60,5,4.4,ONLI_FR2S,ONLI_FR2S
474,ECO03,Acropora hyacinthus,Ahya,31,10,2021,Lizard_Island,-14.649439,145.492935,-14.649439,145.492935,GPS EcoRRAP sites,60,2,4.4,ONLI_FR2S,ONLI_FR2S
475,ECO03,Acropora hyacinthus,Ahya,31,10,2021,Lizard_Island,-14.649439,145.492935,-14.649439,145.492935,GPS EcoRRAP sites,60,2,4.4,ONLI_FR2S,ONLI_FR2S
476,ECO03,Acropora hyacinthus,Ahya,31,10,2021,Lizard_Island,-14.649439,145.492935,-14.649439,145.492935,GPS EcoRRAP sites,60,2,4.4,ONLI_FR2S,ONLI_FR2S
477,ECO03,Acropora hyacinthus,Ahya,31,10,2021,Lizard_Island,-14.649439,145.492935,-14.649439,145.492935,GPS EcoRRAP sites,60,2,4.4,ONLI_FR2S,ONLI_FR2S
478,ECO03,Acropora hyacinthus,Ahya,31,10,2021,Lizard_Island,-14.649439,145.492935,-14.649439,145.492935,GPS EcoRRAP sites,60,2,4.4,ONLI_FR2S,ONLI_FR2S
479,ECO03,Pocillopora verrucosa,Pver,31,10,2021,Lizard_Island,NA,NA,-14.667794,145.441894,GPS EcoRRAP sites,60,5,3.1,ONLI_BA2S,ONLI_BA2S
480,ECO03,Pocillopora verrucosa,Pver,31,10,2021,Lizard_Island,NA,NA,-14.667794,145.441894,GPS EcoRRAP sites,60,5,3.1,ONLI_BA2S,ONLI_BA2S
481,ECO03,Pocillopora verrucosa,Pver,31,10,2021,Lizard_Island,NA,NA,-14.667794,145.441894,GPS EcoRRAP sites,60,5,3.1,ONLI_BA2S,ONLI_BA2S
482,ECO03,Pocillopora verrucosa,Pver,31,10,2021,Lizard_Island,NA,NA,-14.667794,145.441894,GPS EcoRRAP sites,60,5,3.1,ONLI_BA2S,ONLI_BA2S
483,ECO03,Stylophora pistillata,Spis,31,10,2021,Lizard_Island,NA,NA,-14.667794,145.441894,GPS EcoRRAP sites,60,5,3.1,ONLI_BA2S,ONLI_BA2S
483,ECO03,Stylophora pistillata,Spis,31,10,2021,Lizard_Island,NA,NA,-14.667794,145.441894,GPS EcoRRAP sites,60,5,3.1,ONLI_BA2S,ONLI_BA2S
484,ECO03,Stylophora pistillata,Spis,31,10,2021,Lizard_Island,NA,NA,-14.667794,145.441894,GPS EcoRRAP sites,60,5,3.1,ONLI_BA2S,ONLI_BA2S
484,ECO03,Stylophora pistillata,Spis,31,10,2021,Lizard_Island,NA,NA,-14.667794,145.441894,GPS EcoRRAP sites,60,5,3.1,ONLI_BA2S,ONLI_BA2S
485,ECO03,Stylophora pistillata,Spis,31,10,2021,Lizard_Island,NA,NA,-14.667794,145.441894,GPS EcoRRAP sites,60,5,3.1,ONLI_BA2S,ONLI_BA2S
485,ECO03,Stylophora pistillata,Spis,31,10,2021,Lizard_Island,NA,NA,-14.667794,145.441894,GPS EcoRRAP sites,60,5,3.1,ONLI_BA2S,ONLI_BA2S
486,ECO03,Stylophora pistillata,Spis,31,10,2021,Lizard_Island,NA,NA,-14.667794,145.441894,GPS EcoRRAP sites,60,5,3.1,ONLI_BA2S,ONLI_BA2S
486,ECO03,Stylophora pistillata,Spis,31,10,2021,Lizard_Island,NA,NA,-14.667794,145.441894,GPS EcoRRAP sites,60,5,3.1,ONLI_BA2S,ONLI_BA2S
487,ECO03,Pocillopora verrucosa,Pver,31,10,2021,Lizard_Island,NA,NA,-14.667794,145.441894,GPS EcoRRAP sites,60,5,3.1,ONLI_BA2S,ONLI_BA2S
488,ECO03,Stylophora pistillata,Spis,31,10,2021,Lizard_Island,NA,NA,-14.667794,145.441894,GPS EcoRRAP sites,60,5,3.1,ONLI_BA2S,ONLI_BA2S
488,ECO03,Stylophora pistillata,Spis,31,10,2021,Lizard_Island,NA,NA,-14.667794,145.441894,GPS EcoRRAP sites,60,5,3.1,ONLI_BA2S,ONLI_BA2S
489,ECO03,Stylophora pistillata,Spis,1,11,2021,Lizard_Island,-14.6877065,145.465276,-14.6877065,145.465276,GPS EcoRRAP sites,60,5,3.7,ONLI_LA1S,ONLI_LA1S
489,ECO03,Stylophora pistillata,Spis,1,11,2021,Lizard_Island,-14.6877065,145.465276,-14.6877065,145.465276,GPS EcoRRAP sites,60,5,3.7,ONLI_LA1S,ONLI_LA1S
490,ECO03,Stylophora pistillata,Spis,1,11,2021,Lizard_Island,-14.6877065,145.465276,-14.6877065,145.465276,GPS EcoRRAP sites,60,5,3.7,ONLI_LA1S,ONLI_LA1S
490,ECO03,Stylophora pistillata,Spis,1,11,2021,Lizard_Island,-14.6877065,145.465276,-14.6877065,145.465276,GPS EcoRRAP sites,60,5,3.7,ONLI_LA1S,ONLI_LA1S
491,ECO03,Stylophora pistillata,Spis,1,11,2021,Lizard_Island,-14.6877065,145.465276,-14.6877065,145.465276,GPS EcoRRAP sites,60,5,3.7,ONLI_LA1S,ONLI_LA1S
491,ECO03,Stylophora pistillata,Spis,1,11,2021,Lizard_Island,-14.6877065,145.465276,-14.6877065,145.465276,GPS EcoRRAP sites,60,5,3.7,ONLI_LA1S,ONLI_LA1S
492,ECO03,Stylophora pistillata,Spis,1,11,2021,Lizard_Island,-14.6877065,145.465276,-14.6877065,145.465276,GPS EcoRRAP sites,60,5,3.7,ONLI_LA1S,ONLI_LA1S
493,ECO03,Stylophora pistillata,Spis,1,11,2021,Lizard_Island,-14.6877065,145.465276,-14.6877065,145.465276,GPS EcoRRAP sites,60,5,3.7,ONLI_LA1S,ONLI_LA1S
493,ECO03,Stylophora pistillata,Spis,1,11,2021,Lizard_Island,-14.6877065,145.465276,-14.6877065,145.465276,GPS EcoRRAP sites,60,5,3.7,ONLI_LA1S,ONLI_LA1S
494,ECO03,Stylophora pistillata,Spis,1,11,2021,Lizard_Island,-14.6877065,145.465276,-14.6877065,145.465276,GPS EcoRRAP sites,60,5,3.7,ONLI_LA1S,ONLI_LA1S
494,ECO03,Stylophora pistillata,Spis,1,11,2021,Lizard_Island,-14.6877065,145.465276,-14.6877065,145.465276,GPS EcoRRAP sites,60,5,3.7,ONLI_LA1S,ONLI_LA1S
495,ECO03,Pocillopora verrucosa,Pver,1,11,2021,Lizard_Island,-14.6877065,145.465276,-14.6877065,145.465276,GPS EcoRRAP sites,60,2,3.7,ONLI_LA1S,ONLI_LA1S
496,ECO03,Pocillopora verrucosa,Pver,1,11,2021,Lizard_Island,-14.6877065,145.465276,-14.6877065,145.465276,GPS EcoRRAP sites,60,2,3.7,ONLI_LA1S,ONLI_LA1S
497,ECO03,Pocillopora verrucosa,Pver,1,11,2021,Lizard_Island,-14.6877065,145.465276,-14.6877065,145.465276,GPS EcoRRAP sites,60,2,3.7,ONLI_LA1S,ONLI_LA1S
498,ECO03,Acropora hyacinthus,Ahya,13,5,2021,Lady_Musgrave,-23.894298,152.404406,-23.894298,152.404406,GPS EcoRRAP sites,60,2-May,4.6,CBLM_BA2S,CBLM_BA2S
499,ECO03,Acropora hyacinthus,Ahya,13,5,2021,Lady_Musgrave,-23.894298,152.404406,-23.894298,152.404406,GPS EcoRRAP sites,60,2-May,4.6,CBLM_BA2S,CBLM_BA2S
500,ECO03,Acropora hyacinthus,Ahya,13,5,2021,Lady_Musgrave,-23.894298,152.404406,-23.894298,152.404406,GPS EcoRRAP sites,60,2-May,4.6,CBLM_BA2S,CBLM_BA2S
501,ECO03,Acropora hyacinthus,Ahya,13,5,2021,Lady_Musgrave,-23.894298,152.404406,-23.894298,152.404406,GPS EcoRRAP sites,60,2-May,4.6,CBLM_BA2S,CBLM_BA2S
502,ECO03,Acropora hyacinthus,Ahya,13,5,2021,Lady_Musgrave,-23.894298,152.404406,-23.894298,152.404406,GPS EcoRRAP sites,60,2-May,4.6,CBLM_BA2S,CBLM_BA2S
503,ECO03,Acropora hyacinthus,Ahya,13,5,2021,Lady_Musgrave,-23.894298,152.404406,-23.894298,152.404406,GPS EcoRRAP sites,60,2-May,4.6,CBLM_BA2S,CBLM_BA2S
504,ECO03,Acropora hyacinthus,Ahya,19,5,2021,Halfway,-23.201548,150.966419,-23.201548,150.966419,GPS EcoRRAP sites,60,1-May,4.3,KEHW_BA1S,KEHW_BA1S
504,ECO03,Acropora hyacinthus,Ahya,19,5,2021,Halfway,-23.201548,150.966419,-23.201548,150.966419,GPS EcoRRAP sites,60,1-May,4.3,KEHW_BA1S,KEHW_BA1S
505,ECO03,Acropora hyacinthus,Ahya,19,5,2021,Halfway,-23.201548,150.966419,-23.201548,150.966419,GPS EcoRRAP sites,60,1-May,4.3,KEHW_BA1S,KEHW_BA1S
506,ECO03,Stylophora pistillata,Spis,13,5,2021,Lady_Musgrave,-23.896238,152.413635,-23.896238,152.413635,GPS EcoRRAP sites,60,1,4.1,CBLM_LA1S,CBLM_LA1S
506,ECO03,Stylophora pistillata,Spis,24,5,2021,Chicken,-18.66016,147.70297,-18.66016,147.70297,GPS EcoRRAP sites,60,1-May,4.4,OCCH_BA2S,OCCH_BA2S
506,ECO03,Stylophora pistillata,Spis,13,5,2021,Lady_Musgrave,-23.896238,152.413635,-23.896238,152.413635,GPS EcoRRAP sites,60,1,4.1,CBLM_LA1S,CBLM_LA1S
506,ECO03,Stylophora pistillata,Spis,24,5,2021,Chicken,-18.66016,147.70297,-18.66016,147.70297,GPS EcoRRAP sites,60,1-May,4.4,OCCH_BA2S,OCCH_BA2S
507,ECO03,Stylophora pistillata,Spis,22,5,2021,Little_Broadhurst,-18.944082,147.699448,-18.944082,147.699448,GPS EcoRRAP sites,60,1-May,4.7,OCLB_FL1S,OCLB_FL1S
508,ECO03,Stylophora pistillata,Spis,22,5,2021,Little_Broadhurst,-18.944082,147.699448,-18.944082,147.699448,GPS EcoRRAP sites,60,1-May,4.7,OCLB_FL1S,OCLB_FL1S
509,ECO03,Stylophora pistillata,Spis,25,5,2021,Little_Broadhurst,-18.949409,147.701664,-18.949409,147.701664,GPS EcoRRAP sites,60,1-May,3.4,OCLB_LA1S,OCLB_LA1S
510,ECO03,Stylophora pistillata,Spis,25,5,2021,Little_Broadhurst,-18.949409,147.701664,-18.949409,147.701664,GPS EcoRRAP sites,60,1-May,3.4,OCLB_LA1S,OCLB_LA1S
511,ECO03,Pocillopora verrucosa,Pver,10,1,2022,Pelorus,-18.53952,146.49918,-18.53952,146.49918,GPS EcoRRAP sites,60,5,4.3,PAPE_FR1S,PAPE_FR1S
512,ECO03,Pocillopora verrucosa,Pver,10,1,2022,Pelorus,-18.53952,146.49918,-18.53952,146.49918,GPS EcoRRAP sites,60,5,4.3,PAPE_FR1S,PAPE_FR1S
513,ECO03,Pocillopora verrucosa,Pver,10,1,2022,Pelorus,-18.53952,146.49918,-18.53952,146.49918,GPS EcoRRAP sites,60,5,4.3,PAPE_FR1S,PAPE_FR1S
513,ECO03,Pocillopora verrucosa,Pver,10,1,2022,Pelorus,-18.53952,146.49918,-18.53952,146.49918,GPS EcoRRAP sites,60,5,4.3,PAPE_FR1S,PAPE_FR1S
514,ECO03,Pocillopora verrucosa,Pver,10,1,2022,Pelorus,-18.53952,146.49918,-18.53952,146.49918,GPS EcoRRAP sites,60,5,4.3,PAPE_FR1S,PAPE_FR1S
515,ECO03,Pocillopora verrucosa,Pver,10,1,2022,Pelorus,-18.53952,146.49918,-18.53952,146.49918,GPS EcoRRAP sites,60,5,4.3,PAPE_FR1S,PAPE_FR1S
516,ECO03,Pocillopora verrucosa,Pver,10,1,2022,Pelorus,-18.53952,146.49918,-18.53952,146.49918,GPS EcoRRAP sites,60,5,4.3,PAPE_FR1S,PAPE_FR1S
517,ECO03,Stylophora pistillata,Spis,10,1,2022,Pelorus,-18.53952,146.49918,-18.53952,146.49918,GPS EcoRRAP sites,60,5,4.3,PAPE_FR1S,PAPE_FR1S
518,ECO03,Pocillopora verrucosa,Pver,10,1,2022,Pelorus,-18.53952,146.49918,-18.53952,146.49918,GPS EcoRRAP sites,60,5,4.3,PAPE_FR1S,PAPE_FR1S
519,ECO03,Pocillopora verrucosa,Pver,10,1,2022,Pelorus,-18.53952,146.49918,-18.53952,146.49918,GPS EcoRRAP sites,60,5,4.3,PAPE_FR1S,PAPE_FR1S
520,ECO03,Pocillopora verrucosa,Pver,10,1,2022,Pelorus,-18.53952,146.49918,-18.53952,146.49918,GPS EcoRRAP sites,60,5,4.3,PAPE_FR1S,PAPE_FR1S
521,ECO03,Pocillopora verrucosa,Pver,10,1,2022,Orpheus,-18.57226,146.49542,-18.57226,146.49542,GPS EcoRRAP sites,60,5,3,PAOR_FL1S,PAOR_FL1S
522,ECO03,Pocillopora verrucosa,Pver,10,1,2022,Orpheus,-18.57226,146.49542,-18.57226,146.49542,GPS EcoRRAP sites,60,5,3,PAOR_FL1S,PAOR_FL1S
523,ECO03,Pocillopora verrucosa,Pver,10,1,2022,Orpheus,-18.57226,146.49542,-18.57226,146.49542,GPS EcoRRAP sites,60,5,3,PAOR_FL1S,PAOR_FL1S
524,ECO03,Pocillopora verrucosa,Pver,10,1,2022,Orpheus,-18.57226,146.49542,-18.57226,146.49542,GPS EcoRRAP sites,60,5,3,PAOR_FL1S,PAOR_FL1S
525,ECO03,Pocillopora verrucosa,Pver,10,1,2022,Orpheus,-18.57226,146.49542,-18.57226,146.49542,GPS EcoRRAP sites,60,5,3,PAOR_FL1S,PAOR_FL1S
526,ECO03,Pocillopora verrucosa,Pver,11,1,2022,Pelorus,-18.53935,146.4995,-18.53935,146.4995,GPS EcoRRAP sites,60,13,10.2,PAPE_FR1D,PAPE_FR1D
527,ECO03,Pocillopora verrucosa,Pver,11,1,2022,Pelorus,-18.53935,146.4995,-18.53935,146.4995,GPS EcoRRAP sites,60,13,10.2,PAPE_FR1D,PAPE_FR1D
528,ECO03,Stylophora pistillata,Spis,11,1,2022,Pelorus,-18.53935,146.4995,-18.53935,146.4995,GPS EcoRRAP sites,60,13,10.2,PAPE_FR1D,PAPE_FR1D
529,ECO03,Stylophora pistillata,Spis,11,1,2022,Pelorus,-18.53935,146.4995,-18.53935,146.4995,GPS EcoRRAP sites,60,13,10.2,PAPE_FR1D,PAPE_FR1D
530,ECO03,Stylophora pistillata,Spis,11,1,2022,Pelorus,-18.53935,146.4995,-18.53935,146.4995,GPS EcoRRAP sites,60,13,10.2,PAPE_FR1D,PAPE_FR1D
531,ECO03,Stylophora pistillata,Spis,11,1,2022,Pelorus,-18.53935,146.4995,-18.53935,146.4995,GPS EcoRRAP sites,60,13,10.2,PAPE_FR1D,PAPE_FR1D
532,ECO03,Stylophora pistillata,Spis,11,1,2022,Pelorus,-18.53935,146.4995,-18.53935,146.4995,GPS EcoRRAP sites,60,13,10.2,PAPE_FR1D,PAPE_FR1D
533,ECO03,Stylophora pistillata,Spis,11,1,2022,Pelorus,-18.53935,146.4995,-18.53935,146.4995,GPS EcoRRAP sites,60,13,10.2,PAPE_FR1D,PAPE_FR1D
534,ECO03,Pocillopora verrucosa,Pver,11,1,2022,Pelorus,-18.53935,146.4995,-18.53935,146.4995,GPS EcoRRAP sites,60,13,10.2,PAPE_FR1D,PAPE_FR1D
535,ECO03,Stylophora pistillata,Spis,11,1,2022,Pelorus,-18.53935,146.4995,-18.53935,146.4995,GPS EcoRRAP sites,60,13,10.2,PAPE_FR1D,PAPE_FR1D
536,ECO03,Pocillopora verrucosa,Pver,11,1,2022,Pelorus,-18.53935,146.4995,-18.53935,146.4995,GPS EcoRRAP sites,60,13,10.2,PAPE_FR1D,PAPE_FR1D
537,ECO03,Pocillopora verrucosa,Pver,11,1,2022,Pelorus,-18.53935,146.4995,-18.53935,146.4995,GPS EcoRRAP sites,60,13,10.2,PAPE_FR1D,PAPE_FR1D
538,ECO03,Stylophora pistillata,Spis,11,1,2022,Pelorus,-18.53935,146.4995,-18.53935,146.4995,GPS EcoRRAP sites,60,13,10.2,PAPE_FR1D,PAPE_FR1D
539,ECO03,Stylophora pistillata,Spis,11,1,2022,Pelorus,-18.53935,146.4995,-18.53935,146.4995,GPS EcoRRAP sites,60,13,10.2,PAPE_FR1D,PAPE_FR1D
540,ECO03,Stylophora pistillata,Spis,11,1,2022,Pelorus,-18.53935,146.4995,-18.53935,146.4995,GPS EcoRRAP sites,60,13,10.2,PAPE_FR1D,PAPE_FR1D
541,ECO03,Stylophora pistillata,Spis,12,1,2022,Pelorus,-18.55054,146.48822,-18.55054,146.48822,GPS EcoRRAP sites,60,13,10.4,PAPE_BA1D,PAPE_BA1D
542,ECO03,Stylophora pistillata,Spis,12,1,2022,Pelorus,-18.55054,146.48822,-18.55054,146.48822,GPS EcoRRAP sites,60,13,10.4,PAPE_BA1D,PAPE_BA1D
543,ECO03,Stylophora pistillata,Spis,12,1,2022,Pelorus,-18.55054,146.48822,-18.55054,146.48822,GPS EcoRRAP sites,60,13,10.4,PAPE_BA1D,PAPE_BA1D
544,ECO03,Pocillopora verrucosa,Pver,13,1,2022,Orpheus,-18.57151,146.49538,-18.57151,146.49538,GPS EcoRRAP sites,60,12,7.4,PAOR_FL1D,PAOR_FL1D
545,ECO03,Stylophora pistillata,Spis,13,1,2022,Orpheus,-18.57151,146.49538,-18.57151,146.49538,GPS EcoRRAP sites,60,12,7.4,PAOR_FL1D,PAOR_FL1D
546,ECO03,Stylophora pistillata,Spis,13,1,2022,Orpheus,-18.57151,146.49538,-18.57151,146.49538,GPS EcoRRAP sites,60,12,7.4,PAOR_FL1D,PAOR_FL1D
547,ECO03,Stylophora pistillata,Spis,13,1,2022,Orpheus,-18.57151,146.49538,-18.57151,146.49538,GPS EcoRRAP sites,60,12,7.4,PAOR_FL1D,PAOR_FL1D
548,ECO03,Stylophora pistillata,Spis,13,1,2022,Orpheus,-18.57151,146.49538,-18.57151,146.49538,GPS EcoRRAP sites,60,12,7.4,PAOR_FL1D,PAOR_FL1D
549,ECO03,Pocillopora verrucosa,Pver,13,1,2022,Orpheus,-18.57151,146.49538,-18.57151,146.49538,GPS EcoRRAP sites,60,12,7.4,PAOR_FL1D,PAOR_FL1D
550,ECO03,Stylophora pistillata,Spis,13,1,2022,Orpheus,-18.57151,146.49538,-18.57151,146.49538,GPS EcoRRAP sites,60,12,7.4,PAOR_FL1D,PAOR_FL1D
551,ECO03,Stylophora pistillata,Spis,13,1,2022,Orpheus,-18.57151,146.49538,-18.57151,146.49538,GPS EcoRRAP sites,60,12,7.4,PAOR_FL1D,PAOR_FL1D
552,ECO03,Pocillopora verrucosa,Pver,13,1,2022,Orpheus,-18.57151,146.49538,-18.57151,146.49538,GPS EcoRRAP sites,60,8,7.4,PAOR_FL1D,PAOR_FL1D
553,ECO03,Pocillopora verrucosa,Pver,13,1,2022,Pelorus,-18.54103,146.48862,-18.54103,146.48862,GPS EcoRRAP sites,60,3,2.4,PAPE_BA2S,PAPE_BA2S
554,ECO03,Pocillopora verrucosa,Pver,13,1,2022,Pelorus,-18.54103,146.48862,-18.54103,146.48862,GPS EcoRRAP sites,60,3,2.4,PAPE_BA2S,PAPE_BA2S
555,ECO03,Pocillopora verrucosa,Pver,13,1,2022,Pelorus,-18.54103,146.48862,-18.54103,146.48862,GPS EcoRRAP sites,60,3,2.4,PAPE_BA2S,PAPE_BA2S
556,ECO03,Pocillopora verrucosa,Pver,13,1,2022,Pelorus,-18.54103,146.48862,-18.54103,146.48862,GPS EcoRRAP sites,60,3,2.4,PAPE_BA2S,PAPE_BA2S
557,ECO03,Pocillopora verrucosa,Pver,13,1,2022,Pelorus,-18.54103,146.48862,-18.54103,146.48862,GPS EcoRRAP sites,60,3,2.4,PAPE_BA2S,PAPE_BA2S
558,ECO03,Stylophora pistillata,Spis,13,1,2022,Pelorus,-18.54103,146.48862,-18.54103,146.48862,GPS EcoRRAP sites,60,3,2.4,PAPE_BA2S,PAPE_BA2S
559,ECO03,Pocillopora verrucosa,Pver,13,1,2022,Pelorus,-18.54103,146.48862,-18.54103,146.48862,GPS EcoRRAP sites,60,3,2.4,PAPE_BA2S,PAPE_BA2S
560,ECO03,Pocillopora verrucosa,Pver,13,1,2022,Pelorus,-18.54103,146.48862,-18.54103,146.48862,GPS EcoRRAP sites,60,3,2.4,PAPE_BA2S,PAPE_BA2S
561,ECO03,Pocillopora verrucosa,Pver,13,1,2022,Pelorus,-18.54103,146.48862,-18.54103,146.48862,GPS EcoRRAP sites,60,3,2.4,PAPE_BA2S,PAPE_BA2S
562,ECO03,Pocillopora verrucosa,Pver,13,1,2022,Pelorus,-18.54103,146.48862,-18.54103,146.48862,GPS EcoRRAP sites,60,3,2.4,PAPE_BA2S,PAPE_BA2S
563,ECO03,Pocillopora verrucosa,Pver,13,1,2022,Pelorus,-18.54103,146.48862,-18.54103,146.48862,GPS EcoRRAP sites,60,3,2.4,PAPE_BA2S,PAPE_BA2S
564,ECO03,Stylophora pistillata,Spis,13,1,2022,Pelorus,-18.54103,146.48862,-18.54103,146.48862,GPS EcoRRAP sites,60,3,2.4,PAPE_BA2S,PAPE_BA2S
565,ECO03,Pocillopora verrucosa,Pver,14,1,2022,Pelorus,-18.54083,146.48846,-18.54083,146.48846,GPS EcoRRAP sites,60,12,9.3,PAPE_BA2D,PAPE_BA2D
566,ECO03,Stylophora pistillata,Spis,14,1,2022,Pelorus,-18.54083,146.48846,-18.54083,146.48846,GPS EcoRRAP sites,60,12,9.3,PAPE_BA2D,PAPE_BA2D
567,ECO03,Pocillopora verrucosa,Pver,14,1,2022,Pelorus,-18.54083,146.48846,-18.54083,146.48846,GPS EcoRRAP sites,60,12,9.3,PAPE_BA2D,PAPE_BA2D
568,ECO03,Pocillopora verrucosa,Pver,14,1,2022,Pelorus,-18.54083,146.48846,-18.54083,146.48846,GPS EcoRRAP sites,60,12,9.3,PAPE_BA2D,PAPE_BA2D
569,ECO03,Pocillopora verrucosa,Pver,15,1,2022,Davies,-18.83191,147.65257,-18.83191,147.65257,GPS EcoRRAP sites,60,13,11.1,OCDA_FR2D,OCDA_FR2D
570,ECO03,Stylophora pistillata,Spis,15,1,2022,Davies,-18.83191,147.65257,-18.83191,147.65257,GPS EcoRRAP sites,60,13,11.1,OCDA_FR2D,OCDA_FR2D
571,ECO03,Stylophora pistillata,Spis,15,1,2022,Davies,-18.83191,147.65257,-18.83191,147.65257,GPS EcoRRAP sites,60,13,11.1,OCDA_FR2D,OCDA_FR2D
572,ECO03,Pocillopora verrucosa,Pver,15,1,2022,Davies,-18.83191,147.65257,-18.83191,147.65257,GPS EcoRRAP sites,60,13,11.1,OCDA_FR2D,OCDA_FR2D
573,ECO03,Stylophora pistillata,Spis,15,1,2022,Davies,-18.83191,147.65257,-18.83191,147.65257,GPS EcoRRAP sites,60,13,11.1,OCDA_FR2D,OCDA_FR2D
574,ECO03,Pocillopora verrucosa,Pver,15,1,2022,Davies,-18.83191,147.65257,-18.83191,147.65257,GPS EcoRRAP sites,60,13,11.1,OCDA_FR2D,OCDA_FR2D
575,ECO03,Pocillopora verrucosa,Pver,15,1,2022,Davies,-18.83191,147.65257,-18.83191,147.65257,GPS EcoRRAP sites,60,13,11.1,OCDA_FR2D,OCDA_FR2D
576,ECO03,Stylophora pistillata,Spis,15,1,2022,Davies,-18.83191,147.65257,-18.83191,147.65257,GPS EcoRRAP sites,60,13,11.1,OCDA_FR2D,OCDA_FR2D
577,ECO03,Stylophora pistillata,Spis,15,1,2022,Davies,-18.83191,147.65257,-18.83191,147.65257,GPS EcoRRAP sites,60,13,11.1,OCDA_FR2D,OCDA_FR2D
578,ECO03,Pocillopora verrucosa,Pver,15,1,2022,Davies,-18.83191,147.65257,-18.83191,147.65257,GPS EcoRRAP sites,60,13,11.1,OCDA_FR2D,OCDA_FR2D
579,ECO03,Stylophora pistillata,Spis,15,1,2022,Davies,-18.83191,147.65257,-18.83191,147.65257,GPS EcoRRAP sites,60,13,11.1,OCDA_FR2D,OCDA_FR2D
580,ECO03,Pocillopora verrucosa,Pver,15,1,2022,Davies,-18.83191,147.65257,-18.83191,147.65257,GPS EcoRRAP sites,60,13,11.1,OCDA_FR2D,OCDA_FR2D
581,ECO03,Stylophora pistillata,Spis,15,1,2022,Davies,-18.83191,147.65257,-18.83191,147.65257,GPS EcoRRAP sites,60,13,11.1,OCDA_FR2D,OCDA_FR2D
582,ECO03,Stylophora pistillata,Spis,15,1,2022,Davies,-18.83191,147.65257,-18.83191,147.65257,GPS EcoRRAP sites,60,13,11.1,OCDA_FR2D,OCDA_FR2D
583,ECO03,Pocillopora verrucosa,Pver,15,1,2022,Davies,-18.83191,147.65257,-18.83191,147.65257,GPS EcoRRAP sites,60,13,11.1,OCDA_FR2D,OCDA_FR2D
584,ECO03,Pocillopora verrucosa,Pver,15,1,2022,Davies,-18.83191,147.65257,-18.83191,147.65257,GPS EcoRRAP sites,60,5,5.4,OCDA_FR2S,OCDA_FR2S
585,ECO03,Pocillopora verrucosa,Pver,15,1,2022,Davies,-18.83187,147.6525,-18.83187,147.6525,GPS EcoRRAP sites,60,5,5.4,OCDA_FR2S,OCDA_FR2S
586,ECO03,Pocillopora verrucosa,Pver,15,1,2022,Davies,-18.83187,147.6525,-18.83187,147.6525,GPS EcoRRAP sites,60,5,5.4,OCDA_FR2S,OCDA_FR2S
587,ECO03,Stylophora pistillata,Spis,15,1,2022,Davies,-18.83187,147.6525,-18.83187,147.6525,GPS EcoRRAP sites,60,5,5.4,OCDA_FR2S,OCDA_FR2S
588,ECO03,Stylophora pistillata,Spis,15,1,2022,Davies,-18.83187,147.6525,-18.83187,147.6525,GPS EcoRRAP sites,60,5,5.4,OCDA_FR2S,OCDA_FR2S
589,ECO03,Stylophora pistillata,Spis,15,1,2022,Davies,-18.83187,147.6525,-18.83187,147.6525,GPS EcoRRAP sites,60,5,5.4,OCDA_FR2S,OCDA_FR2S
590,ECO03,Pocillopora verrucosa,Pver,15,1,2022,Davies,-18.83187,147.6525,-18.83187,147.6525,GPS EcoRRAP sites,60,5,5.4,OCDA_FR2S,OCDA_FR2S
591,ECO03,Pocillopora verrucosa,Pver,15,1,2022,Davies,-18.83187,147.6525,-18.83187,147.6525,GPS EcoRRAP sites,60,5,5.4,OCDA_FR2S,OCDA_FR2S
592,ECO03,Pocillopora verrucosa,Pver,15,1,2022,Davies,-18.83187,147.6525,-18.83187,147.6525,GPS EcoRRAP sites,60,5,5.4,OCDA_FR2S,OCDA_FR2S
593,ECO03,Stylophora pistillata,Spis,15,1,2022,Davies,-18.83187,147.6525,-18.83187,147.6525,GPS EcoRRAP sites,60,5,5.4,OCDA_FR2S,OCDA_FR2S
594,ECO03,Stylophora pistillata,Spis,15,1,2022,Davies,-18.83187,147.6525,-18.83187,147.6525,GPS EcoRRAP sites,60,5,5.4,OCDA_FR2S,OCDA_FR2S
595,ECO03,Stylophora pistillata,Spis,15,1,2022,Davies,-18.83187,147.6525,-18.83187,147.6525,GPS EcoRRAP sites,60,5,5.4,OCDA_FR2S,OCDA_FR2S
596,ECO03,Pocillopora verrucosa,Pver,15,1,2022,Davies,-18.83187,147.6525,-18.83187,147.6525,GPS EcoRRAP sites,60,5,5.4,OCDA_FR2S,OCDA_FR2S
597,ECO03,Stylophora pistillata,Spis,15,1,2022,Davies,-18.83187,147.6525,-18.83187,147.6525,GPS EcoRRAP sites,60,5,5.4,OCDA_FR2S,OCDA_FR2S
598,ECO03,Stylophora pistillata,Spis,15,1,2022,Davies,-18.83187,147.6525,-18.83187,147.6525,GPS EcoRRAP sites,60,5,5.4,OCDA_FR2S,OCDA_FR2S
599,ECO03,Stylophora pistillata,Spis,16,1,2022,Davies,-18.81966,147.66394,-18.81966,147.66394,GPS EcoRRAP sites,60,14,9.9,OCDA_FR1D,OCDA_FR1D
600,ECO03,Stylophora pistillata,Spis,16,1,2022,Davies,-18.81966,147.66394,-18.81966,147.66394,GPS EcoRRAP sites,60,14,9.9,OCDA_FR1D,OCDA_FR1D
601,ECO03,Stylophora pistillata,Spis,16,1,2022,Davies,-18.81966,147.66394,-18.81966,147.66394,GPS EcoRRAP sites,60,14,9.9,OCDA_FR1D,OCDA_FR1D
602,ECO03,Stylophora pistillata,Spis,16,1,2022,Davies,-18.81966,147.66394,-18.81966,147.66394,GPS EcoRRAP sites,60,14,9.9,OCDA_FR1D,OCDA_FR1D
603,ECO03,Stylophora pistillata,Spis,16,1,2022,Davies,-18.81966,147.66394,-18.81966,147.66394,GPS EcoRRAP sites,60,14,9.9,OCDA_FR1D,OCDA_FR1D
604,ECO03,Stylophora pistillata,Spis,16,1,2022,Davies,-18.81966,147.66394,-18.81966,147.66394,GPS EcoRRAP sites,60,14,9.9,OCDA_FR1D,OCDA_FR1D
604,ECO03,Stylophora pistillata,Spis,16,1,2022,Davies,-18.81966,147.66394,-18.81966,147.66394,GPS EcoRRAP sites,60,14,9.9,OCDA_FR1D,OCDA_FR1D
605,ECO03,Pocillopora verrucosa,Pver,16,1,2022,Davies,-18.81966,147.66394,-18.81966,147.66394,GPS EcoRRAP sites,60,14,9.9,OCDA_FR1D,OCDA_FR1D
606,ECO03,Pocillopora verrucosa,Pver,16,1,2022,Davies,-18.81966,147.66394,-18.81966,147.66394,GPS EcoRRAP sites,60,14,9.9,OCDA_FR1D,OCDA_FR1D
607,ECO03,Pocillopora verrucosa,Pver,16,1,2022,Davies,-18.81966,147.66394,-18.81966,147.66394,GPS EcoRRAP sites,60,14,9.9,OCDA_FR1D,OCDA_FR1D
608,ECO03,Pocillopora verrucosa,Pver,16,1,2022,Davies,-18.81966,147.66394,-18.81966,147.66394,GPS EcoRRAP sites,60,14,9.9,OCDA_FR1D,OCDA_FR1D
609,ECO03,Pocillopora verrucosa,Pver,16,1,2022,Davies,-18.81966,147.66394,-18.81966,147.66394,GPS EcoRRAP sites,60,14,9.9,OCDA_FR1D,OCDA_FR1D
610,ECO03,Pocillopora damicornis,Pdam,16,1,2022,Davies,-18.81966,147.66394,-18.81966,147.66394,GPS EcoRRAP sites,60,14,9.9,OCDA_FR1D,OCDA_FR1D
611,ECO03,Pocillopora damicornis,Pdam,16,1,2022,Davies,-18.81966,147.66394,-18.81966,147.66394,GPS EcoRRAP sites,60,14,9.9,OCDA_FR1D,OCDA_FR1D
612,ECO03,Pocillopora verrucosa,Pver,16,1,2022,Davies,-18.81966,147.66394,-18.81966,147.66394,GPS EcoRRAP sites,60,14,9.9,OCDA_FR1D,OCDA_FR1D
613,ECO03,Stylophora pistillata,Spis,16,1,2022,Davies,-18.8192,147.66391,-18.8192,147.66391,GPS EcoRRAP sites,60,6,4.9,OCDA_FR1S,OCDA_FR1S
614,ECO03,Pocillopora verrucosa,Pver,16,1,2022,Davies,-18.8192,147.66391,-18.8192,147.66391,GPS EcoRRAP sites,60,6,4.9,OCDA_FR1S,OCDA_FR1S
615,ECO03,Pocillopora eydouxi,Peyd,16,1,2022,Davies,-18.8192,147.66391,-18.8192,147.66391,GPS EcoRRAP sites,60,6,4.9,OCDA_FR1S,OCDA_FR1S
616,ECO03,Pocillopora verrucosa,Pver,16,1,2022,Davies,-18.8192,147.66391,-18.8192,147.66391,GPS EcoRRAP sites,60,6,4.9,OCDA_FR1S,OCDA_FR1S
617,ECO03,Stylophora pistillata,Spis,16,1,2022,Davies,-18.8192,147.66391,-18.8192,147.66391,GPS EcoRRAP sites,60,6,4.9,OCDA_FR1S,OCDA_FR1S
618,ECO03,Pocillopora verrucosa,Pver,16,1,2022,Davies,-18.8192,147.66391,-18.8192,147.66391,GPS EcoRRAP sites,60,6,4.9,OCDA_FR1S,OCDA_FR1S
619,ECO03,Stylophora pistillata,Spis,16,1,2022,Davies,-18.8192,147.66391,-18.8192,147.66391,GPS EcoRRAP sites,60,6,4.9,OCDA_FR1S,OCDA_FR1S
620,ECO03,Pocillopora verrucosa,Pver,16,1,2022,Davies,-18.8192,147.66391,-18.8192,147.66391,GPS EcoRRAP sites,60,6,4.9,OCDA_FR1S,OCDA_FR1S
621,ECO03,Pocillopora meandrina,Pmea,16,1,2022,Davies,-18.8192,147.66391,-18.8192,147.66391,GPS EcoRRAP sites,60,6,4.9,OCDA_FR1S,OCDA_FR1S
622,ECO03,Stylophora pistillata,Spis,16,1,2022,Davies,-18.8192,147.66391,-18.8192,147.66391,GPS EcoRRAP sites,60,6,4.9,OCDA_FR1S,OCDA_FR1S
623,ECO03,Pocillopora verrucosa,Pver,16,1,2022,Davies,-18.8192,147.66391,-18.8192,147.66391,GPS EcoRRAP sites,60,6,4.9,OCDA_FR1S,OCDA_FR1S
624,ECO03,Stylophora pistillata,Spis,16,1,2022,Davies,-18.8192,147.66391,-18.8192,147.66391,GPS EcoRRAP sites,60,6,4.9,OCDA_FR1S,OCDA_FR1S
625,ECO03,Pocillopora verrucosa,Pver,16,1,2022,Davies,-18.8192,147.66391,-18.8192,147.66391,GPS EcoRRAP sites,60,6,4.9,OCDA_FR1S,OCDA_FR1S
626,ECO03,Pocillopora damicornis,Pdam,16,1,2022,Davies,-18.8192,147.66391,-18.8192,147.66391,GPS EcoRRAP sites,60,6,4.9,OCDA_FR1S,OCDA_FR1S
627,ECO03,Pocillopora verrucosa,Pver,17,1,2022,Chicken,-18.660365,147.702675,-18.660365,147.702675,GPS EcoRRAP sites,60,5,4.4,OCCH_BA2S,OCCH_BA2S
628,ECO03,Stylophora pistillata,Spis,17,1,2022,Chicken,-18.660365,147.702675,-18.660365,147.702675,GPS EcoRRAP sites,60,5,4.4,OCCH_BA2S,OCCH_BA2S
629,ECO03,Stylophora pistillata,Spis,17,1,2022,Chicken,-18.660365,147.702675,-18.660365,147.702675,GPS EcoRRAP sites,60,5,4.4,OCCH_BA2S,OCCH_BA2S
630,ECO03,Pocillopora verrucosa,Pver,17,1,2022,Chicken,-18.660365,147.702675,-18.660365,147.702675,GPS EcoRRAP sites,60,5,4.4,OCCH_BA2S,OCCH_BA2S
631,ECO03,Stylophora pistillata,Spis,17,1,2022,Chicken,-18.660365,147.702675,-18.660365,147.702675,GPS EcoRRAP sites,60,5,4.4,OCCH_BA2S,OCCH_BA2S
632,ECO03,Pocillopora verrucosa,Pver,17,1,2022,Chicken,-18.660365,147.702675,-18.660365,147.702675,GPS EcoRRAP sites,60,5,4.4,OCCH_BA2S,OCCH_BA2S
633,ECO03,Pocillopora verrucosa,Pver,17,1,2022,Chicken,-18.660365,147.702675,-18.660365,147.702675,GPS EcoRRAP sites,60,5,4.4,OCCH_BA2S,OCCH_BA2S
634,ECO03,Stylophora pistillata,Spis,17,1,2022,Chicken,-18.660365,147.702675,-18.660365,147.702675,GPS EcoRRAP sites,60,5,4.4,OCCH_BA2S,OCCH_BA2S
635,ECO03,Pocillopora verrucosa,Pver,17,1,2022,Chicken,-18.660365,147.702675,-18.660365,147.702675,GPS EcoRRAP sites,60,5,4.4,OCCH_BA2S,OCCH_BA2S
636,ECO03,Pocillopora meandrina,Pmea,17,1,2022,Chicken,-18.660365,147.702675,-18.660365,147.702675,GPS EcoRRAP sites,60,5,4.4,OCCH_BA2S,OCCH_BA2S
637,ECO03,Pocillopora damicornis,Pdam,17,1,2022,Chicken,-18.660365,147.702675,-18.660365,147.702675,GPS EcoRRAP sites,60,5,4.4,OCCH_BA2S,OCCH_BA2S
638,ECO03,Pocillopora verrucosa,Pver,17,1,2022,Chicken,-18.660365,147.702675,-18.660365,147.702675,GPS EcoRRAP sites,60,5,4.4,OCCH_BA2S,OCCH_BA2S
639,ECO03,Pocillopora verrucosa,Pver,17,1,2022,Chicken,-18.660365,147.702675,-18.660365,147.702675,GPS EcoRRAP sites,60,5,4.4,OCCH_BA2S,OCCH_BA2S
640,ECO03,Pocillopora verrucosa,Pver,18,1,2022,Chicken,-18.652217,147.7184615,-18.652217,147.7184615,GPS EcoRRAP sites,60,6,5.7,OCCH_FL1S,OCCH_FL1S
641,ECO03,Pocillopora damicornis,Pdam,18,1,2022,Chicken,-18.652217,147.7184615,-18.652217,147.7184615,GPS EcoRRAP sites,60,6,5.7,OCCH_FL1S,OCCH_FL1S
642,ECO03,Pocillopora verrucosa,Pver,18,1,2022,Chicken,-18.652217,147.7184615,-18.652217,147.7184615,GPS EcoRRAP sites,60,6,5.7,OCCH_FL1S,OCCH_FL1S
643,ECO03,Stylophora pistillata,Spis,18,1,2022,Chicken,-18.652217,147.7184615,-18.652217,147.7184615,GPS EcoRRAP sites,60,6,5.7,OCCH_FL1S,OCCH_FL1S
644,ECO03,Stylophora pistillata,Spis,18,1,2022,Chicken,-18.652217,147.7184615,-18.652217,147.7184615,GPS EcoRRAP sites,60,6,5.7,OCCH_FL1S,OCCH_FL1S
645,ECO03,Pocillopora verrucosa,Pver,18,1,2022,Chicken,-18.652217,147.7184615,-18.652217,147.7184615,GPS EcoRRAP sites,60,6,5.7,OCCH_FL1S,OCCH_FL1S
646,ECO03,Stylophora pistillata,Spis,18,1,2022,Chicken,-18.652217,147.7184615,-18.652217,147.7184615,GPS EcoRRAP sites,60,6,5.7,OCCH_FL1S,OCCH_FL1S
647,ECO03,Stylophora pistillata,Spis,18,1,2022,Chicken,-18.652217,147.7184615,-18.652217,147.7184615,GPS EcoRRAP sites,60,6,5.7,OCCH_FL1S,OCCH_FL1S
648,ECO03,Pocillopora verrucosa,Pver,18,1,2022,Chicken,-18.652217,147.7184615,-18.652217,147.7184615,GPS EcoRRAP sites,60,6,5.7,OCCH_FL1S,OCCH_FL1S
649,ECO03,Pocillopora meandrina,Pmea,18,1,2022,Chicken,-18.652217,147.7184615,-18.652217,147.7184615,GPS EcoRRAP sites,60,6,5.7,OCCH_FL1S,OCCH_FL1S
650,ECO03,Pocillopora verrucosa,Pver,18,1,2022,Chicken,-18.652217,147.7184615,-18.652217,147.7184615,GPS EcoRRAP sites,60,6,5.7,OCCH_FL1S,OCCH_FL1S
651,ECO03,Stylophora pistillata,Spis,18,1,2022,Chicken,-18.652217,147.7184615,-18.652217,147.7184615,GPS EcoRRAP sites,60,6,5.7,OCCH_FL1S,OCCH_FL1S
652,ECO03,Pocillopora eydouxi,Peyd,18,1,2022,Chicken,-18.652217,147.7184615,-18.652217,147.7184615,GPS EcoRRAP sites,60,6,5.7,OCCH_FL1S,OCCH_FL1S
653,ECO03,Pocillopora verrucosa,Pver,18,1,2022,Chicken,-18.652217,147.7184615,-18.652217,147.7184615,GPS EcoRRAP sites,60,6,5.7,OCCH_FL1S,OCCH_FL1S
654,ECO03,Pocillopora damicornis,Pdam,18,1,2022,Chicken,-18.652217,147.7184615,-18.652217,147.7184615,GPS EcoRRAP sites,60,6,5.7,OCCH_FL1S,OCCH_FL1S
655,ECO03,Stylophora pistillata,Spis,18,1,2022,Chicken,-18.6532055,147.708533,-18.6532055,147.708533,GPS EcoRRAP sites,60,6,5.2,OCCH_BA1S,OCCH_BA1S
656,ECO03,Pocillopora verrucosa,Pver,18,1,2022,Chicken,-18.6532055,147.708533,-18.6532055,147.708533,GPS EcoRRAP sites,60,6,5.2,OCCH_BA1S,OCCH_BA1S
657,ECO03,Pocillopora verrucosa,Pver,18,1,2022,Chicken,-18.6532055,147.708533,-18.6532055,147.708533,GPS EcoRRAP sites,60,6,5.2,OCCH_BA1S,OCCH_BA1S
658,ECO03,Pocillopora verrucosa,Pver,18,1,2022,Chicken,-18.6532055,147.708533,-18.6532055,147.708533,GPS EcoRRAP sites,60,6,5.2,OCCH_BA1S,OCCH_BA1S
659,ECO03,Stylophora pistillata,Spis,18,1,2022,Chicken,-18.6532055,147.708533,-18.6532055,147.708533,GPS EcoRRAP sites,60,6,5.2,OCCH_BA1S,OCCH_BA1S
660,ECO03,Pocillopora verrucosa,Pver,18,1,2022,Chicken,-18.6532055,147.708533,-18.6532055,147.708533,GPS EcoRRAP sites,60,6,5.2,OCCH_BA1S,OCCH_BA1S
661,ECO03,Stylophora pistillata,Spis,18,1,2022,Chicken,-18.6532055,147.708533,-18.6532055,147.708533,GPS EcoRRAP sites,60,6,5.2,OCCH_BA1S,OCCH_BA1S
662,ECO03,Pocillopora verrucosa,Pver,18,1,2022,Chicken,-18.6532055,147.708533,-18.6532055,147.708533,GPS EcoRRAP sites,60,6,5.2,OCCH_BA1S,OCCH_BA1S
663,ECO03,Pocillopora damicornis,Pdam,18,1,2022,Chicken,-18.6532055,147.708533,-18.6532055,147.708533,GPS EcoRRAP sites,60,6,5.2,OCCH_BA1S,OCCH_BA1S
664,ECO03,Pocillopora meandrina,Pmea,18,1,2022,Chicken,-18.6532055,147.708533,-18.6532055,147.708533,GPS EcoRRAP sites,60,6,5.2,OCCH_BA1S,OCCH_BA1S
665,ECO03,Pocillopora verrucosa,Pver,18,1,2022,Chicken,-18.6532055,147.708533,-18.6532055,147.708533,GPS EcoRRAP sites,60,6,5.2,OCCH_BA1S,OCCH_BA1S
666,ECO03,Pocillopora meandrina,Pmea,18,1,2022,Chicken,-18.6532055,147.708533,-18.6532055,147.708533,GPS EcoRRAP sites,60,6,5.2,OCCH_BA1S,OCCH_BA1S
667,ECO03,Pocillopora damicornis,Pdam,18,1,2022,Chicken,-18.6532055,147.708533,-18.6532055,147.708533,GPS EcoRRAP sites,60,6,5.2,OCCH_BA1S,OCCH_BA1S
668,ECO03,Stylophora pistillata,Spis,18,1,2022,Chicken,-18.6532055,147.708533,-18.6532055,147.708533,GPS EcoRRAP sites,60,6,5.2,OCCH_BA1S,OCCH_BA1S
669,ECO03,Pocillopora verrucosa,Pver,19,1,2022,Davies,-18.80592,147.6688,-18.80592,147.6688,GPS EcoRRAP sites,60,15,12,OCDA_FL1D,OCDA_FL1D
670,ECO03,Stylophora pistillata,Spis,19,1,2022,Davies,-18.80592,147.6688,-18.80592,147.6688,GPS EcoRRAP sites,60,15,12,OCDA_FL1D,OCDA_FL1D
671,ECO03,Pocillopora verrucosa,Pver,19,1,2022,Davies,-18.80592,147.6688,-18.80592,147.6688,GPS EcoRRAP sites,60,15,12,OCDA_FL1D,OCDA_FL1D
672,ECO03,Stylophora pistillata,Spis,19,1,2022,Davies,-18.80592,147.6688,-18.80592,147.6688,GPS EcoRRAP sites,60,15,12,OCDA_FL1D,OCDA_FL1D
673,ECO03,Pocillopora damicornis,Pdam,19,1,2022,Davies,-18.80592,147.6688,-18.80592,147.6688,GPS EcoRRAP sites,60,15,12,OCDA_FL1D,OCDA_FL1D
674,ECO03,Pocillopora verrucosa,Pver,19,1,2022,Davies,-18.80592,147.6688,-18.80592,147.6688,GPS EcoRRAP sites,60,15,12,OCDA_FL1D,OCDA_FL1D
675,ECO03,Stylophora pistillata,Spis,19,1,2022,Davies,-18.80592,147.6688,-18.80592,147.6688,GPS EcoRRAP sites,60,15,12,OCDA_FL1D,OCDA_FL1D
676,ECO03,Pocillopora damicornis,Pdam,19,1,2022,Davies,-18.80592,147.6688,-18.80592,147.6688,GPS EcoRRAP sites,60,15,12,OCDA_FL1D,OCDA_FL1D
677,ECO03,Stylophora pistillata,Spis,19,1,2022,Davies,-18.80592,147.6688,-18.80592,147.6688,GPS EcoRRAP sites,60,15,12,OCDA_FL1D,OCDA_FL1D
678,ECO03,Pocillopora verrucosa,Pver,19,1,2022,Davies,-18.80592,147.6688,-18.80592,147.6688,GPS EcoRRAP sites,60,15,12,OCDA_FL1D,OCDA_FL1D
679,ECO03,Stylophora pistillata,Spis,19,1,2022,Davies,-18.80592,147.6688,-18.80592,147.6688,GPS EcoRRAP sites,60,15,12,OCDA_FL1D,OCDA_FL1D
680,ECO03,Pocillopora acuta,Pacu,19,1,2022,Davies,-18.80592,147.6688,-18.80592,147.6688,GPS EcoRRAP sites,60,15,12,OCDA_FL1D,OCDA_FL1D
681,ECO03,Pocillopora verrucosa,Pver,19,1,2022,Davies,-18.80592,147.6688,-18.80592,147.6688,GPS EcoRRAP sites,60,15,12,OCDA_FL1D,OCDA_FL1D
682,ECO03,Pocillopora verrucosa,Pver,19,1,2022,Davies,-18.80592,147.6688,-18.80592,147.6688,GPS EcoRRAP sites,60,15,12,OCDA_FL1D,OCDA_FL1D
683,ECO03,Stylophora pistillata,Spis,20,1,2022,Davies,-18.80575,147.6686,-18.80575,147.6686,GPS EcoRRAP sites,60,5,5.2,OCDA_FL1S,OCDA_FL1S
684,ECO03,Pocillopora verrucosa,Pver,20,1,2022,Davies,-18.80575,147.6686,-18.80575,147.6686,GPS EcoRRAP sites,60,5,5.2,OCDA_FL1S,OCDA_FL1S
685,ECO03,Stylophora pistillata,Spis,20,1,2022,Davies,-18.80575,147.6686,-18.80575,147.6686,GPS EcoRRAP sites,60,5,5.2,OCDA_FL1S,OCDA_FL1S
686,ECO03,Pocillopora eydouxi,Peyd,20,1,2022,Davies,-18.80575,147.6686,-18.80575,147.6686,GPS EcoRRAP sites,60,5,5.2,OCDA_FL1S,OCDA_FL1S
687,ECO03,Pocillopora verrucosa,Pver,20,1,2022,Davies,-18.80575,147.6686,-18.80575,147.6686,GPS EcoRRAP sites,60,5,5.2,OCDA_FL1S,OCDA_FL1S
688,ECO03,Stylophora pistillata,Spis,20,1,2022,Davies,-18.80575,147.6686,-18.80575,147.6686,GPS EcoRRAP sites,60,5,5.2,OCDA_FL1S,OCDA_FL1S
689,ECO03,Pocillopora damicornis,Pdam,20,1,2022,Davies,-18.80575,147.6686,-18.80575,147.6686,GPS EcoRRAP sites,60,5,5.2,OCDA_FL1S,OCDA_FL1S
690,ECO03,Pocillopora damicornis,Pdam,20,1,2022,Davies,-18.80575,147.6686,-18.80575,147.6686,GPS EcoRRAP sites,60,5,5.2,OCDA_FL1S,OCDA_FL1S
691,ECO03,Stylophora pistillata,Spis,20,1,2022,Davies,-18.80575,147.6686,-18.80575,147.6686,GPS EcoRRAP sites,60,5,5.2,OCDA_FL1S,OCDA_FL1S
692,ECO03,Pocillopora verrucosa,Pver,20,1,2022,Davies,-18.80575,147.6686,-18.80575,147.6686,GPS EcoRRAP sites,60,5,5.2,OCDA_FL1S,OCDA_FL1S
693,ECO03,Pocillopora verrucosa,Pver,20,1,2022,Davies,-18.80575,147.6686,-18.80575,147.6686,GPS EcoRRAP sites,60,5,5.2,OCDA_FL1S,OCDA_FL1S
694,ECO03,Pocillopora damicornis,Pdam,20,1,2022,Davies,-18.80575,147.6686,-18.80575,147.6686,GPS EcoRRAP sites,60,5,5.2,OCDA_FL1S,OCDA_FL1S
695,ECO03,Pocillopora meandrina,Pmea,20,1,2022,Davies,-18.80575,147.6686,-18.80575,147.6686,GPS EcoRRAP sites,60,5,5.2,OCDA_FL1S,OCDA_FL1S
696,ECO03,Pocillopora verrucosa,Pver,20,1,2022,Davies,-18.80575,147.6686,-18.80575,147.6686,GPS EcoRRAP sites,60,5,5.2,OCDA_FL1S,OCDA_FL1S
697,ECO03,Stylophora pistillata,Spis,20,1,2022,Little_Broadhurst,-18.9493475,147.6929265,-18.9493475,147.6929265,GPS EcoRRAP sites,60,5,4.2,OCLB_BA1S,OCLB_BA1S
698,ECO03,Pocillopora verrucosa,Pver,20,1,2022,Little_Broadhurst,-18.9493475,147.6929265,-18.9493475,147.6929265,GPS EcoRRAP sites,60,5,4.2,OCLB_BA1S,OCLB_BA1S
699,ECO03,Stylophora pistillata,Spis,20,1,2022,Little_Broadhurst,-18.9493475,147.6929265,-18.9493475,147.6929265,GPS EcoRRAP sites,60,5,4.2,OCLB_BA1S,OCLB_BA1S
700,ECO03,Pocillopora verrucosa,Pver,20,1,2022,Little_Broadhurst,-18.9493475,147.6929265,-18.9493475,147.6929265,GPS EcoRRAP sites,60,5,4.2,OCLB_BA1S,OCLB_BA1S
701,ECO03,Stylophora pistillata,Spis,20,1,2022,Little_Broadhurst,-18.9493475,147.6929265,-18.9493475,147.6929265,GPS EcoRRAP sites,60,5,4.2,OCLB_BA1S,OCLB_BA1S
702,ECO03,Pocillopora meandrina,Pmea,20,1,2022,Little_Broadhurst,-18.9493475,147.6929265,-18.9493475,147.6929265,GPS EcoRRAP sites,60,5,4.2,OCLB_BA1S,OCLB_BA1S
703,ECO03,Pocillopora acuta,Pacu,20,1,2022,Little_Broadhurst,-18.9493475,147.6929265,-18.9493475,147.6929265,GPS EcoRRAP sites,60,5,4.2,OCLB_BA1S,OCLB_BA1S
704,ECO03,Pocillopora verrucosa,Pver,20,1,2022,Little_Broadhurst,-18.9493475,147.6929265,-18.9493475,147.6929265,GPS EcoRRAP sites,60,5,4.2,OCLB_BA1S,OCLB_BA1S
705,ECO03,Pocillopora verrucosa,Pver,20,1,2022,Little_Broadhurst,-18.9493475,147.6929265,-18.9493475,147.6929265,GPS EcoRRAP sites,60,5,4.2,OCLB_BA1S,OCLB_BA1S
706,ECO03,Pocillopora acuta,Pacu,20,1,2022,Little_Broadhurst,-18.9493475,147.6929265,-18.9493475,147.6929265,GPS EcoRRAP sites,60,5,4.2,OCLB_BA1S,OCLB_BA1S
707,ECO03,Pocillopora verrucosa,Pver,20,1,2022,Little_Broadhurst,-18.9493475,147.6929265,-18.9493475,147.6929265,GPS EcoRRAP sites,60,5,4.2,OCLB_BA1S,OCLB_BA1S
708,ECO03,Pocillopora verrucosa,Pver,20,1,2022,Little_Broadhurst,-18.9493475,147.6929265,-18.9493475,147.6929265,GPS EcoRRAP sites,60,5,4.2,OCLB_BA1S,OCLB_BA1S
709,ECO03,Pocillopora verrucosa,Pver,20,1,2022,Little_Broadhurst,-18.9493475,147.6929265,-18.9493475,147.6929265,GPS EcoRRAP sites,60,5,4.2,OCLB_BA1S,OCLB_BA1S
710,ECO03,Pocillopora verrucosa,Pver,21,1,2022,Little_Broadhurst,-18.944062,147.699285,-18.944062,147.699285,GPS EcoRRAP sites,60,5,4.7,OCLB_FL1S,OCLB_FL1S
711,ECO03,Stylophora pistillata,Spis,21,1,2022,Little_Broadhurst,-18.944062,147.699285,-18.944062,147.699285,GPS EcoRRAP sites,60,5,4.7,OCLB_FL1S,OCLB_FL1S
712,ECO03,Pocillopora acuta,Pacu,21,1,2022,Little_Broadhurst,-18.944062,147.699285,-18.944062,147.699285,GPS EcoRRAP sites,60,5,4.7,OCLB_FL1S,OCLB_FL1S
713,ECO03,Pocillopora verrucosa,Pver,21,1,2022,Little_Broadhurst,-18.944062,147.699285,-18.944062,147.699285,GPS EcoRRAP sites,60,5,4.7,OCLB_FL1S,OCLB_FL1S
714,ECO03,Pocillopora meandrina,Pmea,21,1,2022,Little_Broadhurst,-18.944062,147.699285,-18.944062,147.699285,GPS EcoRRAP sites,60,5,4.7,OCLB_FL1S,OCLB_FL1S
715,ECO03,Pocillopora verrucosa,Pver,21,1,2022,Little_Broadhurst,-18.944062,147.699285,-18.944062,147.699285,GPS EcoRRAP sites,60,5,4.7,OCLB_FL1S,OCLB_FL1S
716,ECO03,Pocillopora eydouxi,Peyd,21,1,2022,Little_Broadhurst,-18.944062,147.699285,-18.944062,147.699285,GPS EcoRRAP sites,60,5,4.7,OCLB_FL1S,OCLB_FL1S
717,ECO03,Stylophora pistillata,Spis,21,1,2022,Little_Broadhurst,-18.944062,147.699285,-18.944062,147.699285,GPS EcoRRAP sites,60,5,4.7,OCLB_FL1S,OCLB_FL1S
718,ECO03,Pocillopora damicornis,Pdam,21,1,2022,Little_Broadhurst,-18.944062,147.699285,-18.944062,147.699285,GPS EcoRRAP sites,60,5,4.7,OCLB_FL1S,OCLB_FL1S
719,ECO03,Pocillopora verrucosa,Pver,21,1,2022,Little_Broadhurst,-18.944062,147.699285,-18.944062,147.699285,GPS EcoRRAP sites,60,5,4.7,OCLB_FL1S,OCLB_FL1S
720,ECO03,Stylophora pistillata,Spis,21,1,2022,Little_Broadhurst,-18.944062,147.699285,-18.944062,147.699285,GPS EcoRRAP sites,60,5,4.7,OCLB_FL1S,OCLB_FL1S
721,ECO03,Pocillopora verrucosa,Pver,21,1,2022,Little_Broadhurst,-18.944062,147.699285,-18.944062,147.699285,GPS EcoRRAP sites,60,5,4.7,OCLB_FL1S,OCLB_FL1S
722,ECO03,Pocillopora meandrina,Pmea,21,1,2022,Little_Broadhurst,-18.944062,147.699285,-18.944062,147.699285,GPS EcoRRAP sites,60,5,4.7,OCLB_FL1S,OCLB_FL1S
723,ECO03,Pocillopora verrucosa,Pver,21,1,2022,Little_Broadhurst,-18.944062,147.699285,-18.944062,147.699285,GPS EcoRRAP sites,60,5,4.7,OCLB_FL1S,OCLB_FL1S
724,ECO03,Stylophora pistillata,Spis,21,1,2022,Little_Broadhurst,-18.944062,147.699285,-18.944062,147.699285,GPS EcoRRAP sites,60,5,4.7,OCLB_FL1S,OCLB_FL1S
725,ECO03,Stylophora pistillata,Spis,21,1,2022,Little_Broadhurst,-18.949382,147.701909,-18.949382,147.701909,GPS EcoRRAP sites,60,5,3.4,OCLB_LA1S,OCLB_LA1S
726,ECO03,Pocillopora verrucosa,Pver,21,1,2022,Little_Broadhurst,-18.949382,147.701909,-18.949382,147.701909,GPS EcoRRAP sites,60,5,3.4,OCLB_LA1S,OCLB_LA1S
727,ECO03,Pocillopora verrucosa,Pver,21,1,2022,Little_Broadhurst,-18.949382,147.701909,-18.949382,147.701909,GPS EcoRRAP sites,60,5,3.4,OCLB_LA1S,OCLB_LA1S
728,ECO03,Stylophora pistillata,Spis,21,1,2022,Little_Broadhurst,-18.949382,147.701909,-18.949382,147.701909,GPS EcoRRAP sites,60,5,3.4,OCLB_LA1S,OCLB_LA1S
729,ECO03,Pocillopora acuta,Pacu,21,1,2022,Little_Broadhurst,-18.949382,147.701909,-18.949382,147.701909,GPS EcoRRAP sites,60,5,3.4,OCLB_LA1S,OCLB_LA1S
730,ECO03,Pocillopora damicornis,Pdam,21,1,2022,Little_Broadhurst,-18.949382,147.701909,-18.949382,147.701909,GPS EcoRRAP sites,60,5,3.4,OCLB_LA1S,OCLB_LA1S
731,ECO03,Stylophora pistillata,Spis,21,1,2022,Little_Broadhurst,-18.949382,147.701909,-18.949382,147.701909,GPS EcoRRAP sites,60,5,3.4,OCLB_LA1S,OCLB_LA1S
732,ECO03,Pocillopora verrucosa,Pver,21,1,2022,Little_Broadhurst,-18.949382,147.701909,-18.949382,147.701909,GPS EcoRRAP sites,60,5,3.4,OCLB_LA1S,OCLB_LA1S
733,ECO03,Pocillopora damicornis,Pdam,21,1,2022,Little_Broadhurst,-18.949382,147.701909,-18.949382,147.701909,GPS EcoRRAP sites,60,5,3.4,OCLB_LA1S,OCLB_LA1S
734,ECO03,Stylophora pistillata,Spis,21,1,2022,Little_Broadhurst,-18.949382,147.701909,-18.949382,147.701909,GPS EcoRRAP sites,60,5,3.4,OCLB_LA1S,OCLB_LA1S
735,ECO03,Pocillopora damicornis,Pdam,21,1,2022,Little_Broadhurst,-18.949382,147.701909,-18.949382,147.701909,GPS EcoRRAP sites,60,5,3.4,OCLB_LA1S,OCLB_LA1S
736,ECO03,Pocillopora verrucosa,Pver,21,1,2022,Little_Broadhurst,-18.949382,147.701909,-18.949382,147.701909,GPS EcoRRAP sites,60,5,3.4,OCLB_LA1S,OCLB_LA1S
737,ECO03,Pocillopora verrucosa,Pver,21,1,2022,Little_Broadhurst,-18.949382,147.701909,-18.949382,147.701909,GPS EcoRRAP sites,60,5,3.4,OCLB_LA1S,OCLB_LA1S
738,ECO03,Stylophora pistillata,Spis,21,1,2022,Little_Broadhurst,-18.949382,147.701909,-18.949382,147.701909,GPS EcoRRAP sites,60,5,3.4,OCLB_LA1S,OCLB_LA1S
739,ECO03,Stylophora pistillata,Spis,21,1,2022,Little_Broadhurst,-18.949382,147.701909,-18.949382,147.701909,GPS EcoRRAP sites,60,5,3.4,OCLB_LA1S,OCLB_LA1S
740,ECO03,Stylophora pistillata,Spis,22,1,2022,Davies,-18.833,147.63338,-18.833,147.63338,GPS EcoRRAP sites,60,5,2.3,OCDA_LA1S,OCDA_LA1S
741,ECO03,Pocillopora verrucosa,Pver,22,1,2022,Davies,-18.833,147.63338,-18.833,147.63338,GPS EcoRRAP sites,60,5,2.3,OCDA_LA1S,OCDA_LA1S
742,ECO03,Stylophora pistillata,Spis,22,1,2022,Davies,-18.833,147.63338,-18.833,147.63338,GPS EcoRRAP sites,60,5,2.3,OCDA_LA1S,OCDA_LA1S
743,ECO03,Stylophora pistillata,Spis,22,1,2022,Davies,-18.833,147.63338,-18.833,147.63338,GPS EcoRRAP sites,60,5,2.3,OCDA_LA1S,OCDA_LA1S
744,ECO03,Pocillopora verrucosa,Pver,22,1,2022,Davies,-18.833,147.63338,-18.833,147.63338,GPS EcoRRAP sites,60,5,2.3,OCDA_LA1S,OCDA_LA1S
745,ECO03,Pocillopora verrucosa,Pver,22,1,2022,Davies,-18.833,147.63338,-18.833,147.63338,GPS EcoRRAP sites,60,5,2.3,OCDA_LA1S,OCDA_LA1S
746,ECO03,Stylophora pistillata,Spis,22,1,2022,Davies,-18.833,147.63338,-18.833,147.63338,GPS EcoRRAP sites,60,5,2.3,OCDA_LA1S,OCDA_LA1S
747,ECO03,Stylophora pistillata,Spis,22,1,2022,Davies,-18.833,147.63338,-18.833,147.63338,GPS EcoRRAP sites,60,5,2.3,OCDA_LA1S,OCDA_LA1S
748,ECO03,Stylophora pistillata,Spis,22,1,2022,Davies,-18.833,147.63338,-18.833,147.63338,GPS EcoRRAP sites,60,5,2.3,OCDA_LA1S,OCDA_LA1S
749,ECO03,Stylophora pistillata,Spis,22,1,2022,Davies,-18.833,147.63338,-18.833,147.63338,GPS EcoRRAP sites,60,5,2.3,OCDA_LA1S,OCDA_LA1S
750,ECO03,Pocillopora verrucosa,Pver,22,1,2022,Davies,-18.833,147.63338,-18.833,147.63338,GPS EcoRRAP sites,60,5,2.3,OCDA_LA1S,OCDA_LA1S
751,ECO03,Pocillopora verrucosa,Pver,22,1,2022,Davies,-18.833,147.63338,-18.833,147.63338,GPS EcoRRAP sites,60,5,2.3,OCDA_LA1S,OCDA_LA1S
752,ECO03,Stylophora pistillata,Spis,22,1,2022,Davies,-18.833,147.63338,-18.833,147.63338,GPS EcoRRAP sites,60,5,2.3,OCDA_LA1S,OCDA_LA1S
753,ECO03,Pocillopora verrucosa,Pver,22,1,2022,Davies,-18.833,147.63338,-18.833,147.63338,GPS EcoRRAP sites,60,5,2.3,OCDA_LA1S,OCDA_LA1S
754,ECO03,Pocillopora verrucosa,Pver,22,1,2022,Davies,-18.833,147.63338,-18.833,147.63338,GPS EcoRRAP sites,60,5,2.3,OCDA_LA1S,OCDA_LA1S
755,ECO03,Stylophora pistillata,Spis,22,1,2022,Davies,-18.833,147.63338,-18.833,147.63338,GPS EcoRRAP sites,60,5,2.3,OCDA_LA1S,OCDA_LA1S
756,ECO03,Pocillopora verrucosa,Pver,22,1,2022,Davies,-18.833,147.63338,-18.833,147.63338,GPS EcoRRAP sites,60,5,2.3,OCDA_LA1S,OCDA_LA1S
757,ECO03,Stylophora pistillata,Spis,22,1,2022,Davies,-18.833,147.63338,-18.833,147.63338,GPS EcoRRAP sites,60,5,2.3,OCDA_LA1S,OCDA_LA1S
758,ECO03,Stylophora pistillata,Spis,22,1,2022,Davies,-18.833,147.63338,-18.833,147.63338,GPS EcoRRAP sites,60,5,2.3,OCDA_LA1S,OCDA_LA1S
759,ECO03,Pocillopora verrucosa,Pver,22,1,2022,Davies,-18.833,147.63338,-18.833,147.63338,GPS EcoRRAP sites,60,5,2.3,OCDA_LA1S,OCDA_LA1S
760,ECO03,Stylophora pistillata,Spis,22,1,2022,Davies,-18.83125,147.63316,-18.83125,147.63316,GPS EcoRRAP sites,60,5,5.2,OCDA_LA2S,OCDA_LA2S
761,ECO03,Pocillopora verrucosa,Pver,22,1,2022,Davies,-18.83125,147.63316,-18.83125,147.63316,GPS EcoRRAP sites,60,5,5.2,OCDA_LA2S,OCDA_LA2S
762,ECO03,Stylophora pistillata,Spis,22,1,2022,Davies,-18.83125,147.63316,-18.83125,147.63316,GPS EcoRRAP sites,60,5,5.2,OCDA_LA2S,OCDA_LA2S
763,ECO03,Stylophora pistillata,Spis,22,1,2022,Davies,-18.83125,147.63316,-18.83125,147.63316,GPS EcoRRAP sites,60,5,5.2,OCDA_LA2S,OCDA_LA2S
764,ECO03,Pocillopora verrucosa,Pver,22,1,2022,Davies,-18.83125,147.63316,-18.83125,147.63316,GPS EcoRRAP sites,60,5,5.2,OCDA_LA2S,OCDA_LA2S
765,ECO03,Pocillopora verrucosa,Pver,22,1,2022,Davies,-18.83125,147.63316,-18.83125,147.63316,GPS EcoRRAP sites,60,5,5.2,OCDA_LA2S,OCDA_LA2S
766,ECO03,Pocillopora verrucosa,Pver,22,1,2022,Davies,-18.83125,147.63316,-18.83125,147.63316,GPS EcoRRAP sites,60,5,5.2,OCDA_LA2S,OCDA_LA2S
767,ECO03,Pocillopora verrucosa,Pver,22,1,2022,Davies,-18.83125,147.63316,-18.83125,147.63316,GPS EcoRRAP sites,60,5,5.2,OCDA_LA2S,OCDA_LA2S
768,ECO03,Stylophora pistillata,Spis,22,1,2022,Davies,-18.83125,147.63316,-18.83125,147.63316,GPS EcoRRAP sites,60,5,5.2,OCDA_LA2S,OCDA_LA2S
769,ECO03,Pocillopora verrucosa,Pver,22,1,2022,Davies,-18.83125,147.63316,-18.83125,147.63316,GPS EcoRRAP sites,60,5,5.2,OCDA_LA2S,OCDA_LA2S
770,ECO03,Stylophora pistillata,Spis,23,1,2022,Davies,-18.82579,147.62735,-18.82579,147.62735,GPS EcoRRAP sites,60,14,11.4,OCDA_BA1D,OCDA_BA1D
771,ECO03,Pocillopora verrucosa,Pver,23,1,2022,Davies,-18.82579,147.62735,-18.82579,147.62735,GPS EcoRRAP sites,60,14,11.4,OCDA_BA1D,OCDA_BA1D
772,ECO03,Stylophora pistillata,Spis,23,1,2022,Davies,-18.82579,147.62735,-18.82579,147.62735,GPS EcoRRAP sites,60,14,11.4,OCDA_BA1D,OCDA_BA1D
773,ECO03,Pocillopora verrucosa,Pver,23,1,2022,Davies,-18.82579,147.62735,-18.82579,147.62735,GPS EcoRRAP sites,60,14,11.4,OCDA_BA1D,OCDA_BA1D
774,ECO03,Pocillopora verrucosa,Pver,23,1,2022,Davies,-18.82579,147.62735,-18.82579,147.62735,GPS EcoRRAP sites,60,14,11.4,OCDA_BA1D,OCDA_BA1D
775,ECO03,Pocillopora verrucosa,Pver,23,1,2022,Davies,-18.82579,147.62735,-18.82579,147.62735,GPS EcoRRAP sites,60,14,11.4,OCDA_BA1D,OCDA_BA1D
776,ECO03,Stylophora pistillata,Spis,23,1,2022,Davies,-18.82579,147.62735,-18.82579,147.62735,GPS EcoRRAP sites,60,14,11.4,OCDA_BA1D,OCDA_BA1D
777,ECO03,Pocillopora verrucosa,Pver,23,1,2022,Davies,-18.82579,147.62735,-18.82579,147.62735,GPS EcoRRAP sites,60,14,11.4,OCDA_BA1D,OCDA_BA1D
778,ECO03,Stylophora pistillata,Spis,23,1,2022,Davies,-18.82579,147.62735,-18.82579,147.62735,GPS EcoRRAP sites,60,14,11.4,OCDA_BA1D,OCDA_BA1D
779,ECO03,Stylophora pistillata,Spis,23,1,2022,Davies,-18.8259,147.62727,-18.8259,147.62727,GPS EcoRRAP sites,60,5,3.6,OCDA_BA1S,OCDA_BA1S
780,ECO03,Pocillopora verrucosa,Pver,23,1,2022,Davies,-18.8259,147.62727,-18.8259,147.62727,GPS EcoRRAP sites,60,5,3.6,OCDA_BA1S,OCDA_BA1S
781,ECO03,Stylophora pistillata,Spis,23,1,2022,Davies,-18.8259,147.62727,-18.8259,147.62727,GPS EcoRRAP sites,60,5,3.6,OCDA_BA1S,OCDA_BA1S
782,ECO03,Pocillopora verrucosa,Pver,23,1,2022,Davies,-18.8259,147.62727,-18.8259,147.62727,GPS EcoRRAP sites,60,5,3.6,OCDA_BA1S,OCDA_BA1S
783,ECO03,Pocillopora verrucosa,Pver,23,1,2022,Davies,-18.8259,147.62727,-18.8259,147.62727,GPS EcoRRAP sites,60,5,3.6,OCDA_BA1S,OCDA_BA1S
784,ECO03,Stylophora pistillata,Spis,23,1,2022,Davies,-18.8259,147.62727,-18.8259,147.62727,GPS EcoRRAP sites,60,5,3.6,OCDA_BA1S,OCDA_BA1S
785,ECO03,Pocillopora verrucosa,Pver,23,1,2022,Davies,-18.8259,147.62727,-18.8259,147.62727,GPS EcoRRAP sites,60,5,3.6,OCDA_BA1S,OCDA_BA1S
786,ECO03,Pocillopora verrucosa,Pver,23,1,2022,Davies,-18.8259,147.62727,-18.8259,147.62727,GPS EcoRRAP sites,60,5,3.6,OCDA_BA1S,OCDA_BA1S
787,ECO03,Pocillopora verrucosa,Pver,23,1,2022,Davies,-18.8259,147.62727,-18.8259,147.62727,GPS EcoRRAP sites,60,5,3.6,OCDA_BA1S,OCDA_BA1S
788,ECO03,Stylophora pistillata,Spis,23,1,2022,Davies,-18.8259,147.62727,-18.8259,147.62727,GPS EcoRRAP sites,60,5,3.6,OCDA_BA1S,OCDA_BA1S
789,ECO03,Pocillopora verrucosa,Pver,6,3,2022,Lizard_Island,NA,NA,-14.69179039,145.4691158,GPS EcoRRAP sites,6,5,4.1,ONLI_FR1S_P1,ONLI_FR1S_P1
790,ECO03,Pocillopora damicornis,Pdam,6,3,2022,Lizard_Island,NA,NA,-14.6914335,145.4693475,GPS EcoRRAP sites,6,5,5,ONLI_FR1S_P2,ONLI_FR1S_P2
790,ECO03,Pocillopora verrucosa,Pver,6,3,2022,Lizard_Island,NA,NA,-14.691301,145.4694115,GPS EcoRRAP sites,6,5,4.8,ONLI_FR1S_P3,ONLI_FR1S_P3
792,ECO03,Stylophora pistillata,Spis,6,3,2022,Lizard_Island,NA,NA,-14.6914335,145.4693475,GPS EcoRRAP sites,6,5,5,ONLI_FR1S_P2,ONLI_FR1S_P2
793,ECO03,Stylophora pistillata,Spis,6,3,2022,Lizard_Island,NA,NA,-14.691301,145.4694115,GPS EcoRRAP sites,6,5,4.8,ONLI_FR1S_P3,ONLI_FR1S_P3
794,ECO03,Pocillopora verrucosa,Pver,6,3,2022,Lizard_Island,NA,NA,-14.691301,145.4694115,GPS EcoRRAP sites,6,5,4.8,ONLI_FR1S_P3,ONLI_FR1S_P3
795,ECO03,Pocillopora verrucosa,Pver,6,3,2022,Lizard_Island,NA,NA,-14.691301,145.4694115,GPS EcoRRAP sites,6,5,4.8,ONLI_FR1S_P3,ONLI_FR1S_P3
796,ECO03,Pocillopora verrucosa,Pver,7,3,2022,Lizard_Island,NA,NA,-14.69179039,145.4691158,GPS EcoRRAP sites,6,7,4.1,ONLI_FR1S_P1,ONLI_FR1S_P1
797,ECO03,Stylophora pistillata,Spis,7,3,2022,Lizard_Island,NA,NA,-14.69179039,145.4691158,GPS EcoRRAP sites,6,7,4.1,ONLI_FR1S_P1,ONLI_FR1S_P1
798,ECO03,Stylophora pistillata,Spis,7,3,2022,Lizard_Island,NA,NA,-14.6914335,145.4693475,GPS EcoRRAP sites,6,7,5,ONLI_FR1S_P2,ONLI_FR1S_P2
799,ECO03,Pocillopora verrucosa,Pver,7,3,2022,Lizard_Island,NA,NA,-14.6914335,145.4693475,GPS EcoRRAP sites,6,7,5,ONLI_FR1S_P2,ONLI_FR1S_P2
800,ECO03,Pocillopora meandrina,Pmea,7,3,2022,Lizard_Island,NA,NA,-14.691301,145.4694115,GPS EcoRRAP sites,6,7,4.8,ONLI_FR1S_P3,ONLI_FR1S_P3
801,ECO03,Pocillopora verrucosa,Pver,7,3,2022,Lizard_Island,NA,NA,-14.691127,145.469436,GPS EcoRRAP sites,6,7,4.7,ONLI_FR1S_P4,ONLI_FR1S_P4
802,ECO03,Stylophora pistillata,Spis,7,3,2022,Lizard_Island,NA,NA,-14.691127,145.469436,GPS EcoRRAP sites,6,7,4.7,ONLI_FR1S_P4,ONLI_FR1S_P4
803,ECO03,Pocillopora verrucosa,Pver,7,3,2022,Lizard_Island,NA,NA,-14.667794,145.441894,GPS EcoRRAP sites,60,4,2,ONLI_BA2S_P1,ONLI_BA2S_P1
804,ECO03,Stylophora pistillata,Spis,7,3,2022,Lizard_Island,NA,NA,-14.69179039,145.4691158,GPS EcoRRAP sites,6,4,4.1,ONLI_FR1S_P1,ONLI_FR1S_P1
805,ECO03,Stylophora pistillata,Spis,7,3,2022,Lizard_Island,NA,NA,-14.6914335,145.4693475,GPS EcoRRAP sites,6,4,5,ONLI_FR1S_P2,ONLI_FR1S_P2
806,ECO03,Pocillopora verrucosa,Pver,7,3,2022,Lizard_Island,NA,NA,-14.667794,145.441894,GPS EcoRRAP sites,30,4,2.1,ONLI_BA2S_P2,ONLI_BA2S_P2
807,ECO03,Stylophora pistillata,Spis,7,3,2022,Lizard_Island,NA,NA,-14.691127,145.469436,GPS EcoRRAP sites,6,4,4.7,ONLI_FR1S_P4,ONLI_FR1S_P4
808,ECO03,Pocillopora verrucosa,Pver,7,3,2022,Lizard_Island,NA,NA,-14.667794,145.441894,GPS EcoRRAP sites,30,4,3,ONLI_BA2S_P3,ONLI_BA2S_P3
809,ECO03,Pocillopora verrucosa,Pver,8,3,2022,Lizard_Island,NA,NA,-14.650714,145.450096,GPS EcoRRAP sites,60,7,4.7,ONLI_BA1S_P1,ONLI_BA1S_P1
810,ECO03,Stylophora pistillata,Spis,8,3,2022,Lizard_Island,NA,NA,-14.650714,145.450096,GPS EcoRRAP sites,60,7,4.7,ONLI_BA1S_P1,ONLI_BA1S_P1
811,ECO03,Pocillopora verrucosa,Pver,8,3,2022,Lizard_Island,NA,NA,-14.650714,145.450096,GPS EcoRRAP sites,60,7,4.7,ONLI_BA1S_P1,ONLI_BA1S_P1
812,ECO03,Stylophora pistillata,Spis,8,3,2022,Lizard_Island,NA,NA,-14.650714,145.450096,GPS EcoRRAP sites,60,7,4.7,ONLI_BA1S_P1,ONLI_BA1S_P1
813,ECO03,Pocillopora verrucosa,Pver,8,3,2022,Lizard_Island,NA,NA,-14.650714,145.450096,GPS EcoRRAP sites,30,7,3.7,ONLI_BA1S_P2,ONLI_BA1S_P2
814,ECO03,Stylophora pistillata,Spis,8,3,2022,Lizard_Island,NA,NA,-14.650714,145.450096,GPS EcoRRAP sites,30,7,4.3,ONLI_BA1S_P3,ONLI_BA1S_P3
815,ECO03,Stylophora pistillata,Spis,8,3,2022,Lizard_Island,NA,NA,-14.650714,145.450096,GPS EcoRRAP sites,30,7,4.3,ONLI_BA1S_P3,ONLI_BA1S_P3
816,ECO03,Pocillopora verrucosa,Pver,8,3,2022,Lizard_Island,NA,NA,-14.650714,145.450096,GPS EcoRRAP sites,30,7,4.3,ONLI_BA1S_P3,ONLI_BA1S_P3
817,ECO03,Stylophora pistillata,Spis,8,3,2022,Lizard_Island,NA,NA,-14.649595,145.493099,GPS EcoRRAP sites,6,7,4.9,ONLI_FR2S_P1,ONLI_FR2S_P1
818,ECO03,Pocillopora verrucosa,Pver,8,3,2022,Lizard_Island,NA,NA,-14.649595,145.493099,GPS EcoRRAP sites,6,7,4.9,ONLI_FR2S_P1,ONLI_FR2S_P1
819,ECO03,Pocillopora verrucosa,Pver,8,3,2022,Lizard_Island,NA,NA,-14.649549,145.493068,GPS EcoRRAP sites,6,7,4.6,ONLI_FR2S_P2,ONLI_FR2S_P2
820,ECO03,Stylophora pistillata,Spis,8,3,2022,Lizard_Island,NA,NA,-14.649549,145.493068,GPS EcoRRAP sites,6,7,4.6,ONLI_FR2S_P2,ONLI_FR2S_P2
821,ECO03,Pocillopora verrucosa,Pver,8,3,2022,Lizard_Island,NA,NA,-14.649287,145.4927845,GPS EcoRRAP sites,6,7,3.9,ONLI_FR2S_P4,ONLI_FR2S_P4
822,ECO03,Stylophora pistillata,Spis,8,3,2022,Lizard_Island,NA,NA,-14.649287,145.4927845,GPS EcoRRAP sites,6,7,3.9,ONLI_FR2S_P4,ONLI_FR2S_P4
823,ECO03,Stylophora pistillata,Spis,8,3,2022,Lizard_Island,NA,NA,-14.649456,145.492929,GPS EcoRRAP sites,6,7,4.3,ONLI_FR2S_P3,ONLI_FR2S_P3
824,ECO03,Pocillopora verrucosa,Pver,8,3,2022,Lizard_Island,NA,NA,-14.649456,145.492929,GPS EcoRRAP sites,6,7,4.3,ONLI_FR2S_P3,ONLI_FR2S_P3
825,ECO03,Pocillopora acuta,Pacu,10,3,2022,Aukane,NA,NA,-9.88359,143.40722,GPS EcoRRAP sites,60,14,8.8,TSAU_FR2D_P4,TSAU_FR2D_P4
826,ECO03,Pocillopora acuta,Pacu,10,3,2022,Aukane,NA,NA,-9.88359,143.40722,GPS EcoRRAP sites,60,14,8.8,TSAU_FR2D_P4,TSAU_FR2D_P4
827,ECO03,Pocillopora damicornis,Pdam,10,3,2022,Aukane,NA,NA,-9.88359,143.40722,GPS EcoRRAP sites,60,14,8.8,TSAU_FR2D_P1,TSAU_FR2D_P1
828,ECO03,Pocillopora damicornis,Pdam,10,3,2022,Aukane,NA,NA,-9.88359,143.407125,GPS EcoRRAP sites,30,5,4.1,TSAU_FR2S_P3,TSAU_FR2S_P3
829,ECO03,Pocillopora acuta,Pacu,10,3,2022,Aukane,NA,NA,-9.88359,143.407125,GPS EcoRRAP sites,30,5,4.5,TSAU_FR2S_P2,TSAU_FR2S_P2
830,ECO03,Acropora cytherea,Acyt,10,3,2022,Aukane,NA,NA,-9.88359,143.407125,GPS EcoRRAP sites,30,5,4.5,TSAU_FR2S_P2,TSAU_FR2S_P2
831,ECO03,Seriatopora hystrix,Shys,10,3,2022,Aukane,NA,NA,-9.88359,143.407125,GPS EcoRRAP sites,60,5,4.6,TSAU_FR2S_P4,TSAU_FR2S_P4
832,ECO03,Acropora hyacinthus,Ahya,NA,NA,NA,Aukane,NA,NA,NA,NA,NA,NA,NA,NA,NA,NA
833,ECO03,Seriatopora hystrix,Shys,10,3,2022,Aukane,NA,NA,-9.88359,143.407125,GPS EcoRRAP sites,30,5,4.1,TSAU_FR2S_P3,TSAU_FR2S_P3
834,ECO03,Stylophora pistillata,Spis,10,3,2022,Aukane,NA,NA,-9.88359,143.407125,GPS EcoRRAP sites,60,5,4.6,TSAU_FR2S_P4,TSAU_FR2S_P4
835,ECO03,Pocillopora damicornis,Pdam,10,3,2022,Aukane,NA,NA,-9.88359,143.407125,GPS EcoRRAP sites,30,5,4.1,TSAU_FR2S_P3,TSAU_FR2S_P3
836,ECO03,Pocillopora acuta,Pacu,10,3,2022,Aukane,NA,NA,-9.88359,143.407125,GPS EcoRRAP sites,60,5,3.9,TSAU_FR2S_P1,TSAU_FR2S_P1
837,ECO03,Acropora cytherea,Acyt,10,3,2022,Aukane,NA,NA,-9.88359,143.407125,GPS EcoRRAP sites,60,5,3.9,TSAU_FR2S_P1,TSAU_FR2S_P1
838,ECO03,Stylophora pistillata,Spis,10,3,2022,Aukane,NA,NA,-9.88359,143.407125,GPS EcoRRAP sites,30,5,4.1,TSAU_FR2S_P3,TSAU_FR2S_P3
839,ECO03,Pocillopora eydouxi,Peyd,10,3,2022,Aukane,NA,NA,-9.88359,143.407125,GPS EcoRRAP sites,60,5,3.9,TSAU_FR2S_P1,TSAU_FR2S_P1
840,ECO03,Stylophora pistillata,Spis,11,3,2022,Aukane,NA,NA,-9.87996,143.41004,GPS EcoRRAP sites,60,7,3.1,TSAU_FR1S_P1,TSAU_FR1S
841,ECO03,Seriatopora hystrix,Shys,11,3,2022,Aukane,NA,NA,-9.87996,143.41004,GPS EcoRRAP sites,60,7,3.1,TSAU_FR1S_P1,TSAU_FR1S
842,ECO03,Stylophora pistillata,Spis,11,3,2022,Aukane,NA,NA,-9.87996,143.41004,GPS EcoRRAP sites,60,7,3.1,TSAU_FR1S_P1,TSAU_FR1S
843,ECO03,Pachyseris speciosa,Pspe,11,3,2022,Aukane,NA,NA,-9.87996,143.41004,GPS EcoRRAP sites,60,7,3.1,TSAU_FR1S_P1,TSAU_FR1S
844,ECO03,Pocillopora damicornis,Pdam,11,3,2022,Aukane,NA,NA,-9.87996,143.41004,GPS EcoRRAP sites,30,7,2.9,TSAU_FR1S_P2,TSAU_FR1S
845,ECO03,Seriatopora hystrix,Shys,11,3,2022,Aukane,NA,NA,-9.87996,143.41004,GPS EcoRRAP sites,30,7,2.9,TSAU_FR1S_P2,TSAU_FR1S
846,ECO03,Stylophora pistillata,Spis,11,3,2022,Aukane,NA,NA,-9.87996,143.41004,GPS EcoRRAP sites,30,7,2.9,TSAU_FR1S_P2,TSAU_FR1S
846,ECO03,Stylophora pistillata,Spis,11,3,2022,Aukane,NA,NA,-9.87996,143.41004,GPS EcoRRAP sites,30,7,2.9,TSAU_FR1S_P2,TSAU_FR1S
847,ECO03,Stylophora pistillata,Spis,11,3,2022,Aukane,NA,NA,-9.87996,143.41004,GPS EcoRRAP sites,30,7,2.9,TSAU_FR1S_P2,TSAU_FR1S
848,ECO03,Pachyseris speciosa,Pspe,11,3,2022,Aukane,NA,NA,-9.87996,143.41004,GPS EcoRRAP sites,60,7,3.2,TSAU_FR1S_P4,TSAU_FR1S
849,ECO03,Seriatopora hystrix,Shys,11,3,2022,Aukane,NA,NA,-9.87996,143.41004,GPS EcoRRAP sites,60,7,3.2,TSAU_FR1S_P4,TSAU_FR1S
850,ECO03,Stylophora pistillata,Spis,11,3,2022,Aukane,NA,NA,-9.87996,143.41004,GPS EcoRRAP sites,60,7,3.2,TSAU_FR1S_P4,TSAU_FR1S
851,ECO03,Stylophora pistillata,Spis,11,3,2022,Aukane,NA,NA,-9.87996,143.41004,GPS EcoRRAP sites,30,7,2.9,TSAU_FR1S_P2,TSAU_FR1S
852,ECO03,Pocillopora acuta,Pacu,11,3,2022,Aukane,NA,NA,-9.87996,143.41004,GPS EcoRRAP sites,60,7,3.1,TSAU_FR1S_P1,TSAU_FR1S
853,ECO03,Pocillopora acuta,Pacu,11,3,2022,Aukane,NA,NA,-9.87996,143.41004,GPS EcoRRAP sites,60,7,3.1,TSAU_FR1S_P1,TSAU_FR1S
854,ECO03,Seriatopora hystrix,Shys,11,3,2022,Aukane,NA,NA,-9.87996,143.41004,GPS EcoRRAP sites,60,7,3.1,TSAU_FR1S_P1,TSAU_FR1S
855,ECO03,Acropora hyacinthus,Ahya,11,3,2022,Aukane,NA,NA,-9.882025,143.39442,GPS EcoRRAP sites,60,5,3.4,TSAU_FL1S_P1,TSAU_FL1S_P1
856,ECO03,Acropora hyacinthus,Ahya,11,3,2022,Aukane,NA,NA,-9.882025,143.39442,GPS EcoRRAP sites,60,5,3.2,TSAU_FL1S,TSAU_FL1S
857,ECO03,Acropora hyacinthus,Ahya,11,3,2022,Aukane,NA,NA,-9.882025,143.39442,GPS EcoRRAP sites,60,5,3.2,TSAU_FL1S,TSAU_FL1S
858,ECO03,Stylophora pistillata,Spis,11,3,2022,Aukane,NA,NA,-9.882025,143.39442,GPS EcoRRAP sites,60,5,3.4,TSAU_FL1S_P1,TSAU_FL1S_P1
859,ECO03,Seriatopora hystrix,Shys,11,3,2022,Aukane,NA,NA,-9.882025,143.39442,GPS EcoRRAP sites,60,5,3.4,TSAU_FL1S_P1,TSAU_FL1S_P1
860,ECO03,Pachyseris speciosa,Pspe,11,3,2022,Aukane,NA,NA,-9.882025,143.39442,GPS EcoRRAP sites,60,5,3.2,TSAU_FL1S,TSAU_FL1S
861,ECO03,Stylophora pistillata,Spis,11,3,2022,Aukane,NA,NA,-9.882025,143.39442,GPS EcoRRAP sites,60,5,3.4,TSAU_FL1S_P1,TSAU_FL1S_P1
862,ECO03,Stylophora pistillata,Spis,11,3,2022,Aukane,NA,NA,-9.882025,143.39442,GPS EcoRRAP sites,30,5,3.4,TSAU_FL1S_P2,TSAU_FL1S_P2
863,ECO03,Stylophora pistillata,Spis,11,3,2022,Aukane,NA,NA,-9.882025,143.39442,GPS EcoRRAP sites,30,5,3.4,TSAU_FL1S_P2,TSAU_FL1S_P2
864,ECO03,Pocillopora acuta,Pacu,11,3,2022,Aukane,NA,NA,-9.882025,143.39442,GPS EcoRRAP sites,60,5,3.2,TSAU_FL1S_P4,TSAU_FL1S_P4
865,ECO03,Stylophora pistillata,Spis,11,3,2022,Aukane,NA,NA,-9.882025,143.39442,GPS EcoRRAP sites,60,5,3.2,TSAU_FL1S_P4,TSAU_FL1S_P4
866,ECO03,Seriatopora hystrix,Shys,11,3,2022,Aukane,NA,NA,-9.882025,143.39442,GPS EcoRRAP sites,60,5,3.2,TSAU_FL1S_P4,TSAU_FL1S_P4
867,ECO03,Stylophora pistillata,Spis,11,3,2022,Aukane,NA,NA,-9.882025,143.39442,GPS EcoRRAP sites,30,5,2.6,TSAU_FL1S_P3,TSAU_FL1S_P3
868,ECO03,Stylophora pistillata,Spis,11,3,2022,Aukane,NA,NA,-9.882025,143.39442,GPS EcoRRAP sites,30,5,2.6,TSAU_FL1S_P3,TSAU_FL1S_P3
868,ECO03,Stylophora pistillata,Spis,11,3,2022,Aukane,NA,NA,-9.882025,143.39442,GPS EcoRRAP sites,30,5,2.6,TSAU_FL1S_P3,TSAU_FL1S_P3
869,ECO03,Seriatopora hystrix,Shys,11,3,2022,Aukane,NA,NA,-9.882025,143.39442,GPS EcoRRAP sites,30,5,2.6,TSAU_FL1S_P3,TSAU_FL1S_P3
870,ECO03,Pachyseris speciosa,Pspe,11,3,2022,Aukane,NA,NA,-9.882025,143.39442,GPS EcoRRAP sites,30,5,3.4,TSAU_FL1S_P2,TSAU_FL1S_P2
871,ECO03,Stylophora pistillata,Spis,12,3,2022,Aukane,NA,NA,-9.8757,143.388545,GPS EcoRRAP sites,60,7,2.9,TSAU_BA2S_P1,TSAU_BA2S_P1
872,ECO03,Acropora hyacinthus,Ahya,12,3,2022,Aukane,NA,NA,-9.8757,143.388545,GPS EcoRRAP sites,40,7,2.8,TSAU_BA2S_P12,TSAU_BA2S_P12
873,ECO03,Acropora cytherea,Acyt,12,3,2022,Aukane,NA,NA,-9.8757,143.388545,GPS EcoRRAP sites,30,7,2.7,TSAU_BA2S_P2,TSAU_BA2S_P2
874,ECO03,Seriatopora hystrix,Shys,12,3,2022,Aukane,NA,NA,-9.8757,143.388545,GPS EcoRRAP sites,30,7,2.7,TSAU_BA2S_P2,TSAU_BA2S_P2
875,ECO03,Pachyseris speciosa,Pspe,12,3,2022,Aukane,NA,NA,-9.8757,143.388545,GPS EcoRRAP sites,60,7,3.8,TSAU_BA2S_P4,TSAU_BA2S_P4
876,ECO03,Stylophora pistillata,Spis,12,3,2022,Aukane,NA,NA,-9.8757,143.388545,GPS EcoRRAP sites,60,7,3.8,TSAU_BA2S_P4,TSAU_BA2S_P4
877,ECO03,Seriatopora hystrix,Shys,12,3,2022,Aukane,NA,NA,-9.8757,143.388545,GPS EcoRRAP sites,60,7,3.8,TSAU_BA2S_P4,TSAU_BA2S_P4
878,ECO03,Pocillopora acuta,Pacu,12,3,2022,Aukane,NA,NA,-9.8757,143.388545,GPS EcoRRAP sites,60,7,3.8,TSAU_BA2S_P4,TSAU_BA2S_P4
879,ECO03,Stylophora pistillata,Spis,12,3,2022,Aukane,NA,NA,-9.8757,143.388545,GPS EcoRRAP sites,60,7,3.8,TSAU_BA2S_P4,TSAU_BA2S_P4
880,ECO03,Pachyseris speciosa,Pspe,12,3,2022,Aukane,NA,NA,-9.8757,143.388545,GPS EcoRRAP sites,60,7,3,TSAU_BA2S,TSAU_BA2S
881,ECO03,Stylophora pistillata,Spis,12,3,2022,Aukane,NA,NA,-9.8757,143.388545,GPS EcoRRAP sites,30,7,2.4,TSAU_BA2S_P3,TSAU_BA2S_P3
882,ECO03,Acropora hyacinthus,Ahya,12,3,2022,Aukane,NA,NA,-9.8757,143.388545,GPS EcoRRAP sites,30,7,2.7,TSAU_BA2S_P2,TSAU_BA2S_P2
884,ECO03,Pocillopora acuta,Pacu,12,3,2022,Aukane,NA,NA,-9.8757,143.388545,GPS EcoRRAP sites,60,7,2.9,TSAU_BA2S_P1,TSAU_BA2S_P1
885,ECO03,Stylophora pistillata,Spis,12,3,2022,Aukane,NA,NA,-9.8757,143.388545,GPS EcoRRAP sites,30,7,2.7,TSAU_BA2S_P2,TSAU_BA2S_P2
886,ECO03,Pocillopora acuta,Pacu,12,3,2022,Aukane,NA,NA,-9.8757,143.388545,GPS EcoRRAP sites,30,7,2.7,TSAU_BA2S_P2,TSAU_BA2S_P2
887,ECO03,Acropora hyacinthus,Ahya,12,3,2022,Aukane,NA,NA,-9.8757,143.388545,GPS EcoRRAP sites,60,7,3,TSAU_BA2S,TSAU_BA2S
888,ECO03,Acropora hyacinthus,Ahya,12,3,2022,Aukane,NA,NA,-9.8757,143.388545,GPS EcoRRAP sites,60,7,3,TSAU_BA2S,TSAU_BA2S
889,ECO03,Acropora cytherea,Acyt,12,3,2022,Aukane,NA,NA,-9.8757,143.388545,GPS EcoRRAP sites,60,7,3,TSAU_BA2S,TSAU_BA2S
890,ECO03,Pocillopora acuta,Pacu,12,3,2022,Aukane,NA,NA,-9.867615,143.389355,GPS EcoRRAP sites,30,5,3.7,TSAU_BA1S_P2,TSAU_BA1S_P2
891,ECO03,Pachyseris speciosa,Pspe,12,3,2022,Aukane,NA,NA,-9.867615,143.389355,GPS EcoRRAP sites,30,5,3.7,TSAU_BA1S_P2,TSAU_BA1S_P2
892,ECO03,Stylophora pistillata,Spis,12,3,2022,Aukane,NA,NA,-9.867615,143.389355,GPS EcoRRAP sites,30,5,3.7,TSAU_BA1S_P2,TSAU_BA1S_P2
893,ECO03,Seriatopora hystrix,Shys,12,3,2022,Aukane,NA,NA,-9.867615,143.389355,GPS EcoRRAP sites,30,5,3.7,TSAU_BA1S_P2,TSAU_BA1S_P2
894,ECO03,Acropora hyacinthus,Ahya,12,3,2022,Aukane,NA,NA,-9.867615,143.389355,GPS EcoRRAP sites,30,5,3.7,TSAU_BA1S_P2,TSAU_BA1S_P2
895,ECO03,Pocillopora acuta,Pacu,12,3,2022,Aukane,NA,NA,-9.867615,143.389355,GPS EcoRRAP sites,60,5,3.2,TSAU_BA1S_P4,TSAU_BA1S_P4
896,ECO03,Stylophora pistillata,Spis,12,3,2022,Aukane,NA,NA,-9.867615,143.389355,GPS EcoRRAP sites,60,5,3.2,TSAU_BA1S_P4,TSAU_BA1S_P4
897,ECO03,Pocillopora damicornis,Pdam,12,3,2022,Aukane,NA,NA,-9.867615,143.389355,GPS EcoRRAP sites,30,5,3.2,TSAU_BA1S_P3,TSAU_BA1S_P3
898,ECO03,Stylophora pistillata,Spis,12,3,2022,Aukane,NA,NA,-9.867615,143.389355,GPS EcoRRAP sites,60,5,3.3,TSAU_BA1S_P1,TSAU_BA1S_P1
899,ECO03,Seriatopora hystrix,Shys,12,3,2022,Aukane,NA,NA,-9.867615,143.389355,GPS EcoRRAP sites,60,5,3.3,TSAU_BA1S_P1,TSAU_BA1S_P1
900,ECO03,Stylophora pistillata,Spis,12,3,2022,Aukane,NA,NA,-9.867615,143.389355,GPS EcoRRAP sites,60,5,3.3,TSAU_BA1S_P1,TSAU_BA1S_P1
901,ECO03,Pachyseris speciosa,Pspe,12,3,2022,Aukane,NA,NA,-9.867615,143.389355,GPS EcoRRAP sites,60,5,3.3,TSAU_BA1S_P1,TSAU_BA1S_P1
902,ECO03,Pocillopora damicornis,Pdam,13,3,2022,Masig,NA,NA,-9.763955,143.417,GPS EcoRRAP sites,60,5,8.4,TSMA_FR1D,TSMA_FR1D
903,ECO03,Pocillopora acuta,Pacu,13,3,2022,Masig,NA,NA,-9.763955,143.417,GPS EcoRRAP sites,30,13,8.3,TSMA_FR1D_P2,TSMA_FR1D_P2
904,ECO03,Pachyseris speciosa,Pspe,13,3,2022,Masig,NA,NA,-9.763955,143.417,GPS EcoRRAP sites,30,13,8.3,TSMA_FR1D_P2,TSMA_FR1D_P2
905,ECO03,Seriatopora hystrix,Shys,13,3,2022,Masig,NA,NA,-9.763955,143.417,GPS EcoRRAP sites,30,13,8.3,TSMA_FR1D_P2,TSMA_FR1D_P2
906,ECO03,Seriatopora hystrix,Shys,13,3,2022,Masig,NA,NA,-9.763955,143.417,GPS EcoRRAP sites,30,13,8.3,TSMA_FR1D_P2,TSMA_FR1D_P2
907,ECO03,Pachyseris speciosa,Pspe,13,3,2022,Masig,NA,NA,-9.763955,143.417,GPS EcoRRAP sites,60,13,8.4,TSMA_FR1D,TSMA_FR1D
908,ECO03,Seriatopora hystrix,Shys,13,3,2022,Masig,NA,NA,-9.763955,143.417,GPS EcoRRAP sites,60,13,8.6,TSMA_FR1D_P4,TSMA_FR1D_P4
909,ECO03,Pachyseris speciosa,Pspe,13,3,2022,Masig,NA,NA,-9.763955,143.417,GPS EcoRRAP sites,60,13,8.4,TSMA_FR1D_P1,TSMA_FR1D_P1
910,ECO03,Pocillopora acuta,Pacu,13,3,2022,Masig,NA,NA,-9.763955,143.417,GPS EcoRRAP sites,60,13,8.4,TSMA_FR1D_P1,TSMA_FR1D_P1
911,ECO03,Pocillopora eydouxi,Peyd,13,3,2022,Masig,NA,NA,-9.76224,143.421395,GPS EcoRRAP sites,30,4,3.7,TSMA_FR1S_P2,TSMA_FR1S_P2
912,ECO03,Pocillopora acuta,Pacu,13,3,2022,Masig,NA,NA,-9.76224,143.421395,GPS EcoRRAP sites,30,4,3.7,TSMA_FR1S_P2,TSMA_FR1S_P2
913,ECO03,Pachyseris speciosa,Pspe,13,3,2022,Masig,NA,NA,-9.76224,143.421395,GPS EcoRRAP sites,30,4,3.7,TSMA_FR1S_P2,TSMA_FR1S_P2
914,ECO03,Stylophora pistillata,Spis,13,3,2022,Masig,NA,NA,-9.76224,143.421395,GPS EcoRRAP sites,30,4,3.7,TSMA_FR1S_P2,TSMA_FR1S_P2
915,ECO03,Seriatopora hystrix,Shys,13,3,2022,Masig,NA,NA,-9.76224,143.421395,GPS EcoRRAP sites,30,4,3.7,TSMA_FR1S_P2,TSMA_FR1S_P2
916,ECO03,Stylophora pistillata,Spis,13,3,2022,Masig,NA,NA,-9.76224,143.421395,GPS EcoRRAP sites,30,4,3.7,TSMA_FR1S_P2,TSMA_FR1S_P2
917,ECO03,Stylophora pistillata,Spis,13,3,2022,Masig,NA,NA,-9.76224,143.421395,GPS EcoRRAP sites,60,4,3.3,TSMA_FR1S_P4,TSMA_FR1S_P4
918,ECO03,Pocillopora damicornis,Pdam,13,3,2022,Masig,NA,NA,-9.76224,143.421395,GPS EcoRRAP sites,60,4,3.3,TSMA_FR1S_P4,TSMA_FR1S_P4
919,ECO03,Pocillopora damicornis,Pdam,13,3,2022,Masig,NA,NA,-9.76224,143.421395,GPS EcoRRAP sites,60,4,3.3,TSMA_FR1S_P4,TSMA_FR1S_P4
920,ECO03,Stylophora pistillata,Spis,13,3,2022,Masig,NA,NA,-9.76224,143.421395,GPS EcoRRAP sites,40,4,3.5,TSMA_FR1S_P34,TSMA_FR1S_P34
921,ECO03,Seriatopora hystrix,Shys,13,3,2022,Masig,NA,NA,-9.76224,143.421395,GPS EcoRRAP sites,30,4,3.7,TSMA_FR1S_P3,TSMA_FR1S_P3
922,ECO03,Stylophora pistillata,Spis,13,3,2022,Masig,NA,NA,-9.76224,143.421395,GPS EcoRRAP sites,30,4,3.7,TSMA_FR1S_P3,TSMA_FR1S_P3
923,ECO03,Pachyseris speciosa,Pspe,13,3,2022,Masig,NA,NA,-9.76224,143.421395,GPS EcoRRAP sites,30,4,3.7,TSMA_FR1S_P3,TSMA_FR1S_P3
924,ECO03,Pocillopora damicornis,Pdam,13,3,2022,Masig,NA,NA,-9.76224,143.421395,GPS EcoRRAP sites,30,4,3.7,TSMA_FR1S_P2,TSMA_FR1S_P2
925,ECO03,Pachyseris speciosa,Pspe,14,3,2022,Masig,NA,NA,-9.74637,143.46012,GPS EcoRRAP sites,30,14,9.2,TSMA_FR2D_P2,TSMA_FR2D_P2
926,ECO03,Pocillopora acuta,Pacu,14,3,2022,Masig,NA,NA,-9.74637,143.46012,GPS EcoRRAP sites,30,14,9.2,TSMA_FR2D_P2,TSMA_FR2D_P2
927,ECO03,Seriatopora hystrix,Shys,14,3,2022,Masig,NA,NA,-9.74637,143.46012,GPS EcoRRAP sites,30,14,9.2,TSMA_FR2D_P2,TSMA_FR2D_P2
928,ECO03,Stylophora pistillata,Spis,14,3,2022,Masig,NA,NA,-9.74637,143.46012,GPS EcoRRAP sites,30,14,9.2,TSMA_FR2D_P2,TSMA_FR2D_P2
929,ECO03,Pachyseris speciosa,Pspe,14,3,2022,Masig,NA,NA,-9.74637,143.46012,GPS EcoRRAP sites,60,14,9.5,TSMA_FR2D_P4,TSMA_FR2D_P4
930,ECO03,Stylophora pistillata,Spis,14,3,2022,Masig,NA,NA,-9.74637,143.46012,GPS EcoRRAP sites,60,14,9.2,TSMA_FR2D_P1,TSMA_FR2D_P1
931,ECO03,Seriatopora hystrix,Shys,14,3,2022,Masig,NA,NA,-9.74637,143.46012,GPS EcoRRAP sites,30,14,9.2,TSMA_FR2D_P2,TSMA_FR2D_P2
932,ECO03,Stylophora pistillata,Spis,14,3,2022,Masig,NA,NA,-9.74637,143.46012,GPS EcoRRAP sites,60,14,9.2,TSMA_FR2D_P1,TSMA_FR2D_P1
933,ECO03,Pocillopora meandrina,Pmea,14,3,2022,Masig,NA,NA,-9.74838,143.458505,GPS EcoRRAP sites,30,4,3.8,TSMA_FR2S_P2,TSMA_FR2S_P2
934,ECO03,Stylophora pistillata,Spis,14,3,2022,Masig,NA,NA,-9.74838,143.458505,GPS EcoRRAP sites,30,4,3.8,TSMA_FR2S_P2,TSMA_FR2S_P2
935,ECO03,Pachyseris speciosa,Pspe,14,3,2022,Masig,NA,NA,-9.74838,143.458505,GPS EcoRRAP sites,30,4,3.8,TSMA_FR2S_P2,TSMA_FR2S_P2
936,ECO03,Seriatopora hystrix,Shys,14,3,2022,Masig,NA,NA,-9.74838,143.458505,GPS EcoRRAP sites,30,4,3.8,TSMA_FR2S_P2,TSMA_FR2S_P2
937,ECO03,Stylophora pistillata,Spis,14,3,2022,Masig,NA,NA,-9.74838,143.458505,GPS EcoRRAP sites,30,4,3.8,TSMA_FR2S_P2,TSMA_FR2S_P2
938,ECO03,Pocillopora damicornis,Pdam,14,3,2022,Masig,NA,NA,-9.74838,143.458505,GPS EcoRRAP sites,30,4,3.8,TSMA_FR2S_P2,TSMA_FR2S_P2
939,ECO03,Seriatopora hystrix,Shys,14,3,2022,Masig,NA,NA,-9.74838,143.458505,GPS EcoRRAP sites,60,4,4.4,TSMA_FR2S_P4,TSMA_FR2S_P4
940,ECO03,Pocillopora damicornis,Pdam,14,3,2022,Masig,NA,NA,-9.74838,143.458505,GPS EcoRRAP sites,60,4,4.4,TSMA_FR2S_P4,TSMA_FR2S_P4
941,ECO03,Stylophora pistillata,Spis,14,3,2022,Masig,NA,NA,-9.74838,143.458505,GPS EcoRRAP sites,60,4,4.4,TSMA_FR2S_P4,TSMA_FR2S_P4
942,ECO03,Stylophora pistillata,Spis,14,3,2022,Masig,NA,NA,-9.74838,143.458505,GPS EcoRRAP sites,60,4,4.4,TSMA_FR2S_P4,TSMA_FR2S_P4
943,ECO03,Pocillopora meandrina,Pmea,14,3,2022,Masig,NA,NA,-9.74838,143.458505,GPS EcoRRAP sites,30,4,4.3,TSMA_FR2S_P3,TSMA_FR2S_P3
944,ECO03,Seriatopora hystrix,Shys,14,3,2022,Masig,NA,NA,-9.74838,143.458505,GPS EcoRRAP sites,30,4,4.3,TSMA_FR2S_P3,TSMA_FR2S_P3
945,ECO03,Pocillopora acuta,Pacu,14,3,2022,Masig,NA,NA,-9.74838,143.458505,GPS EcoRRAP sites,30,4,4.3,TSMA_FR2S_P3,TSMA_FR2S_P3
946,ECO03,Pachyseris speciosa,Pspe,14,3,2022,Masig,NA,NA,-9.74838,143.458505,GPS EcoRRAP sites,30,4,4.3,TSMA_FR2S_P3,TSMA_FR2S_P3
947,ECO03,Pocillopora meandrina,Pmea,14,3,2022,Masig,NA,NA,-9.74838,143.458505,GPS EcoRRAP sites,60,4,4.1,TSMA_FR2S_P1,TSMA_FR2S_P1
948,ECO03,Stylophora pistillata,Spis,14,3,2022,Masig,NA,NA,-9.74838,143.458505,GPS EcoRRAP sites,60,4,4.1,TSMA_FR2S_P1,TSMA_FR2S_P1
949,ECO03,Pachyseris speciosa,Pspe,15,3,2022,Masig,NA,NA,-9.748812489,143.3997011,GPS EcoRRAP sites,40,14,10.3,TSMA_BA1D_P34,TSMA_BA1D_P34
950,ECO03,Pocillopora acuta,Pacu,15,3,2022,Masig,NA,NA,-9.748812489,143.3997011,GPS EcoRRAP sites,40,14,10.3,TSMA_BA1D_P34,TSMA_BA1D_P34
951,ECO03,Pachyseris speciosa,Pspe,15,3,2022,Masig,NA,NA,-9.748929977,143.3995972,GPS EcoRRAP sites,10,14,9.9,TSMA_BA1D_P4,TSMA_BA1D_P4
952,ECO03,Pachyseris speciosa,Pspe,15,3,2022,Masig,NA,NA,-9.748812489,143.3997011,GPS EcoRRAP sites,40,14,10.3,TSMA_BA1D_P34,TSMA_BA1D_P34
953,ECO03,Pachyseris speciosa,Pspe,15,3,2022,Masig,NA,NA,-9.748695,143.399805,GPS EcoRRAP sites,30,14,10.7,TSMA_BA1D_P3,TSMA_BA1D_P3
954,ECO03,Pachyseris speciosa,Pspe,15,3,2022,Masig,NA,NA,-9.748695,143.399805,GPS EcoRRAP sites,30,14,10.3,TSMA_BA1D_P2,TSMA_BA1D_P2
955,ECO03,Pachyseris speciosa,Pspe,15,3,2022,Masig,NA,NA,-9.748695,143.399805,GPS EcoRRAP sites,10,14,10.5,TSMA_BA1D_P23,TSMA_BA1D_P23
956,ECO03,Pocillopora damicornis,Pdam,15,3,2022,Masig,NA,NA,-9.748577408,143.3999224,GPS EcoRRAP sites,10,14,10.05,TSMA_BA1D_P12,TSMA_BA1D_P12
957,ECO03,Pachyseris speciosa,Pspe,15,3,2022,Masig,NA,NA,-9.748459816,143.4000397,GPS EcoRRAP sites,10,14,9.8,TSMA_BA1D_P1,TSMA_BA1D_P1
958,ECO03,Pachyseris speciosa,Pspe,15,3,2022,Masig,NA,NA,-9.748895,143.399825,GPS EcoRRAP sites,30,4,3.8,TSMA_BA1S_P2,TSMA_BA1S_P2
959,ECO03,Pocillopora acuta,Pacu,15,3,2022,Masig,NA,NA,-9.748895,143.399825,GPS EcoRRAP sites,30,4,3.8,TSMA_BA1S_P2,TSMA_BA1S_P2
960,ECO03,Stylophora pistillata,Spis,15,3,2022,Masig,NA,NA,-9.748895,143.399825,GPS EcoRRAP sites,30,4,3.8,TSMA_BA1S_P3,TSMA_BA1S_P3
961,ECO03,Stylophora pistillata,Spis,15,3,2022,Masig,NA,NA,-9.748895,143.399825,GPS EcoRRAP sites,30,4,3.8,TSMA_BA1S_P3,TSMA_BA1S_P3
962,ECO03,Pachyseris speciosa,Pspe,15,3,2022,Masig,NA,NA,-9.748895,143.399825,GPS EcoRRAP sites,30,4,3.8,TSMA_BA1S_P3,TSMA_BA1S_P3
963,ECO03,Seriatopora hystrix,Shys,15,3,2022,Masig,NA,NA,-9.748895,143.399825,GPS EcoRRAP sites,30,4,3.8,TSMA_BA1S_P3,TSMA_BA1S_P3
964,ECO03,Seriatopora hystrix,Shys,15,3,2022,Masig,NA,NA,-9.749119759,143.3996124,GPS EcoRRAP sites,10,4,3.9,TSMA_BA1S_P4,TSMA_BA1S_P4
965,ECO03,Pachyseris speciosa,Pspe,15,3,2022,Masig,NA,NA,-9.749119759,143.3996124,GPS EcoRRAP sites,10,4,3.9,TSMA_BA1S_P4,TSMA_BA1S_P4
966,ECO03,Seriatopora hystrix,Shys,15,3,2022,Masig,NA,NA,-9.749119759,143.3996124,GPS EcoRRAP sites,10,4,3.9,TSMA_BA1S_P4,TSMA_BA1S_P4
967,ECO03,Pocillopora meandrina,Pmea,15,3,2022,Masig,NA,NA,-9.749119759,143.3996124,GPS EcoRRAP sites,10,4,3.9,TSMA_BA1S_P4,TSMA_BA1S_P4
968,ECO03,Pachyseris rugosa,Prug,15,3,2022,Masig,NA,NA,-9.748669624,143.4000397,GPS EcoRRAP sites,10,4,4.1,TSMA_BA1S_P1,TSMA_BA1S_P1
969,ECO03,Pocillopora damicornis,Pdam,15,3,2022,Masig,NA,NA,-9.748669624,143.4000397,GPS EcoRRAP sites,10,4,4.1,TSMA_BA1S_P1,TSMA_BA1S_P1
970,ECO03,Pachyseris speciosa,Pspe,15,3,2022,Masig,NA,NA,-9.748669624,143.4000397,GPS EcoRRAP sites,10,4,4.1,TSMA_BA1S_P1,TSMA_BA1S_P1
971,ECO03,Stylophora pistillata,Spis,15,3,2022,Masig,NA,NA,-9.748669624,143.4000397,GPS EcoRRAP sites,10,4,4.1,TSMA_BA1S_P1,TSMA_BA1S_P1
972,ECO03,Acropora hyacinthus,Ahya,15,3,2022,Masig,NA,NA,-9.748669624,143.4000397,GPS EcoRRAP sites,10,4,4.1,TSMA_BA1S_P1,TSMA_BA1S_P1
973,ECO03,Stylophora pistillata,Spis,16,3,2022,Masig,NA,NA,-9.74409,143.41574,GPS EcoRRAP sites,60,14,8.7,TSMA_BA2D_P4,TSMA_BA2D_P4
974,ECO03,Seriatopora hystrix,Shys,16,3,2022,Masig,NA,NA,-9.74409,143.41574,GPS EcoRRAP sites,60,14,8.7,TSMA_BA2D_P4,TSMA_BA2D_P4
975,ECO03,Pachyseris speciosa,Pspe,16,3,2022,Masig,NA,NA,-9.74409,143.41574,GPS EcoRRAP sites,60,14,8.7,TSMA_BA2D_P4,TSMA_BA2D_P4
976,ECO03,Symphyllia rectra,Srec,16,3,2022,Masig,NA,NA,-9.74409,143.41574,GPS EcoRRAP sites,60,14,8.7,TSMA_BA2D_P4,TSMA_BA2D_P4
977,ECO03,Stylophora pistillata,Spis,16,3,2022,Masig,NA,NA,-9.74409,143.41574,GPS EcoRRAP sites,60,14,8.7,TSMA_BA2D_P4,TSMA_BA2D_P4
978,ECO03,Pachyseris speciosa,Pspe,16,3,2022,Masig,NA,NA,-9.74409,143.41574,GPS EcoRRAP sites,30,14,8.8,TSMA_BA2D_P3,TSMA_BA2D_P3
979,ECO03,Lobophyllia hemprichii,Lhem,16,3,2022,Masig,NA,NA,-9.74409,143.41574,GPS EcoRRAP sites,30,14,8.8,TSMA_BA2D_P3,TSMA_BA2D_P3
980,ECO03,Pachyseris speciosa,Pspe,16,3,2022,Masig,NA,NA,-9.74409,143.41574,GPS EcoRRAP sites,60,14,9.2,TSMA_BA2D_P1,TSMA_BA2D_P1
981,ECO03,Lobophyllia hemprichii,Lhem,16,3,2022,Masig,NA,NA,-9.74409,143.41574,GPS EcoRRAP sites,60,14,9.2,TSMA_BA2D_P1,TSMA_BA2D_P1
982,ECO03,Lobophyllia hemprichii,Lhem,16,3,2022,Masig,NA,NA,-9.74409,143.41574,GPS EcoRRAP sites,30,14,9.4,TSMA_BA2D_P2,TSMA_BA2D_P2
983,ECO03,Porites cylindrica,Pcyl,16,3,2022,Masig,NA,NA,-9.74409,143.41574,GPS EcoRRAP sites,60,14,9.2,TSMA_BA2D_P1,TSMA_BA2D_P1
984,ECO03,Seriatopora hystrix,Shys,16,3,2022,Masig,NA,NA,-9.74409,143.41574,GPS EcoRRAP sites,30,14,8.8,TSMA_BA2D_P3,TSMA_BA2D_P3
985,ECO03,Seriatopora hystrix,Shys,16,3,2022,Masig,NA,NA,-9.74409,143.41574,GPS EcoRRAP sites,40,14,8.75,TSMA_BA2D_P34,TSMA_BA2D_P34
986,ECO03,Stylophora pistillata,Spis,16,3,2022,Masig,NA,NA,-9.74409,143.41574,GPS EcoRRAP sites,40,14,8.75,TSMA_BA2D_P34,TSMA_BA2D_P34
987,ECO03,Pocillopora damicornis,Pdam,16,3,2022,Masig,NA,NA,-9.73404,143.43519,GPS EcoRRAP sites,60,5,3.3,TSMA_LA1S_P1,TSMA_LA1S_P1
988,ECO03,Acropora cytherea,Acyt,16,3,2022,Masig,NA,NA,-9.73404,143.43519,GPS EcoRRAP sites,60,5,3.3,TSMA_LA1S_P1,TSMA_LA1S_P1
989,ECO03,Seriatopora hystrix,Shys,16,3,2022,Masig,NA,NA,-9.73404,143.43519,GPS EcoRRAP sites,60,5,3.3,TSMA_LA1S_P1,TSMA_LA1S_P1
990,ECO03,Lobophyllia hemprichii,Lhem,16,3,2022,Masig,NA,NA,-9.73404,143.43519,GPS EcoRRAP sites,60,5,3.3,TSMA_LA1S_P1,TSMA_LA1S_P1
991,ECO03,Seriatopora hystrix,Shys,16,3,2022,Masig,NA,NA,-9.73404,143.43519,GPS EcoRRAP sites,60,5,3.3,TSMA_LA1S_P1,TSMA_LA1S_P1
992,ECO03,Pocillopora acuta,Pacu,16,3,2022,Masig,NA,NA,-9.73404,143.43519,GPS EcoRRAP sites,60,5,3.3,TSMA_LA1S_P1,TSMA_LA1S_P1
993,ECO03,Pocillopora meandrina,Shys,16,3,2022,Masig,NA,NA,-9.73404,143.43519,GPS EcoRRAP sites,60,5,3.3,TSMA_LA1S_P1,TSMA_LA1S_P1
994,ECO03,Pocillopora damicornis,Pdam,16,3,2022,Masig,NA,NA,-9.73404,143.43519,GPS EcoRRAP sites,60,5,3.3,TSMA_LA1S_P1,TSMA_LA1S_P1
995,ECO03,Stylophora pistillata,Spis,16,3,2022,Masig,NA,NA,-9.73404,143.43519,GPS EcoRRAP sites,60,5,3.5,TSMA_LA1S,TSMA_LA1S
996,ECO03,Stylophora pistillata,Spis,16,3,2022,Masig,NA,NA,-9.73404,143.43519,GPS EcoRRAP sites,30,5,3.5,TSMA_LA1S_P2,TSMA_LA1S_P2
997,ECO03,Lobophyllia hemprichii,Lhem,16,3,2022,Masig,NA,NA,-9.73404,143.43519,GPS EcoRRAP sites,30,5,3.5,TSMA_LA1S_P2,TSMA_LA1S_P2
998,ECO03,Seriatopora hystrix,Shys,16,3,2022,Masig,NA,NA,-9.73404,143.43519,GPS EcoRRAP sites,60,5,3.5,TSMA_LA1S_P4,TSMA_LA1S_P4
999,ECO03,Stylophora pistillata,Spis,16,3,2022,Masig,NA,NA,-9.73404,143.43519,GPS EcoRRAP sites,60,5,3.5,TSMA_LA1S_P4,TSMA_LA1S_P4
1000,ECO03,Seriatopora hystrix,Shys,16,3,2022,Masig,NA,NA,-9.73404,143.43519,GPS EcoRRAP sites,30,5,3.5,TSMA_LA1S_P2,TSMA_LA1S_P2
1001,ECO03,Pachyseris speciosa,Pspe,16,3,2022,Masig,NA,NA,-9.73404,143.43519,GPS EcoRRAP sites,60,5,3.5,TSMA_LA1S_P4,TSMA_LA1S_P4
1002,ECO03,Pocillopora verrucosa,Pver,16,3,2022,Masig,NA,NA,-9.73404,143.43519,GPS EcoRRAP sites,60,5,3.5,TSMA_LA1S_P4,TSMA_LA1S_P4
1003,ECO03,Seriatopora hystrix,Shys,16,3,2022,Masig,NA,NA,-9.73404,143.43519,GPS EcoRRAP sites,60,5,3.5,TSMA_LA1S_P4,TSMA_LA1S_P4
1004,ECO03,Stylophora pistillata,Spis,16,3,2022,Masig,NA,NA,-9.73404,143.43519,GPS EcoRRAP sites,60,5,3.3,TSMA_LA1S_P1,TSMA_LA1S_P1
1005,ECO03,Pachyseris speciosa,Pspe,17,3,2022,Masig,NA,NA,-9.759895,143.39796,GPS EcoRRAP sites,30,5,3.3,TSMA_FL1S_P2,TSMA_FL1S_P2
1006,ECO03,Lobophyllia hemprichii,Lhem,17,3,2022,Masig,NA,NA,-9.759895,143.39796,GPS EcoRRAP sites,30,5,3.3,TSMA_FL1S_P2,TSMA_FL1S_P2
1007,ECO03,Pachyseris speciosa,Pspe,17,3,2022,Masig,NA,NA,-9.759895,143.39796,GPS EcoRRAP sites,30,5,3.8,TSMA_FL1S_P3,TSMA_FL1S_P3
1008,ECO03,Seriatopora hystrix,Shys,17,3,2022,Masig,NA,NA,-9.759895,143.39796,GPS EcoRRAP sites,30,5,3.8,TSMA_FL1S_P3,TSMA_FL1S_P3
1009,ECO03,Lobophyllia hemprichii,Lhem,17,3,2022,Masig,NA,NA,-9.759895,143.39796,GPS EcoRRAP sites,30,5,3.8,TSMA_FL1S_P3,TSMA_FL1S_P3
1010,ECO03,Stylophora pistillata,Spis,17,3,2022,Masig,NA,NA,-9.759895,143.39796,GPS EcoRRAP sites,60,5,3.5,TSMA_FL1S_P4,TSMA_FL1S_P4
1011,ECO03,Pocillopora damicornis,Pdam,17,3,2022,Masig,NA,NA,-9.759895,143.39796,GPS EcoRRAP sites,60,5,3.5,TSMA_FL1S_P4,TSMA_FL1S_P4
1012,ECO03,Lobophyllia hemprichii,Lhem,17,3,2022,Masig,NA,NA,-9.759895,143.39796,GPS EcoRRAP sites,60,5,3.5,TSMA_FL1S_P4,TSMA_FL1S_P4
1013,ECO03,Acropora cytherea,Acyt,17,3,2022,Masig,NA,NA,-9.759895,143.39796,GPS EcoRRAP sites,60,5,3.5,TSMA_FL1S_P4,TSMA_FL1S_P4
1014,ECO03,Pachyseris speciosa,Pspe,17,3,2022,Masig,NA,NA,-9.759895,143.39796,GPS EcoRRAP sites,30,5,3.8,TSMA_FL1S_P3,TSMA_FL1S_P3
1015,ECO03,Stylophora pistillata,Spis,17,3,2022,Masig,NA,NA,-9.759895,143.39796,GPS EcoRRAP sites,30,5,3.8,TSMA_FL1S_P3,TSMA_FL1S_P3
1016,ECO03,Lobophyllia hemprichii,Lhem,17,3,2022,Masig,NA,NA,-9.759895,143.39796,GPS EcoRRAP sites,30,5,3.8,TSMA_FL1S_P3,TSMA_FL1S_P3
1017,ECO03,Pachyseris speciosa,Pspe,17,3,2022,Masig,NA,NA,-9.759895,143.39796,GPS EcoRRAP sites,30,5,3.8,TSMA_FL1S_P3,TSMA_FL1S_P3
1018,ECO03,Acropora cytherea,Acyt,17,3,2022,Masig,NA,NA,-9.759895,143.39796,GPS EcoRRAP sites,60,5,3.6,TSMA_FL1S_P1,TSMA_FL1S_P1
1019,ECO03,Seriatopora hystrix,Shys,17,3,2022,Masig,NA,NA,-9.759895,143.39796,GPS EcoRRAP sites,30,5,3.3,TSMA_FL1S_P2,TSMA_FL1S_P2
1020,ECO03,Seriatopora hystrix,Shys,17,3,2022,Masig,NA,NA,-9.759895,143.39796,GPS EcoRRAP sites,30,5,3.3,TSMA_FL1S_P2,TSMA_FL1S_P2
1021,ECO03,Acropora hyacinthus,Ahya,17,3,2022,Masig,NA,NA,-9.759895,143.39796,GPS EcoRRAP sites,30,5,3.3,TSMA_FL1S_P2,TSMA_FL1S_P2
1022,ECO03,Pocillopora verrucosa,Pver,18,3,2022,Masig,NA,NA,-9.74637,143.46012,GPS EcoRRAP sites,60,3,9.4,TSMA_FR2D_P30,TSMA_FR2D_P30
1023,ECO03,Pachyseris speciosa,Pspe,18,3,2022,Masig,NA,NA,-9.7442395,143.415763,GPS EcoRRAP sites,30,5,3.8,TSMA_BA2S_P2,TSMA_BA2S_P2
1024,ECO03,Lobophyllia hemprichii,Lhem,18,3,2022,Masig,NA,NA,-9.7442395,143.415763,GPS EcoRRAP sites,30,5,3.8,TSMA_BA2S_P2,TSMA_BA2S_P2
1025,ECO03,Acropora cytherea,Acyt,18,3,2022,Masig,NA,NA,-9.7442395,143.415763,GPS EcoRRAP sites,30,5,3.8,TSMA_BA2S_P2,TSMA_BA2S_P2
1026,ECO03,Seriatopora hystrix,Shys,18,3,2022,Masig,NA,NA,-9.7442395,143.415763,GPS EcoRRAP sites,30,5,3.8,TSMA_BA2S_P2,TSMA_BA2S_P2
1027,ECO03,Stylophora pistillata,Spis,18,3,2022,Masig,NA,NA,-9.7442395,143.415763,GPS EcoRRAP sites,30,5,3.8,TSMA_BA2S_P2,TSMA_BA2S_P2
1028,ECO03,Porites massive,Pmas,18,3,2022,Masig,NA,NA,-9.7442395,143.415763,GPS EcoRRAP sites,30,5,3.8,TSMA_BA2S_P2,TSMA_BA2S_P2
1029,ECO03,Porites massive,Pmas,18,3,2022,Masig,NA,NA,-9.7442395,143.415763,GPS EcoRRAP sites,30,5,3.8,TSMA_BA2S_P2,TSMA_BA2S_P2
1030,ECO03,Acropora hyacinthus,Ahya,18,3,2022,Masig,NA,NA,-9.7442395,143.415763,GPS EcoRRAP sites,60,5,4.1,TSMA_BA2S_P4,TSMA_BA2S_P4
1031,ECO03,Seriatopora hystrix,Shys,18,3,2022,Masig,NA,NA,-9.7442395,143.415763,GPS EcoRRAP sites,60,5,4.1,TSMA_BA2S_P4,TSMA_BA2S_P4
1032,ECO03,Stylophora pistillata,Spis,18,3,2022,Masig,NA,NA,-9.7442395,143.415763,GPS EcoRRAP sites,60,5,4.1,TSMA_BA2S_P4,TSMA_BA2S_P4
1033,ECO03,Seriatopora hystrix,Shys,18,3,2022,Masig,NA,NA,-9.7442395,143.415763,GPS EcoRRAP sites,60,5,4.1,TSMA_BA2S_P4,TSMA_BA2S_P4
1036,ECO03,Pachyseris speciosa,Pspe,18,3,2022,Masig,NA,NA,-9.7442395,143.415763,GPS EcoRRAP sites,30,5,3.2,TSMA_BA2S_P3,TSMA_BA2S_P3
1037,ECO03,Pachyseris speciosa,Pspe,18,3,2022,Masig,NA,NA,-9.7442395,143.415763,GPS EcoRRAP sites,60,5,3.3,TSMA_BA2S_P1,TSMA_BA2S_P1
1038,ECO03,Stylophora pistillata,Spis,18,3,2022,Masig,NA,NA,-9.7442395,143.415763,GPS EcoRRAP sites,60,5,3.3,TSMA_BA2S_P1,TSMA_BA2S_P1
1039,ECO03,Stylophora pistillata,Spis,18,3,2022,Masig,NA,NA,-9.7442395,143.415763,GPS EcoRRAP sites,60,5,3.3,TSMA_BA2S_P1,TSMA_BA2S_P1
1040,ECO03,Seriatopora hystrix,Shys,18,3,2022,Masig,NA,NA,-9.7442395,143.415763,GPS EcoRRAP sites,60,5,3.3,TSMA_BA2S_P1,TSMA_BA2S_P1
1041,ECO03,Pocillopora meandrina,Pmea,18,3,2022,Masig,NA,NA,-9.76224,143.421395,GPS EcoRRAP sites,60,3,3.6,TSMA_FR1S,TSMA_FR1S
1042,ECO03,Pocillopora damicornis,Pdam,18,3,2022,Masig,NA,NA,-9.76224,143.421395,GPS EcoRRAP sites,60,3,3.6,TSMA_FR1S,TSMA_FR1S
1043,ECO03,Pocillopora damicornis,Pdam,18,3,2022,Masig,NA,NA,-9.76224,143.421395,GPS EcoRRAP sites,60,3,3.6,TSMA_FR1S,TSMA_FR1S
1044,ECO03,Pocillopora verrucosa,Pver,18,3,2022,Masig,NA,NA,-9.76224,143.421395,GPS EcoRRAP sites,60,3,3.6,TSMA_FR1S,TSMA_FR1S
1045,ECO03,Pocillopora damicornis,Pdam,18,3,2022,Masig,NA,NA,-9.76224,143.421395,GPS EcoRRAP sites,60,3,3.6,TSMA_FR1S,TSMA_FR1S
1046,ECO03,Acropora hyacinthus,Ahya,18,3,2022,Masig,NA,NA,-9.76224,143.421395,GPS EcoRRAP sites,60,3,3.6,TSMA_FR1S,TSMA_FR1S
1047,ECO03,Acropora cytherea,Acyt,18,3,2022,Masig,NA,NA,-9.76224,143.421395,GPS EcoRRAP sites,60,3,3.6,TSMA_FR1S,TSMA_FR1S
1048,ECO03,Pocillopora damicornis,Pdam,18,3,2022,Masig,NA,NA,-9.76224,143.421395,GPS EcoRRAP sites,60,3,3.6,TSMA_FR1S,TSMA_FR1S
1049,ECO03,Pocillopora damicornis,Pdam,18,3,2022,Masig,NA,NA,-9.76224,143.421395,GPS EcoRRAP sites,60,3,3.6,TSMA_FR1S,TSMA_FR1S
1050,ECO03,Pocillopora verrucosa,Pver,18,3,2022,Masig,NA,NA,-9.76224,143.421395,GPS EcoRRAP sites,60,3,3.6,TSMA_FR1S,TSMA_FR1S
1051,ECO03,Pocillopora acuta,Pacu,18,3,2022,Masig,NA,NA,-9.76224,143.421395,GPS EcoRRAP sites,60,3,3.6,TSMA_FR1S,TSMA_FR1S
1052,ECO03,Pocillopora meandrina,Pmea,18,3,2022,Masig,NA,NA,-9.76224,143.421395,GPS EcoRRAP sites,60,3,3.6,TSMA_FR1S,TSMA_FR1S
1053,ECO03,Pocillopora damicornis,Pdam,18,3,2022,Masig,NA,NA,-9.76224,143.421395,GPS EcoRRAP sites,60,3,3.6,TSMA_FR1S,TSMA_FR1S
1054,ECO03,Pocillopora sp.,NA,18,3,2022,Masig,NA,NA,-9.76224,143.421395,GPS EcoRRAP sites,60,3,3.6,TSMA_FR1S,TSMA_FR1S
1055,ECO03,Pocillopora verrucosa,Pver,18,3,2022,Masig,NA,NA,-9.76224,143.421395,GPS EcoRRAP sites,60,3,3.6,TSMA_FR1S,TSMA_FR1S
1056,ECO03,Porites massive,Pmas,19,3,2022,Aukane,NA,NA,-9.88359,143.407125,GPS EcoRRAP sites,60,5,4.6,TSAU_FR2S_P4,TSAU_FR2S_P4
1057,ECO03,Porites massive,Pmas,19,3,2022,Aukane,NA,NA,-9.88359,143.407125,GPS EcoRRAP sites,60,5,4.6,TSAU_FR2S_P4,TSAU_FR2S_P4
1058,ECO03,Porites massive,Pmas,19,3,2022,Aukane,NA,NA,-9.88359,143.407125,GPS EcoRRAP sites,60,5,4.6,TSAU_FR2S_P4,TSAU_FR2S_P4
1059,ECO03,Porites massive,Pmas,19,3,2022,Aukane,NA,NA,-9.88359,143.407125,GPS EcoRRAP sites,60,5,4.6,TSAU_FR2S_P4,TSAU_FR2S_P4
1060,ECO03,Porites massive,Pmas,19,3,2022,Aukane,NA,NA,-9.88359,143.407125,GPS EcoRRAP sites,60,5,4.6,TSAU_FR2S_P4,TSAU_FR2S_P4
1061,ECO03,Porites massive,Pmas,19,3,2022,Aukane,NA,NA,-9.88359,143.407125,GPS EcoRRAP sites,60,5,4.6,TSAU_FR2S_P4,TSAU_FR2S_P4
1062,ECO03,Porites massive,Pmas,19,3,2022,Aukane,NA,NA,-9.88359,143.407125,GPS EcoRRAP sites,60,5,4.6,TSAU_FR2S_P4,TSAU_FR2S_P4
1063,ECO03,Porites massive,Pmas,19,3,2022,Aukane,NA,NA,-9.88359,143.407125,GPS EcoRRAP sites,30,5,4.1,TSAU_FR2S_P3,TSAU_FR2S_P3
1064,ECO03,Porites massive,Pmas,19,3,2022,Aukane,NA,NA,-9.87996,143.41004,GPS EcoRRAP sites,30,NA,3.4,TSAU_FR1S_P3,TSAU_FR1S
1065,ECO03,Porites massive,Pmas,19,3,2022,Aukane,NA,NA,-9.87996,143.41004,GPS EcoRRAP sites,30,NA,3.4,TSAU_FR1S_P3,TSAU_FR1S
1066,ECO03,Porites massive,Pmas,19,3,2022,Aukane,NA,NA,-9.87996,143.41004,GPS EcoRRAP sites,30,NA,3.4,TSAU_FR1S_P3,TSAU_FR1S
1067,ECO03,Porites massive,Pmas,19,3,2022,Aukane,NA,NA,-9.87996,143.41004,GPS EcoRRAP sites,30,NA,3.4,TSAU_FR1S_P3,TSAU_FR1S
1068,ECO03,Porites massive,Pmas,19,3,2022,Aukane,NA,NA,-9.87996,143.41004,GPS EcoRRAP sites,30,NA,3.4,TSAU_FR1S_P3,TSAU_FR1S
1069,ECO03,Porites massive,Pmas,19,3,2022,Aukane,NA,NA,-9.87996,143.41004,GPS EcoRRAP sites,30,NA,3.4,TSAU_FR1S_P3,TSAU_FR1S
1070,ECO03,Porites massive,Pmas,19,3,2022,Aukane,NA,NA,-9.87996,143.41004,GPS EcoRRAP sites,30,NA,3.4,TSAU_FR1S_P3,TSAU_FR1S
1071,ECO03,Seriatopora hystrix,Shys,19,3,2022,Aukane,NA,NA,-9.87996,143.41004,GPS EcoRRAP sites,30,NA,3.4,TSAU_FR1S_P3,TSAU_FR1S
1072,ECO03,Pachyseris speciosa,Pspe,19,3,2022,Aukane,NA,NA,-9.87996,143.41004,GPS EcoRRAP sites,30,NA,3.4,TSAU_FR1S_P3,TSAU_FR1S
1073,ECO03,Pachyseris speciosa,Pspe,19,3,2022,Aukane,NA,NA,-9.87996,143.41004,GPS EcoRRAP sites,30,NA,3.4,TSAU_FR1S_P3,TSAU_FR1S
1074,ECO03,Seriatopora hystrix,Shys,19,3,2022,Aukane,NA,NA,-9.87996,143.41004,GPS EcoRRAP sites,30,NA,3.4,TSAU_FR1S_P3,TSAU_FR1S
1075,ECO03,Seriatopora hystrix,Shys,19,3,2022,Aukane,NA,NA,-9.87996,143.41004,GPS EcoRRAP sites,30,NA,3.4,TSAU_FR1S_P3,TSAU_FR1S
1076,ECO03,Pachyseris speciosa,Pspe,19,3,2022,Aukane,NA,NA,-9.87996,143.41004,GPS EcoRRAP sites,30,NA,3.4,TSAU_FR1S_P3,TSAU_FR1S
1077,ECO03,Pachyseris speciosa,Pspe,19,3,2022,Aukane,NA,NA,-9.87996,143.41004,GPS EcoRRAP sites,30,NA,3.4,TSAU_FR1S_P3,TSAU_FR1S
1078,ECO03,Seriatopora hystrix,Shys,19,3,2022,Aukane,NA,NA,-9.87996,143.41004,GPS EcoRRAP sites,30,NA,3.4,TSAU_FR1S_P3,TSAU_FR1S
1079,ECO03,Seriatopora hystrix,Shys,19,3,2022,Aukane,NA,NA,-9.87996,143.41004,GPS EcoRRAP sites,30,NA,3.4,TSAU_FR1S_P3,TSAU_FR1S
1080,ECO03,Seriatopora hystrix,Shys,19,3,2022,Aukane,NA,NA,-9.87996,143.41004,GPS EcoRRAP sites,30,NA,3.4,TSAU_FR1S_P3,TSAU_FR1S
1081,ECO03,Seriatopora hystrix,Shys,19,3,2022,Aukane,NA,NA,-9.87996,143.41004,GPS EcoRRAP sites,30,NA,3.4,TSAU_FR1S_P3,TSAU_FR1S
1082,ECO03,Seriatopora hystrix,Shys,19,3,2022,Aukane,NA,NA,-9.87996,143.41004,GPS EcoRRAP sites,30,NA,3.4,TSAU_FR1S_P3,TSAU_FR1S
1083,ECO03,Seriatopora hystrix,Shys,19,3,2022,Aukane,NA,NA,-9.87996,143.41004,GPS EcoRRAP sites,30,NA,3.4,TSAU_FR1S_P3,TSAU_FR1S
1084,ECO03,Acropora hyacinthus,Ahya,19,3,2022,Aukane,NA,NA,-9.87996,143.41004,GPS EcoRRAP sites,30,NA,2.9,TSAU_FR1S_P2,TSAU_FR1S
1085,ECO03,Seriatopora hystrix,Shys,19,3,2022,Aukane,NA,NA,-9.87996,143.41004,GPS EcoRRAP sites,30,NA,2.9,TSAU_FR1S_P2,TSAU_FR1S
1086,ECO03,Seriatopora hystrix,Shys,19,3,2022,Aukane,NA,NA,-9.87996,143.41004,GPS EcoRRAP sites,30,NA,2.9,TSAU_FR1S_P2,TSAU_FR1S
1087,ECO03,Acropora hyacinthus,Ahya,19,3,2022,Aukane,NA,NA,-9.87996,143.41004,GPS EcoRRAP sites,30,NA,2.9,TSAU_FR1S_P2,TSAU_FR1S
1088,ECO03,Seriatopora hystrix,Shys,19,3,2022,Aukane,NA,NA,-9.87996,143.41004,GPS EcoRRAP sites,30,NA,2.9,TSAU_FR1S_P2,TSAU_FR1S
1089,ECO03,Acropora hyacinthus,Ahya,19,3,2022,Aukane,NA,NA,-9.87996,143.41004,GPS EcoRRAP sites,30,NA,2.9,TSAU_FR1S_P2,TSAU_FR1S
1090,ECO03,Seriatopora hystrix,Shys,19,3,2022,Aukane,NA,NA,-9.87996,143.41004,GPS EcoRRAP sites,30,NA,2.9,TSAU_FR1S_P2,TSAU_FR1S
1091,ECO03,Seriatopora hystrix,Shys,19,3,2022,Aukane,NA,NA,-9.87996,143.41004,GPS EcoRRAP sites,30,NA,2.9,TSAU_FR1S_P2,TSAU_FR1S
1092,ECO03,Pachyseris speciosa,Pspe,19,3,2022,Aukane,NA,NA,-9.87996,143.41004,GPS EcoRRAP sites,30,NA,2.9,TSAU_FR1S_P2,TSAU_FR1S
1093,ECO03,Pachyseris speciosa,Pspe,19,3,2022,Aukane,NA,NA,-9.87996,143.41004,GPS EcoRRAP sites,30,NA,2.9,TSAU_FR1S_P2,TSAU_FR1S
1094,ECO03,Porites massive,Pmas,19,3,2022,Aukane,NA,NA,-9.87996,143.41004,GPS EcoRRAP sites,30,NA,2.9,TSAU_FR1S_P2,TSAU_FR1S
1104,ECO03,Porites massive,Pmas,19,3,2022,Aukane,NA,NA,-9.87996,143.41004,GPS EcoRRAP sites,30,NA,2.9,TSAU_FR1S_P2,TSAU_FR1S
1105,ECO03,Porites massive,Pmas,19,3,2022,Aukane,NA,NA,-9.87996,143.41004,GPS EcoRRAP sites,30,NA,2.9,TSAU_FR1S_P2,TSAU_FR1S
1106,ECO03,Porites massive,Pmas,19,3,2022,Aukane,NA,NA,-9.87996,143.41004,GPS EcoRRAP sites,30,NA,2.9,TSAU_FR1S_P2,TSAU_FR1S
1107,ECO03,Porites massive,Pmas,19,3,2022,Aukane,NA,NA,-9.87996,143.41004,GPS EcoRRAP sites,30,NA,2.9,TSAU_FR1S_P2,TSAU_FR1S
1108,ECO03,Porites massive,Pmas,19,3,2022,Aukane,NA,NA,-9.87996,143.41004,GPS EcoRRAP sites,60,NA,3.2,TSAU_FR1S_P4,TSAU_FR1S
1109,ECO03,Seriatopora hystrix,Shys,19,3,2022,Aukane,NA,NA,-9.87996,143.41004,GPS EcoRRAP sites,60,NA,3.2,TSAU_FR1S_P4,TSAU_FR1S
1110,ECO03,Seriatopora hystrix,Shys,19,3,2022,Aukane,NA,NA,-9.87996,143.41004,GPS EcoRRAP sites,60,NA,3.2,TSAU_FR1S_P4,TSAU_FR1S
1111,ECO03,Porites massive,Pmas,19,3,2022,Aukane,NA,NA,-9.87996,143.41004,GPS EcoRRAP sites,60,NA,3.2,TSAU_FR1S_P4,TSAU_FR1S
1112,ECO03,Seriatopora hystrix,Shys,19,3,2022,Aukane,NA,NA,-9.87996,143.41004,GPS EcoRRAP sites,60,NA,3.2,TSAU_FR1S_P4,TSAU_FR1S
1113,ECO03,Porites massive,Pmas,19,3,2022,Aukane,NA,NA,-9.87996,143.41004,GPS EcoRRAP sites,60,NA,3.2,TSAU_FR1S_P4,TSAU_FR1S
1114,ECO03,Porites massive,Pmas,19,3,2022,Aukane,NA,NA,-9.87996,143.41004,GPS EcoRRAP sites,60,NA,3.2,TSAU_FR1S_P4,TSAU_FR1S
1115,ECO03,Seriatopora hystrix,Shys,19,3,2022,Aukane,NA,NA,-9.87996,143.41004,GPS EcoRRAP sites,60,NA,3.2,TSAU_FR1S_P4,TSAU_FR1S
1116,ECO03,Seriatopora hystrix,Shys,19,3,2022,Aukane,NA,NA,-9.87996,143.41004,GPS EcoRRAP sites,60,NA,3.2,TSAU_FR1S_P4,TSAU_FR1S
1117,ECO03,Seriatopora hystrix,Shys,19,3,2022,Aukane,NA,NA,-9.87996,143.41004,GPS EcoRRAP sites,60,NA,3.2,TSAU_FR1S_P4,TSAU_FR1S
1118,ECO03,Porites massive,Pmas,19,3,2022,Aukane,NA,NA,-9.87996,143.41004,GPS EcoRRAP sites,60,NA,3.2,TSAU_FR1S_P4,TSAU_FR1S
1119,ECO03,Seriatopora hystrix,Shys,19,3,2022,Aukane,NA,NA,-9.87996,143.41004,GPS EcoRRAP sites,60,NA,3.2,TSAU_FR1S_P4,TSAU_FR1S
1120,ECO03,Porites massive,Pmas,19,3,2022,Aukane,NA,NA,-9.87996,143.41004,GPS EcoRRAP sites,60,NA,3.2,TSAU_FR1S_P4,TSAU_FR1S
1121,ECO03,Pachyseris speciosa,Pspe,19,3,2022,Aukane,NA,NA,-9.87996,143.41004,GPS EcoRRAP sites,60,NA,3.2,TSAU_FR1S_P4,TSAU_FR1S
1122,ECO03,Porites massive,Pmas,19,3,2022,Aukane,NA,NA,-9.87996,143.41004,GPS EcoRRAP sites,60,NA,3.2,TSAU_FR1S_P4,TSAU_FR1S
1123,ECO03,Seriatopora hystrix,Shys,19,3,2022,Aukane,NA,NA,-9.87996,143.41004,GPS EcoRRAP sites,60,NA,3.2,TSAU_FR1S_P4,TSAU_FR1S
1124,ECO03,Porites massive,Pmas,19,3,2022,Aukane,NA,NA,-9.87996,143.41004,GPS EcoRRAP sites,60,NA,3.2,TSAU_FR1S_P4,TSAU_FR1S
1125,ECO03,Seriatopora hystrix,Shys,19,3,2022,Aukane,NA,NA,-9.87996,143.41004,GPS EcoRRAP sites,60,NA,3.2,TSAU_FR1S_P4,TSAU_FR1S
1126,ECO03,Porites massive,Pmas,19,3,2022,Aukane,NA,NA,-9.87996,143.41004,GPS EcoRRAP sites,60,NA,3.2,TSAU_FR1S_P4,TSAU_FR1S
1127,ECO03,Porites massive,Pmas,19,3,2022,Aukane,NA,NA,-9.87996,143.41004,GPS EcoRRAP sites,60,NA,3.2,TSAU_FR1S_P4,TSAU_FR1S
1128,ECO03,Stylophora pistillata,Spis,20,3,2022,Dungeness,NA,NA,-9.9312,143.00543,GPS EcoRRAP sites,30,5,4.5,TSDU_FR1S_P2,TSDU_FR1S_P2
1129,ECO03,Pocillopora acuta,Pacu,20,3,2022,Dungeness,NA,NA,-9.9312,143.00543,GPS EcoRRAP sites,30,5,4.5,TSDU_FR1S_P2,TSDU_FR1S_P2
1130,ECO03,Pachyseris speciosa,Pspe,20,3,2022,Dungeness,NA,NA,-9.9312,143.00543,GPS EcoRRAP sites,30,5,4.5,TSDU_FR1S_P2,TSDU_FR1S_P2
1131,ECO03,Porites massive,Pmas,20,3,2022,Dungeness,NA,NA,-9.9312,143.00543,GPS EcoRRAP sites,30,5,4.5,TSDU_FR1S_P2,TSDU_FR1S_P2
1132,ECO03,Porites massive,Pmas,20,3,2022,Dungeness,NA,NA,-9.9312,143.00543,GPS EcoRRAP sites,30,5,4.5,TSDU_FR1S_P2,TSDU_FR1S_P2
1133,ECO03,Porites massive,Pmas,20,3,2022,Dungeness,NA,NA,-9.9312,143.00543,GPS EcoRRAP sites,60,5,4.2,TSDU_FR1S,TSDU_FR1S
1136,ECO03,Porites massive,Pmas,20,3,2022,Dungeness,NA,NA,-9.9312,143.00543,GPS EcoRRAP sites,10,5,4.15,TSDU_FR1S_P23,TSDU_FR1S_P23
1137,ECO03,Pocillopora damicornis,Pdam,20,3,2022,Dungeness,NA,NA,-9.9312,143.00543,GPS EcoRRAP sites,10,5,4.15,TSDU_FR1S_P23,TSDU_FR1S_P23
1139,ECO03,Stylophora pistillata,Spis,20,3,2022,Dungeness,NA,NA,-9.9312,143.00543,GPS EcoRRAP sites,40,5,3.9,TSDU_FR1S_P34,TSDU_FR1S_P34
1140,ECO03,Porites massive,Pmas,20,3,2022,Dungeness,NA,NA,-9.9312,143.00543,GPS EcoRRAP sites,30,5,3.8,TSDU_FR1S_P3,TSDU_FR1S_P3
1141,ECO03,Porites massive,Pmas,20,3,2022,Dungeness,NA,NA,-9.9312,143.00543,GPS EcoRRAP sites,60,5,4,TSDU_FR1S_P4,TSDU_FR1S_P4
1142,ECO03,Acropora hyacinthus,Ahya,20,3,2022,Dungeness,NA,NA,-9.9312,143.00543,GPS EcoRRAP sites,10,5,4.15,TSDU_FR1S_P23,TSDU_FR1S_P23
1143,ECO03,Pachyseris speciosa,Pspe,20,3,2022,Dungeness,NA,NA,-9.9312,143.00543,GPS EcoRRAP sites,30,5,4.5,TSDU_FR1S_P2,TSDU_FR1S_P2
1144,ECO03,Pachyseris speciosa,Pspe,20,3,2022,Dungeness,NA,NA,-9.9312,143.00543,GPS EcoRRAP sites,10,5,4.5,TSDU_FR1S_P1,TSDU_FR1S_P1
1145,ECO03,Porites massive,Pmas,21,3,2022,Dungeness,NA,NA,-9.934095,142.922705,GPS EcoRRAP sites,30,5,2.5,TSDU_LA1S_P3,TSDU_LA1S_P3
1146,ECO03,Pachyseris speciosa,Pspe,21,3,2022,Dungeness,NA,NA,-9.934095,142.922705,GPS EcoRRAP sites,40,5,2.3,TSDU_LA1S_P34,TSDU_LA1S_P34
1147,ECO03,Pachyseris speciosa,Pspe,21,3,2022,Dungeness,NA,NA,-9.934095,142.922705,GPS EcoRRAP sites,60,5,2.1,TSDU_LA1S_P4,TSDU_LA1S_P4
1148,ECO03,Pocillopora damicornis,Pdam,21,3,2022,Dungeness,NA,NA,-9.934095,142.922705,GPS EcoRRAP sites,60,5,2.1,TSDU_LA1S_P4,TSDU_LA1S_P4
1149,ECO03,Porites massive,Pmas,21,3,2022,Dungeness,NA,NA,-9.934095,142.922705,GPS EcoRRAP sites,60,5,2.1,TSDU_LA1S_P4,TSDU_LA1S_P4
1150,ECO03,Pocillopora damicornis,Pdam,21,3,2022,Dungeness,NA,NA,-9.934095,142.922705,GPS EcoRRAP sites,60,5,2.1,TSDU_LA1S_P4,TSDU_LA1S_P4
1151,ECO03,Acropora hyacinthus,Ahya,21,3,2022,Dungeness,NA,NA,-9.934095,142.922705,GPS EcoRRAP sites,60,5,2.5,TSDU_LA1S,TSDU_LA1S
1152,ECO03,Acropora hyacinthus,Ahya,21,3,2022,Dungeness,NA,NA,-9.934095,142.922705,GPS EcoRRAP sites,60,5,2.5,TSDU_LA1S,TSDU_LA1S
1153,ECO03,Acropora hyacinthus,Ahya,21,3,2022,Dungeness,NA,NA,-9.934095,142.922705,GPS EcoRRAP sites,60,5,2.5,TSDU_LA1S,TSDU_LA1S
1154,ECO03,Pocillopora meandrina,Pmea,21,3,2022,Dungeness,NA,NA,-10.03707,142.926535,GPS EcoRRAP sites,60,5,3.4,TSDU_FR2S_P1,TSDU_FR2S_P1
1155,ECO03,Psammacora sp.,Psam,21,3,2022,Dungeness,NA,NA,-10.03707,142.926535,GPS EcoRRAP sites,60,5,4.1,TSDU_FR2S_P4,TSDU_FR2S_P4
1156,ECO03,Porites massive,Pmas,21,3,2022,Dungeness,NA,NA,-10.03707,142.926535,GPS EcoRRAP sites,60,5,3.4,TSDU_FR2S_P1,TSDU_FR2S_P1
1157,ECO03,Stylophora pistillata,Spis,21,3,2022,Dungeness,NA,NA,-10.03707,142.926535,GPS EcoRRAP sites,10,5,4.4,TSDU_FR2S_P23,TSDU_FR2S_P23
1158,ECO03,Porites massive,Pmas,21,3,2022,Dungeness,NA,NA,-10.03707,142.926535,GPS EcoRRAP sites,60,5,4.1,TSDU_FR2S,TSDU_FR2S
1159,ECO03,Pocillopora damicornis,Pdam,21,3,2022,Dungeness,NA,NA,-10.03707,142.926535,GPS EcoRRAP sites,30,5,4,TSDU_FR2S_P2,TSDU_FR2S_P2
1160,ECO03,Acropora hyacinthus,Ahya,21,3,2022,Dungeness,NA,NA,-10.03707,142.926535,GPS EcoRRAP sites,10,5,4.4,TSDU_FR2S_P23,TSDU_FR2S_P23
1161,ECO03,Pachyseris speciosa,Pspe,21,3,2022,Dungeness,NA,NA,-10.03707,142.926535,GPS EcoRRAP sites,30,5,4.8,TSDU_FR2S_P3,TSDU_FR2S_P3
1162,ECO03,Acropora hyacinthus,Ahya,21,3,2022,Dungeness,NA,NA,-10.03707,142.926535,GPS EcoRRAP sites,60,5,4.1,TSDU_FR2S_P4,TSDU_FR2S_P4
1163,ECO03,Porites massive,Pmas,21,3,2022,Dungeness,NA,NA,-10.03707,142.926535,GPS EcoRRAP sites,30,5,4,TSDU_FR2S_P2,TSDU_FR2S_P2
1164,ECO03,Acropora hyacinthus,Ahya,21,3,2022,Dungeness,NA,NA,-10.03707,142.926535,GPS EcoRRAP sites,60,5,3.4,TSDU_FR2S_P1,TSDU_FR2S_P1
1165,ECO03,Acropora hyacinthus,Ahya,22,3,2022,Dungeness,NA,NA,-9.985315,142.90854,GPS EcoRRAP sites,30,5,2.5,TSDU_BA3S_P2,TSDU_BA3S_P2
1166,ECO03,Pocillopora damicornis,Pdam,22,3,2022,Dungeness,NA,NA,-9.985315,142.90854,GPS EcoRRAP sites,30,5,2.5,TSDU_BA3S_P2,TSDU_BA3S_P2
1167,ECO03,Pocillopora acuta,Pacu,22,3,2022,Dungeness,NA,NA,-9.985315,142.90854,GPS EcoRRAP sites,30,5,2.5,TSDU_BA3S_P2,TSDU_BA3S_P2
1168,ECO03,Pocillopora damicornis,Pdam,22,3,2022,Dungeness,NA,NA,-9.985315,142.90854,GPS EcoRRAP sites,40,5,2.45,TSDU_BA3S_P34,TSDU_BA3S_P34
1169,ECO03,Acropora hyacinthus,Ahya,22,3,2022,Dungeness,NA,NA,-9.985315,142.90854,GPS EcoRRAP sites,60,5,2.2,TSDU_BA3S_P4,TSDU_BA3S_P4
1170,ECO03,Pocillopora damicornis,Pdam,22,3,2022,Dungeness,NA,NA,-9.985315,142.90854,GPS EcoRRAP sites,60,5,2.2,TSDU_BA3S_P4,TSDU_BA3S_P4
1171,ECO03,Pocillopora damicornis,Pdam,22,3,2022,Dungeness,NA,NA,-9.985315,142.90854,GPS EcoRRAP sites,30,5,2.7,TSDU_BA3S_P3,TSDU_BA3S_P3
1172,ECO03,Stylophora pistillata,Spis,22,3,2022,Dungeness,NA,NA,-9.985315,142.90854,GPS EcoRRAP sites,60,5,2.8,TSDU_BA3S_P1,TSDU_BA3S_P1
1173,ECO03,Pocillopora acuta,Pacu,22,3,2022,Dungeness,NA,NA,-9.985315,142.90854,GPS EcoRRAP sites,30,5,2.7,TSDU_BA3S_P3,TSDU_BA3S_P3
1174,ECO03,Stylophora pistillata,Spis,22,3,2022,Dungeness,NA,NA,-9.985315,142.90854,GPS EcoRRAP sites,30,5,2.7,TSDU_BA3S_P3,TSDU_BA3S_P3
1175,ECO03,Acropora hyacinthus,Ahya,23,3,2022,Dungeness,NA,NA,-9.878565,142.932925,GPS EcoRRAP sites,30,5,3.4,TSDU_BA2S_P2,TSDU_BA2S_P2
1176,ECO03,Pocillopora damicornis,Pdam,23,3,2022,Dungeness,NA,NA,-9.878565,142.932925,GPS EcoRRAP sites,30,5,3.4,TSDU_BA2S_P2,TSDU_BA2S_P2
1177,ECO03,Porites massive,Pmas,23,3,2022,Dungeness,NA,NA,-9.878565,142.932925,GPS EcoRRAP sites,30,5,3.4,TSDU_BA2S_P2,TSDU_BA2S_P2
1178,ECO03,Porites massive,Pmas,23,3,2022,Dungeness,NA,NA,-9.878565,142.932925,GPS EcoRRAP sites,30,5,3.4,TSDU_BA2S_P2,TSDU_BA2S_P2
1179,ECO03,Porites massive,Pmas,23,3,2022,Dungeness,NA,NA,-9.878565,142.932925,GPS EcoRRAP sites,30,5,3.4,TSDU_BA2S_P2,TSDU_BA2S_P2
1180,ECO03,Pocillopora acuta,Pacu,23,3,2022,Dungeness,NA,NA,-9.878565,142.932925,GPS EcoRRAP sites,40,5,3.45,TSDU_BA2S_P34,TSDU_BA2S_P34
1181,ECO03,Porites massive,Pmas,23,3,2022,Dungeness,NA,NA,-9.878565,142.932925,GPS EcoRRAP sites,60,5,3.4,TSDU_BA2S_P4,TSDU_BA2S_P4
1182,ECO03,Porites massive,Pmas,23,3,2022,Dungeness,NA,NA,-9.878565,142.932925,GPS EcoRRAP sites,60,5,3.4,TSDU_BA2S_P4,TSDU_BA2S_P4
1183,ECO03,Porites massive,Pmas,23,3,2022,Dungeness,NA,NA,-9.878565,142.932925,GPS EcoRRAP sites,60,5,3.4,TSDU_BA2S_P4,TSDU_BA2S_P4
1184,ECO03,Porites massive,Pmas,23,3,2022,Dungeness,NA,NA,-9.878565,142.932925,GPS EcoRRAP sites,60,5,3.4,TSDU_BA2S_P4,TSDU_BA2S_P4
1185,ECO03,Acropora hyacinthus,Ahya,23,3,2022,Dungeness,NA,NA,-9.878565,142.932925,GPS EcoRRAP sites,30,5,3.5,TSDU_BA2S_P3,TSDU_BA2S_P3
1186,ECO03,Pocillopora damicornis,Pdam,23,3,2022,Dungeness,NA,NA,-9.878565,142.932925,GPS EcoRRAP sites,30,5,3.5,TSDU_BA2S_P3,TSDU_BA2S_P3
1187,ECO03,Porites massive,Pmas,23,3,2022,Dungeness,NA,NA,-9.878565,142.932925,GPS EcoRRAP sites,30,5,3.5,TSDU_BA2S_P3,TSDU_BA2S_P3
1189,ECO03,Porites massive,Pmas,23,3,2022,Dungeness,NA,NA,-9.878565,142.932925,GPS EcoRRAP sites,30,5,3.5,TSDU_BA2S_P3,TSDU_BA2S_P3
1190,ECO03,Porites massive,Pmas,23,3,2022,Dungeness,NA,NA,-9.878565,142.932925,GPS EcoRRAP sites,30,5,3.5,TSDU_BA2S_P3,TSDU_BA2S_P3
1191,ECO03,Pocillopora verrucosa,Pver,23,3,2022,Dungeness,NA,NA,-9.878565,142.932925,GPS EcoRRAP sites,10,5,3.45,TSDU_BA2S_P23,TSDU_BA2S_P23
1192,ECO03,Seriatopora hystrix,Shys,2,5,2022,Lady_Musgrave,NA,NA,-23.900174,152.3936205,GPS EcoRRAP sites,6,5,4.7,CBLM_BA1S_P1,CBLM_BA1S_P1
1193,ECO03,Seriatopora hystrix,Shys,2,5,2022,Lady_Musgrave,NA,NA,-23.900174,152.3936205,GPS EcoRRAP sites,6,5,4.7,CBLM_BA1S_P1,CBLM_BA1S_P1
1194,ECO03,Pocillopora verrucosa,Pver,2,5,2022,Lady_Musgrave,NA,NA,-23.900174,152.3936205,GPS EcoRRAP sites,6,5,4.7,CBLM_BA1S_P1,CBLM_BA1S_P1
1195,ECO03,Seriatopora hystrix,Shys,2,5,2022,Lady_Musgrave,NA,NA,-23.900253,152.393555,GPS EcoRRAP sites,6,5,4.3,CBLM_BA1S_P2,CBLM_BA1S_P2
1196,ECO03,Pocillopora verrucosa,Pver,2,5,2022,Lady_Musgrave,NA,NA,-23.9003675,152.3934045,GPS EcoRRAP sites,6,5,3.4,CBLM_BA1S_P3,CBLM_BA1S_P3
1197,ECO03,Isopora prolifera,Ipro,2,5,2022,Lady_Musgrave,NA,NA,-23.9003675,152.3934045,GPS EcoRRAP sites,6,5,3.4,CBLM_BA1S_P3,CBLM_BA1S_P3
1198,ECO03,Pocillopora damicornis,Pdam,2,5,2022,Lady_Musgrave,NA,NA,-23.9003675,152.3934045,GPS EcoRRAP sites,6,5,3.4,CBLM_BA1S_P3,CBLM_BA1S_P3
1199,ECO03,Pocillopora meandrina,Pmea,2,5,2022,Lady_Musgrave,NA,NA,-23.9004655,152.393308,GPS EcoRRAP sites,6,5,4,CBLM_BA1S_P4,CBLM_BA1S_P4
1200,ECO03,Pocillopora damicornis,Pdam,2,5,2022,Lady_Musgrave,NA,NA,-23.9004655,152.393308,GPS EcoRRAP sites,6,5,4,CBLM_BA1S_P4,CBLM_BA1S_P4
1201,ECO03,Pocillopora meandrina,Pmea,3,5,2022,Lady_Musgrave,NA,NA,-23.8943045,152.4043745,GPS EcoRRAP sites,6,5,3.9,CBLM_BA2S_P1,CBLM_BA2S_P1
1202,ECO03,Seriatopora hystrix,Shys,3,5,2022,Lady_Musgrave,NA,NA,-23.8943045,152.4043745,GPS EcoRRAP sites,6,5,3.9,CBLM_BA2S_P1,CBLM_BA2S_P1
1203,ECO03,Pocillopora verrucosa,Pver,3,5,2022,Lady_Musgrave,NA,NA,-23.8943045,152.4043745,GPS EcoRRAP sites,6,5,3.9,CBLM_BA2S_P1,CBLM_BA2S_P1
1204,ECO03,Pocillopora damicornis,Pdam,3,5,2022,Lady_Musgrave,NA,NA,-23.8943095,152.404054,GPS EcoRRAP sites,6,5,4.5,CBLM_BA2S_P2,CBLM_BA2S_P2
1205,ECO03,Pocillopora damicornis,Pdam,3,5,2022,Lady_Musgrave,NA,NA,-23.8943095,152.404054,GPS EcoRRAP sites,6,5,4.5,CBLM_BA2S_P2,CBLM_BA2S_P2
1206,ECO03,Seriatopora hystrix,Shys,3,5,2022,Lady_Musgrave,NA,NA,-23.8945,152.403644,GPS EcoRRAP sites,6,5,4.4,CBLM_BA2S_P4,CBLM_BA2S_P4
1207,ECO03,Stylophora pistillata,Spis,3,5,2022,Lady_Musgrave,NA,NA,-23.8944175,152.403762,GPS EcoRRAP sites,6,5,5.6,CBLM_BA2S_P3,CBLM_BA2S_P3
1208,ECO03,Seriatopora hystrix,Shys,3,5,2022,Lady_Musgrave,NA,NA,-23.8944175,152.403762,GPS EcoRRAP sites,6,5,5.6,CBLM_BA2S_P3,CBLM_BA2S_P3
1209,ECO03,Seriatopora hystrix,Shys,3,5,2022,Lady_Musgrave,NA,NA,-23.8944175,152.403762,GPS EcoRRAP sites,6,5,5.6,CBLM_BA2S_P3,CBLM_BA2S_P3
1210,ECO03,Pocillopora damicornis,Pdam,3,5,2022,Lady_Musgrave,NA,NA,-23.8944175,152.403762,GPS EcoRRAP sites,6,5,5.6,CBLM_BA2S_P3,CBLM_BA2S_P3
1211,ECO03,Pocillopora damicornis,Pdam,3,5,2022,Lady_Musgrave,NA,NA,-23.8944175,152.403762,GPS EcoRRAP sites,6,5,5.6,CBLM_BA2S_P3,CBLM_BA2S_P3
1212,ECO03,Seriatopora hystrix,Shys,3,5,2022,Lady_Musgrave,NA,NA,-23.8944175,152.403762,GPS EcoRRAP sites,6,5,5.6,CBLM_BA2S_P3,CBLM_BA2S_P3
1213,ECO03,Seriatopora hystrix,Shys,3,5,2022,Lady_Musgrave,NA,NA,-23.8962565,152.413664,GPS EcoRRAP sites,6,5,4.3,CBLM_LA1S_P1,CBLM_LA1S_P1
1214,ECO03,Seriatopora hystrix,Shys,3,5,2022,Lady_Musgrave,NA,NA,-23.8962565,152.413664,GPS EcoRRAP sites,6,5,4.3,CBLM_LA1S_P1,CBLM_LA1S_P1
1215,ECO03,Seriatopora hystrix,Shys,3,5,2022,Lady_Musgrave,NA,NA,-23.8962565,152.413664,GPS EcoRRAP sites,6,5,4.3,CBLM_LA1S_P1,CBLM_LA1S_P1
1216,ECO03,Seriatopora hystrix,Shys,3,5,2022,Lady_Musgrave,NA,NA,-23.8962565,152.413664,GPS EcoRRAP sites,6,5,4.3,CBLM_LA1S_P1,CBLM_LA1S_P1
1217,ECO03,Seriatopora hystrix,Shys,3,5,2022,Lady_Musgrave,NA,NA,-23.8962565,152.413664,GPS EcoRRAP sites,6,5,4.3,CBLM_LA1S_P1,CBLM_LA1S_P1
1218,ECO03,Seriatopora hystrix,Shys,3,5,2022,Lady_Musgrave,NA,NA,-23.896318,152.4138515,GPS EcoRRAP sites,6,5,4.5,CBLM_LA1S_P2,CBLM_LA1S_P2
1219,ECO03,Seriatopora hystrix,Shys,3,5,2022,Lady_Musgrave,NA,NA,-23.896318,152.4138515,GPS EcoRRAP sites,6,5,4.5,CBLM_LA1S_P2,CBLM_LA1S_P2
1220,ECO03,Seriatopora hystrix,Shys,3,5,2022,Lady_Musgrave,NA,NA,-23.896318,152.4138515,GPS EcoRRAP sites,6,5,4.5,CBLM_LA1S_P2,CBLM_LA1S_P2
1221,ECO03,Seriatopora hystrix,Shys,3,5,2022,Lady_Musgrave,NA,NA,-23.896318,152.4138515,GPS EcoRRAP sites,6,5,4.5,CBLM_LA1S_P2,CBLM_LA1S_P2
1222,ECO03,Porites massive,Pmas,3,5,2022,Lady_Musgrave,NA,NA,-23.896318,152.4138515,GPS EcoRRAP sites,6,5,4.5,CBLM_LA1S_P2,CBLM_LA1S_P2
1223,ECO03,Porites massive,Pmas,3,5,2022,Lady_Musgrave,NA,NA,-23.896318,152.4138515,GPS EcoRRAP sites,6,5,4.5,CBLM_LA1S_P2,CBLM_LA1S_P2
1224,ECO03,Stylophora pistillata,Spis,3,5,2022,Lady_Musgrave,NA,NA,-23.89628725,152.4137578,GPS EcoRRAP sites,10,5,4.4,CBLM_LA1S_P12,CBLM_LA1S_P12
1225,ECO03,Porites massive,Pmas,3,5,2022,Lady_Musgrave,NA,NA,-23.8962565,152.413664,GPS EcoRRAP sites,6,5,4.3,CBLM_LA1S_P1,CBLM_LA1S_P1
1226,ECO03,Porites massive,Pmas,3,5,2022,Lady_Musgrave,NA,NA,-23.8962565,152.413664,GPS EcoRRAP sites,6,5,4.3,CBLM_LA1S_P1,CBLM_LA1S_P1
1227,ECO03,Seriatopora hystrix,Shys,3,5,2022,Lady_Musgrave,NA,NA,-23.8963465,152.414007,GPS EcoRRAP sites,6,5,4.5,CBLM_LA1S_P3,CBLM_LA1S_P3
1228,ECO03,Seriatopora hystrix,Shys,3,5,2022,Lady_Musgrave,NA,NA,-23.8963465,152.414007,GPS EcoRRAP sites,6,5,4.5,CBLM_LA1S_P3,CBLM_LA1S_P3
1229,ECO03,Porites massive,Pmas,3,5,2022,Lady_Musgrave,NA,NA,-23.8963465,152.414007,GPS EcoRRAP sites,6,5,4.5,CBLM_LA1S_P3,CBLM_LA1S_P3
1230,ECO03,Seriatopora hystrix,Shys,3,5,2022,Lady_Musgrave,NA,NA,-23.8963465,152.414007,GPS EcoRRAP sites,6,5,4.5,CBLM_LA1S_P3,CBLM_LA1S_P3
1231,ECO03,Pocillopora damicornis,Pdam,3,5,2022,Lady_Musgrave,NA,NA,-23.8963465,152.414007,GPS EcoRRAP sites,6,5,4.5,CBLM_LA1S_P3,CBLM_LA1S_P3
1232,ECO03,Seriatopora hystrix,Shys,3,5,2022,Lady_Musgrave,NA,NA,-23.8963465,152.414007,GPS EcoRRAP sites,6,5,4.5,CBLM_LA1S_P3,CBLM_LA1S_P3
1233,ECO03,Seriatopora hystrix,Shys,3,5,2022,Lady_Musgrave,NA,NA,-23.8963465,152.414007,GPS EcoRRAP sites,6,5,4.5,CBLM_LA1S_P3,CBLM_LA1S_P3
1234,ECO03,Stylophora pistillata,Spis,3,5,2022,Lady_Musgrave,NA,NA,-23.8963465,152.414007,GPS EcoRRAP sites,6,5,4.5,CBLM_LA1S_P3,CBLM_LA1S_P3
1235,ECO03,Pocillopora damicornis,Pdam,3,5,2022,Lady_Musgrave,NA,NA,-23.8960755,152.414039,GPS EcoRRAP sites,6,5,3.1,CBLM_LA1S_P4,CBLM_LA1S_P4
1236,ECO03,Seriatopora hystrix,Shys,3,5,2022,Lady_Musgrave,NA,NA,-23.8960755,152.414039,GPS EcoRRAP sites,6,5,3.1,CBLM_LA1S_P4,CBLM_LA1S_P4
1237,ECO03,Seriatopora hystrix,Shys,3,5,2022,Lady_Musgrave,NA,NA,-23.8960755,152.414039,GPS EcoRRAP sites,6,5,3.1,CBLM_LA1S_P4,CBLM_LA1S_P4
1238,ECO03,Seriatopora hystrix,Shys,3,5,2022,Lady_Musgrave,NA,NA,-23.8960755,152.414039,GPS EcoRRAP sites,6,5,3.1,CBLM_LA1S_P4,CBLM_LA1S_P4
1239,ECO03,Seriatopora hystrix,Shys,3,5,2022,Lady_Musgrave,NA,NA,-23.8960755,152.414039,GPS EcoRRAP sites,6,5,3.1,CBLM_LA1S_P4,CBLM_LA1S_P4
1240,ECO03,Seriatopora hystrix,Shys,4,5,2022,Lady_Musgrave,NA,NA,-23.884943,152.4136075,GPS EcoRRAP sites,6,5,4.2,CBLM_FL1S_P1,CBLM_FL1S_P1
1241,ECO03,Pocillopora acuta,Pacu,4,5,2022,Lady_Musgrave,NA,NA,-23.884943,152.4136075,GPS EcoRRAP sites,6,5,4.2,CBLM_FL1S_P1,CBLM_FL1S_P1
1242,ECO03,Pocillopora damicornis,Pdam,4,5,2022,Lady_Musgrave,NA,NA,-23.884943,152.4136075,GPS EcoRRAP sites,6,5,4.2,CBLM_FL1S_P1,CBLM_FL1S_P1
1243,ECO03,Seriatopora hystrix,Shys,4,5,2022,Lady_Musgrave,NA,NA,-23.884943,152.4136075,GPS EcoRRAP sites,6,5,4.2,CBLM_FL1S_P1,CBLM_FL1S_P1
1244,ECO03,Stylophora pistillata,Spis,4,5,2022,Lady_Musgrave,NA,NA,-23.884943,152.4136075,GPS EcoRRAP sites,6,5,4.2,CBLM_FL1S_P1,CBLM_FL1S_P1
1245,ECO03,Stylophora pistillata,Spis,4,5,2022,Lady_Musgrave,NA,NA,-23.884943,152.4136075,GPS EcoRRAP sites,6,5,4.2,CBLM_FL1S_P1,CBLM_FL1S_P1
1246,ECO03,Pocillopora verrucosa,Pver,4,5,2022,Lady_Musgrave,NA,NA,-23.88506,152.4135875,GPS EcoRRAP sites,6,5,4,CBLM_FL1S_P2,CBLM_FL1S_P2
1247,ECO03,Pocillopora verrucosa,Pver,4,5,2022,Lady_Musgrave,NA,NA,-23.88506,152.4135875,GPS EcoRRAP sites,6,5,4,CBLM_FL1S_P2,CBLM_FL1S_P2
1248,ECO03,Pocillopora verrucosa,Pver,4,5,2022,Lady_Musgrave,NA,NA,-23.88506,152.4135875,GPS EcoRRAP sites,6,5,4,CBLM_FL1S_P2,CBLM_FL1S_P2
1249,ECO03,Pocillopora acuta,Pacu,4,5,2022,Lady_Musgrave,NA,NA,-23.88506,152.4135875,GPS EcoRRAP sites,6,5,4,CBLM_FL1S_P2,CBLM_FL1S_P2
1250,ECO03,Pocillopora eydouxi,Peyd,4,5,2022,Lady_Musgrave,NA,NA,-23.88506,152.4135875,GPS EcoRRAP sites,6,5,4,CBLM_FL1S_P2,CBLM_FL1S_P2
1251,ECO03,Seriatopora hystrix,Shys,4,5,2022,Lady_Musgrave,NA,NA,-23.8853215,152.413674,GPS EcoRRAP sites,6,5,4.9,CBLM_FL1S_P4,CBLM_FL1S_P4
1252,ECO03,Seriatopora hystrix,Shys,4,5,2022,Lady_Musgrave,NA,NA,-23.8853215,152.413674,GPS EcoRRAP sites,6,5,4.9,CBLM_FL1S_P4,CBLM_FL1S_P4
1253,ECO03,Porites massive,Pmas,4,5,2022,Lady_Musgrave,NA,NA,-23.8852145,152.413594,GPS EcoRRAP sites,6,5,5.1,CBLM_FL1S_P3,CBLM_FL1S_P3
1254,ECO03,Porites massive,Pmas,4,5,2022,Lady_Musgrave,NA,NA,-23.8852145,152.413594,GPS EcoRRAP sites,6,5,5.1,CBLM_FL1S_P3,CBLM_FL1S_P3
1255,ECO03,Seriatopora hystrix,Shys,4,5,2022,Lady_Musgrave,NA,NA,-23.8852145,152.413594,GPS EcoRRAP sites,6,5,5.1,CBLM_FL1S_P3,CBLM_FL1S_P3
1256,ECO03,Seriatopora hystrix,Shys,4,5,2022,Lady_Musgrave,NA,NA,-23.8853215,152.413674,GPS EcoRRAP sites,6,5,4.9,CBLM_FL1S_P4,CBLM_FL1S_P4
1257,ECO03,Pocillopora damicornis,Pdam,4,5,2022,Lady_Musgrave,NA,NA,-23.8853215,152.413674,GPS EcoRRAP sites,6,5,4.9,CBLM_FL1S_P4,CBLM_FL1S_P4
1258,ECO03,Seriatopora hystrix,Shys,4,5,2022,Lady_Musgrave,NA,NA,-23.8853215,152.413674,GPS EcoRRAP sites,6,5,4.9,CBLM_FL1S_P4,CBLM_FL1S_P4
1259,ECO03,Stylophora pistillata,Spis,4,5,2022,Lady_Musgrave,NA,NA,-23.9175615,152.392049,GPS EcoRRAP sites,6,5,5.6,CBLM_FL2S_P1,CBLM_FL2S_P1
1260,ECO03,Stylophora pistillata,Spis,4,5,2022,Lady_Musgrave,NA,NA,-23.9175615,152.392049,GPS EcoRRAP sites,6,5,5.6,CBLM_FL2S_P1,CBLM_FL2S_P1
1261,ECO03,Stylophora pistillata,Spis,4,5,2022,Lady_Musgrave,NA,NA,-23.9175615,152.392049,GPS EcoRRAP sites,6,5,5.6,CBLM_FL2S_P1,CBLM_FL2S_P1
1262,ECO03,Stylophora pistillata,Spis,4,5,2022,Lady_Musgrave,NA,NA,-23.9175615,152.392049,GPS EcoRRAP sites,6,5,5.6,CBLM_FL2S_P1,CBLM_FL2S_P1
1263,ECO03,Pocillopora damicornis,Pdam,4,5,2022,Lady_Musgrave,NA,NA,-23.9175615,152.392049,GPS EcoRRAP sites,6,5,5.6,CBLM_FL2S_P1,CBLM_FL2S_P1
1264,ECO03,Stylophora pistillata,Spis,4,5,2022,Lady_Musgrave,NA,NA,-23.9175615,152.392049,GPS EcoRRAP sites,6,5,5.6,CBLM_FL2S_P1,CBLM_FL2S_P1
1265,ECO03,Stylophora pistillata,Spis,4,5,2022,Lady_Musgrave,NA,NA,-23.917564,152.392285,GPS EcoRRAP sites,6,5,5,CBLM_FL2S_P2,CBLM_FL2S_P2
1265,ECO03,Stylophora pistillata,Spis,4,5,2022,Lady_Musgrave,NA,NA,-23.917564,152.392285,GPS EcoRRAP sites,6,5,5,CBLM_FL2S_P2,CBLM_FL2S_P2
1266,ECO03,Stylophora pistillata,Spis,4,5,2022,Lady_Musgrave,NA,NA,-23.917564,152.392285,GPS EcoRRAP sites,6,5,5,CBLM_FL2S_P2,CBLM_FL2S_P2
1267,ECO03,Pocillopora damicornis,Pdam,4,5,2022,Lady_Musgrave,NA,NA,-23.917564,152.392285,GPS EcoRRAP sites,6,5,5,CBLM_FL2S_P2,CBLM_FL2S_P2
1268,ECO03,Stylophora pistillata,Spis,4,5,2022,Lady_Musgrave,NA,NA,-23.917564,152.392285,GPS EcoRRAP sites,6,5,5,CBLM_FL2S_P2,CBLM_FL2S_P2
1269,ECO03,Pocillopora verrucosa,Pver,4,5,2022,Lady_Musgrave,NA,NA,-23.917564,152.392285,GPS EcoRRAP sites,6,5,5,CBLM_FL2S_P2,CBLM_FL2S_P2
1270,ECO03,Pocillopora verrucosa,Pver,4,5,2022,Lady_Musgrave,NA,NA,-23.917494,152.392486,GPS EcoRRAP sites,6,5,5.1,CBLM_FL2S_P3,CBLM_FL2S_P3
1271,ECO03,Stylophora pistillata,Spis,4,5,2022,Lady_Musgrave,NA,NA,-23.917494,152.392486,GPS EcoRRAP sites,6,5,5.1,CBLM_FL2S_P3,CBLM_FL2S_P3
1272,ECO03,Pocillopora verrucosa,Pver,4,5,2022,Lady_Musgrave,NA,NA,-23.917494,152.392486,GPS EcoRRAP sites,6,5,5.1,CBLM_FL2S_P3,CBLM_FL2S_P3
1273,ECO03,Stylophora pistillata,Spis,4,5,2022,Lady_Musgrave,NA,NA,-23.917494,152.392486,GPS EcoRRAP sites,6,5,5.1,CBLM_FL2S_P3,CBLM_FL2S_P3
1274,ECO03,Stylophora pistillata,Spis,4,5,2022,Lady_Musgrave,NA,NA,-23.916998,152.3926315,GPS EcoRRAP sites,6,5,4.6,CBLM_FL2S_P4,CBLM_FL2S_P4
1275,ECO03,Stylophora pistillata,Spis,4,5,2022,Lady_Musgrave,NA,NA,-23.916998,152.3926315,GPS EcoRRAP sites,6,5,4.6,CBLM_FL2S_P4,CBLM_FL2S_P4
1276,ECO03,Pocillopora damicornis,Pdam,4,5,2022,Lady_Musgrave,NA,NA,-23.916998,152.3926315,GPS EcoRRAP sites,6,5,4.6,CBLM_FL2S_P4,CBLM_FL2S_P4
1277,ECO03,Stylophora pistillata,Spis,4,5,2022,Lady_Musgrave,NA,NA,-23.916998,152.3926315,GPS EcoRRAP sites,6,5,4.6,CBLM_FL2S_P4,CBLM_FL2S_P4
1278,ECO03,Pocillopora verrucosa,Pver,4,5,2022,Lady_Musgrave,NA,NA,-23.916998,152.3926315,GPS EcoRRAP sites,6,5,4.6,CBLM_FL2S_P4,CBLM_FL2S_P4
1279,ECO03,Stylophora pistillata,Spis,5,5,2022,Heron,NA,NA,-23.4708128,151.9507523,GPS EcoRRAP sites,6,12,11.2,CBHE_FR2D_P1,CBHE_FR2D_P1
1280,ECO03,Pocillopora damicornis,Pdam,5,5,2022,Heron,NA,NA,-23.4708128,151.9507523,GPS EcoRRAP sites,6,12,11.2,CBHE_FR2D_P1,CBHE_FR2D_P1
1281,ECO03,Stylophora pistillata,Spis,5,5,2022,Heron,NA,NA,-23.4708128,151.9507523,GPS EcoRRAP sites,6,12,11.2,CBHE_FR2D_P1,CBHE_FR2D_P1
1282,ECO03,Stylophora pistillata,Spis,5,5,2022,Heron,NA,NA,-23.47084618,151.9509202,GPS EcoRRAP sites,6,12,11.8,CBHE_FR2D_P2,CBHE_FR2D_P2
1283,ECO03,Seriatopora hystrix,Shys,5,5,2022,Heron,NA,NA,-23.47084618,151.9509202,GPS EcoRRAP sites,6,12,11.8,CBHE_FR2D_P2,CBHE_FR2D_P2
1284,ECO03,Stylophora pistillata,Spis,5,5,2022,Heron,NA,NA,-23.47084618,151.9509202,GPS EcoRRAP sites,6,12,11.8,CBHE_FR2D_P2,CBHE_FR2D_P2
1285,ECO03,Pocillopora damicornis,Pdam,5,5,2022,Heron,NA,NA,-23.47086716,151.9512024,GPS EcoRRAP sites,10,12,11.6,CBHE_FR2D_P3,CBHE_FR2D_P3
1286,ECO03,Seriatopora hystrix,Shys,5,5,2022,Heron,NA,NA,-23.47086716,151.9512024,GPS EcoRRAP sites,10,12,11.6,CBHE_FR2D_P3,CBHE_FR2D_P3
1287,ECO03,Stylophora pistillata,Spis,5,5,2022,Heron,NA,NA,-23.47086716,151.9512024,GPS EcoRRAP sites,10,12,11.6,CBHE_FR2D_P3,CBHE_FR2D_P3
1288,ECO03,Pocillopora damicornis,Pdam,5,5,2022,Heron,NA,NA,-23.47086716,151.9512024,GPS EcoRRAP sites,10,12,11.6,CBHE_FR2D_P3,CBHE_FR2D_P3
1289,ECO03,Stylophora pistillata,Spis,5,5,2022,Heron,NA,NA,-23.4703846,151.9507065,GPS EcoRRAP sites,6,5,5.5,CBHE_FR2S_P1,CBHE_FR2S_P1
1290,ECO03,Pocillopora damicornis,Pdam,5,5,2022,Heron,NA,NA,-23.4703846,151.9507065,GPS EcoRRAP sites,6,5,5.5,CBHE_FR2S_P1,CBHE_FR2S_P1
1291,ECO03,Porites massive,Pmas,5,5,2022,Heron,NA,NA,-23.4703846,151.9507065,GPS EcoRRAP sites,6,5,5.5,CBHE_FR2S_P1,CBHE_FR2S_P1
1292,ECO03,Pocillopora verrucosa,Pver,5,5,2022,Heron,NA,NA,-23.47042275,151.9508896,GPS EcoRRAP sites,6,5,5.3,CBHE_FR2S_P2,CBHE_FR2S_P2
1293,ECO03,Stylophora pistillata,Spis,5,5,2022,Heron,NA,NA,-23.47042275,151.9508896,GPS EcoRRAP sites,6,5,5.3,CBHE_FR2S_P2,CBHE_FR2S_P2
1294,ECO03,Pocillopora damicornis,Pdam,5,5,2022,Heron,NA,NA,-23.47042275,151.9508896,GPS EcoRRAP sites,6,5,5.3,CBHE_FR2S_P2,CBHE_FR2S_P2
1295,ECO03,Stylophora pistillata,Spis,5,5,2022,Heron,NA,NA,-23.47042275,151.9508896,GPS EcoRRAP sites,6,5,5.3,CBHE_FR2S_P2,CBHE_FR2S_P2
1296,ECO03,Pocillopora damicornis,Pdam,5,5,2022,Heron,NA,NA,-23.47042275,151.9508896,GPS EcoRRAP sites,6,5,5.3,CBHE_FR2S_P2,CBHE_FR2S_P2
1297,ECO03,Stylophora pistillata,Spis,5,5,2022,Heron,NA,NA,-23.4704876,151.9510498,GPS EcoRRAP sites,6,5,5.3,CBHE_FR2S_P3,CBHE_FR2S_P3
1298,ECO03,Seriatopora hystrix,Shys,5,5,2022,Heron,NA,NA,-23.4704876,151.9510498,GPS EcoRRAP sites,6,5,5.3,CBHE_FR2S_P3,CBHE_FR2S_P3
1299,ECO03,Pocillopora damicornis,Pdam,5,5,2022,Heron,NA,NA,-23.4704876,151.9510498,GPS EcoRRAP sites,6,5,5.3,CBHE_FR2S_P3,CBHE_FR2S_P3
1300,ECO03,Stylophora pistillata,Spis,5,5,2022,Heron,NA,NA,-23.47050095,151.9511948,GPS EcoRRAP sites,6,5,5.6,CBHE_FR2S_P4,CBHE_FR2S_P4
1301,ECO03,Pocillopora damicornis,Pdam,5,5,2022,Heron,NA,NA,-23.47050095,151.9511948,GPS EcoRRAP sites,6,5,5.6,CBHE_FR2S_P4,CBHE_FR2S_P4
1302,ECO03,Porites massive,Pmas,5,5,2022,Heron,NA,NA,-23.47050095,151.9511948,GPS EcoRRAP sites,6,5,5.6,CBHE_FR2S_P4,CBHE_FR2S_P4
1303,ECO03,Seriatopora hystrix,Shys,5,5,2022,Heron,NA,NA,-23.47050095,151.9511948,GPS EcoRRAP sites,6,5,5.6,CBHE_FR2S_P4,CBHE_FR2S_P4
1304,ECO03,Pocillopora damicornis,Pdam,5,5,2022,Heron,NA,NA,-23.47050095,151.9511948,GPS EcoRRAP sites,6,5,5.6,CBHE_FR2S_P4,CBHE_FR2S_P4
1305,ECO03,Pocillopora damicornis,Pdam,6,5,2022,Heron,NA,NA,-23.472103,151.977764,GPS EcoRRAP sites,6,12,11.4,CBHE_FR1D_P1,CBHE_FR1D_P1
1306,ECO03,Stylophora pistillata,Spis,6,5,2022,Heron,NA,NA,-23.472103,151.977764,GPS EcoRRAP sites,6,12,11.4,CBHE_FR1D_P1,CBHE_FR1D_P1
1307,ECO03,Seriatopora hystrix,Shys,6,5,2022,Heron,NA,NA,-23.472103,151.977764,GPS EcoRRAP sites,6,12,11.4,CBHE_FR1D_P1,CBHE_FR1D_P1
1308,ECO03,Seriatopora hystrix,Shys,6,5,2022,Heron,NA,NA,-23.4720845,151.977962,GPS EcoRRAP sites,6,12,11.6,CBHE_FR1D_P2,CBHE_FR1D_P2
1309,ECO03,Pocillopora damicornis,Pdam,6,5,2022,Heron,NA,NA,-23.4720845,151.977962,GPS EcoRRAP sites,6,12,11.6,CBHE_FR1D_P2,CBHE_FR1D_P2
1310,ECO03,Pocillopora damicornis,Pdam,6,5,2022,Heron,NA,NA,-23.4720845,151.977962,GPS EcoRRAP sites,6,12,11.6,CBHE_FR1D_P2,CBHE_FR1D_P2
1311,ECO03,Stylophora pistillata,Spis,6,5,2022,Heron,NA,NA,-23.4720845,151.977962,GPS EcoRRAP sites,6,12,11.6,CBHE_FR1D_P2,CBHE_FR1D_P2
1312,ECO03,Stylophora pistillata,Spis,6,5,2022,Heron,NA,NA,-23.472098,151.977937,GPS EcoRRAP sites,30,12,11.8,CBHE_FR1D_P3,CBHE_FR1D_P3
1313,ECO03,Seriatopora hystrix,Shys,6,5,2022,Heron,NA,NA,-23.472098,151.977937,GPS EcoRRAP sites,30,12,11.8,CBHE_FR1D_P3,CBHE_FR1D_P3
1314,ECO03,Pocillopora damicornis,Pdam,6,5,2022,Heron,NA,NA,-23.4720925,151.978211,GPS EcoRRAP sites,6,12,11.4,CBHE_FR1D_P4,CBHE_FR1D_P4
1314,ECO03,Pocillopora damicornis,Pdam,6,5,2022,Heron,NA,NA,-23.4720925,151.978211,GPS EcoRRAP sites,6,12,11.4,CBHE_FR1D_P4,CBHE_FR1D_P4
1315,ECO03,Seriatopora hystrix,Shys,6,5,2022,Heron,NA,NA,-23.4720925,151.978211,GPS EcoRRAP sites,6,12,11.4,CBHE_FR1D_P4,CBHE_FR1D_P4
1316,ECO03,Seriatopora hystrix,Shys,6,5,2022,Heron,NA,NA,-23.4720295,151.9775415,GPS EcoRRAP sites,6,5,6.2,CBHE_FR1S_P1,CBHE_FR1S_P1
1317,ECO03,Pocillopora damicornis,Pdam,6,5,2022,Heron,NA,NA,-23.4720295,151.9775415,GPS EcoRRAP sites,6,5,6.2,CBHE_FR1S_P1,CBHE_FR1S_P1
1317,ECO03,Pocillopora damicornis,Pdam,6,5,2022,Heron,NA,NA,-23.4720295,151.9775415,GPS EcoRRAP sites,6,5,6.2,CBHE_FR1S_P1,CBHE_FR1S_P1
1318,ECO03,Stylophora pistillata,Spis,6,5,2022,Heron,NA,NA,-23.4720295,151.9775415,GPS EcoRRAP sites,6,5,6.2,CBHE_FR1S_P1,CBHE_FR1S_P1
1319,ECO03,Seriatopora hystrix,Shys,6,5,2022,Heron,NA,NA,-23.4720295,151.9775415,GPS EcoRRAP sites,6,5,6.2,CBHE_FR1S_P1,CBHE_FR1S_P1
1320,ECO03,Stylophora pistillata,Spis,6,5,2022,Heron,NA,NA,-23.4719785,151.9776975,GPS EcoRRAP sites,6,5,6.1,CBHE_FR1S_P2,CBHE_FR1S_P2
1321,ECO03,Pocillopora damicornis,Pdam,6,5,2022,Heron,NA,NA,-23.4719785,151.9776975,GPS EcoRRAP sites,6,5,6.1,CBHE_FR1S_P2,CBHE_FR1S_P2
1322,ECO03,Seriatopora hystrix,Shys,6,5,2022,Heron,NA,NA,-23.4719785,151.9776975,GPS EcoRRAP sites,6,5,6.1,CBHE_FR1S_P2,CBHE_FR1S_P2
1323,ECO03,Favia stelligera,Fste,6,5,2022,Heron,NA,NA,-23.4719785,151.9776975,GPS EcoRRAP sites,6,5,6.1,CBHE_FR1S_P2,CBHE_FR1S_P2
1324,ECO03,Stylophora pistillata,Spis,6,5,2022,Heron,NA,NA,-23.4719785,151.9776975,GPS EcoRRAP sites,6,5,6.1,CBHE_FR1S_P2,CBHE_FR1S_P2
1325,ECO03,Stylophora pistillata,Spis,6,5,2022,Heron,NA,NA,-23.4719215,151.9778785,GPS EcoRRAP sites,6,5,5.9,CBHE_FR1S_P3,CBHE_FR1S_P3
1326,ECO03,Stylophora pistillata,Spis,6,5,2022,Heron,NA,NA,-23.4719215,151.9778785,GPS EcoRRAP sites,6,5,5.9,CBHE_FR1S_P3,CBHE_FR1S_P3
1327,ECO03,Stylophora pistillata,Spis,6,5,2022,Heron,NA,NA,-23.471902,151.977954,GPS EcoRRAP sites,10,5,5.7,CBHE_FR1S_P4,CBHE_FR1S_P4
1328,ECO03,Seriatopora hystrix,Shys,6,5,2022,Heron,NA,NA,-23.471902,151.977954,GPS EcoRRAP sites,10,5,5.7,CBHE_FR1S_P4,CBHE_FR1S_P4
1329,ECO03,Stylophora pistillata,Spis,6,5,2022,Heron,NA,NA,-23.471902,151.977954,GPS EcoRRAP sites,10,5,5.7,CBHE_FR1S_P4,CBHE_FR1S_P4
1330,ECO03,Stylophora pistillata,Spis,7,5,2022,Heron,NA,NA,-23.456009,151.925543,GPS EcoRRAP sites,6,5,3.6,CBHE_FL1S_P1,CBHE_FL1S_P1
1331,ECO03,Stylophora pistillata,Spis,7,5,2022,Heron,NA,NA,-23.456009,151.925543,GPS EcoRRAP sites,6,5,3.6,CBHE_FL1S_P1,CBHE_FL1S_P1
1331,ECO03,Stylophora pistillata,Spis,7,5,2022,Heron,NA,NA,-23.456009,151.925543,GPS EcoRRAP sites,6,5,3.6,CBHE_FL1S_P1,CBHE_FL1S_P1
1332,ECO03,Seriatopora hystrix,Shys,7,5,2022,Heron,NA,NA,-23.456009,151.925543,GPS EcoRRAP sites,6,5,3.6,CBHE_FL1S_P1,CBHE_FL1S_P1
1333,ECO03,Pocillopora damicornis,Pdam,7,5,2022,Heron,NA,NA,-23.456009,151.925543,GPS EcoRRAP sites,6,5,3.6,CBHE_FL1S_P1,CBHE_FL1S_P1
1334,ECO03,Stylophora pistillata,Spis,7,5,2022,Heron,NA,NA,-23.456009,151.925543,GPS EcoRRAP sites,6,5,3.6,CBHE_FL1S_P1,CBHE_FL1S_P1
1335,ECO03,Stylophora pistillata,Spis,7,5,2022,Heron,NA,NA,-23.4561095,151.925544,GPS EcoRRAP sites,6,5,3.7,CBHE_FL1S_P2,CBHE_FL1S_P2
1336,ECO03,Stylophora pistillata,Spis,7,5,2022,Heron,NA,NA,-23.4561095,151.925544,GPS EcoRRAP sites,6,5,3.7,CBHE_FL1S_P2,CBHE_FL1S_P2
1337,ECO03,Seriatopora hystrix,Shys,7,5,2022,Heron,NA,NA,-23.4561095,151.925544,GPS EcoRRAP sites,6,5,3.7,CBHE_FL1S_P2,CBHE_FL1S_P2
1338,ECO03,Seriatopora hystrix,Shys,7,5,2022,Heron,NA,NA,-23.4561805,151.925674,GPS EcoRRAP sites,6,5,4.6,CBHE_FL1S_P3,CBHE_FL1S_P3
1339,ECO03,Stylophora pistillata,Spis,7,5,2022,Heron,NA,NA,-23.4561805,151.925674,GPS EcoRRAP sites,6,5,4.6,CBHE_FL1S_P3,CBHE_FL1S_P3
1340,ECO03,Seriatopora hystrix,Shys,7,5,2022,Heron,NA,NA,-23.4561805,151.925674,GPS EcoRRAP sites,6,5,4.6,CBHE_FL1S_P3,CBHE_FL1S_P3
1341,ECO03,Pocillopora damicornis,Pdam,7,5,2022,Heron,NA,NA,-23.4561805,151.925674,GPS EcoRRAP sites,6,5,4.6,CBHE_FL1S_P3,CBHE_FL1S_P3
1342,ECO03,Seriatopora hystrix,Shys,7,5,2022,Heron,NA,NA,-23.4561805,151.925674,GPS EcoRRAP sites,6,5,4.6,CBHE_FL1S_P3,CBHE_FL1S_P3
1343,ECO03,Pocillopora damicornis,Pdam,7,5,2022,Heron,NA,NA,-23.4563285,151.9257705,GPS EcoRRAP sites,6,5,5.3,CBHE_FL1S_P4,CBHE_FL1S_P4
1344,ECO03,Porites massive,Pmas,7,5,2022,Heron,NA,NA,-23.4563285,151.9257705,GPS EcoRRAP sites,6,5,5.3,CBHE_FL1S_P4,CBHE_FL1S_P4
1345,ECO03,Seriatopora hystrix,Shys,7,5,2022,Heron,NA,NA,-23.4563285,151.9257705,GPS EcoRRAP sites,6,5,5.3,CBHE_FL1S_P4,CBHE_FL1S_P4
1346,ECO03,Stylophora pistillata,Spis,7,5,2022,Heron,NA,NA,-23.4563285,151.9257705,GPS EcoRRAP sites,6,5,5.3,CBHE_FL1S_P4,CBHE_FL1S_P4
1347,ECO03,Seriatopora hystrix,Shys,7,5,2022,Heron,NA,NA,-23.4563285,151.9257705,GPS EcoRRAP sites,6,5,5.3,CBHE_FL1S_P4,CBHE_FL1S_P4
1348,ECO03,Porites massive,Pmas,7,5,2022,Heron,NA,NA,-23.4563285,151.9257705,GPS EcoRRAP sites,6,5,5.3,CBHE_FL1S_P4,CBHE_FL1S_P4
1349,ECO03,Porites massive,Pmas,7,5,2022,Heron,NA,NA,-23.456009,151.925543,GPS EcoRRAP sites,6,5,3.6,CBHE_FL1S_P1,CBHE_FL1S_P1
1350,ECO03,Porites massive,Pmas,7,5,2022,Heron,NA,NA,-23.456145,151.925609,GPS EcoRRAP sites,10,5,4.15,CBHE_FL1S_P23,CBHE_FL1S_P23
1351,ECO03,Porites massive,Pmas,7,5,2022,Heron,NA,NA,-23.456145,151.925609,GPS EcoRRAP sites,10,5,4.15,CBHE_FL1S_P23,CBHE_FL1S_P23
1352,ECO03,Porites massive,Pmas,7,5,2022,Heron,NA,NA,-23.454011,151.968531,GPS EcoRRAP sites,6,5,0.3,CBHE_LA1S_P1,CBHE_LA1S_P1
1353,ECO03,Pocillopora damicornis,Pdam,7,5,2022,Heron,NA,NA,-23.454011,151.968531,GPS EcoRRAP sites,6,5,0.3,CBHE_LA1S_P1,CBHE_LA1S_P1
1354,ECO03,Porites massive,Pmas,7,5,2022,Heron,NA,NA,-23.454011,151.968531,GPS EcoRRAP sites,6,5,0.3,CBHE_LA1S_P1,CBHE_LA1S_P1
1355,ECO03,Pocillopora damicornis,Pdam,7,5,2022,Heron,NA,NA,-23.454011,151.968531,GPS EcoRRAP sites,6,5,0.3,CBHE_LA1S_P1,CBHE_LA1S_P1
1355,ECO03,Pocillopora damicornis,Pdam,7,5,2022,Heron,NA,NA,-23.454011,151.968531,GPS EcoRRAP sites,6,5,0.3,CBHE_LA1S_P1,CBHE_LA1S_P1
1356,ECO03,Porites massive,Pmas,7,5,2022,Heron,NA,NA,-23.454011,151.968531,GPS EcoRRAP sites,6,5,0.3,CBHE_LA1S_P1,CBHE_LA1S_P1
1357,ECO03,Porites massive,Pmas,7,5,2022,Heron,NA,NA,-23.453994,151.968625,GPS EcoRRAP sites,6,5,0.5,CBHE_LA1S_P2,CBHE_LA1S_P2
1358,ECO03,Pocillopora damicornis,Pdam,7,5,2022,Heron,NA,NA,-23.453994,151.968625,GPS EcoRRAP sites,6,5,0.5,CBHE_LA1S_P2,CBHE_LA1S_P2
1359,ECO03,Pocillopora damicornis,Pdam,7,5,2022,Heron,NA,NA,-23.453994,151.968625,GPS EcoRRAP sites,6,5,0.5,CBHE_LA1S_P2,CBHE_LA1S_P2
1360,ECO03,Pocillopora damicornis,Pdam,7,5,2022,Heron,NA,NA,-23.4539295,151.968631,GPS EcoRRAP sites,6,5,1.2,CBHE_LA1S_P3,CBHE_LA1S_P3
1361,ECO03,Porites massive,Pmas,7,5,2022,Heron,NA,NA,-23.4539295,151.968631,GPS EcoRRAP sites,6,5,1.2,CBHE_LA1S_P3,CBHE_LA1S_P3
1362,ECO03,Pocillopora damicornis,Pdam,7,5,2022,Heron,NA,NA,-23.4539295,151.968631,GPS EcoRRAP sites,6,5,1.2,CBHE_LA1S_P3,CBHE_LA1S_P3
1363,ECO03,Porites massive,Pmas,7,5,2022,Heron,NA,NA,-23.4539235,151.9684755,GPS EcoRRAP sites,6,5,0.6,CBHE_LA1S_P4,CBHE_LA1S_P4
1364,ECO03,Pocillopora acuta,Pacu,7,5,2022,Heron,NA,NA,-23.4539235,151.9684755,GPS EcoRRAP sites,6,5,0.6,CBHE_LA1S_P4,CBHE_LA1S_P4
1365,ECO03,Pocillopora acuta,Pacu,7,5,2022,Heron,NA,NA,-23.4539235,151.9684755,GPS EcoRRAP sites,6,5,0.6,CBHE_LA1S_P4,CBHE_LA1S_P4
1366,ECO03,Porites massive,Pmas,7,5,2022,Heron,NA,NA,-23.4539235,151.9684755,GPS EcoRRAP sites,6,5,0.6,CBHE_LA1S_P4,CBHE_LA1S_P4
1367,ECO03,Seriatopora hystrix,Shys,8,5,2022,Heron,NA,NA,-23.4280415,151.9524235,GPS EcoRRAP sites,6,12,11.7,CBHE_BA1D_P1,CBHE_BA1D_P1
1368,ECO03,Seriatopora hystrix,Shys,8,5,2022,Heron,NA,NA,-23.4280415,151.9524235,GPS EcoRRAP sites,6,12,11.7,CBHE_BA1D_P1,CBHE_BA1D_P1
1369,ECO03,Stylophora pistillata,Spis,8,5,2022,Heron,NA,NA,-23.4280415,151.9524235,GPS EcoRRAP sites,6,12,11.7,CBHE_BA1D_P1,CBHE_BA1D_P1
1370,ECO03,Pocillopora verrucosa,Pver,8,5,2022,Heron,NA,NA,-23.4280415,151.9524235,GPS EcoRRAP sites,6,12,11.7,CBHE_BA1D_P1,CBHE_BA1D_P1
1371,ECO03,Pocillopora verrucosa,Pver,8,5,2022,Heron,NA,NA,-23.4280535,151.952309,GPS EcoRRAP sites,6,12,11.7,CBHE_BA1D_P2,CBHE_BA1D_P2
1372,ECO03,Seriatopora hystrix,Shys,8,5,2022,Heron,NA,NA,-23.4280535,151.952309,GPS EcoRRAP sites,6,12,11.7,CBHE_BA1D_P2,CBHE_BA1D_P2
1373,ECO03,Seriatopora hystrix,Shys,8,5,2022,Heron,NA,NA,-23.4280535,151.952309,GPS EcoRRAP sites,6,12,11.7,CBHE_BA1D_P2,CBHE_BA1D_P2
1374,ECO03,Seriatopora hystrix,Shys,8,5,2022,Heron,NA,NA,-23.428095,151.952179,GPS EcoRRAP sites,6,12,11.3,CBHE_BA1D_P3,CBHE_BA1D_P3
1375,ECO03,Pocillopora damicornis,Pdam,8,5,2022,Heron,NA,NA,-23.428095,151.952179,GPS EcoRRAP sites,6,12,11.3,CBHE_BA1D_P3,CBHE_BA1D_P3
1376,ECO03,Seriatopora hystrix,Shys,8,5,2022,Heron,NA,NA,-23.428095,151.952179,GPS EcoRRAP sites,6,12,11.3,CBHE_BA1D_P3,CBHE_BA1D_P3
1377,ECO03,Seriatopora hystrix,Shys,8,5,2022,Heron,NA,NA,-23.4281955,151.95204,GPS EcoRRAP sites,6,12,11.7,CBHE_BA1D_P4,CBHE_BA1D_P4
1378,ECO03,Seriatopora hystrix,Shys,8,5,2022,Heron,NA,NA,-23.428403,151.952614,GPS EcoRRAP sites,6,5,5.1,CBHE_BA1S_P1,CBHE_BA1S_P1
1379,ECO03,Pocillopora damicornis,Pdam,8,5,2022,Heron,NA,NA,-23.428403,151.952614,GPS EcoRRAP sites,6,5,5.1,CBHE_BA1S_P1,CBHE_BA1S_P1
1380,ECO03,Seriatopora hystrix,Shys,8,5,2022,Heron,NA,NA,-23.428403,151.952614,GPS EcoRRAP sites,6,5,5.1,CBHE_BA1S_P1,CBHE_BA1S_P1
1381,ECO03,Seriatopora hystrix,Shys,8,5,2022,Heron,NA,NA,-23.428454,151.9524855,GPS EcoRRAP sites,6,5,4.8,CBHE_BA1S_P2,CBHE_BA1S_P2
1382,ECO03,Stylophora pistillata,Spis,8,5,2022,Heron,NA,NA,-23.428454,151.9524855,GPS EcoRRAP sites,6,5,4.8,CBHE_BA1S_P2,CBHE_BA1S_P2
1383,ECO03,Pocillopora damicornis,Pdam,8,5,2022,Heron,NA,NA,-23.428454,151.9524855,GPS EcoRRAP sites,6,5,4.8,CBHE_BA1S_P2,CBHE_BA1S_P2
1384,ECO03,Pocillopora verrucosa,Pver,8,5,2022,Heron,NA,NA,-23.4284495,151.952358,GPS EcoRRAP sites,6,5,4,CBHE_BA1S_P3,CBHE_BA1S_P3
1385,ECO03,Seriatopora hystrix,Shys,8,5,2022,Heron,NA,NA,-23.4284495,151.952358,GPS EcoRRAP sites,6,5,4,CBHE_BA1S_P3,CBHE_BA1S_P3
1386,ECO03,Pocillopora damicornis,Pdam,8,5,2022,Heron,NA,NA,-23.4284495,151.952358,GPS EcoRRAP sites,6,5,4,CBHE_BA1S_P3,CBHE_BA1S_P3
1387,ECO03,Seriatopora hystrix,Shys,8,5,2022,Heron,NA,NA,-23.4284495,151.952358,GPS EcoRRAP sites,6,5,4,CBHE_BA1S_P3,CBHE_BA1S_P3
1388,ECO03,Stylophora pistillata,Spis,8,5,2022,Heron,NA,NA,-23.4284495,151.952358,GPS EcoRRAP sites,6,5,4,CBHE_BA1S_P3,CBHE_BA1S_P3
1389,ECO03,Seriatopora hystrix,Shys,8,5,2022,Heron,NA,NA,-23.4284645,151.9522105,GPS EcoRRAP sites,6,5,5,CBHE_BA1S_P4,CBHE_BA1S_P4
1390,ECO03,Pocillopora verrucosa,Pver,8,5,2022,Heron,NA,NA,-23.4284645,151.9522105,GPS EcoRRAP sites,6,5,5,CBHE_BA1S_P4,CBHE_BA1S_P4
1391,ECO03,Stylophora pistillata,Spis,8,5,2022,Heron,NA,NA,-23.4284645,151.9522105,GPS EcoRRAP sites,6,5,5,CBHE_BA1S_P4,CBHE_BA1S_P4
1392,ECO03,Pocillopora damicornis,Pdam,8,5,2022,Heron,NA,NA,-23.428403,151.952614,GPS EcoRRAP sites,6,5,5.1,CBHE_BA1S_P1,CBHE_BA1S_P1
1393,ECO03,Seriatopora hystrix,Shys,9,5,2022,Heron,NA,NA,-23.4340395,151.920592,GPS EcoRRAP sites,6,12,10.5,CBHE_BA2D_P1,CBHE_BA2D_P1
1394,ECO03,Stylophora pistillata,Spis,9,5,2022,Heron,NA,NA,-23.4340395,151.920592,GPS EcoRRAP sites,6,12,10.5,CBHE_BA2D_P1,CBHE_BA2D_P1
1395,ECO03,Seriatopora hystrix,Shys,9,5,2022,Heron,NA,NA,-23.4340395,151.920592,GPS EcoRRAP sites,6,12,10.5,CBHE_BA2D_P1,CBHE_BA2D_P1
1396,ECO03,Stylophora pistillata,Spis,9,5,2022,Heron,NA,NA,-23.4340395,151.920592,GPS EcoRRAP sites,6,12,10.5,CBHE_BA2D_P1,CBHE_BA2D_P1
1397,ECO03,Seriatopora hystrix,Shys,9,5,2022,Heron,NA,NA,-23.43398,151.920474,GPS EcoRRAP sites,6,12,10.5,CBHE_BA2D_P2,CBHE_BA2D_P2
1398,ECO03,Stylophora pistillata,Spis,9,5,2022,Heron,NA,NA,-23.43398,151.920474,GPS EcoRRAP sites,6,12,10.5,CBHE_BA2D_P2,CBHE_BA2D_P2
1399,ECO03,Seriatopora hystrix,Shys,9,5,2022,Heron,NA,NA,-23.43398,151.920474,GPS EcoRRAP sites,6,12,10.5,CBHE_BA2D_P2,CBHE_BA2D_P2
1400,ECO03,Stylophora pistillata,Spis,9,5,2022,Heron,NA,NA,-23.43398,151.920474,GPS EcoRRAP sites,6,12,10.5,CBHE_BA2D_P2,CBHE_BA2D_P2
1401,ECO03,Seriatopora hystrix,Shys,9,5,2022,Heron,NA,NA,-23.434007,151.920339,GPS EcoRRAP sites,6,12,10.4,CBHE_BA2D_P3,CBHE_BA2D_P3
1402,ECO03,Seriatopora hystrix,Shys,9,5,2022,Heron,NA,NA,-23.434007,151.920339,GPS EcoRRAP sites,6,12,10.4,CBHE_BA2D_P3,CBHE_BA2D_P3
1403,ECO03,Stylophora pistillata,Spis,9,5,2022,Heron,NA,NA,-23.434007,151.920339,GPS EcoRRAP sites,6,12,10.4,CBHE_BA2D_P3,CBHE_BA2D_P3
1404,ECO03,Porites massive,Pmas,9,5,2022,Heron,NA,NA,-23.4340495,151.9201853,GPS EcoRRAP sites,10,12,10.25,CBHE_BA2D_P34,CBHE_BA2D_P34
1405,ECO03,Porites massive,Pmas,9,5,2022,Heron,NA,NA,-23.434092,151.9200315,GPS EcoRRAP sites,6,12,10.1,CBHE_BA2D_P4,CBHE_BA2D_P4
1406,ECO03,Seriatopora hystrix,Shys,9,5,2022,Heron,NA,NA,-23.434092,151.9200315,GPS EcoRRAP sites,6,12,10.1,CBHE_BA2D_P4,CBHE_BA2D_P4
1407,ECO03,Porites massive,Pmas,9,5,2022,Heron,NA,NA,-23.434092,151.9200315,GPS EcoRRAP sites,6,12,10.1,CBHE_BA2D_P4,CBHE_BA2D_P4
1408,ECO03,Stylophora pistillata,Spis,9,5,2022,Heron,NA,NA,-23.434092,151.9200315,GPS EcoRRAP sites,6,12,10.1,CBHE_BA2D_P4,CBHE_BA2D_P4
1409,ECO03,Seriatopora hystrix,Shys,9,5,2022,Heron,NA,NA,-23.433933,151.9212005,GPS EcoRRAP sites,6,5,4.1,CBHE_BA2S_P1,CBHE_BA2S_P1
1410,ECO03,Pocillopora damicornis,Pdam,9,5,2022,Heron,NA,NA,-23.433933,151.9212005,GPS EcoRRAP sites,6,5,4.1,CBHE_BA2S_P1,CBHE_BA2S_P1
1411,ECO03,Seriatopora hystrix,Shys,9,5,2022,Heron,NA,NA,-23.433933,151.9212005,GPS EcoRRAP sites,6,5,4.1,CBHE_BA2S_P1,CBHE_BA2S_P1
1412,ECO03,Stylophora pistillata,Spis,9,5,2022,Heron,NA,NA,-23.433933,151.9212005,GPS EcoRRAP sites,6,5,4.1,CBHE_BA2S_P1,CBHE_BA2S_P1
1413,ECO03,Pocillopora verrucosa,Pver,9,5,2022,Heron,NA,NA,-23.433933,151.9212005,GPS EcoRRAP sites,6,5,4.1,CBHE_BA2S_P1,CBHE_BA2S_P1
1414,ECO03,Seriatopora hystrix,Shys,9,5,2022,Heron,NA,NA,-23.433991,151.9210255,GPS EcoRRAP sites,6,5,4.3,CBHE_BA2S_P2,CBHE_BA2S_P2
1415,ECO03,Stylophora pistillata,Spis,9,5,2022,Heron,NA,NA,-23.433991,151.9210255,GPS EcoRRAP sites,6,5,4.3,CBHE_BA2S_P2,CBHE_BA2S_P2
1416,ECO03,Stylophora pistillata,Spis,9,5,2022,Heron,NA,NA,-23.433991,151.9210255,GPS EcoRRAP sites,6,5,4.3,CBHE_BA2S_P2,CBHE_BA2S_P2
1417,ECO03,Stylophora pistillata,Spis,9,5,2022,Heron,NA,NA,-23.4340225,151.9208295,GPS EcoRRAP sites,6,5,3.8,CBHE_BA2S_P3,CBHE_BA2S_P3
1418,ECO03,Stylophora pistillata,Spis,9,5,2022,Heron,NA,NA,-23.4340225,151.9208295,GPS EcoRRAP sites,6,5,3.8,CBHE_BA2S_P3,CBHE_BA2S_P3
1419,ECO03,Pocillopora damicornis,Pdam,9,5,2022,Heron,NA,NA,-23.4340225,151.9208295,GPS EcoRRAP sites,6,5,3.8,CBHE_BA2S_P3,CBHE_BA2S_P3
1420,ECO03,Pocillopora damicornis,Pdam,9,5,2022,Heron,NA,NA,-23.4340225,151.9208295,GPS EcoRRAP sites,6,5,3.8,CBHE_BA2S_P3,CBHE_BA2S_P3
1421,ECO03,Seriatopora hystrix,Shys,9,5,2022,Heron,NA,NA,-23.4340225,151.9208295,GPS EcoRRAP sites,6,5,3.8,CBHE_BA2S_P3,CBHE_BA2S_P3
1422,ECO03,Pocillopora eydouxi,Peyd,9,5,2022,Heron,NA,NA,-23.4340385,151.920667,GPS EcoRRAP sites,6,5,3.9,CBHE_BA2S_P4,CBHE_BA2S_P4
1423,ECO03,Stylophora pistillata,Spis,9,5,2022,Heron,NA,NA,-23.4340385,151.920667,GPS EcoRRAP sites,6,5,3.9,CBHE_BA2S_P4,CBHE_BA2S_P4
1424,ECO03,Stylophora pistillata,Spis,9,5,2022,Heron,NA,NA,-23.4340385,151.920667,GPS EcoRRAP sites,6,5,3.9,CBHE_BA2S_P4,CBHE_BA2S_P4
1425,ECO03,Seriatopora hystrix,Shys,9,5,2022,Heron,NA,NA,-23.4340385,151.920667,GPS EcoRRAP sites,6,5,3.9,CBHE_BA2S_P4,CBHE_BA2S_P4
1426,ECO03,Pocillopora damicornis,Pdam,9,5,2022,Heron,NA,NA,-23.4340385,151.920667,GPS EcoRRAP sites,6,5,3.9,CBHE_BA2S_P4,CBHE_BA2S_P4
1427,ECO03,Pocillopora damicornis,Pdam,10,5,2022,North_Keppel,NA,NA,-23.0852885,150.898866,GPS EcoRRAP sites,6,5,3,KENK_FL1S_P1,KENK_FL1S_P1
1428,ECO03,Pocillopora damicornis,Pdam,10,5,2022,North_Keppel,NA,NA,-23.0854485,150.8994405,GPS EcoRRAP sites,6,5,3.4,KENK_FL1S_P4,KENK_FL1S_P4
1429,ECO03,Pocillopora damicornis,Pdam,11,5,2022,Great_Keppel,NA,NA,-23.1963115,150.936706,GPS EcoRRAP sites,6,5,2.2,KEGK_BA1S_P1,KEGK_BA1S_P1
1430,ECO03,Pocillopora damicornis,Pdam,11,5,2022,Great_Keppel,NA,NA,-23.1963115,150.936706,GPS EcoRRAP sites,6,5,2.2,KEGK_BA1S_P1,KEGK_BA1S_P1
1431,ECO03,Pocillopora damicornis,Pdam,11,5,2022,Great_Keppel,NA,NA,-23.1963115,150.936706,GPS EcoRRAP sites,6,5,2.2,KEGK_BA1S_P1,KEGK_BA1S_P1
1432,ECO03,Pocillopora damicornis,Pdam,11,5,2022,Great_Keppel,NA,NA,-23.1963115,150.936706,GPS EcoRRAP sites,6,5,2.2,KEGK_BA1S_P1,KEGK_BA1S_P1
1433,ECO03,Pocillopora damicornis,Pdam,11,5,2022,Great_Keppel,NA,NA,-23.19646,150.9367595,GPS EcoRRAP sites,6,5,2.5,KEGK_BA1S_P2,KEGK_BA1S_P2
1434,ECO03,Pocillopora damicornis,Pdam,11,5,2022,Great_Keppel,NA,NA,-23.19646,150.9367595,GPS EcoRRAP sites,6,5,2.5,KEGK_BA1S_P2,KEGK_BA1S_P2
1435,ECO03,Pocillopora damicornis,Pdam,11,5,2022,Great_Keppel,NA,NA,-23.19646,150.9367595,GPS EcoRRAP sites,6,5,2.5,KEGK_BA1S_P2,KEGK_BA1S_P2
1436,ECO03,Pocillopora damicornis,Pdam,11,5,2022,Great_Keppel,NA,NA,-23.19646,150.9367595,GPS EcoRRAP sites,6,5,2.5,KEGK_BA1S_P2,KEGK_BA1S_P2
1437,ECO03,Pocillopora damicornis,Pdam,11,5,2022,Great_Keppel,NA,NA,-23.196646,150.936854,GPS EcoRRAP sites,6,5,2.9,KEGK_BA1S_P3,KEGK_BA1S_P3
1438,ECO03,Pocillopora damicornis,Pdam,11,5,2022,Great_Keppel,NA,NA,-23.196646,150.936854,GPS EcoRRAP sites,6,5,2.9,KEGK_BA1S_P3,KEGK_BA1S_P3
1439,ECO03,Pocillopora damicornis,Pdam,11,5,2022,Great_Keppel,NA,NA,-23.196646,150.936854,GPS EcoRRAP sites,6,5,2.9,KEGK_BA1S_P3,KEGK_BA1S_P3
1440,ECO03,Pocillopora damicornis,Pdam,11,5,2022,Great_Keppel,NA,NA,-23.1967785,150.936948,GPS EcoRRAP sites,6,5,3,KEGK_BA1S_P4,KEGK_BA1S_P4
1441,ECO03,Pocillopora damicornis,Pdam,11,5,2022,Great_Keppel,NA,NA,-23.1967785,150.936948,GPS EcoRRAP sites,6,5,3,KEGK_BA1S_P4,KEGK_BA1S_P4
1442,ECO03,Pocillopora damicornis,Pdam,11,5,2022,Great_Keppel,NA,NA,-23.1967785,150.936948,GPS EcoRRAP sites,6,5,3,KEGK_BA1S_P4,KEGK_BA1S_P4
1443,ECO03,Pocillopora damicornis,Pdam,11,5,2022,Great_Keppel,NA,NA,-23.1967785,150.936948,GPS EcoRRAP sites,6,5,3,KEGK_BA1S_P4,KEGK_BA1S_P4
1444,ECO03,Pocillopora damicornis,Pdam,11,5,2022,Great_Keppel,NA,NA,-23.1967785,150.936948,GPS EcoRRAP sites,6,5,3,KEGK_BA1S_P4,KEGK_BA1S_P4
1446,ECO03,Pocillopora damicornis,Pdam,12,5,2022,Halfway,NA,NA,-23.2015605,150.966428,GPS EcoRRAP sites,6,5,4.8,KEHW_BA1S_P1,KEHW_BA1S_P1
1447,ECO03,Pocillopora damicornis,Pdam,12,5,2022,Halfway,NA,NA,-23.2015605,150.966428,GPS EcoRRAP sites,6,5,4.8,KEHW_BA1S_P1,KEHW_BA1S_P1
1448,ECO03,Pocillopora damicornis,Pdam,12,5,2022,Halfway,NA,NA,-23.2015605,150.966428,GPS EcoRRAP sites,6,5,4.8,KEHW_BA1S_P1,KEHW_BA1S_P1
1448,ECO03,Pocillopora damicornis,Pdam,12,5,2022,Halfway,NA,NA,-23.2015605,150.966428,GPS EcoRRAP sites,6,5,4.8,KEHW_BA1S_P1,KEHW_BA1S_P1
1449,ECO03,Pocillopora damicornis,Pdam,12,5,2022,Halfway,NA,NA,-23.2015605,150.966428,GPS EcoRRAP sites,6,5,4.8,KEHW_BA1S_P1,KEHW_BA1S_P1
1450,ECO03,Pocillopora damicornis,Pdam,12,5,2022,Halfway,NA,NA,-23.2015605,150.966428,GPS EcoRRAP sites,6,5,4.8,KEHW_BA1S_P1,KEHW_BA1S_P1
1451,ECO03,Pocillopora damicornis,Pdam,12,5,2022,Halfway,NA,NA,-23.2016865,150.9665035,GPS EcoRRAP sites,6,5,4.4,KEHW_BA1S_P2,KEHW_BA1S_P2
1452,ECO03,Pocillopora damicornis,Pdam,12,5,2022,Halfway,NA,NA,-23.2016865,150.9665035,GPS EcoRRAP sites,6,5,4.4,KEHW_BA1S_P2,KEHW_BA1S_P2
1453,ECO03,Pocillopora damicornis,Pdam,12,5,2022,Halfway,NA,NA,-23.2016865,150.9665035,GPS EcoRRAP sites,6,5,4.4,KEHW_BA1S_P2,KEHW_BA1S_P2
1454,ECO03,Pocillopora damicornis,Pdam,12,5,2022,Halfway,NA,NA,-23.2016865,150.9665035,GPS EcoRRAP sites,6,5,4.4,KEHW_BA1S_P2,KEHW_BA1S_P2
1455,ECO03,Pocillopora damicornis,Pdam,12,5,2022,Halfway,NA,NA,-23.2016865,150.9665035,GPS EcoRRAP sites,6,5,4.4,KEHW_BA1S_P2,KEHW_BA1S_P2
1456,ECO03,Pocillopora damicornis,Pdam,12,5,2022,Halfway,NA,NA,-23.2017915,150.9666105,GPS EcoRRAP sites,6,5,4.5,KEHW_BA1S_P3,KEHW_BA1S_P3
1457,ECO03,Pocillopora damicornis,Pdam,12,5,2022,Halfway,NA,NA,-23.2017915,150.9666105,GPS EcoRRAP sites,6,5,4.5,KEHW_BA1S_P3,KEHW_BA1S_P3
1458,ECO03,Pocillopora damicornis,Pdam,12,5,2022,Halfway,NA,NA,-23.2017915,150.9666105,GPS EcoRRAP sites,6,5,4.5,KEHW_BA1S_P3,KEHW_BA1S_P3
1459,ECO03,Pocillopora damicornis,Pdam,12,5,2022,Halfway,NA,NA,-23.2017915,150.9666105,GPS EcoRRAP sites,6,5,4.5,KEHW_BA1S_P3,KEHW_BA1S_P3
1460,ECO03,Pocillopora damicornis,Pdam,12,5,2022,Halfway,NA,NA,-23.2017915,150.9666105,GPS EcoRRAP sites,6,5,4.5,KEHW_BA1S_P3,KEHW_BA1S_P3
1461,ECO03,Pocillopora damicornis,Pdam,12,5,2022,Halfway,NA,NA,-23.2021985,150.9667775,GPS EcoRRAP sites,6,5,3.6,KEHW_BA1S_P4,KEHW_BA1S_P4
1462,ECO03,Pocillopora damicornis,Pdam,12,5,2022,Halfway,NA,NA,-23.2021985,150.9667775,GPS EcoRRAP sites,6,5,3.6,KEHW_BA1S_P4,KEHW_BA1S_P4
1463,ECO03,Pocillopora damicornis,Pdam,12,5,2022,Halfway,NA,NA,-23.2021985,150.9667775,GPS EcoRRAP sites,6,5,3.6,KEHW_BA1S_P4,KEHW_BA1S_P4
1464,ECO03,Pocillopora damicornis,Pdam,12,5,2022,Halfway,NA,NA,-23.2021985,150.9667775,GPS EcoRRAP sites,6,5,3.6,KEHW_BA1S_P4,KEHW_BA1S_P4
1465,ECO03,Pocillopora damicornis,Pdam,12,5,2022,North_Keppel,NA,NA,-23.0842695,150.885426,GPS EcoRRAP sites,6,5,2.3,KENK_BA1S_P2,KENK_BA1S_P2
1466,ECO03,Porites massive,Pmas,12,5,2022,North_Keppel,NA,NA,-23.0842695,150.885426,GPS EcoRRAP sites,6,5,2.3,KENK_BA1S_P2,KENK_BA1S_P2
1467,ECO03,Pocillopora damicornis,Pdam,12,5,2022,North_Keppel,NA,NA,-23.084151,150.8855545,GPS EcoRRAP sites,6,5,1.8,KENK_BA1S_P1,KENK_BA1S_P1
1468,ECO03,Pocillopora damicornis,Pdam,12,5,2022,North_Keppel,NA,NA,-23.084151,150.8855545,GPS EcoRRAP sites,6,5,1.8,KENK_BA1S_P1,KENK_BA1S_P1
1469,ECO03,Porites massive,Pmas,12,5,2022,North_Keppel,NA,NA,-23.0843315,150.885426,GPS EcoRRAP sites,6,5,1.9,KENK_BA1S_P3,KENK_BA1S_P3
1470,ECO03,Pocillopora damicornis,Pdam,12,5,2022,North_Keppel,NA,NA,-23.0843315,150.885426,GPS EcoRRAP sites,6,5,1.9,KENK_BA1S_P3,KENK_BA1S_P3
1471,ECO03,Pocillopora damicornis,Pdam,12,5,2022,North_Keppel,NA,NA,-23.0843315,150.885426,GPS EcoRRAP sites,6,5,1.9,KENK_BA1S_P3,KENK_BA1S_P3
1472,ECO03,Pocillopora damicornis,Pdam,13,5,2022,Miall,NA,NA,-23.150475,150.903145,GPS EcoRRAP sites,6,5,3,KEML_BA1S_P1,KEML_BA1S_P1
1473,ECO03,Pocillopora damicornis,Pdam,13,5,2022,Miall,NA,NA,-23.150475,150.903145,GPS EcoRRAP sites,6,5,3,KEML_BA1S_P1,KEML_BA1S_P1
1474,ECO03,Pocillopora damicornis,Pdam,13,5,2022,Miall,NA,NA,-23.150475,150.903145,GPS EcoRRAP sites,6,5,3,KEML_BA1S_P1,KEML_BA1S_P1
1475,ECO03,Pocillopora damicornis,Pdam,13,5,2022,Miall,NA,NA,-23.150475,150.903145,GPS EcoRRAP sites,6,5,3,KEML_BA1S_P1,KEML_BA1S_P1
1476,ECO03,Pocillopora damicornis,Pdam,13,5,2022,Miall,NA,NA,-23.150475,150.903145,GPS EcoRRAP sites,6,5,3,KEML_BA1S_P1,KEML_BA1S_P1
1477,ECO03,Pocillopora damicornis,Pdam,13,5,2022,Miall,NA,NA,-23.150475,150.903145,GPS EcoRRAP sites,6,5,3,KEML_BA1S_P1,KEML_BA1S_P1
1478,ECO03,Pocillopora damicornis,Pdam,13,5,2022,Miall,NA,NA,-23.15051,150.90305,GPS EcoRRAP sites,6,5,2.8,KEML_BA1S_P2,KEML_BA1S_P2
1479,ECO03,Pocillopora damicornis,Pdam,13,5,2022,Miall,NA,NA,-23.15051,150.90305,GPS EcoRRAP sites,6,5,2.8,KEML_BA1S_P2,KEML_BA1S_P2
1480,ECO03,Pocillopora damicornis,Pdam,13,5,2022,Miall,NA,NA,-23.15051,150.90305,GPS EcoRRAP sites,6,5,2.8,KEML_BA1S_P2,KEML_BA1S_P2
1481,ECO03,Pocillopora damicornis,Pdam,13,5,2022,Miall,NA,NA,-23.15051,150.90305,GPS EcoRRAP sites,6,5,2.8,KEML_BA1S_P2,KEML_BA1S_P2
1482,ECO03,Pocillopora damicornis,Pdam,13,5,2022,Miall,NA,NA,-23.15051,150.90305,GPS EcoRRAP sites,6,5,2.8,KEML_BA1S_P2,KEML_BA1S_P2
1483,ECO03,Pocillopora damicornis,Pdam,13,5,2022,Miall,NA,NA,-23.15055,150.90275,GPS EcoRRAP sites,6,5,2.6,KEML_BA1S_P4,KEML_BA1S_P4
1484,ECO03,Pocillopora damicornis,Pdam,13,5,2022,Miall,NA,NA,-23.15055,150.90275,GPS EcoRRAP sites,6,5,2.6,KEML_BA1S_P4,KEML_BA1S_P4
1485,ECO03,Pocillopora damicornis,Pdam,13,5,2022,Miall,NA,NA,-23.15055,150.90275,GPS EcoRRAP sites,6,5,2.6,KEML_BA1S_P4,KEML_BA1S_P4
1486,ECO03,Pocillopora damicornis,Pdam,13,5,2022,Miall,NA,NA,-23.15055,150.90275,GPS EcoRRAP sites,6,5,2.6,KEML_BA1S_P4,KEML_BA1S_P4
1487,ECO03,Pocillopora damicornis,Pdam,13,5,2022,Miall,NA,NA,-23.15053,150.90289,GPS EcoRRAP sites,6,5,3.2,KEML_BA1S_P3,KEML_BA1S_P3
1488,ECO03,Pocillopora damicornis,Pdam,13,5,2022,Miall,NA,NA,-23.15053,150.90289,GPS EcoRRAP sites,6,5,3.2,KEML_BA1S_P3,KEML_BA1S_P3
1489,ECO03,Pocillopora damicornis,Pdam,13,5,2022,Miall,NA,NA,-23.15053,150.90289,GPS EcoRRAP sites,6,5,3.2,KEML_BA1S_P3,KEML_BA1S_P3
1490,ECO03,Pocillopora damicornis,Pdam,13,5,2022,Miall,NA,NA,-23.15053,150.90289,GPS EcoRRAP sites,6,5,3.2,KEML_BA1S_P3,KEML_BA1S_P3
1491,ECO03,Pocillopora damicornis,Pdam,14,5,2022,Middle,NA,NA,-23.162169,150.920964,GPS EcoRRAP sites,6,5,4.5,KEMD_BA1S_P1,KEMD_BA1S_P1
1492,ECO03,Pocillopora damicornis,Pdam,14,5,2022,Middle,NA,NA,-23.162169,150.920964,GPS EcoRRAP sites,6,5,4.5,KEMD_BA1S_P1,KEMD_BA1S_P1
1493,ECO03,Pocillopora damicornis,Pdam,14,5,2022,Middle,NA,NA,-23.162169,150.920964,GPS EcoRRAP sites,6,5,4.5,KEMD_BA1S_P1,KEMD_BA1S_P1
1494,ECO03,Pocillopora damicornis,Pdam,14,5,2022,Middle,NA,NA,-23.162055,150.920875,GPS EcoRRAP sites,6,5,4.3,KEMD_BA1S_P2,KEMD_BA1S_P2
1495,ECO03,Pocillopora damicornis,Pdam,14,5,2022,Middle,NA,NA,-23.162055,150.920875,GPS EcoRRAP sites,6,5,4.3,KEMD_BA1S_P2,KEMD_BA1S_P2
1496,ECO03,Pocillopora damicornis,Pdam,14,5,2022,Middle,NA,NA,-23.162055,150.920875,GPS EcoRRAP sites,6,5,4.3,KEMD_BA1S_P2,KEMD_BA1S_P2
1497,ECO03,Pocillopora damicornis,Pdam,14,5,2022,Middle,NA,NA,-23.16194,150.920755,GPS EcoRRAP sites,6,5,3.7,KEMD_BA1S_P3,KEMD_BA1S_P3
1498,ECO03,Pocillopora damicornis,Pdam,14,5,2022,Middle,NA,NA,-23.16194,150.920755,GPS EcoRRAP sites,6,5,3.7,KEMD_BA1S_P3,KEMD_BA1S_P3
1499,ECO03,Pocillopora damicornis,Pdam,14,5,2022,Middle,NA,NA,-23.16194,150.920755,GPS EcoRRAP sites,6,5,3.7,KEMD_BA1S_P3,KEMD_BA1S_P3
1500,ECO03,Porites massive,Pmas,8,10,2022,Moore_Reef,NA,NA,-16.882674,146.244602,NA,60,7,3.8,ONMO_FR2S,ONMO_FR2S
1501,ECO03,Leptoria sp.,Lept,8,10,2022,Moore_Reef,NA,NA,-16.88269,146.2447035,NA,6,7,3.7,ONMO_FR2S_P3,ONMO_FR2S_P3
1502,ECO03,Porites massive,Pmas,8,10,2022,Moore_Reef,NA,NA,-16.8827925,146.244564,NA,6,7,3.6,ONMO_FR2S_P2,ONMO_FR2S_P2
1503,ECO03,Porites massive,Pmas,8,10,2022,Moore_Reef,NA,NA,-16.8828585,146.2444155,NA,6,7,3.7,ONMO_FR2S_P1,ONMO_FR2S_P1
1504,ECO03,Pocillopora damicornis,Pdam,8,10,2022,Moore_Reef,NA,NA,-16.882674,146.244602,NA,60,7,3.8,ONMO_FR2S,ONMO_FR2S
1505,ECO03,Porites massive,Pmas,8,10,2022,Moore_Reef,NA,NA,-16.882674,146.244602,NA,60,7,3.8,ONMO_FR2S,ONMO_FR2S
1506,ECO03,Pocillopora damicornis,Pdam,8,10,2022,Moore_Reef,NA,NA,-16.8827925,146.244564,NA,6,7,3.6,ONMO_FR2S_P2,ONMO_FR2S_P2
1507,ECO03,Pocillopora damicornis,Pdam,8,10,2022,Moore_Reef,NA,NA,-16.88269,146.2447035,NA,6,7,3.7,ONMO_FR2S_P3,ONMO_FR2S_P3
1508,ECO03,Pocillopora damicornis,Pdam,8,10,2022,Moore_Reef,NA,NA,-16.882674,146.244602,NA,60,7,3.8,ONMO_FR2S,ONMO_FR2S
1509,ECO03,Porites massive,Pmas,8,10,2022,Moore_Reef,NA,NA,-16.8828585,146.2444155,NA,6,7,3.7,ONMO_FR2S_P1,ONMO_FR2S_P1
1510,ECO03,Pocillopora damicornis,Pdam,8,10,2022,Moore_Reef,NA,NA,-16.8828585,146.2444155,NA,6,7,3.7,ONMO_FR2S_P1,ONMO_FR2S_P1
1511,ECO03,Porites massive,Pmas,8,10,2022,Moore_Reef,NA,NA,-16.8828585,146.2444155,NA,6,7,3.7,ONMO_FR2S_P1,ONMO_FR2S_P1
1512,ECO03,Porites massive,Pmas,8,10,2022,Moore_Reef,NA,NA,-16.882674,146.244602,NA,60,7,3.8,ONMO_FR2S,ONMO_FR2S
1513,ECO03,Porites massive,Pmas,8,10,2022,Moore_Reef,NA,NA,-16.882674,146.244602,NA,60,7,3.8,ONMO_FR2S,ONMO_FR2S
1514,ECO03,Porites massive,Pmas,8,10,2022,Moore_Reef,NA,NA,-16.88269,146.2447035,NA,6,7,3.7,ONMO_FR2S_P3,ONMO_FR2S_P3
1515,ECO03,Pocillopora verrucosa,Pver,8,10,2022,Moore_Reef,NA,NA,-16.8828585,146.2444155,NA,6,7,3.7,ONMO_FR2S_P1,ONMO_FR2S_P1
1516,ECO03,Porites massive,Pmas,8,10,2022,Moore_Reef,NA,NA,-16.8828585,146.2444155,NA,6,7,3.7,ONMO_FR2S_P1,ONMO_FR2S_P1
1517,ECO03,Porites massive,Pmas,8,10,2022,Moore_Reef,NA,NA,-16.882674,146.244602,NA,60,7,3.8,ONMO_FR2S,ONMO_FR2S
1518,ECO03,Porites massive,Pmas,8,10,2022,Moore_Reef,NA,NA,-16.882674,146.244602,NA,60,7,3.8,ONMO_FR2S,ONMO_FR2S
1519,ECO03,Pocillopora damicornis,Pdam,8,10,2022,Moore_Reef,NA,NA,-16.882674,146.244602,NA,60,7,3.8,ONMO_FR2S,ONMO_FR2S
1520,ECO03,Porites massive,Pmas,8,10,2022,Moore_Reef,NA,NA,-16.8828585,146.2444155,NA,6,7,3.7,ONMO_FR2S_P1,ONMO_FR2S_P1
1521,ECO03,Leptoria sp.,Lept,8,10,2022,Moore_Reef,NA,NA,-16.882674,146.244602,NA,60,7,3.8,ONMO_FR2S,ONMO_FR2S
1522,ECO03,Porites massive,Pmas,8,10,2022,Moore_Reef,NA,NA,-16.882674,146.244602,NA,60,7,3.8,ONMO_FR2S,ONMO_FR2S
1523,ECO03,Pocillopora damicornis,Pdam,8,10,2022,Moore_Reef,NA,NA,-16.882674,146.244602,NA,60,7,3.8,ONMO_FR2S,ONMO_FR2S
1524,ECO03,Pocillopora damicornis,Pdam,8,10,2022,Moore_Reef,NA,NA,-16.882674,146.244602,NA,60,7,3.8,ONMO_FR2S,ONMO_FR2S
1525,ECO03,Pocillopora damicornis,Pdam,8,10,2022,Moore_Reef,NA,NA,-16.882674,146.244602,NA,60,7,3.8,ONMO_FR2S,ONMO_FR2S
1526,ECO03,Pocillopora damicornis,Pdam,8,10,2022,Moore_Reef,NA,NA,-16.882674,146.244602,NA,60,7,3.8,ONMO_FR2S,ONMO_FR2S
1527,ECO03,Porites massive,Pmas,8,10,2022,Moore_Reef,NA,NA,-16.882674,146.244602,NA,60,7,3.8,ONMO_FR2S,ONMO_FR2S
1528,ECO03,Pocillopora damicornis,Pdam,8,10,2022,Moore_Reef,NA,NA,-16.8828585,146.2444155,NA,6,7,3.7,ONMO_FR2S_P1,ONMO_FR2S_P1
1529,ECO03,Pocillopora damicornis,Pdam,8,10,2022,Moore_Reef,NA,NA,-16.872041,146.2536145,NA,60,7,4.5,ONMO_FR1S,ONMO_FR1S
1530,ECO03,Pocillopora damicornis,Pdam,8,10,2022,Moore_Reef,NA,NA,-16.872041,146.2536145,NA,60,7,4.5,ONMO_FR1S,ONMO_FR1S
1531,ECO03,Porites massive,Pmas,8,10,2022,Moore_Reef,NA,NA,-16.8722915,146.253598,NA,6,7,4.1,ONMO_FR1S_P1,ONMO_FR1S_P1
1532,ECO03,Porites massive,Pmas,8,10,2022,Moore_Reef,NA,NA,-16.872041,146.2536145,NA,60,7,4.5,ONMO_FR1S,ONMO_FR1S
1533,ECO03,Porites massive,Pmas,8,10,2022,Moore_Reef,NA,NA,-16.8721375,146.253599,NA,6,7,4.6,ONMO_FR1S_P2,ONMO_FR1S_P2
1534,ECO03,Porites massive,Pmas,8,10,2022,Moore_Reef,NA,NA,-16.872041,146.2536145,NA,60,7,4.5,ONMO_FR1S,ONMO_FR1S
1535,ECO03,Porites massive,Pmas,8,10,2022,Moore_Reef,NA,NA,-16.872041,146.2536145,NA,60,7,4.5,ONMO_FR1S,ONMO_FR1S
1536,ECO03,Porites massive,Pmas,8,10,2022,Moore_Reef,NA,NA,-16.8722915,146.253598,NA,6,7,4.1,ONMO_FR1S_P1,ONMO_FR1S_P1
1537,ECO03,Porites massive,Pmas,8,10,2022,Moore_Reef,NA,NA,-16.872041,146.2536145,NA,60,7,4.5,ONMO_FR1S,ONMO_FR1S
1538,ECO03,Porites massive,Pmas,8,10,2022,Moore_Reef,NA,NA,-16.8722915,146.253598,NA,6,7,4.1,ONMO_FR1S_P1,ONMO_FR1S_P1
1539,ECO03,Pocillopora damicornis,Pdam,8,10,2022,Moore_Reef,NA,NA,-16.8722915,146.253598,NA,6,7,4.1,ONMO_FR1S_P1,ONMO_FR1S_P1
1540,ECO03,Porites massive,Pmas,8,10,2022,Moore_Reef,NA,NA,-16.8722915,146.253598,NA,6,7,4.1,ONMO_FR1S_P1,ONMO_FR1S_P1
1541,ECO03,Porites massive,Pmas,9,10,2022,Moore_Reef,NA,NA,-16.8719915,146.253711,NA,6,7,10.6,ONMO_FR1D_P3,ONMO_FR1D_P3
1542,ECO03,Porites massive,Pmas,9,10,2022,Moore_Reef,NA,NA,-16.8717695,146.253705,NA,6,7,9.5,ONMO_FR1D_P4,ONMO_FR1D_P4
1543,ECO03,Porites massive,Pmas,9,10,2022,Moore_Reef,NA,NA,-16.8723705,146.2536575,NA,6,7,10.6,ONMO_FR1D_P1,ONMO_FR1D_P1
1544,ECO03,Porites massive,Pmas,9,10,2022,Moore_Reef,NA,NA,-16.8717695,146.253705,NA,6,7,9.5,ONMO_FR1D_P4,ONMO_FR1D_P4
1545,ECO03,Porites massive,Pmas,9,10,2022,Moore_Reef,NA,NA,-16.872129,146.2537205,NA,6,7,10.8,ONMO_FR1D_P2,ONMO_FR1D_P2
1546,ECO03,Porites massive,Pmas,9,10,2022,Moore_Reef,NA,NA,-16.8719915,146.253711,NA,6,7,10.6,ONMO_FR1D_P3,ONMO_FR1D_P3
1547,ECO03,Pachyseris speciosa,Pspe,9,10,2022,Moore_Reef,NA,NA,-16.8717695,146.253705,NA,6,7,9.5,ONMO_FR1D_P4,ONMO_FR1D_P4
1548,ECO03,Pocillopora damicornis,Pdam,9,10,2022,Moore_Reef,NA,NA,-16.8723705,146.2536575,NA,6,7,10.6,ONMO_FR1D_P1,ONMO_FR1D_P1
1549,ECO03,Porites massive,Pmas,9,10,2022,Moore_Reef,NA,NA,-16.872129,146.2537205,NA,6,7,10.8,ONMO_FR1D_P2,ONMO_FR1D_P2
1550,ECO03,Porites massive,Pmas,9,10,2022,Moore_Reef,NA,NA,-16.8719915,146.253711,NA,6,7,10.6,ONMO_FR1D_P3,ONMO_FR1D_P3
1551,ECO03,Porites massive,Pmas,9,10,2022,Moore_Reef,NA,NA,-16.872129,146.2537205,NA,6,7,10.8,ONMO_FR1D_P2,ONMO_FR1D_P2
1552,ECO03,Porites massive,Pmas,9,10,2022,Moore_Reef,NA,NA,-16.8717695,146.253705,NA,6,7,9.5,ONMO_FR1D_P4,ONMO_FR1D_P4
1553,ECO03,Porites massive,Pmas,9,10,2022,Moore_Reef,NA,NA,-16.8717695,146.253705,NA,6,7,9.5,ONMO_FR1D_P4,ONMO_FR1D_P4
1554,ECO03,Porites massive,Pmas,9,10,2022,Moore_Reef,NA,NA,-16.8723705,146.2536575,NA,6,7,10.6,ONMO_FR1D_P1,ONMO_FR1D_P1
1555,ECO03,Porites massive,Pmas,9,10,2022,Moore_Reef,NA,NA,-16.8719915,146.253711,NA,6,7,10.6,ONMO_FR1D_P3,ONMO_FR1D_P3
1556,ECO03,Porites massive,Pmas,9,10,2022,Moore_Reef,NA,NA,-16.8719915,146.253711,NA,6,7,10.6,ONMO_FR1D_P3,ONMO_FR1D_P3
1557,ECO03,Porites massive,Pmas,9,10,2022,Moore_Reef,NA,NA,-16.8719965,146.253583,NA,6,7,4.5,ONMO_FR1S_P3,ONMO_FR1S_P3
1558,ECO03,Porites massive,Pmas,9,10,2022,Moore_Reef,NA,NA,-16.8719965,146.253583,NA,6,7,4.5,ONMO_FR1S_P3,ONMO_FR1S_P3
1559,ECO03,Porites massive,Pmas,9,10,2022,Moore_Reef,NA,NA,-16.8719965,146.253583,NA,6,7,4.5,ONMO_FR1S_P3,ONMO_FR1S_P3
1560,ECO03,Porites massive,Pmas,9,10,2022,Moore_Reef,NA,NA,-16.87181,146.253624,NA,6,7,4.6,ONMO_FR1S_P4,ONMO_FR1S_P4
1561,ECO03,Pocillopora damicornis,Pdam,9,10,2022,Moore_Reef,NA,NA,-16.87181,146.253624,NA,6,7,4.6,ONMO_FR1S_P4,ONMO_FR1S_P4
1562,ECO03,Porites massive,Pmas,9,10,2022,Moore_Reef,NA,NA,-16.87181,146.253624,NA,6,7,4.6,ONMO_FR1S_P4,ONMO_FR1S_P4
1563,ECO03,Porites massive,Pmas,9,10,2022,Moore_Reef,NA,NA,-16.8719965,146.253583,NA,6,7,4.5,ONMO_FR1S_P3,ONMO_FR1S_P3
1564,ECO03,Porites massive,Pmas,9,10,2022,Moore_Reef,NA,NA,-16.8719965,146.253583,NA,6,7,4.5,ONMO_FR1S_P3,ONMO_FR1S_P3
1565,ECO03,Pocillopora damicornis,Pdam,9,10,2022,Moore_Reef,NA,NA,-16.8719965,146.253583,NA,6,7,4.5,ONMO_FR1S_P3,ONMO_FR1S_P3
1566,ECO03,Pachyseris speciosa,Pspe,10,10,2022,Moore_Reef,NA,NA,-16.8820255,146.183502,NA,6,14,9,ONMO_BA2D_P4,ONMO_BA2D_P4
1567,ECO03,Porites massive,Pmas,10,10,2022,Moore_Reef,NA,NA,-16.8820255,146.183502,NA,6,14,9,ONMO_BA2D_P4,ONMO_BA2D_P4
1568,ECO03,Pachyseris speciosa,Pspe,10,10,2022,Moore_Reef,NA,NA,-16.8819085,146.183834,NA,6,14,7.7,ONMO_BA2D_P2,ONMO_BA2D_P2
1569,ECO03,Pachyseris speciosa,Pspe,10,10,2022,Moore_Reef,NA,NA,-16.88184,146.1841005,NA,6,14,8.2,ONMO_BA2D_P1,ONMO_BA2D_P1
1570,ECO03,Porites massive,Pmas,10,10,2022,Moore_Reef,NA,NA,-16.881942,146.1837265,NA,6,14,8.8,ONMO_BA2D_P3,ONMO_BA2D_P3
1571,ECO03,Porites massive,Pmas,10,10,2022,Moore_Reef,NA,NA,-16.881942,146.1837265,NA,6,14,8.8,ONMO_BA2D_P3,ONMO_BA2D_P3
1572,ECO03,Porites massive,Pmas,10,10,2022,Moore_Reef,NA,NA,-16.8820255,146.183502,NA,6,14,9,ONMO_BA2D_P4,ONMO_BA2D_P4
1573,ECO03,Pachyseris speciosa,Pspe,10,10,2022,Moore_Reef,NA,NA,-16.88184,146.1841005,NA,6,14,8.2,ONMO_BA2D_P1,ONMO_BA2D_P1
1574,ECO03,Pachyseris speciosa,Pspe,10,10,2022,Moore_Reef,NA,NA,-16.8819085,146.183834,NA,6,14,7.7,ONMO_BA2D_P2,ONMO_BA2D_P2
1575,ECO03,Porites massive,Pmas,10,10,2022,Moore_Reef,NA,NA,-16.8819085,146.183834,NA,6,14,7.7,ONMO_BA2D_P2,ONMO_BA2D_P2
1576,ECO03,Pocillopora damicornis,Pdam,10,10,2022,Moore_Reef,NA,NA,-16.881942,146.1837265,NA,6,14,8.8,ONMO_BA2D_P3,ONMO_BA2D_P3
1577,ECO03,Porites massive,Pmas,10,10,2022,Moore_Reef,NA,NA,-16.88184,146.1841005,NA,6,14,8.2,ONMO_BA2D_P1,ONMO_BA2D_P1
1578,ECO03,Porites massive,Pmas,10,10,2022,Moore_Reef,NA,NA,-16.8819085,146.183834,NA,6,14,7.7,ONMO_BA2D_P2,ONMO_BA2D_P2
1579,ECO03,Porites massive,Pmas,10,10,2022,Moore_Reef,NA,NA,-16.88184,146.1841005,NA,6,14,8.2,ONMO_BA2D_P1,ONMO_BA2D_P1
1580,ECO03,Pachyseris speciosa,Pspe,10,10,2022,Moore_Reef,NA,NA,-16.88184,146.1841005,NA,6,14,8.2,ONMO_BA2D_P1,ONMO_BA2D_P1
1581,ECO03,Porites massive,Pmas,10,10,2022,Moore_Reef,NA,NA,-16.8820255,146.183502,NA,6,14,9,ONMO_BA2D_P4,ONMO_BA2D_P4
1582,ECO03,Pachyseris speciosa,Pspe,10,10,2022,Moore_Reef,NA,NA,-16.88184,146.1841005,NA,6,14,8.2,ONMO_BA2D_P1,ONMO_BA2D_P1
1583,ECO03,Porites massive,Pmas,10,10,2022,Moore_Reef,NA,NA,-16.8819085,146.183834,NA,6,14,7.7,ONMO_BA2D_P2,ONMO_BA2D_P2
1584,ECO03,Porites massive,Pmas,10,10,2022,Moore_Reef,NA,NA,-16.88184,146.1841005,NA,6,14,8.2,ONMO_BA2D_P1,ONMO_BA2D_P1
1585,ECO03,Pachyseris speciosa,Pspe,10,10,2022,Moore_Reef,NA,NA,-16.8820255,146.183502,NA,6,14,9,ONMO_BA2D_P4,ONMO_BA2D_P4
1586,ECO03,Porites massive,Pmas,10,10,2022,Moore_Reef,NA,NA,-16.8820255,146.183502,NA,6,14,9,ONMO_BA2D_P4,ONMO_BA2D_P4
1587,ECO03,NA,NA,10,10,2022,Moore_Reef,NA,NA,-16.881947,146.1837795,NA,60,14,8.4,ONMO_BA2D,ONMO_BA2D
1588,ECO03,Porites massive,Pmas,10,10,2022,Moore_Reef,NA,NA,-16.8820415,146.1837665,NA,6,6,2.7,ONMO_BA2S_P4,ONMO_BA2S_P4
1589,ECO03,Pachyseris speciosa,Pspe,10,10,2022,Moore_Reef,NA,NA,-16.8820415,146.1837665,NA,6,6,2.7,ONMO_BA2S_P4,ONMO_BA2S_P4
1590,ECO03,Porites massive,Pmas,10,10,2022,Moore_Reef,NA,NA,-16.8819505,146.183962,NA,6,6,3.7,ONMO_BA2S_P3,ONMO_BA2S_P3
1591,ECO03,Pachyseris speciosa,Pspe,10,10,2022,Moore_Reef,NA,NA,-16.881932,146.1842425,NA,6,6,4.3,ONMO_BA2S_P1,ONMO_BA2S_P1
1592,ECO03,Porites massive,Pmas,10,10,2022,Moore_Reef,NA,NA,-16.8819505,146.183962,NA,6,6,3.7,ONMO_BA2S_P3,ONMO_BA2S_P3
1593,ECO03,Porites massive,Pmas,10,10,2022,Moore_Reef,NA,NA,-16.8819505,146.183962,NA,6,6,3.7,ONMO_BA2S_P3,ONMO_BA2S_P3
1594,ECO03,Porites massive,Pmas,10,10,2022,Moore_Reef,NA,NA,-16.8820415,146.1837665,NA,6,6,2.7,ONMO_BA2S_P4,ONMO_BA2S_P4
1595,ECO03,Porites massive,Pmas,10,10,2022,Moore_Reef,NA,NA,-16.881932,146.1842425,NA,6,6,4.3,ONMO_BA2S_P1,ONMO_BA2S_P1
1596,ECO03,Porites massive,Pmas,10,10,2022,Moore_Reef,NA,NA,-16.881932,146.1842425,NA,6,6,4.3,ONMO_BA2S_P1,ONMO_BA2S_P1
1597,ECO03,Porites massive,Pmas,10,10,2022,Moore_Reef,NA,NA,-16.881932,146.1842425,NA,6,6,4.3,ONMO_BA2S_P1,ONMO_BA2S_P1
1598,ECO03,Porites massive,Pmas,10,10,2022,Moore_Reef,NA,NA,-16.8819505,146.183962,NA,6,6,3.7,ONMO_BA2S_P3,ONMO_BA2S_P3
1599,ECO03,Porites massive,Pmas,10,10,2022,Moore_Reef,NA,NA,-16.8820415,146.1837665,NA,6,6,2.7,ONMO_BA2S_P4,ONMO_BA2S_P4
1600,ECO03,Porites massive,Pmas,10,10,2022,Moore_Reef,NA,NA,-16.8820415,146.1837665,NA,6,6,2.7,ONMO_BA2S_P4,ONMO_BA2S_P4
1601,ECO03,Porites massive,Pmas,10,10,2022,Moore_Reef,NA,NA,-16.8818885,146.1840885,NA,6,6,3.8,ONMO_BA2S_P2,ONMO_BA2S_P2
1602,ECO03,Porites massive,Pmas,10,10,2022,Moore_Reef,NA,NA,-16.8818885,146.1840885,NA,6,6,3.8,ONMO_BA2S_P2,ONMO_BA2S_P2
1603,ECO03,Pachyseris speciosa,Pspe,10,10,2022,Moore_Reef,NA,NA,-16.881932,146.1842425,NA,6,6,4.3,ONMO_BA2S_P1,ONMO_BA2S_P1
1604,ECO03,Porites massive,Pmas,10,10,2022,Moore_Reef,NA,NA,-16.8818885,146.1840885,NA,6,6,3.8,ONMO_BA2S_P2,ONMO_BA2S_P2
1605,ECO03,Pachyseris speciosa,Pspe,10,10,2022,Moore_Reef,NA,NA,-16.8819505,146.183962,NA,6,6,3.7,ONMO_BA2S_P3,ONMO_BA2S_P3
1606,ECO03,Porites massive,Pmas,10,10,2022,Moore_Reef,NA,NA,-16.881932,146.1842425,NA,6,6,4.3,ONMO_BA2S_P1,ONMO_BA2S_P1
1607,ECO03,Pachyseris speciosa,Pspe,10,10,2022,Moore_Reef,NA,NA,-16.881932,146.1842425,NA,6,6,4.3,ONMO_BA2S_P1,ONMO_BA2S_P1
1608,ECO03,Porites massive,Pmas,10,10,2022,Moore_Reef,NA,NA,-16.8818885,146.1840885,NA,6,6,3.8,ONMO_BA2S_P2,ONMO_BA2S_P2
1609,ECO03,Porites massive,Pmas,10,10,2022,Moore_Reef,NA,NA,-16.8818885,146.1840885,NA,6,6,3.8,ONMO_BA2S_P2,ONMO_BA2S_P2
1610,ECO03,Porites massive,Pmas,10,10,2022,Moore_Reef,NA,NA,-16.8819505,146.183962,NA,6,6,3.7,ONMO_BA2S_P3,ONMO_BA2S_P3
1611,ECO03,Porites massive,Pmas,10,10,2022,Moore_Reef,NA,NA,-16.8819505,146.183962,NA,6,6,3.7,ONMO_BA2S_P3,ONMO_BA2S_P3
1612,ECO03,Porites massive,Pmas,10,10,2022,Moore_Reef,NA,NA,-16.8819505,146.183962,NA,6,6,3.7,ONMO_BA2S_P3,ONMO_BA2S_P3
1613,ECO03,Porites massive,Pmas,10,10,2022,Moore_Reef,NA,NA,-16.8818885,146.1840885,NA,6,6,3.8,ONMO_BA2S_P2,ONMO_BA2S_P2
1614,ECO03,Porites massive,Pmas,11,10,2022,Moore_Reef,NA,NA,-16.860028,146.225458,NA,6,15,10.5,ONMO_LA1D_P1,ONMO_LA1D_P1
1615,ECO03,Porites massive,Pmas,11,10,2022,Moore_Reef,NA,NA,-16.860028,146.225458,NA,6,15,10.5,ONMO_LA1D_P1,ONMO_LA1D_P1
1616,ECO03,Porites massive,Pmas,11,10,2022,Moore_Reef,NA,NA,-16.85986,146.2260415,NA,6,15,10.3,ONMO_LA1D_P4,ONMO_LA1D_P4
1617,ECO03,Porites massive,Pmas,11,10,2022,Moore_Reef,NA,NA,-16.859946,146.225974,NA,6,15,10.1,ONMO_LA1D_P3,ONMO_LA1D_P3
1618,ECO03,Porites massive,Pmas,11,10,2022,Moore_Reef,NA,NA,-16.8599965,146.2258945,NA,6,15,10.5,ONMO_LA1D_P2,ONMO_LA1D_P2
1619,ECO03,Porites massive,Pmas,11,10,2022,Moore_Reef,NA,NA,-16.8599965,146.2258945,NA,6,15,10.5,ONMO_LA1D_P2,ONMO_LA1D_P2
1620,ECO03,Porites massive,Pmas,11,10,2022,Moore_Reef,NA,NA,-16.859946,146.225974,NA,6,15,10.1,ONMO_LA1D_P3,ONMO_LA1D_P3
1621,ECO03,Porites massive,Pmas,11,10,2022,Moore_Reef,NA,NA,-16.85986,146.2260415,NA,6,15,10.3,ONMO_LA1D_P4,ONMO_LA1D_P4
1622,ECO03,Porites massive,Pmas,11,10,2022,Moore_Reef,NA,NA,-16.860028,146.225458,NA,6,15,10.5,ONMO_LA1D_P1,ONMO_LA1D_P1
1623,ECO03,Porites massive,Pmas,11,10,2022,Moore_Reef,NA,NA,-16.860028,146.225458,NA,6,15,10.5,ONMO_LA1D_P1,ONMO_LA1D_P1
1624,ECO03,Porites massive,Pmas,11,10,2022,Moore_Reef,NA,NA,-16.8599965,146.2258945,NA,6,15,10.5,ONMO_LA1D_P2,ONMO_LA1D_P2
1625,ECO03,Porites massive,Pmas,11,10,2022,Moore_Reef,NA,NA,-16.860028,146.225458,NA,6,15,10.5,ONMO_LA1D_P1,ONMO_LA1D_P1
1626,ECO03,Pachyseris speciosa,Pspe,11,10,2022,Moore_Reef,NA,NA,-16.8599965,146.2258945,NA,6,15,10.5,ONMO_LA1D_P2,ONMO_LA1D_P2
1627,ECO03,Porites massive,Pmas,11,10,2022,Moore_Reef,NA,NA,-16.859946,146.225974,NA,6,15,10.1,ONMO_LA1D_P3,ONMO_LA1D_P3
1628,ECO03,Porites massive,Pmas,11,10,2022,Moore_Reef,NA,NA,-16.859946,146.225974,NA,6,15,10.1,ONMO_LA1D_P3,ONMO_LA1D_P3
1629,ECO03,Porites massive,Pmas,11,10,2022,Moore_Reef,NA,NA,-16.85986,146.2260415,NA,6,15,10.3,ONMO_LA1D_P4,ONMO_LA1D_P4
1630,ECO03,Porites massive,Pmas,11,10,2022,Moore_Reef,NA,NA,-16.85986,146.2260415,NA,6,15,10.3,ONMO_LA1D_P4,ONMO_LA1D_P4
1631,ECO03,Porites massive,Pmas,11,10,2022,Moore_Reef,NA,NA,-16.85986,146.2260415,NA,6,15,10.3,ONMO_LA1D_P4,ONMO_LA1D_P4
1632,ECO03,Porites massive,Pmas,11,10,2022,Moore_Reef,NA,NA,-16.85986,146.2260415,NA,6,15,10.3,ONMO_LA1D_P4,ONMO_LA1D_P4
1633,ECO03,Pachyseris speciosa,Pspe,11,10,2022,Moore_Reef,NA,NA,-16.860028,146.225458,NA,6,15,10.5,ONMO_LA1D_P1,ONMO_LA1D_P1
1634,ECO03,Pocillopora damicornis,Pdam,11,10,2022,Moore_Reef,NA,NA,-16.860028,146.225458,NA,6,15,10.5,ONMO_LA1D_P1,ONMO_LA1D_P1
1635,ECO03,Seriatopora hystrix,Shys,11,10,2022,Moore_Reef,NA,NA,-16.8598625,146.2258965,NA,6,6,3.9,ONMO_LA1S_P3,ONMO_LA1S_P3
1636,ECO03,Porites massive,Pmas,11,10,2022,Moore_Reef,NA,NA,-16.8599545,146.2257745,NA,6,6,4.2,ONMO_LA1S_P2,ONMO_LA1S_P2
1637,ECO03,Porites massive,Pmas,11,10,2022,Moore_Reef,NA,NA,-16.8599555,146.225459,NA,6,6,3.6,ONMO_LA1S_P1,ONMO_LA1S_P1
1638,ECO03,Porites massive,Pmas,11,10,2022,Moore_Reef,NA,NA,-16.8599545,146.2257745,NA,6,6,4.2,ONMO_LA1S_P2,ONMO_LA1S_P2
1639,ECO03,Seriatopora hystrix,Shys,11,10,2022,Moore_Reef,NA,NA,-16.8599555,146.225459,NA,6,6,3.6,ONMO_LA1S_P1,ONMO_LA1S_P1
1640,ECO03,Porites massive,Pmas,11,10,2022,Moore_Reef,NA,NA,-16.8599555,146.225459,NA,6,6,3.6,ONMO_LA1S_P1,ONMO_LA1S_P1
1641,ECO03,Porites massive,Pmas,11,10,2022,Moore_Reef,NA,NA,-16.8599555,146.225459,NA,6,6,3.6,ONMO_LA1S_P1,ONMO_LA1S_P1
1642,ECO03,Seriatopora hystrix,Shys,11,10,2022,Moore_Reef,NA,NA,-16.8599555,146.225459,NA,6,6,3.6,ONMO_LA1S_P1,ONMO_LA1S_P1
1643,ECO03,Porites massive,Pmas,11,10,2022,Moore_Reef,NA,NA,-16.8599545,146.2257745,NA,6,6,4.2,ONMO_LA1S_P2,ONMO_LA1S_P2
1644,ECO03,Seriatopora hystrix,Shys,11,10,2022,Moore_Reef,NA,NA,-16.8598625,146.2258965,NA,6,6,3.9,ONMO_LA1S_P3,ONMO_LA1S_P3
1645,ECO03,Porites massive,Pmas,11,10,2022,Moore_Reef,NA,NA,-16.8599545,146.2257745,NA,6,6,4.2,ONMO_LA1S_P2,ONMO_LA1S_P2
1646,ECO03,Porites massive,Pmas,11,10,2022,Moore_Reef,NA,NA,-16.8599545,146.2257745,NA,6,6,4.2,ONMO_LA1S_P2,ONMO_LA1S_P2
1647,ECO03,Porites massive,Pmas,11,10,2022,Moore_Reef,NA,NA,-16.8599555,146.225459,NA,6,6,3.6,ONMO_LA1S_P1,ONMO_LA1S_P1
1648,ECO03,Porites massive,Pmas,11,10,2022,Moore_Reef,NA,NA,-16.8598625,146.2258965,NA,6,6,3.9,ONMO_LA1S_P3,ONMO_LA1S_P3
1649,ECO03,Porites massive,Pmas,11,10,2022,Moore_Reef,NA,NA,-16.8599545,146.2257745,NA,6,6,4.2,ONMO_LA1S_P2,ONMO_LA1S_P2
1650,ECO03,Porites massive,Pmas,11,10,2022,Moore_Reef,NA,NA,-16.8598625,146.2258965,NA,6,6,3.9,ONMO_LA1S_P3,ONMO_LA1S_P3
1651,ECO03,Porites massive,Pmas,11,10,2022,Moore_Reef,NA,NA,-16.8599545,146.2257745,NA,6,6,4.2,ONMO_LA1S_P2,ONMO_LA1S_P2
1652,ECO03,Seriatopora hystrix,Shys,11,10,2022,Moore_Reef,NA,NA,-16.8599545,146.2257745,NA,6,6,4.2,ONMO_LA1S_P2,ONMO_LA1S_P2
1653,ECO03,Seriatopora hystrix,Shys,11,10,2022,Moore_Reef,NA,NA,-16.8599545,146.2257745,NA,6,6,4.2,ONMO_LA1S_P2,ONMO_LA1S_P2
1654,ECO03,Seriatopora hystrix,Shys,11,10,2022,Moore_Reef,NA,NA,-16.8597595,146.225918,NA,6,6,4.1,ONMO_LA1S_P4,ONMO_LA1S_P4
1655,ECO03,Seriatopora hystrix,Shys,11,10,2022,Moore_Reef,NA,NA,-16.8598625,146.2258965,NA,6,6,3.9,ONMO_LA1S_P3,ONMO_LA1S_P3
1656,ECO03,Porites massive,Pmas,11,10,2022,Moore_Reef,NA,NA,-16.8597595,146.225918,NA,6,6,4.1,ONMO_LA1S_P4,ONMO_LA1S_P4
1657,ECO03,Seriatopora hystrix,Shys,11,10,2022,Moore_Reef,NA,NA,-16.8598625,146.2258965,NA,6,6,3.9,ONMO_LA1S_P3,ONMO_LA1S_P3
1658,ECO03,Seriatopora hystrix,Shys,11,10,2022,Moore_Reef,NA,NA,-16.8597595,146.225918,NA,6,6,4.1,ONMO_LA1S_P4,ONMO_LA1S_P4
1659,ECO03,Porites massive,Pmas,11,10,2022,Moore_Reef,NA,NA,-16.8598625,146.2258965,NA,6,6,3.9,ONMO_LA1S_P3,ONMO_LA1S_P3
1660,ECO03,Porites massive,Pmas,11,10,2022,Moore_Reef,NA,NA,-16.8598625,146.2258965,NA,6,6,3.9,ONMO_LA1S_P3,ONMO_LA1S_P3
1661,ECO03,Porites massive,Pmas,11,10,2022,Moore_Reef,NA,NA,-16.8597595,146.225918,NA,6,6,4.1,ONMO_LA1S_P4,ONMO_LA1S_P4
1662,ECO03,Porites massive,Pmas,11,10,2022,Moore_Reef,NA,NA,-16.8598625,146.2258965,NA,6,6,3.9,ONMO_LA1S_P3,ONMO_LA1S_P3
1663,ECO03,Porites massive,Pmas,12,10,2022,Moore_Reef,NA,NA,-16.8471725,146.2174315,NA,60,14,9.3,ONMO_BA1D,ONMO_BA1D
1664,ECO03,Pocillopora damicornis,Pdam,12,10,2022,Moore_Reef,NA,NA,-16.846986,146.217602,NA,6,14,9.5,ONMO_BA1D_P1,ONMO_BA1D_P1
1665,ECO03,Pachyseris speciosa,Pspe,12,10,2022,Moore_Reef,NA,NA,-16.846986,146.217602,NA,6,14,9.5,ONMO_BA1D_P1,ONMO_BA1D_P1
1666,ECO03,Pocillopora damicornis,Pdam,12,10,2022,Moore_Reef,NA,NA,-16.847112,146.217435,NA,6,14,9.4,ONMO_BA1D_P2,ONMO_BA1D_P2
1667,ECO03,Porites massive,Pmas,12,10,2022,Moore_Reef,NA,NA,-16.847112,146.217435,NA,6,14,9.4,ONMO_BA1D_P2,ONMO_BA1D_P2
1668,ECO03,Porites massive,Pmas,12,10,2022,Moore_Reef,NA,NA,-16.846986,146.217602,NA,6,14,9.5,ONMO_BA1D_P1,ONMO_BA1D_P1
1669,ECO03,Pachyseris speciosa,Pspe,12,10,2022,Moore_Reef,NA,NA,-16.846986,146.217602,NA,6,14,9.5,ONMO_BA1D_P1,ONMO_BA1D_P1
1670,ECO03,Pachyseris speciosa,Pspe,12,10,2022,Moore_Reef,NA,NA,-16.846986,146.217602,NA,6,14,9.5,ONMO_BA1D_P1,ONMO_BA1D_P1
1671,ECO03,Pachyseris speciosa,Pspe,12,10,2022,Moore_Reef,NA,NA,-16.847112,146.217435,NA,6,14,9.4,ONMO_BA1D_P2,ONMO_BA1D_P2
1672,ECO03,Porites massive,Pmas,12,10,2022,Moore_Reef,NA,NA,-16.8472235,146.2173485,NA,6,14,10.1,ONMO_BA1D_P3,ONMO_BA1D_P3
1673,ECO03,Pachyseris speciosa,Pspe,12,10,2022,Moore_Reef,NA,NA,-16.8472235,146.2173485,NA,6,14,10.1,ONMO_BA1D_P3,ONMO_BA1D_P3
1674,ECO03,Pachyseris speciosa,Pspe,12,10,2022,Moore_Reef,NA,NA,-16.8472235,146.2173485,NA,6,14,10.1,ONMO_BA1D_P3,ONMO_BA1D_P3
1675,ECO03,Pachyseris speciosa,Pspe,12,10,2022,Moore_Reef,NA,NA,-16.847112,146.217435,NA,6,14,9.4,ONMO_BA1D_P2,ONMO_BA1D_P2
1676,ECO03,Pachyseris speciosa,Pspe,12,10,2022,Moore_Reef,NA,NA,-16.847112,146.217435,NA,6,14,9.4,ONMO_BA1D_P2,ONMO_BA1D_P2
1677,ECO03,Porites massive,Pmas,12,10,2022,Moore_Reef,NA,NA,-16.8472235,146.2173485,NA,6,14,10.1,ONMO_BA1D_P3,ONMO_BA1D_P3
1678,ECO03,Porites massive,Pmas,12,10,2022,Moore_Reef,NA,NA,-16.847343,146.2172335,NA,6,14,8.2,ONMO_BA1D_P4,ONMO_BA1D_P4
1679,ECO03,Pachyseris speciosa,Pspe,12,10,2022,Moore_Reef,NA,NA,-16.847343,146.2172335,NA,6,14,8.2,ONMO_BA1D_P4,ONMO_BA1D_P4
1680,ECO03,Porites massive,Pmas,12,10,2022,Moore_Reef,NA,NA,-16.847343,146.2172335,NA,6,14,8.2,ONMO_BA1D_P4,ONMO_BA1D_P4
1681,ECO03,Porites massive,Pmas,12,10,2022,Moore_Reef,NA,NA,-16.847343,146.2172335,NA,6,14,8.2,ONMO_BA1D_P4,ONMO_BA1D_P4
1682,ECO03,Pocillopora damicornis,Pdam,12,10,2022,Moore_Reef,NA,NA,-16.847343,146.2172335,NA,6,14,8.2,ONMO_BA1D_P4,ONMO_BA1D_P4
1683,ECO03,Porites massive,Pmas,12,10,2022,Moore_Reef,NA,NA,-16.846986,146.217602,NA,6,14,9.5,ONMO_BA1D_P1,ONMO_BA1D_P1
1684,ECO03,Porites massive,Pmas,12,10,2022,Moore_Reef,NA,NA,-16.846986,146.217602,NA,6,14,9.5,ONMO_BA1D_P1,ONMO_BA1D_P1
1685,ECO03,Pachyseris speciosa,Pspe,12,10,2022,Moore_Reef,NA,NA,-16.8471725,146.2174315,NA,60,14,9.3,ONMO_BA1D,ONMO_BA1D
1686,ECO03,Porites massive,Pmas,12,10,2022,Moore_Reef,NA,NA,-16.847364,146.217261,NA,6,7,3.8,ONMO_BA1S_P4,ONMO_BA1S_P4
1687,ECO03,Porites massive,Pmas,12,10,2022,Moore_Reef,NA,NA,-16.847236,146.2173505,NA,6,7,4.4,ONMO_BA1S_P3,ONMO_BA1S_P3
1688,ECO03,Porites massive,Pmas,12,10,2022,Moore_Reef,NA,NA,-16.8470695,146.21758,NA,6,7,3.7,ONMO_BA1S_P1,ONMO_BA1S_P1
1689,ECO03,Pachyseris speciosa,Pspe,12,10,2022,Moore_Reef,NA,NA,-16.8470695,146.21758,NA,6,7,3.7,ONMO_BA1S_P1,ONMO_BA1S_P1
1690,ECO03,Porites massive,Pmas,12,10,2022,Moore_Reef,NA,NA,-16.847236,146.2173505,NA,6,7,4.4,ONMO_BA1S_P3,ONMO_BA1S_P3
1691,ECO03,Porites massive,Pmas,12,10,2022,Moore_Reef,NA,NA,-16.8471265,146.217468,NA,6,7,4.5,ONMO_BA1S_P2,ONMO_BA1S_P2
1692,ECO03,Pachyseris speciosa,Pspe,12,10,2022,Moore_Reef,NA,NA,-16.847236,146.2173505,NA,6,7,4.4,ONMO_BA1S_P3,ONMO_BA1S_P3
1693,ECO03,Porites massive,Pmas,12,10,2022,Moore_Reef,NA,NA,-16.847364,146.217261,NA,6,7,3.8,ONMO_BA1S_P4,ONMO_BA1S_P4
1694,ECO03,Porites massive,Pmas,12,10,2022,Moore_Reef,NA,NA,-16.8471265,146.217468,NA,6,7,4.5,ONMO_BA1S_P2,ONMO_BA1S_P2
1695,ECO03,Porites massive,Pmas,12,10,2022,Moore_Reef,NA,NA,-16.8470695,146.21758,NA,6,7,3.7,ONMO_BA1S_P1,ONMO_BA1S_P1
1696,ECO03,Porites massive,Pmas,12,10,2022,Moore_Reef,NA,NA,-16.8471265,146.217468,NA,6,7,4.5,ONMO_BA1S_P2,ONMO_BA1S_P2
1697,ECO03,Porites massive,Pmas,12,10,2022,Moore_Reef,NA,NA,-16.847236,146.2173505,NA,6,7,4.4,ONMO_BA1S_P3,ONMO_BA1S_P3
1698,ECO03,Porites massive,Pmas,12,10,2022,Moore_Reef,NA,NA,-16.847236,146.2173505,NA,6,7,4.4,ONMO_BA1S_P3,ONMO_BA1S_P3
1699,ECO03,Porites massive,Pmas,12,10,2022,Moore_Reef,NA,NA,-16.8470695,146.21758,NA,6,7,3.7,ONMO_BA1S_P1,ONMO_BA1S_P1
1700,ECO03,Porites massive,Pmas,12,10,2022,Moore_Reef,NA,NA,-16.8471265,146.217468,NA,6,7,4.5,ONMO_BA1S_P2,ONMO_BA1S_P2
1701,ECO03,Porites massive,Pmas,12,10,2022,Moore_Reef,NA,NA,-16.8470695,146.21758,NA,6,7,3.7,ONMO_BA1S_P1,ONMO_BA1S_P1
1702,ECO03,Porites massive,Pmas,12,10,2022,Moore_Reef,NA,NA,-16.8471265,146.217468,NA,6,7,4.5,ONMO_BA1S_P2,ONMO_BA1S_P2
1703,ECO03,Porites massive,Pmas,12,10,2022,Moore_Reef,NA,NA,-16.8470695,146.21758,NA,6,7,3.7,ONMO_BA1S_P1,ONMO_BA1S_P1
1704,ECO03,Porites massive,Pmas,12,10,2022,Moore_Reef,NA,NA,-16.847364,146.217261,NA,6,7,3.8,ONMO_BA1S_P4,ONMO_BA1S_P4
1705,ECO03,Porites massive,Pmas,12,10,2022,Moore_Reef,NA,NA,-16.847364,146.217261,NA,6,7,3.8,ONMO_BA1S_P4,ONMO_BA1S_P4
1706,ECO03,Pocillopora damicornis,Pdam,12,10,2022,Moore_Reef,NA,NA,-16.847364,146.217261,NA,6,7,3.8,ONMO_BA1S_P4,ONMO_BA1S_P4
1707,ECO03,Porites massive,Pmas,12,10,2022,Moore_Reef,NA,NA,-16.847364,146.217261,NA,6,7,3.8,ONMO_BA1S_P4,ONMO_BA1S_P4
1708,ECO03,Porites massive,Pmas,12,10,2022,Moore_Reef,NA,NA,-16.847364,146.217261,NA,6,7,3.8,ONMO_BA1S_P4,ONMO_BA1S_P4
1709,ECO03,Porites massive,Pmas,12,10,2022,Moore_Reef,NA,NA,-16.847364,146.217261,NA,6,7,3.8,ONMO_BA1S_P4,ONMO_BA1S_P4
1710,ECO03,Pachyseris speciosa,Pspe,12,10,2022,Moore_Reef,NA,NA,-16.847364,146.217261,NA,6,7,3.8,ONMO_BA1S_P4,ONMO_BA1S_P4
1711,ECO03,Porites massive,Pmas,12,10,2022,Moore_Reef,NA,NA,-16.847364,146.217261,NA,6,7,3.8,ONMO_BA1S_P4,ONMO_BA1S_P4
1712,ECO03,Porites massive,Pmas,12,10,2022,Moore_Reef,NA,NA,-16.847364,146.217261,NA,6,7,3.8,ONMO_BA1S_P4,ONMO_BA1S_P4
1063b,ECO03,Porites massive,Pmas,19,3,2022,Aukane,NA,NA,-9.88359,143.407125,GPS EcoRRAP sites,30,5,4.1,TSAU_FR2S_P3,TSAU_FR2S_P3
1713,ECO03,Porites massive,Pmas,5,1,2023,Davies,NA,NA,-18.83197972,147.6525535,GPS EcoRRAP sites,6,14,11.7,OCDA_FR2D_P1,OCDA_FR2D_P1
1714,ECO03,Porites massive,Pmas,5,1,2023,Davies,NA,NA,-18.83197972,147.6525535,GPS EcoRRAP sites,6,14,11.7,OCDA_FR2D_P1,OCDA_FR2D_P1
1715,ECO03,Porites massive,Pmas,5,1,2023,Davies,NA,NA,-18.83197972,147.6525535,GPS EcoRRAP sites,6,14,11.7,OCDA_FR2D_P1,OCDA_FR2D_P1
1716,ECO03,Porites massive,Pmas,5,1,2023,Davies,NA,NA,-18.83180932,147.6526864,GPS EcoRRAP sites,6,14,11,OCDA_FR2D_P2,OCDA_FR2D_P2
1717,ECO03,Seriatopora hystrix,Shys,5,1,2023,Davies,NA,NA,-18.83180932,147.6526864,GPS EcoRRAP sites,6,14,11,OCDA_FR2D_P2,OCDA_FR2D_P2
1718,ECO03,Seriatopora hystrix,Shys,5,1,2023,Davies,NA,NA,-18.83180932,147.6526864,GPS EcoRRAP sites,6,14,11,OCDA_FR2D_P2,OCDA_FR2D_P2
1719,ECO03,Porites massive,Pmas,5,1,2023,Davies,NA,NA,-18.83173759,147.6527397,GPS EcoRRAP sites,6,14,11.3,OCDA_FR2D_P3,OCDA_FR2D_P3
1720,ECO03,Porites massive,Pmas,5,1,2023,Davies,NA,NA,-18.83173759,147.6527397,GPS EcoRRAP sites,6,14,11.3,OCDA_FR2D_P3,OCDA_FR2D_P3
1721,ECO03,Porites massive,Pmas,5,1,2023,Davies,NA,NA,-18.83173759,147.6527397,GPS EcoRRAP sites,6,14,11.3,OCDA_FR2D_P3,OCDA_FR2D_P3
1722,ECO03,Pachyseris speciosa,Pspe,5,1,2023,Davies,NA,NA,-18.83173759,147.6527397,GPS EcoRRAP sites,6,14,11.3,OCDA_FR2D_P3,OCDA_FR2D_P3
1723,ECO03,Porites massive,Pmas,5,1,2023,Davies,NA,NA,-18.83160726,147.652827,GPS EcoRRAP sites,6,14,10.4,OCDA_FR2D_P4,OCDA_FR2D_P4
1724,ECO03,Porites massive,Pmas,5,1,2023,Davies,NA,NA,-18.83160726,147.652827,GPS EcoRRAP sites,6,14,10.4,OCDA_FR2D_P4,OCDA_FR2D_P4
1725,ECO03,Porites massive,Pmas,5,1,2023,Davies,NA,NA,-18.83160726,147.652827,GPS EcoRRAP sites,6,14,10.4,OCDA_FR2D_P4,OCDA_FR2D_P4
1726,ECO03,Seriatopora hystrix,Shys,5,1,2023,Davies,NA,NA,-18.83160726,147.652827,GPS EcoRRAP sites,6,14,10.4,OCDA_FR2D_P4,OCDA_FR2D_P4
1727,ECO03,Porites massive,Pmas,5,1,2023,Davies,NA,NA,-18.83160726,147.652827,GPS EcoRRAP sites,6,14,10.4,OCDA_FR2D_P4,OCDA_FR2D_P4
1728,ECO03,Porites massive,Pmas,5,1,2023,Davies,NA,NA,-18.83160726,147.652827,GPS EcoRRAP sites,6,14,10.4,OCDA_FR2D_P4,OCDA_FR2D_P4
1729,ECO03,Porites massive,Pmas,5,1,2023,Davies,NA,NA,-18.83192685,147.6524971,GPS EcoRRAP sites,6,8,4.9,OCDA_FR2S_P1,OCDA_FR2S_P1
1730,ECO03,Seriatopora hystrix,Shys,5,1,2023,Davies,NA,NA,-18.83180971,147.6525841,GPS EcoRRAP sites,6,8,5.3,OCDA_FR2S_P2,OCDA_FR2S_P2
1731,ECO03,Porites massive,Pmas,5,1,2023,Davies,NA,NA,-18.83180971,147.6525841,GPS EcoRRAP sites,6,8,5.3,OCDA_FR2S_P2,OCDA_FR2S_P2
1732,ECO03,Porites massive,Pmas,5,1,2023,Davies,NA,NA,-18.83180971,147.6525841,GPS EcoRRAP sites,6,8,5.3,OCDA_FR2S_P2,OCDA_FR2S_P2
1733,ECO03,Seriatopora hystrix,Shys,5,1,2023,Davies,NA,NA,-18.83180971,147.6525841,GPS EcoRRAP sites,6,8,5.3,OCDA_FR2S_P2,OCDA_FR2S_P2
1734,ECO03,Porites massive,Pmas,5,1,2023,Davies,NA,NA,-18.83163711,147.6527145,GPS EcoRRAP sites,6,8,5.7,OCDA_FR2S_P3,OCDA_FR2S_P3
1735,ECO03,Pachyseris speciosa,Pspe,5,1,2023,Davies,NA,NA,-18.83163711,147.6527145,GPS EcoRRAP sites,6,8,5.7,OCDA_FR2S_P3,OCDA_FR2S_P3
1736,ECO03,Porites massive,Pmas,5,1,2023,Davies,NA,NA,-18.83163711,147.6527145,GPS EcoRRAP sites,6,8,5.7,OCDA_FR2S_P3,OCDA_FR2S_P3
1737,ECO03,Porites massive,Pmas,5,1,2023,Davies,NA,NA,-18.83163711,147.6527145,GPS EcoRRAP sites,6,8,5.7,OCDA_FR2S_P3,OCDA_FR2S_P3
1738,ECO03,Seriatopora hystrix,Shys,5,1,2023,Davies,NA,NA,-18.83163711,147.6527145,GPS EcoRRAP sites,6,8,5.7,OCDA_FR2S_P3,OCDA_FR2S_P3
1739,ECO03,Porites massive,Pmas,5,1,2023,Davies,NA,NA,-18.83163711,147.6527145,GPS EcoRRAP sites,6,8,5.7,OCDA_FR2S_P3,OCDA_FR2S_P3
1740,ECO03,Porites massive,Pmas,5,1,2023,Davies,NA,NA,-18.83163711,147.6527145,GPS EcoRRAP sites,6,8,5.7,OCDA_FR2S_P3,OCDA_FR2S_P3
1741,ECO03,Porites massive,Pmas,5,1,2023,Davies,NA,NA,-18.83163711,147.6527145,GPS EcoRRAP sites,6,8,5.7,OCDA_FR2S_P3,OCDA_FR2S_P3
1742,ECO03,Pachyseris speciosa,Pspe,7,1,2023,Davies,NA,NA,-18.81434,147.63719,GPS EcoRRAP sites,6,15,11.7,OCDA_BA2D_P1,OCDA_BA2D_P1
1743,ECO03,Porites massive,Pmas,7,1,2023,Davies,NA,NA,-18.81434,147.63719,GPS EcoRRAP sites,6,15,11.7,OCDA_BA2D_P1,OCDA_BA2D_P1
1744,ECO03,Porites massive,Pmas,7,1,2023,Davies,NA,NA,-18.8143,147.637125,GPS EcoRRAP sites,6,15,11.3,OCDA_BA2D_P2,OCDA_BA2D_P2
1745,ECO03,Porites massive,Pmas,7,1,2023,Davies,NA,NA,-18.814315,147.6369,GPS EcoRRAP sites,6,15,11.5,OCDA_BA2D_P3,OCDA_BA2D_P3
1746,ECO03,Pachyseris speciosa,Pspe,7,1,2023,Davies,NA,NA,-18.814315,147.6369,GPS EcoRRAP sites,6,15,11.5,OCDA_BA2D_P3,OCDA_BA2D_P3
1747,ECO03,Porites massive,Pmas,7,1,2023,Davies,NA,NA,-18.814315,147.6369,GPS EcoRRAP sites,6,15,11.5,OCDA_BA2D_P3,OCDA_BA2D_P3
1748,ECO03,Porites massive,Pmas,7,1,2023,Davies,NA,NA,-18.814315,147.6369,GPS EcoRRAP sites,6,15,11.5,OCDA_BA2D_P3,OCDA_BA2D_P3
1749,ECO03,Seriatopora hystrix,Shys,7,1,2023,Davies,NA,NA,-18.814315,147.6369,GPS EcoRRAP sites,6,15,11.5,OCDA_BA2D_P3,OCDA_BA2D_P3
1750,ECO03,Pachyseris speciosa,Pspe,7,1,2023,Davies,NA,NA,-18.814355,147.636785,GPS EcoRRAP sites,6,15,11,OCDA_BA2D_P4,OCDA_BA2D_P4
1751,ECO03,Porites massive,Pmas,7,1,2023,Davies,NA,NA,-18.814355,147.636785,GPS EcoRRAP sites,6,15,11,OCDA_BA2D_P4,OCDA_BA2D_P4
1752,ECO03,Pachyseris speciosa,Pspe,7,1,2023,Davies,NA,NA,-18.814355,147.636785,GPS EcoRRAP sites,6,15,11,OCDA_BA2D_P4,OCDA_BA2D_P4
1753,ECO03,Porites massive,Pmas,7,1,2023,Davies,NA,NA,-18.814355,147.636785,GPS EcoRRAP sites,6,15,11,OCDA_BA2D_P4,OCDA_BA2D_P4
1754,ECO03,Porites massive,Pmas,7,1,2023,Davies,NA,NA,-18.81434,147.63719,GPS EcoRRAP sites,6,15,11.7,OCDA_BA2D_P1,OCDA_BA2D_P1
1755,ECO03,Porites massive,Pmas,7,1,2023,Davies,NA,NA,-18.8143,147.637125,GPS EcoRRAP sites,6,15,11.3,OCDA_BA2D_P2,OCDA_BA2D_P2
1756,ECO03,Porites massive,Pmas,7,1,2023,Davies,NA,NA,-18.81434,147.63719,GPS EcoRRAP sites,6,15,11.7,OCDA_BA2D_P1,OCDA_BA2D_P1
1757,ECO03,Pachyseris speciosa,Pspe,7,1,2023,Davies,NA,NA,-18.81434,147.63719,GPS EcoRRAP sites,6,15,11.7,OCDA_BA2D_P1,OCDA_BA2D_P1
1758,ECO03,Porites massive,Pmas,7,1,2023,Davies,NA,NA,-18.8143,147.637125,GPS EcoRRAP sites,6,15,11.3,OCDA_BA2D_P2,OCDA_BA2D_P2
1759,ECO03,Porites massive,Pmas,7,1,2023,Davies,NA,NA,-18.81449451,147.637185,GPS EcoRRAP sites,6,Aug-23,3.2,OCDA_BA2S_P1,OCDA_BA2S_P1
1760,ECO03,Seriatopora hystrix,Shys,7,1,2023,Davies,NA,NA,-18.81449451,147.637185,GPS EcoRRAP sites,6,Aug-23,3.2,OCDA_BA2S_P1,OCDA_BA2S_P1
1761,ECO03,Porites massive,Pmas,7,1,2023,Davies,NA,NA,-18.81449451,147.637185,GPS EcoRRAP sites,6,Aug-23,3.2,OCDA_BA2S_P1,OCDA_BA2S_P1
1762,ECO03,Seriatopora hystrix,Shys,7,1,2023,Davies,NA,NA,-18.81449451,147.637185,GPS EcoRRAP sites,6,Aug-23,3.2,OCDA_BA2S_P1,OCDA_BA2S_P1
1763,ECO03,Porites massive,Pmas,7,1,2023,Davies,NA,NA,-18.81445,147.63709,GPS EcoRRAP sites,6,Aug-23,2.7,OCDA_BA2S_P2,OCDA_BA2S_P2
1764,ECO03,Porites massive,Pmas,7,1,2023,Davies,NA,NA,-18.81441,147.63697,GPS EcoRRAP sites,6,Aug-23,4,OCDA_BA2S_P3,OCDA_BA2S_P3
1765,ECO03,Porites massive,Pmas,7,1,2023,Davies,NA,NA,-18.81441,147.63697,GPS EcoRRAP sites,6,Aug-23,4,OCDA_BA2S_P3,OCDA_BA2S_P3
1766,ECO03,Seriatopora hystrix,Shys,7,1,2023,Davies,NA,NA,-18.81441,147.63697,GPS EcoRRAP sites,6,Aug-23,4,OCDA_BA2S_P3,OCDA_BA2S_P3
1767,ECO03,Porites massive,Pmas,7,1,2023,Davies,NA,NA,-18.81441,147.63697,GPS EcoRRAP sites,6,Aug-23,4,OCDA_BA2S_P3,OCDA_BA2S_P3
1768,ECO03,Porites massive,Pmas,7,1,2023,Davies,NA,NA,-18.81448,147.6372,GPS EcoRRAP sites,60,Aug-23,3.3,OCDA_BA2S,OCDA_BA2S
1769,ECO03,Porites massive,Pmas,7,1,2023,Davies,NA,NA,-18.81441,147.63697,GPS EcoRRAP sites,6,Aug-23,4,OCDA_BA2S_P3,OCDA_BA2S_P3
1770,ECO03,Seriatopora hystrix,Shys,7,1,2023,Davies,NA,NA,-18.81441,147.63697,GPS EcoRRAP sites,6,Aug-23,4,OCDA_BA2S_P3,OCDA_BA2S_P3
1771,ECO03,Seriatopora hystrix,Shys,7,1,2023,Davies,NA,NA,-18.81448,147.6372,GPS EcoRRAP sites,60,Aug-23,3.3,OCDA_BA2S,OCDA_BA2S
1772,ECO03,Porites massive,Pmas,7,1,2023,Davies,NA,NA,-18.81448,147.6372,GPS EcoRRAP sites,60,Aug-23,3.3,OCDA_BA2S,OCDA_BA2S
1773,ECO03,Porites massive,Pmas,7,1,2023,Davies,NA,NA,-18.81441,147.63697,GPS EcoRRAP sites,6,Aug-23,4,OCDA_BA2S_P3,OCDA_BA2S_P3
1774,ECO03,Seriatopora hystrix,Shys,7,1,2023,Davies,NA,NA,-18.81441,147.63697,GPS EcoRRAP sites,6,Aug-23,4,OCDA_BA2S_P3,OCDA_BA2S_P3
1775,ECO03,Pachyseris speciosa,Pspe,7,1,2023,Davies,NA,NA,-18.81448,147.6372,GPS EcoRRAP sites,60,Aug-23,3.3,OCDA_BA2S,OCDA_BA2S
1776,ECO03,Pachyseris speciosa,Pspe,7,1,2023,Davies,NA,NA,-18.81448,147.6372,GPS EcoRRAP sites,60,Aug-23,3.3,OCDA_BA2S,OCDA_BA2S
1777,ECO03,Porites massive,Pmas,7,1,2023,Davies,NA,NA,-18.81448,147.6372,GPS EcoRRAP sites,60,Aug-23,3.3,OCDA_BA2S,OCDA_BA2S
1778,ECO03,Porites massive,Pmas,7,1,2023,Davies,NA,NA,-18.814435,147.636895,GPS EcoRRAP sites,6,Aug-23,3.5,OCDA_BA2S_P4,OCDA_BA2S_P4
1779,ECO03,Pachyseris speciosa,Pspe,7,1,2023,Davies,NA,NA,-18.81448,147.6372,GPS EcoRRAP sites,60,Aug-23,3.3,OCDA_BA2S,OCDA_BA2S
1780,ECO03,Porites massive,Pmas,7,1,2023,Davies,NA,NA,-18.814435,147.636895,GPS EcoRRAP sites,6,Aug-23,3.5,OCDA_BA2S_P4,OCDA_BA2S_P4
1781,ECO03,Porites massive,Pmas,7,1,2023,Davies,NA,NA,-18.81448,147.6372,GPS EcoRRAP sites,60,Aug-23,3.3,OCDA_BA2S,OCDA_BA2S
1782,ECO03,Porites massive,Pmas,7,1,2023,Davies,NA,NA,-18.81448,147.6372,GPS EcoRRAP sites,60,Aug-23,3.3,OCDA_BA2S,OCDA_BA2S
1783,ECO03,Seriatopora hystrix,Shys,7,1,2023,Davies,NA,NA,-18.81448,147.6372,GPS EcoRRAP sites,60,Aug-23,3.3,OCDA_BA2S,OCDA_BA2S
1784,ECO03,Seriatopora hystrix,Shys,8,1,2023,Davies,NA,NA,-18.805915,147.668855,GPS EcoRRAP sites,6,Nov-16,11.9,OCDA_FL1D_P1,OCDA_FL1D_P1
1785,ECO03,Porites massive,Pmas,8,1,2023,Davies,NA,NA,-18.805915,147.668855,GPS EcoRRAP sites,6,Nov-16,11.9,OCDA_FL1D_P1,OCDA_FL1D_P1
1786,ECO03,Seriatopora hystrix,Shys,8,1,2023,Davies,NA,NA,-18.80582,147.668845,GPS EcoRRAP sites,6,Nov-16,12.2,OCDA_FL1D_P2,OCDA_FL1D_P2
1787,ECO03,Porites massive,Pmas,8,1,2023,Davies,NA,NA,-18.805595,147.66861,GPS EcoRRAP sites,6,Nov-16,11.5,OCDA_FL1D_P4,OCDA_FL1D_P4
1788,ECO03,Pachyseris speciosa,Pspe,8,1,2023,Davies,NA,NA,-18.80582,147.668845,GPS EcoRRAP sites,6,Nov-16,12.2,OCDA_FL1D_P2,OCDA_FL1D_P2
1789,ECO03,Porites massive,Pmas,8,1,2023,Davies,NA,NA,-18.80582,147.668845,GPS EcoRRAP sites,6,Nov-16,12.2,OCDA_FL1D_P2,OCDA_FL1D_P2
1790,ECO03,Porites massive,Pmas,8,1,2023,Davies,NA,NA,-18.80582,147.668845,GPS EcoRRAP sites,6,Nov-16,12.2,OCDA_FL1D_P2,OCDA_FL1D_P2
1791,ECO03,Porites massive,Pmas,8,1,2023,Davies,NA,NA,-18.805735,147.66876,GPS EcoRRAP sites,6,Nov-16,12.4,OCDA_FL1D_P3,OCDA_FL1D_P3
1792,ECO03,Porites massive,Pmas,8,1,2023,Davies,NA,NA,-18.805735,147.66876,GPS EcoRRAP sites,6,Nov-16,12.4,OCDA_FL1D_P3,OCDA_FL1D_P3
1793,ECO03,Seriatopora hystrix,Shys,8,1,2023,Davies,NA,NA,-18.805735,147.66876,GPS EcoRRAP sites,6,Nov-16,12.4,OCDA_FL1D_P3,OCDA_FL1D_P3
1794,ECO03,Porites massive,Pmas,8,1,2023,Davies,NA,NA,-18.805735,147.66876,GPS EcoRRAP sites,6,Nov-16,12.4,OCDA_FL1D_P3,OCDA_FL1D_P3
1795,ECO03,Seriatopora hystrix,Shys,8,1,2023,Davies,NA,NA,-18.805595,147.66861,GPS EcoRRAP sites,6,Nov-16,11.5,OCDA_FL1D_P4,OCDA_FL1D_P4
1796,ECO03,Porites massive,Pmas,8,1,2023,Davies,NA,NA,-18.805595,147.66861,GPS EcoRRAP sites,6,Nov-16,11.5,OCDA_FL1D_P4,OCDA_FL1D_P4
1797,ECO03,Porites massive,Pmas,8,1,2023,Davies,NA,NA,-18.805595,147.66861,GPS EcoRRAP sites,6,Nov-16,11.5,OCDA_FL1D_P4,OCDA_FL1D_P4
1798,ECO03,Porites massive,Pmas,8,1,2023,Davies,NA,NA,-18.805915,147.668855,GPS EcoRRAP sites,6,Nov-16,11.9,OCDA_FL1D_P1,OCDA_FL1D_P1
1799,ECO03,Porites massive,Pmas,8,1,2023,Davies,NA,NA,-18.80582,147.668845,GPS EcoRRAP sites,6,Nov-16,12.2,OCDA_FL1D_P2,OCDA_FL1D_P2
1800,ECO03,Seriatopora hystrix,Shys,8,1,2023,Davies,NA,NA,-18.805915,147.668855,GPS EcoRRAP sites,6,5-Aug,11.9,OCDA_FL1D_P1,OCDA_FL1D_P1
1801,ECO03,Seriatopora hystrix,Shys,8,1,2023,Davies,NA,NA,-18.805915,147.668855,GPS EcoRRAP sites,6,5-Aug,11.9,OCDA_FL1D_P1,OCDA_FL1D_P1
1802,ECO03,Seriatopora hystrix,Shys,8,1,2023,Davies,NA,NA,-18.805915,147.668855,GPS EcoRRAP sites,6,5-Aug,11.9,OCDA_FL1D_P1,OCDA_FL1D_P1
1803,ECO03,Porites massive,Pmas,8,1,2023,Davies,NA,NA,-18.805915,147.668855,GPS EcoRRAP sites,6,5-Aug,11.9,OCDA_FL1D_P1,OCDA_FL1D_P1
1804,ECO03,Seriatopora hystrix,Shys,8,1,2023,Davies,NA,NA,-18.80573,147.66856,GPS EcoRRAP sites,6,5-Aug,5.4,OCDA_FL1S_P2,OCDA_FL1S_P2
1805,ECO03,Porites massive,Pmas,8,1,2023,Davies,NA,NA,-18.80573,147.66856,GPS EcoRRAP sites,6,5-Aug,5.4,OCDA_FL1S_P2,OCDA_FL1S_P2
1806,ECO03,Porites massive,Pmas,8,1,2023,Davies,NA,NA,-18.80573,147.66856,GPS EcoRRAP sites,6,5-Aug,5.4,OCDA_FL1S_P2,OCDA_FL1S_P2
1807,ECO03,Seriatopora hystrix,Shys,8,1,2023,Davies,NA,NA,-18.80573,147.66856,GPS EcoRRAP sites,6,5-Aug,5.4,OCDA_FL1S_P2,OCDA_FL1S_P2
1808,ECO03,Seriatopora hystrix,Shys,8,1,2023,Davies,NA,NA,-18.80573,147.66856,GPS EcoRRAP sites,6,5-Aug,5.4,OCDA_FL1S_P2,OCDA_FL1S_P2
1809,ECO03,Porites massive,Pmas,8,1,2023,Davies,NA,NA,-18.80573,147.66856,GPS EcoRRAP sites,6,5-Aug,5.4,OCDA_FL1S_P2,OCDA_FL1S_P2
1810,ECO03,Seriatopora hystrix,Shys,8,1,2023,Davies,NA,NA,-18.80573,147.66856,GPS EcoRRAP sites,6,5-Aug,5.4,OCDA_FL1S_P2,OCDA_FL1S_P2
1811,ECO03,Seriatopora hystrix,Shys,8,1,2023,Davies,NA,NA,-18.80573,147.66856,GPS EcoRRAP sites,6,5-Aug,5.4,OCDA_FL1S_P2,OCDA_FL1S_P2
1812,ECO03,Seriatopora hystrix,Shys,8,1,2023,Davies,NA,NA,-18.80563,147.66845,GPS EcoRRAP sites,6,5-Aug,4.8,OCDA_FL1S_P3,OCDA_FL1S_P3
1813,ECO03,Seriatopora hystrix,Shys,8,1,2023,Davies,NA,NA,-18.80563,147.66845,GPS EcoRRAP sites,6,5-Aug,4.8,OCDA_FL1S_P3,OCDA_FL1S_P3
1814,ECO03,Seriatopora hystrix,Shys,8,1,2023,Davies,NA,NA,-18.80563,147.66845,GPS EcoRRAP sites,6,5-Aug,4.8,OCDA_FL1S_P3,OCDA_FL1S_P3
1815,ECO03,Porites massive,Pmas,8,1,2023,Davies,NA,NA,-18.80563,147.66845,GPS EcoRRAP sites,6,5-Aug,4.8,OCDA_FL1S_P3,OCDA_FL1S_P3
1816,ECO03,Seriatopora hystrix,Shys,8,1,2023,Davies,NA,NA,-18.80563,147.66845,GPS EcoRRAP sites,6,5-Aug,4.8,OCDA_FL1S_P3,OCDA_FL1S_P3
1817,ECO03,Porites massive,Pmas,8,1,2023,Davies,NA,NA,-18.80563,147.66845,GPS EcoRRAP sites,6,5-Aug,4.8,OCDA_FL1S_P3,OCDA_FL1S_P3
1818,ECO03,Seriatopora hystrix,Shys,8,1,2023,Davies,NA,NA,-18.805575,147.66835,GPS EcoRRAP sites,6,5-Aug,5.4,OCDA_FL1S_P4,OCDA_FL1S_P4
1819,ECO03,Porites massive,Pmas,8,1,2023,Davies,NA,NA,-18.805575,147.66835,GPS EcoRRAP sites,6,5-Aug,5.4,OCDA_FL1S_P4,OCDA_FL1S_P4
1820,ECO03,Porites massive,Pmas,9,1,2023,Davies,NA,NA,-18.81968177,147.663926,GPS EcoRRAP sites,6,Dec-15,9.8,OCDA_FR1D_P1,OCDA_FR1D_P1
1821,ECO03,Porites massive,Pmas,9,1,2023,Davies,NA,NA,-18.81968177,147.663926,GPS EcoRRAP sites,6,Dec-15,9.8,OCDA_FR1D_P1,OCDA_FR1D_P1
1822,ECO03,Seriatopora hystrix,Shys,9,1,2023,Davies,NA,NA,-18.81968177,147.663926,GPS EcoRRAP sites,6,Dec-15,9.8,OCDA_FR1D_P1,OCDA_FR1D_P1
1823,ECO03,Porites massive,Pmas,9,1,2023,Davies,NA,NA,-18.81968177,147.663926,GPS EcoRRAP sites,6,Dec-15,9.8,OCDA_FR1D_P1,OCDA_FR1D_P1
1824,ECO03,Porites massive,Pmas,9,1,2023,Davies,NA,NA,-18.81968177,147.663926,GPS EcoRRAP sites,6,Dec-15,9.8,OCDA_FR1D_P1,OCDA_FR1D_P1
1825,ECO03,Seriatopora hystrix,Shys,9,1,2023,Davies,NA,NA,-18.819375,147.664025,GPS EcoRRAP sites,6,Dec-15,10.2,OCDA_FR1D_P2,OCDA_FR1D_P2
1826,ECO03,Seriatopora hystrix,Shys,9,1,2023,Davies,NA,NA,-18.81925,147.66413,GPS EcoRRAP sites,6,Dec-15,10,OCDA_FR1D_P3,OCDA_FR1D_P3
1827,ECO03,Porites massive,Pmas,9,1,2023,Davies,NA,NA,-18.81925,147.66413,GPS EcoRRAP sites,6,Dec-15,10,OCDA_FR1D_P3,OCDA_FR1D_P3
1828,ECO03,Porites massive,Pmas,9,1,2023,Davies,NA,NA,-18.81925,147.66413,GPS EcoRRAP sites,6,Dec-15,10,OCDA_FR1D_P3,OCDA_FR1D_P3
1829,ECO03,Seriatopora hystrix,Shys,9,1,2023,Davies,NA,NA,-18.81925,147.66413,GPS EcoRRAP sites,6,Dec-15,10,OCDA_FR1D_P3,OCDA_FR1D_P3
1830,ECO03,Porites massive,Pmas,9,1,2023,Davies,NA,NA,-18.819375,147.664025,GPS EcoRRAP sites,6,Dec-15,10.2,OCDA_FR1D_P2,OCDA_FR1D_P2
1831,ECO03,Seriatopora hystrix,Shys,9,1,2023,Davies,NA,NA,-18.819375,147.664025,GPS EcoRRAP sites,6,Dec-15,10.2,OCDA_FR1D_P2,OCDA_FR1D_P2
1832,ECO03,Porites massive,Pmas,9,1,2023,Davies,NA,NA,-18.819375,147.664025,GPS EcoRRAP sites,6,Dec-15,10.2,OCDA_FR1D_P2,OCDA_FR1D_P2
1833,ECO03,Porites massive,Pmas,9,1,2023,Davies,NA,NA,-18.819375,147.664025,GPS EcoRRAP sites,6,Dec-15,10.2,OCDA_FR1D_P2,OCDA_FR1D_P2
1834,ECO03,Porites massive,Pmas,9,1,2023,Davies,NA,NA,-18.81925,147.66413,GPS EcoRRAP sites,6,Dec-15,10,OCDA_FR1D_P3,OCDA_FR1D_P3
1835,ECO03,Porites massive,Pmas,9,1,2023,Davies,NA,NA,-18.819265,147.66417,GPS EcoRRAP sites,6,Dec-15,9.6,OCDA_FR1D_P4,OCDA_FR1D_P4
1836,ECO03,Seriatopora hystrix,Shys,9,1,2023,Davies,NA,NA,-18.819265,147.66417,GPS EcoRRAP sites,6,Dec-15,9.6,OCDA_FR1D_P4,OCDA_FR1D_P4
1837,ECO03,Seriatopora hystrix,Shys,9,1,2023,Davies,NA,NA,-18.8192,147.66391,GPS EcoRRAP sites,NA,5-Aug,4.9,OCDA_FR1S_P5,OCDA_FR1S_P5
1838,ECO03,Porites massive,Pmas,9,1,2023,Davies,NA,NA,-18.8192,147.66391,GPS EcoRRAP sites,NA,5-Aug,4.9,OCDA_FR1S_P5,OCDA_FR1S_P5
1839,ECO03,Porites massive,Pmas,9,1,2023,Davies,NA,NA,-18.8192,147.66391,GPS EcoRRAP sites,NA,5-Aug,4.9,OCDA_FR1S_P5,OCDA_FR1S_P5
1840,ECO03,Porites massive,Pmas,9,1,2023,Davies,NA,NA,-18.81938248,147.663904,GPS EcoRRAP sites,6,5-Aug,5.2,OCDA_FR1S_P3,OCDA_FR1S_P3
1841,ECO03,Seriatopora hystrix,Shys,9,1,2023,Davies,NA,NA,-18.8192,147.66391,GPS EcoRRAP sites,60,5-Aug,4.9,OCDA_FR1S,OCDA_FR1S
1842,ECO03,Porites massive,Pmas,9,1,2023,Davies,NA,NA,-18.81938248,147.663904,GPS EcoRRAP sites,6,5-Aug,5.2,OCDA_FR1S_P3,OCDA_FR1S_P3
1843,ECO03,Porites massive,Pmas,9,1,2023,Davies,NA,NA,-18.8194875,147.663784,GPS EcoRRAP sites,6,5-Aug,5.5,OCDA_FR1S_P2,OCDA_FR1S_P2
1844,ECO03,Seriatopora hystrix,Shys,9,1,2023,Davies,NA,NA,-18.8194875,147.663784,GPS EcoRRAP sites,6,5-Aug,5.5,OCDA_FR1S_P2,OCDA_FR1S_P2
1845,ECO03,Porites massive,Pmas,9,1,2023,Davies,NA,NA,-18.8194875,147.663784,GPS EcoRRAP sites,6,5-Aug,5.5,OCDA_FR1S_P2,OCDA_FR1S_P2
1846,ECO03,Porites massive,Pmas,9,1,2023,Davies,NA,NA,-18.81961901,147.6637135,GPS EcoRRAP sites,6,5-Aug,4.9,OCDA_FR1S_P1,OCDA_FR1S_P1
1847,ECO03,Porites massive,Pmas,9,1,2023,Davies,NA,NA,-18.8194875,147.663784,GPS EcoRRAP sites,6,5-Aug,5.5,OCDA_FR1S_P2,OCDA_FR1S_P2
1848,ECO03,Porites massive,Pmas,9,1,2023,Davies,NA,NA,-18.8194875,147.663784,GPS EcoRRAP sites,6,5-Aug,5.5,OCDA_FR1S_P2,OCDA_FR1S_P2
1849,ECO03,Seriatopora hystrix,Shys,9,1,2023,Davies,NA,NA,-18.81961901,147.6637135,GPS EcoRRAP sites,6,5-Aug,4.9,OCDA_FR1S_P1,OCDA_FR1S_P1
1850,ECO03,Porites massive,Pmas,9,1,2023,Davies,NA,NA,-18.81961901,147.6637135,GPS EcoRRAP sites,6,5-Aug,4.9,OCDA_FR1S_P1,OCDA_FR1S_P1
1851,ECO03,Seriatopora hystrix,Shys,9,1,2023,Davies,NA,NA,-18.81961901,147.6637135,GPS EcoRRAP sites,6,5-Aug,4.9,OCDA_FR1S_P1,OCDA_FR1S_P1
1852,ECO03,Seriatopora hystrix,Shys,9,1,2023,Davies,NA,NA,-18.8194875,147.663784,GPS EcoRRAP sites,6,5-Aug,5.5,OCDA_FR1S_P2,OCDA_FR1S_P2
1853,ECO03,Porites massive,Pmas,9,1,2023,Davies,NA,NA,-18.81961901,147.6637135,GPS EcoRRAP sites,6,5-Aug,4.9,OCDA_FR1S_P1,OCDA_FR1S_P1
1854,ECO03,Seriatopora hystrix,Shys,9,1,2023,Davies,NA,NA,-18.81938248,147.663904,GPS EcoRRAP sites,6,5-Aug,5.2,OCDA_FR1S_P3,OCDA_FR1S_P3
1855,ECO03,Seriatopora hystrix,Shys,9,1,2023,Davies,NA,NA,-18.81929652,147.6639395,GPS EcoRRAP sites,6,5-Aug,4.2,OCDA_FR1S_P4,OCDA_FR1S_P4
1856,ECO03,Seriatopora hystrix,Shys,9,1,2023,Davies,NA,NA,-18.8193395,147.6639218,GPS EcoRRAP sites,10,5-Aug,4.7,OCDA_FR1S_P34,OCDA_FR1S_P34
1857,ECO03,Porites massive,Pmas,9,1,2023,Davies,NA,NA,-18.81929652,147.6639395,GPS EcoRRAP sites,6,5-Aug,4.2,OCDA_FR1S_P4,OCDA_FR1S_P4
1858,ECO03,Seriatopora hystrix,Shys,9,1,2023,Davies,NA,NA,-18.8193395,147.6639218,GPS EcoRRAP sites,10,5-Aug,4.7,OCDA_FR1S_P34,OCDA_FR1S_P34
1859,ECO03,Porites massive,Pmas,9,1,2023,Davies,NA,NA,-18.8193395,147.6639218,GPS EcoRRAP sites,10,5-Aug,4.7,OCDA_FR1S_P34,OCDA_FR1S_P34
1860,ECO03,Porites massive,Pmas,9,1,2023,Davies,NA,NA,-18.81929652,147.6639395,GPS EcoRRAP sites,6,5-Aug,4.2,OCDA_FR1S_P4,OCDA_FR1S_P4
1861,ECO03,Seriatopora hystrix,Shys,9,1,2023,Davies,NA,NA,-18.81938248,147.663904,GPS EcoRRAP sites,6,5-Aug,5.2,OCDA_FR1S_P3,OCDA_FR1S_P3
1862,ECO03,Porites massive,Pmas,9,1,2023,Davies,NA,NA,-18.81929652,147.6639395,GPS EcoRRAP sites,6,5-Aug,4.2,OCDA_FR1S_P4,OCDA_FR1S_P4
1863,ECO03,Porites massive,Pmas,9,1,2023,Davies,NA,NA,-18.81929652,147.6639395,GPS EcoRRAP sites,6,5-Aug,4.2,OCDA_FR1S_P4,OCDA_FR1S_P4
1864,ECO03,Porites massive,Pmas,10,1,2023,Chicken,NA,NA,-18.653038,147.7086435,GPS EcoRRAP sites,6,5-Aug,5.8,OCCH_BA1S_P1,OCCH_BA1S_P1
1865,ECO03,Porites massive,Pmas,10,1,2023,Chicken,NA,NA,-18.653038,147.7086435,GPS EcoRRAP sites,6,5-Aug,5.8,OCCH_BA1S_P1,OCCH_BA1S_P1
1866,ECO03,Porites massive,Pmas,10,1,2023,Chicken,NA,NA,-18.653038,147.7086435,GPS EcoRRAP sites,6,5-Aug,5.8,OCCH_BA1S_P1,OCCH_BA1S_P1
1867,ECO03,Porites massive,Pmas,10,1,2023,Chicken,NA,NA,-18.6531735,147.7085495,GPS EcoRRAP sites,6,5-Aug,5.1,OCCH_BA1S_P2,OCCH_BA1S_P2
1868,ECO03,Porites massive,Pmas,10,1,2023,Chicken,NA,NA,-18.6531735,147.7085495,GPS EcoRRAP sites,6,5-Aug,5.1,OCCH_BA1S_P2,OCCH_BA1S_P2
1869,ECO03,Porites massive,Pmas,10,1,2023,Chicken,NA,NA,-18.6531735,147.7085495,GPS EcoRRAP sites,6,5-Aug,5.1,OCCH_BA1S_P2,OCCH_BA1S_P2
1870,ECO03,Porites massive,Pmas,10,1,2023,Chicken,NA,NA,-18.6531735,147.7085495,GPS EcoRRAP sites,6,5-Aug,5.1,OCCH_BA1S_P2,OCCH_BA1S_P2
1871,ECO03,Porites massive,Pmas,10,1,2023,Chicken,NA,NA,-18.653342,147.708605,GPS EcoRRAP sites,6,5-Aug,5.1,OCCH_BA1S_P3,OCCH_BA1S_P3
1872,ECO03,Porites massive,Pmas,10,1,2023,Chicken,NA,NA,-18.653342,147.708605,GPS EcoRRAP sites,6,5-Aug,5.1,OCCH_BA1S_P3,OCCH_BA1S_P3
1873,ECO03,Porites massive,Pmas,10,1,2023,Chicken,NA,NA,-18.653342,147.708605,GPS EcoRRAP sites,6,5-Aug,5.1,OCCH_BA1S_P3,OCCH_BA1S_P3
1874,ECO03,Porites massive,Pmas,10,1,2023,Chicken,NA,NA,-18.653342,147.708605,GPS EcoRRAP sites,6,5-Aug,5.1,OCCH_BA1S_P3,OCCH_BA1S_P3
1875,ECO03,Porites massive,Pmas,10,1,2023,Chicken,NA,NA,-18.653342,147.708605,GPS EcoRRAP sites,6,5-Aug,5.1,OCCH_BA1S_P3,OCCH_BA1S_P3
1876,ECO03,Porites massive,Pmas,10,1,2023,Chicken,NA,NA,-18.653383,147.7084325,GPS EcoRRAP sites,6,5-Aug,4.8,OCCH_BA1S_P4,OCCH_BA1S_P4
1877,ECO03,Porites massive,Pmas,10,1,2023,Chicken,NA,NA,-18.653383,147.7084325,GPS EcoRRAP sites,6,5-Aug,4.8,OCCH_BA1S_P4,OCCH_BA1S_P4
1878,ECO03,Porites massive,Pmas,10,1,2023,Chicken,NA,NA,-18.653383,147.7084325,GPS EcoRRAP sites,6,5-Aug,4.8,OCCH_BA1S_P4,OCCH_BA1S_P4
1879,ECO03,Porites massive,Pmas,10,1,2023,Chicken,NA,NA,-18.653383,147.7084325,GPS EcoRRAP sites,6,5-Aug,4.8,OCCH_BA1S_P4,OCCH_BA1S_P4
1880,ECO03,Porites massive,Pmas,10,1,2023,Chicken,NA,NA,-18.653383,147.7084325,GPS EcoRRAP sites,6,5-Aug,4.8,OCCH_BA1S_P4,OCCH_BA1S_P4
1881,ECO03,Porites massive,Pmas,10,1,2023,Chicken,NA,NA,-18.653383,147.7084325,GPS EcoRRAP sites,6,5-Aug,4.8,OCCH_BA1S_P4,OCCH_BA1S_P4
1882,ECO03,Porites massive,Pmas,10,1,2023,Chicken,NA,NA,-18.653383,147.7084325,GPS EcoRRAP sites,6,5-Aug,4.8,OCCH_BA1S_P4,OCCH_BA1S_P4
1883,ECO03,Porites massive,Pmas,10,1,2023,Chicken,NA,NA,-18.6531735,147.7085495,GPS EcoRRAP sites,6,5-Aug,5.1,OCCH_BA1S_P2,OCCH_BA1S_P2
1884,ECO03,Porites massive,Pmas,10,1,2023,Chicken,NA,NA,-18.652094,147.7186785,GPS EcoRRAP sites,6,5-Aug,5.6,OCCH_FL1S_P1,OCCH_FL1S_P1
1885,ECO03,Porites massive,Pmas,10,1,2023,Chicken,NA,NA,-18.652094,147.7186785,GPS EcoRRAP sites,6,5-Aug,5.6,OCCH_FL1S_P1,OCCH_FL1S_P1
1886,ECO03,Porites massive,Pmas,10,1,2023,Chicken,NA,NA,-18.652094,147.7186785,GPS EcoRRAP sites,6,5-Aug,5.6,OCCH_FL1S_P1,OCCH_FL1S_P1
1887,ECO03,Porites massive,Pmas,10,1,2023,Chicken,NA,NA,-18.652094,147.7186785,GPS EcoRRAP sites,6,5-Aug,5.6,OCCH_FL1S_P1,OCCH_FL1S_P1
1888,ECO03,Porites massive,Pmas,10,1,2023,Chicken,NA,NA,-18.65208652,147.718515,GPS EcoRRAP sites,6,5-Aug,5,OCCH_FL1S_P2,OCCH_FL1S_P2
1889,ECO03,Porites massive,Pmas,10,1,2023,Chicken,NA,NA,-18.65208652,147.718515,GPS EcoRRAP sites,6,5-Aug,5,OCCH_FL1S_P2,OCCH_FL1S_P2
1890,ECO03,Porites massive,Pmas,10,1,2023,Chicken,NA,NA,-18.6522605,147.7183575,GPS EcoRRAP sites,6,5-Aug,6.4,OCCH_FL1S_P3,OCCH_FL1S_P3
1891,ECO03,Porites massive,Pmas,10,1,2023,Chicken,NA,NA,-18.6522605,147.7183575,GPS EcoRRAP sites,6,5-Aug,6.4,OCCH_FL1S_P3,OCCH_FL1S_P3
1892,ECO03,Porites massive,Pmas,10,1,2023,Chicken,NA,NA,-18.6522605,147.7183575,GPS EcoRRAP sites,6,5-Aug,6.4,OCCH_FL1S_P3,OCCH_FL1S_P3
1893,ECO03,Porites massive,Pmas,10,1,2023,Chicken,NA,NA,-18.6522605,147.7183575,GPS EcoRRAP sites,6,5-Aug,6.4,OCCH_FL1S_P3,OCCH_FL1S_P3
1894,ECO03,Porites massive,Pmas,10,1,2023,Chicken,NA,NA,-18.6522605,147.7183575,GPS EcoRRAP sites,6,5-Aug,6.4,OCCH_FL1S_P3,OCCH_FL1S_P3
1895,ECO03,Porites massive,Pmas,10,1,2023,Chicken,NA,NA,-18.6522605,147.7183575,GPS EcoRRAP sites,6,5-Aug,6.4,OCCH_FL1S_P3,OCCH_FL1S_P3
1896,ECO03,Porites massive,Pmas,10,1,2023,Chicken,NA,NA,-18.652288,147.718228,GPS EcoRRAP sites,6,5-Aug,5.7,OCCH_FL1S_P4,OCCH_FL1S_P4
1897,ECO03,Porites massive,Pmas,10,1,2023,Chicken,NA,NA,-18.652288,147.718228,GPS EcoRRAP sites,6,5-Aug,5.7,OCCH_FL1S_P4,OCCH_FL1S_P4
1898,ECO03,Porites massive,Pmas,10,1,2023,Chicken,NA,NA,-18.652288,147.718228,GPS EcoRRAP sites,6,5-Aug,5.7,OCCH_FL1S_P4,OCCH_FL1S_P4
1899,ECO03,Porites massive,Pmas,10,1,2023,Chicken,NA,NA,-18.652288,147.718228,GPS EcoRRAP sites,6,5-Aug,5.7,OCCH_FL1S_P4,OCCH_FL1S_P4
1900,ECO03,Porites massive,Pmas,10,1,2023,Chicken,NA,NA,-18.66017252,147.702942,GPS EcoRRAP sites,6,5-Aug,4.3,OCCH_BA2S_P1,OCCH_BA2S_P1
1901,ECO03,Porites massive,Pmas,10,1,2023,Chicken,NA,NA,-18.66017252,147.702942,GPS EcoRRAP sites,6,5-Aug,4.3,OCCH_BA2S_P1,OCCH_BA2S_P1
1902,ECO03,Porites massive,Pmas,10,1,2023,Chicken,NA,NA,-18.66017252,147.702942,GPS EcoRRAP sites,6,5-Aug,4.3,OCCH_BA2S_P1,OCCH_BA2S_P1
1903,ECO03,Porites massive,Pmas,10,1,2023,Chicken,NA,NA,-18.66027,147.70274,GPS EcoRRAP sites,10,5-Aug,4.6,OCCH_BA2S_P2,OCCH_BA2S_P2
1904,ECO03,Porites massive,Pmas,10,1,2023,Chicken,NA,NA,-18.66027,147.70274,GPS EcoRRAP sites,10,5-Aug,4.6,OCCH_BA2S_P2,OCCH_BA2S_P2
1905,ECO03,Porites massive,Pmas,10,1,2023,Chicken,NA,NA,-18.66027,147.70274,GPS EcoRRAP sites,10,5-Aug,4.6,OCCH_BA2S_P2,OCCH_BA2S_P2
1906,ECO03,Porites massive,Pmas,10,1,2023,Chicken,NA,NA,-18.66027,147.70274,GPS EcoRRAP sites,10,5-Aug,4.6,OCCH_BA2S_P2,OCCH_BA2S_P2
1907,ECO03,Porites massive,Pmas,10,1,2023,Chicken,NA,NA,-18.66027,147.70274,GPS EcoRRAP sites,10,5-Aug,4.6,OCCH_BA2S_P2,OCCH_BA2S_P2
1908,ECO03,Porites massive,Pmas,10,1,2023,Chicken,NA,NA,-18.66045,147.70259,GPS EcoRRAP sites,10,5-Aug,4.6,OCCH_BA2S_P3,OCCH_BA2S_P3
1909,ECO03,Porites massive,Pmas,10,1,2023,Chicken,NA,NA,-18.66045,147.70259,GPS EcoRRAP sites,10,5-Aug,4.6,OCCH_BA2S_P3,OCCH_BA2S_P3
1910,ECO03,Porites massive,Pmas,10,1,2023,Chicken,NA,NA,-18.66045,147.70259,GPS EcoRRAP sites,10,5-Aug,4.6,OCCH_BA2S_P3,OCCH_BA2S_P3
1911,ECO03,Seriatopora hystrix,Shys,10,1,2023,Chicken,NA,NA,-18.66045,147.70259,GPS EcoRRAP sites,10,5-Aug,4.6,OCCH_BA2S_P3,OCCH_BA2S_P3
1912,ECO03,Porites massive,Pmas,10,1,2023,Chicken,NA,NA,-18.66045,147.70259,GPS EcoRRAP sites,10,5-Aug,4.6,OCCH_BA2S_P3,OCCH_BA2S_P3
1913,ECO03,Porites massive,Pmas,10,1,2023,Chicken,NA,NA,-18.66053299,147.7024005,GPS EcoRRAP sites,6,5-Aug,4.1,OCCH_BA2S_P4,OCCH_BA2S_P4
1914,ECO03,Porites massive,Pmas,10,1,2023,Chicken,NA,NA,-18.66053299,147.7024005,GPS EcoRRAP sites,6,5-Aug,4.1,OCCH_BA2S_P4,OCCH_BA2S_P4
1915,ECO03,Porites massive,Pmas,10,1,2023,Chicken,NA,NA,-18.66053299,147.7024005,GPS EcoRRAP sites,6,5-Aug,4.1,OCCH_BA2S_P4,OCCH_BA2S_P4
1916,ECO03,Porites massive,Pmas,10,1,2023,Chicken,NA,NA,-18.66053299,147.7024005,GPS EcoRRAP sites,6,5-Aug,4.1,OCCH_BA2S_P4,OCCH_BA2S_P4
1917,ECO03,Porites massive,Pmas,10,1,2023,Chicken,NA,NA,-18.66045,147.70259,GPS EcoRRAP sites,10,5-Aug,4.6,OCCH_BA2S_P3,OCCH_BA2S_P3
1918,ECO03,Porites massive,Pmas,11,1,2023,Davies,NA,NA,-18.825645,147.62737,GPS EcoRRAP sites,6,Nov-15,11.5,OCDA_BA1D_P4,OCDA_BA1D_P4
1919,ECO03,Porites massive,Pmas,11,1,2023,Davies,NA,NA,-18.82578,147.627365,GPS EcoRRAP sites,6,Nov-15,11.7,OCDA_BA1D_P3,OCDA_BA1D_P3
1920,ECO03,Porites massive,Pmas,11,1,2023,Davies,NA,NA,-18.82595,147.627325,GPS EcoRRAP sites,6,Nov-15,11,OCDA_BA1D_P1,OCDA_BA1D_P1
1921,ECO03,Porites massive,Pmas,11,1,2023,Davies,NA,NA,-18.82578,147.627365,GPS EcoRRAP sites,6,Nov-15,11.7,OCDA_BA1D_P3,OCDA_BA1D_P3
1922,ECO03,Pachyseris speciosa,Pspe,11,1,2023,Davies,NA,NA,-18.82578,147.627365,GPS EcoRRAP sites,6,Nov-15,11.7,OCDA_BA1D_P3,OCDA_BA1D_P3
1923,ECO03,Porites massive,Pmas,11,1,2023,Davies,NA,NA,-18.82578,147.627365,GPS EcoRRAP sites,6,Nov-15,11.7,OCDA_BA1D_P3,OCDA_BA1D_P3
1924,ECO03,Porites massive,Pmas,11,1,2023,Davies,NA,NA,-18.82586,147.627375,GPS EcoRRAP sites,6,Nov-15,11.3,OCDA_BA1D_P2,OCDA_BA1D_P2
1925,ECO03,Porites massive,Pmas,11,1,2023,Davies,NA,NA,-18.82595,147.627325,GPS EcoRRAP sites,6,Nov-15,11,OCDA_BA1D_P1,OCDA_BA1D_P1
1926,ECO03,Porites massive,Pmas,11,1,2023,Davies,NA,NA,-18.825645,147.62737,GPS EcoRRAP sites,6,Nov-15,11.5,OCDA_BA1D_P4,OCDA_BA1D_P4
1927,ECO03,Porites massive,Pmas,11,1,2023,Davies,NA,NA,-18.82595,147.627325,GPS EcoRRAP sites,6,Nov-15,11,OCDA_BA1D_P1,OCDA_BA1D_P1
1928,ECO03,Porites massive,Pmas,11,1,2023,Davies,NA,NA,-18.82595,147.627325,GPS EcoRRAP sites,6,Nov-15,11,OCDA_BA1D_P1,OCDA_BA1D_P1
1929,ECO03,Porites massive,Pmas,11,1,2023,Davies,NA,NA,-18.82586,147.627375,GPS EcoRRAP sites,6,Nov-15,11.3,OCDA_BA1D_P2,OCDA_BA1D_P2
1930,ECO03,Porites massive,Pmas,11,1,2023,Davies,NA,NA,-18.82586,147.627375,GPS EcoRRAP sites,6,Nov-15,11.3,OCDA_BA1D_P2,OCDA_BA1D_P2
1931,ECO03,Porites massive,Pmas,11,1,2023,Davies,NA,NA,-18.82595,147.627325,GPS EcoRRAP sites,6,Nov-15,11,OCDA_BA1D_P1,OCDA_BA1D_P1
1932,ECO03,Porites massive,Pmas,11,1,2023,Davies,NA,NA,-18.82586,147.627375,GPS EcoRRAP sites,6,Nov-15,11.3,OCDA_BA1D_P2,OCDA_BA1D_P2
1933,ECO03,Porites massive,Pmas,11,1,2023,Davies,NA,NA,-18.82586,147.627375,GPS EcoRRAP sites,6,Nov-15,11.3,OCDA_BA1D_P2,OCDA_BA1D_P2
1934,ECO03,Porites massive,Pmas,11,1,2023,Davies,NA,NA,-18.825645,147.62737,GPS EcoRRAP sites,6,Nov-15,11.5,OCDA_BA1D_P4,OCDA_BA1D_P4
1935,ECO03,Porites massive,Pmas,11,1,2023,Davies,NA,NA,-18.82595,147.627325,GPS EcoRRAP sites,6,Nov-15,11,OCDA_BA1D_P1,OCDA_BA1D_P1
1936,ECO03,Porites massive,Pmas,11,1,2023,Davies,NA,NA,-18.82586,147.627375,GPS EcoRRAP sites,6,Nov-15,11.3,OCDA_BA1D_P2,OCDA_BA1D_P2
1937,ECO03,Pachyseris speciosa,Pspe,11,1,2023,Davies,NA,NA,-18.82578,147.627365,GPS EcoRRAP sites,6,Nov-15,11.7,OCDA_BA1D_P3,OCDA_BA1D_P3
1938,ECO03,Porites massive,Pmas,11,1,2023,Davies,NA,NA,-18.825645,147.62737,GPS EcoRRAP sites,6,Nov-15,11.5,OCDA_BA1D_P4,OCDA_BA1D_P4
1939,ECO03,Porites massive,Pmas,11,1,2023,Davies,NA,NA,-18.8259,147.62727,GPS EcoRRAP sites,60,5-Aug,3.5,OCDA_BA1S_P4,OCDA_BA1S_P4
1940,ECO03,Porites massive,Pmas,11,1,2023,Davies,NA,NA,-18.8259,147.62727,GPS EcoRRAP sites,10,5-Aug,4.4,OCDA_BA1S_P1,OCDA_BA1S_P1
1941,ECO03,Porites massive,Pmas,11,1,2023,Davies,NA,NA,-18.8259,147.62727,GPS EcoRRAP sites,60,5-Aug,3.5,OCDA_BA1S_P4,OCDA_BA1S_P4
1942,ECO03,Porites massive,Pmas,11,1,2023,Davies,NA,NA,-18.8259,147.62727,GPS EcoRRAP sites,30,5-Aug,3.4,OCDA_BA1S_P2,OCDA_BA1S_P2
1943,ECO03,Porites massive,Pmas,11,1,2023,Davies,NA,NA,-18.8259,147.62727,GPS EcoRRAP sites,30,5-Aug,3.4,OCDA_BA1S_P2,OCDA_BA1S_P2
1944,ECO03,Porites massive,Pmas,11,1,2023,Davies,NA,NA,-18.8259,147.62727,GPS EcoRRAP sites,60,5-Aug,3.5,OCDA_BA1S_P4,OCDA_BA1S_P4
1945,ECO03,Porites massive,Pmas,11,1,2023,Davies,NA,NA,-18.8259,147.62727,GPS EcoRRAP sites,10,5-Aug,4.4,OCDA_BA1S_P1,OCDA_BA1S_P1
1946,ECO03,Porites massive,Pmas,11,1,2023,Davies,NA,NA,-18.8259,147.62727,GPS EcoRRAP sites,60,5-Aug,3.5,OCDA_BA1S_P4,OCDA_BA1S_P4
1947,ECO03,Seriatopora hystrix,Shys,11,1,2023,Davies,NA,NA,-18.8259,147.62727,GPS EcoRRAP sites,40,5-Aug,3.35,OCDA_BA1S_P34,OCDA_BA1S_P34
1948,ECO03,Porites massive,Pmas,11,1,2023,Davies,NA,NA,-18.8259,147.62727,GPS EcoRRAP sites,60,5-Aug,3.6,OCDA_BA1S,OCDA_BA1S
1949,ECO03,Porites massive,Pmas,11,1,2023,Davies,NA,NA,-18.8259,147.62727,GPS EcoRRAP sites,60,5-Aug,3.5,OCDA_BA1S_P4,OCDA_BA1S_P4
1950,ECO03,Porites massive,Pmas,11,1,2023,Davies,NA,NA,-18.8259,147.62727,GPS EcoRRAP sites,10,5-Aug,4.4,OCDA_BA1S_P1,OCDA_BA1S_P1
1951,ECO03,Porites massive,Pmas,11,1,2023,Davies,NA,NA,-18.8259,147.62727,GPS EcoRRAP sites,60,5-Aug,3.5,OCDA_BA1S_P4,OCDA_BA1S_P4
1952,ECO03,Porites massive,Pmas,11,1,2023,Davies,NA,NA,-18.8259,147.62727,GPS EcoRRAP sites,30,5-Aug,3.2,OCDA_BA1S_P3,OCDA_BA1S_P3
1953,ECO03,Porites massive,Pmas,11,1,2023,Davies,NA,NA,-18.8259,147.62727,GPS EcoRRAP sites,30,5-Aug,3.2,OCDA_BA1S_P3,OCDA_BA1S_P3
1954,ECO03,Seriatopora hystrix,Shys,11,1,2023,Davies,NA,NA,-18.8259,147.62727,GPS EcoRRAP sites,60,5-Aug,3.5,OCDA_BA1S_P4,OCDA_BA1S_P4
1955,ECO03,Porites massive,Pmas,11,1,2023,Davies,NA,NA,-18.8259,147.62727,GPS EcoRRAP sites,10,5-Aug,4.4,OCDA_BA1S_P1,OCDA_BA1S_P1
1956,ECO03,Porites massive,Pmas,11,1,2023,Davies,NA,NA,-18.8259,147.62727,GPS EcoRRAP sites,30,5-Aug,3.2,OCDA_BA1S_P3,OCDA_BA1S_P3
1957,ECO03,Porites massive,Pmas,11,1,2023,Davies,NA,NA,-18.8259,147.62727,GPS EcoRRAP sites,60,5-Aug,3.5,OCDA_BA1S_P4,OCDA_BA1S_P4
1958,ECO03,Porites massive,Pmas,11,1,2023,Davies,NA,NA,-18.8259,147.62727,GPS EcoRRAP sites,30,5-Aug,3.2,OCDA_BA1S_P3,OCDA_BA1S_P3
1959,ECO03,Porites massive,Pmas,11,1,2023,Davies,NA,NA,-18.8259,147.62727,GPS EcoRRAP sites,10,5-Aug,4.4,OCDA_BA1S_P1,OCDA_BA1S_P1
1960,ECO03,Porites massive,Pmas,11,1,2023,Davies,NA,NA,-18.8259,147.62727,GPS EcoRRAP sites,60,5-Aug,3.5,OCDA_BA1S_P4,OCDA_BA1S_P4
1961,ECO03,Seriatopora hystrix,Shys,11,1,2023,Davies,NA,NA,-18.8259,147.62727,GPS EcoRRAP sites,10,5-Aug,3.3,OCDA_BA1S_P23,OCDA_BA1S_P23
1962,ECO03,Seriatopora hystrix,Shys,11,1,2023,Davies,NA,NA,-18.8259,147.62727,GPS EcoRRAP sites,30,5-Aug,3.2,OCDA_BA1S_P3,OCDA_BA1S_P3
1963,ECO03,Porites massive,Pmas,11,1,2023,Davies,NA,NA,-18.8259,147.62727,GPS EcoRRAP sites,30,5-Aug,3.4,OCDA_BA1S_P2,OCDA_BA1S_P2
1964,ECO03,Seriatopora hystrix,Shys,11,1,2023,Davies,NA,NA,-18.8259,147.62727,GPS EcoRRAP sites,10,5-Aug,3.3,OCDA_BA1S_P23,OCDA_BA1S_P23
1965,ECO03,Pachyseris speciosa,Pspe,12,1,2023,Pelorus,NA,NA,-18.5394,146.4995,GPS EcoRRAP sites,60,Oct-15,10,PAPE_FR1D_P4,PAPE_FR1D_P4
1966,ECO03,Pachyseris speciosa,Pspe,12,1,2023,Pelorus,NA,NA,-18.5394,146.4995,GPS EcoRRAP sites,60,Oct-15,10,PAPE_FR1D_P4,PAPE_FR1D_P4
1967,ECO03,Porites massive,Pmas,12,1,2023,Pelorus,NA,NA,-18.5394,146.4995,GPS EcoRRAP sites,60,Oct-15,10,PAPE_FR1D_P4,PAPE_FR1D_P4
1968,ECO03,Pachyseris speciosa,Pspe,12,1,2023,Pelorus,NA,NA,-18.5394,146.4995,GPS EcoRRAP sites,60,Oct-15,10,PAPE_FR1D_P4,PAPE_FR1D_P4
1969,ECO03,Porites massive,Pmas,12,1,2023,Pelorus,NA,NA,-18.5394,146.4995,GPS EcoRRAP sites,60,Oct-15,10,PAPE_FR1D_P4,PAPE_FR1D_P4
1970,ECO03,Pachyseris speciosa,Pspe,12,1,2023,Pelorus,NA,NA,-18.5394,146.4995,GPS EcoRRAP sites,30,Oct-15,10.1,PAPE_FR1D_P3,PAPE_FR1D_P3
1971,ECO03,Porites massive,Pmas,12,1,2023,Pelorus,NA,NA,-18.5394,146.4995,GPS EcoRRAP sites,30,Oct-15,10.1,PAPE_FR1D_P3,PAPE_FR1D_P3
1972,ECO03,Porites massive,Pmas,12,1,2023,Pelorus,NA,NA,-18.5394,146.4995,GPS EcoRRAP sites,30,Oct-15,10.1,PAPE_FR1D_P3,PAPE_FR1D_P3
1973,ECO03,Pachyseris speciosa,Pspe,12,1,2023,Pelorus,NA,NA,-18.5394,146.4995,GPS EcoRRAP sites,30,Oct-15,10.1,PAPE_FR1D_P3,PAPE_FR1D_P3
1974,ECO03,Porites massive,Pmas,12,1,2023,Pelorus,NA,NA,-18.5394,146.4995,GPS EcoRRAP sites,30,Oct-15,10.1,PAPE_FR1D_P3,PAPE_FR1D_P3
1975,ECO03,Pachyseris speciosa,Pspe,12,1,2023,Pelorus,NA,NA,-18.5394,146.4995,GPS EcoRRAP sites,30,Oct-15,10.1,PAPE_FR1D_P3,PAPE_FR1D_P3
1976,ECO03,Pachyseris speciosa,Pspe,12,1,2023,Pelorus,NA,NA,-18.5394,146.4995,GPS EcoRRAP sites,60,Oct-15,10.2,PAPE_FR1D,PAPE_FR1D
1977,ECO03,Pachyseris speciosa,Pspe,12,1,2023,Pelorus,NA,NA,-18.5394,146.4995,GPS EcoRRAP sites,30,Oct-15,10.2,PAPE_FR1D_P2,PAPE_FR1D_P2
1978,ECO03,Porites massive,Pmas,12,1,2023,Pelorus,NA,NA,-18.5394,146.4995,GPS EcoRRAP sites,30,Oct-15,10.2,PAPE_FR1D_P2,PAPE_FR1D_P2
1979,ECO03,Porites massive,Pmas,12,1,2023,Pelorus,NA,NA,-18.5394,146.4995,GPS EcoRRAP sites,60,Oct-15,10.2,PAPE_FR1D,PAPE_FR1D
1980,ECO03,Pachyseris speciosa,Pspe,12,1,2023,Pelorus,NA,NA,-18.5394,146.4995,GPS EcoRRAP sites,30,Oct-15,10.2,PAPE_FR1D_P2,PAPE_FR1D_P2
1981,ECO03,Porites massive,Pmas,12,1,2023,Pelorus,NA,NA,-18.5394,146.4995,GPS EcoRRAP sites,30,Oct-15,10.2,PAPE_FR1D_P2,PAPE_FR1D_P2
1982,ECO03,Porites massive,Pmas,12,1,2023,Pelorus,NA,NA,-18.5394,146.4995,GPS EcoRRAP sites,60,5-Sep,10,PAPE_FR1D_P4,PAPE_FR1D_P4
1983,ECO03,Porites massive,Pmas,12,1,2023,Pelorus,NA,NA,-18.539612,146.499036,GPS EcoRRAP sites,6,5-Sep,4,PAPE_FR1S_P3,PAPE_FR1S_P3
1984,ECO03,Porites massive,Pmas,12,1,2023,Pelorus,NA,NA,-18.539612,146.499036,GPS EcoRRAP sites,6,5-Sep,4,PAPE_FR1S_P3,PAPE_FR1S_P3
1985,ECO03,Porites massive,Pmas,12,1,2023,Pelorus,NA,NA,-18.5396,146.4991715,GPS EcoRRAP sites,6,5-Sep,4.5,PAPE_FR1S_P2,PAPE_FR1S_P2
1986,ECO03,Porites massive,Pmas,12,1,2023,Pelorus,NA,NA,-18.5396,146.4991715,GPS EcoRRAP sites,6,5-Sep,4.5,PAPE_FR1S_P2,PAPE_FR1S_P2
1987,ECO03,Porites massive,Pmas,12,1,2023,Pelorus,NA,NA,-18.5396,146.4991715,GPS EcoRRAP sites,6,5-Sep,4.5,PAPE_FR1S_P2,PAPE_FR1S_P2
1988,ECO03,Porites massive,Pmas,12,1,2023,Pelorus,NA,NA,-18.5396,146.4991715,GPS EcoRRAP sites,6,5-Sep,4.5,PAPE_FR1S_P2,PAPE_FR1S_P2
1989,ECO03,Porites massive,Pmas,12,1,2023,Pelorus,NA,NA,-18.5396,146.4991715,GPS EcoRRAP sites,6,5-Sep,4.5,PAPE_FR1S_P2,PAPE_FR1S_P2
1990,ECO03,Porites massive,Pmas,12,1,2023,Pelorus,NA,NA,-18.539612,146.499036,GPS EcoRRAP sites,6,5-Sep,4,PAPE_FR1S_P3,PAPE_FR1S_P3
1991,ECO03,Pachyseris speciosa,Pspe,12,1,2023,Pelorus,NA,NA,-18.539612,146.499036,GPS EcoRRAP sites,6,5-Sep,4,PAPE_FR1S_P3,PAPE_FR1S_P3
1992,ECO03,Porites massive,Pmas,12,1,2023,Pelorus,NA,NA,-18.53959533,146.4993701,GPS EcoRRAP sites,6,5-Sep,5.4,PAPE_FR1S_P1,PAPE_FR1S_P1
1993,ECO03,Porites massive,Pmas,12,1,2023,Pelorus,NA,NA,-18.539612,146.499036,GPS EcoRRAP sites,6,5-Sep,4,PAPE_FR1S_P3,PAPE_FR1S_P3
1994,ECO03,Porites massive,Pmas,12,1,2023,Pelorus,NA,NA,-18.53959533,146.4993701,GPS EcoRRAP sites,6,5-Sep,5.4,PAPE_FR1S_P1,PAPE_FR1S_P1
1995,ECO03,Porites massive,Pmas,12,1,2023,Pelorus,NA,NA,-18.539612,146.499036,GPS EcoRRAP sites,6,5-Sep,4,PAPE_FR1S_P3,PAPE_FR1S_P3
1996,ECO03,Porites massive,Pmas,12,1,2023,Pelorus,NA,NA,-18.539612,146.499036,GPS EcoRRAP sites,6,5-Sep,4,PAPE_FR1S_P3,PAPE_FR1S_P3
1997,ECO03,Porites massive,Pmas,12,1,2023,Pelorus,NA,NA,-18.539612,146.499036,GPS EcoRRAP sites,6,5-Sep,4,PAPE_FR1S_P3,PAPE_FR1S_P3
1998,ECO03,Porites massive,Pmas,12,1,2023,Pelorus,NA,NA,-18.539612,146.499036,GPS EcoRRAP sites,6,5-Sep,4,PAPE_FR1S_P3,PAPE_FR1S_P3
1999,ECO03,Porites massive,Pmas,13,1,2023,Orpheus,NA,NA,-18.57151,146.49538,GPS EcoRRAP sites,10,10-Dec,7.7,PAOR_FL1D_P1,PAOR_FL1D_P1
2000,ECO03,Porites massive,Pmas,13,1,2023,Orpheus,NA,NA,-18.57151,146.49538,GPS EcoRRAP sites,10,10-Dec,7.7,PAOR_FL1D_P1,PAOR_FL1D_P1
2001,ECO03,Porites massive,Pmas,13,1,2023,Orpheus,NA,NA,-18.57151,146.49538,GPS EcoRRAP sites,10,10-Dec,7.7,PAOR_FL1D_P1,PAOR_FL1D_P1
2002,ECO03,Pachyseris speciosa,Pspe,13,1,2023,Orpheus,NA,NA,-18.57151,146.49538,GPS EcoRRAP sites,10,10-Dec,7.7,PAOR_FL1D_P1,PAOR_FL1D_P1
2003,ECO03,Porites massive,Pmas,13,1,2023,Orpheus,NA,NA,-18.57151,146.49538,GPS EcoRRAP sites,10,10-Dec,7.7,PAOR_FL1D_P1,PAOR_FL1D_P1
2004,ECO03,Porites massive,Pmas,13,1,2023,Orpheus,NA,NA,-18.5715,146.4954,GPS EcoRRAP sites,30,10-Dec,6.3,PAOR_FL1D_P2,PAOR_FL1D_P2
2005,ECO03,Porites massive,Pmas,13,1,2023,Orpheus,NA,NA,-18.5715,146.4954,GPS EcoRRAP sites,30,10-Dec,6.3,PAOR_FL1D_P2,PAOR_FL1D_P2
2006,ECO03,Porites massive,Pmas,13,1,2023,Orpheus,NA,NA,-18.5715,146.4954,GPS EcoRRAP sites,30,10-Dec,6.3,PAOR_FL1D_P2,PAOR_FL1D_P2
2007,ECO03,Porites massive,Pmas,13,1,2023,Orpheus,NA,NA,-18.5715,146.4954,GPS EcoRRAP sites,30,10-Dec,7.9,PAOR_FL1D_P3,PAOR_FL1D_P3
2008,ECO03,Porites massive,Pmas,13,1,2023,Orpheus,NA,NA,-18.5715,146.4954,GPS EcoRRAP sites,30,10-Dec,7.9,PAOR_FL1D_P3,PAOR_FL1D_P3
2009,ECO03,Porites massive,Pmas,13,1,2023,Orpheus,NA,NA,-18.5715,146.4954,GPS EcoRRAP sites,30,10-Dec,7.9,PAOR_FL1D_P3,PAOR_FL1D_P3
2010,ECO03,Pachyseris speciosa,Pspe,13,1,2023,Orpheus,NA,NA,-18.5715,146.4954,GPS EcoRRAP sites,30,10-Dec,7.9,PAOR_FL1D_P3,PAOR_FL1D_P3
2011,ECO03,Pachyseris speciosa,Pspe,13,1,2023,Orpheus,NA,NA,-18.5715,146.4954,GPS EcoRRAP sites,30,10-Dec,7.9,PAOR_FL1D_P3,PAOR_FL1D_P3
2012,ECO03,Pachyseris speciosa,Pspe,13,1,2023,Orpheus,NA,NA,-18.5715,146.4954,GPS EcoRRAP sites,60,10-Dec,7.8,PAOR_FL1D_P4,PAOR_FL1D_P4
2013,ECO03,Pachyseris speciosa,Pspe,13,1,2023,Orpheus,NA,NA,-18.5715,146.4954,GPS EcoRRAP sites,60,10-Dec,7.8,PAOR_FL1D_P4,PAOR_FL1D_P4
2014,ECO03,Porites massive,Pmas,13,1,2023,Orpheus,NA,NA,-18.5715,146.4954,GPS EcoRRAP sites,60,10-Dec,7.8,PAOR_FL1D_P4,PAOR_FL1D_P4
2015,ECO03,Porites massive,Pmas,13,1,2023,Orpheus,NA,NA,-18.5720195,146.495155,GPS EcoRRAP sites,6,5-Aug,2.9,PAOR_FL1S_P3,PAOR_FL1S_P3
2016,ECO03,Porites massive,Pmas,13,1,2023,Orpheus,NA,NA,-18.5720195,146.495155,GPS EcoRRAP sites,6,5-Aug,2.9,PAOR_FL1S_P3,PAOR_FL1S_P3
2017,ECO03,Porites massive,Pmas,13,1,2023,Orpheus,NA,NA,-18.5720195,146.495155,GPS EcoRRAP sites,6,5-Aug,2.9,PAOR_FL1S_P3,PAOR_FL1S_P3
2018,ECO03,Porites massive,Pmas,13,1,2023,Orpheus,NA,NA,-18.5720195,146.495155,GPS EcoRRAP sites,6,5-Aug,2.9,PAOR_FL1S_P3,PAOR_FL1S_P3
2019,ECO03,Porites massive,Pmas,13,1,2023,Orpheus,NA,NA,-18.5720885,146.4952225,GPS EcoRRAP sites,6,5-Aug,3,PAOR_FL1S_P2,PAOR_FL1S_P2
2020,ECO03,Porites massive,Pmas,13,1,2023,Orpheus,NA,NA,-18.5720885,146.4952225,GPS EcoRRAP sites,6,5-Aug,3,PAOR_FL1S_P2,PAOR_FL1S_P2
2021,ECO03,Porites massive,Pmas,13,1,2023,Orpheus,NA,NA,-18.57187,146.495043,GPS EcoRRAP sites,6,5-Aug,2.8,PAOR_FL1S_P4,PAOR_FL1S_P4
2022,ECO03,Porites massive,Pmas,13,1,2023,Orpheus,NA,NA,-18.57187,146.495043,GPS EcoRRAP sites,6,5-Aug,2.8,PAOR_FL1S_P4,PAOR_FL1S_P4
2023,ECO03,Seriatopora hystrix,Shys,13,1,2023,Orpheus,NA,NA,-18.57187,146.495043,GPS EcoRRAP sites,6,5-Aug,2.8,PAOR_FL1S_P4,PAOR_FL1S_P4
2024,ECO03,Porites massive,Pmas,13,1,2023,Orpheus,NA,NA,-18.57187,146.495043,GPS EcoRRAP sites,6,5-Aug,2.8,PAOR_FL1S_P4,PAOR_FL1S_P4
2025,ECO03,Porites massive,Pmas,13,1,2023,Orpheus,NA,NA,-18.57187,146.495043,GPS EcoRRAP sites,6,5-Aug,2.8,PAOR_FL1S_P4,PAOR_FL1S_P4
2026,ECO03,Porites massive,Pmas,13,1,2023,Orpheus,NA,NA,-18.57187,146.495043,GPS EcoRRAP sites,6,5-Aug,2.8,PAOR_FL1S_P4,PAOR_FL1S_P4
2027,ECO03,Porites massive,Pmas,13,1,2023,Orpheus,NA,NA,-18.57187,146.495043,GPS EcoRRAP sites,6,5-Aug,2.8,PAOR_FL1S_P4,PAOR_FL1S_P4
2028,ECO03,Porites massive,Pmas,13,1,2023,Orpheus,NA,NA,-18.57187,146.495043,GPS EcoRRAP sites,6,5-Aug,2.8,PAOR_FL1S_P4,PAOR_FL1S_P4
2029,ECO03,Porites massive,Pmas,13,1,2023,Orpheus,NA,NA,-18.57187,146.495043,GPS EcoRRAP sites,6,5-Aug,2.8,PAOR_FL1S_P4,PAOR_FL1S_P4
2030,ECO03,Porites massive,Pmas,13,1,2023,Orpheus,NA,NA,-18.57187,146.495043,GPS EcoRRAP sites,6,5-Aug,2.8,PAOR_FL1S_P4,PAOR_FL1S_P4
2031,ECO03,Porites massive,Pmas,13,1,2023,Orpheus,NA,NA,-18.57187,146.495043,GPS EcoRRAP sites,6,5-Aug,2.8,PAOR_FL1S_P4,PAOR_FL1S_P4
2032,ECO03,Porites massive,Pmas,13,1,2023,Orpheus,NA,NA,-18.5722065,146.4953325,GPS EcoRRAP sites,6,5-Aug,3,PAOR_FL1S_P1,PAOR_FL1S_P1
2033,ECO03,Porites massive,Pmas,14,1,2023,Pelorus,NA,NA,-18.55088586,146.4881279,GPS EcoRRAP sites,6,Oct-15,8.9,PAPE_BA1D_P1,PAPE_BA1D_P1
2034,ECO03,Pachyseris speciosa,Pspe,14,1,2023,Pelorus,NA,NA,-18.55088586,146.4881279,GPS EcoRRAP sites,6,Oct-15,8.9,PAPE_BA1D_P1,PAPE_BA1D_P1
2035,ECO03,Porites massive,Pmas,14,1,2023,Pelorus,NA,NA,-18.55088586,146.4881279,GPS EcoRRAP sites,6,Oct-15,8.9,PAPE_BA1D_P1,PAPE_BA1D_P1
2036,ECO03,Porites massive,Pmas,14,1,2023,Pelorus,NA,NA,-18.55088586,146.4881279,GPS EcoRRAP sites,6,Oct-15,8.9,PAPE_BA1D_P1,PAPE_BA1D_P1
2037,ECO03,Porites massive,Pmas,14,1,2023,Pelorus,NA,NA,-18.55088586,146.4881279,GPS EcoRRAP sites,6,Oct-15,8.9,PAPE_BA1D_P1,PAPE_BA1D_P1
2038,ECO03,Porites massive,Pmas,14,1,2023,Pelorus,NA,NA,-18.55081125,146.4881377,GPS EcoRRAP sites,6,Oct-15,10.5,PAPE_BA1D_P2,PAPE_BA1D_P2
2039,ECO03,Porites massive,Pmas,14,1,2023,Pelorus,NA,NA,-18.55081125,146.4881377,GPS EcoRRAP sites,6,Oct-15,10.5,PAPE_BA1D_P2,PAPE_BA1D_P2
2040,ECO03,Porites massive,Pmas,14,1,2023,Pelorus,NA,NA,-18.55071515,146.4881948,GPS EcoRRAP sites,6,Oct-15,11.1,PAPE_BA1D_P3,PAPE_BA1D_P3
2041,ECO03,Porites massive,Pmas,14,1,2023,Pelorus,NA,NA,-18.55081125,146.4881377,GPS EcoRRAP sites,6,Oct-15,10.5,PAPE_BA1D_P2,PAPE_BA1D_P2
2042,ECO03,Porites massive,Pmas,14,1,2023,Pelorus,NA,NA,-18.55071515,146.4881948,GPS EcoRRAP sites,6,Oct-15,11.1,PAPE_BA1D_P3,PAPE_BA1D_P3
2043,ECO03,Porites massive,Pmas,14,1,2023,Pelorus,NA,NA,-18.55071515,146.4881948,GPS EcoRRAP sites,6,Oct-15,11.1,PAPE_BA1D_P3,PAPE_BA1D_P3
2044,ECO03,Porites massive,Pmas,14,1,2023,Pelorus,NA,NA,-18.55071515,146.4881948,GPS EcoRRAP sites,6,Oct-15,11.1,PAPE_BA1D_P3,PAPE_BA1D_P3
2045,ECO03,Porites massive,Pmas,14,1,2023,Pelorus,NA,NA,-18.55060351,146.488198,GPS EcoRRAP sites,6,Oct-15,11.1,PAPE_BA1D_P4,PAPE_BA1D_P4
2046,ECO03,Porites massive,Pmas,14,1,2023,Pelorus,NA,NA,-18.55060351,146.488198,GPS EcoRRAP sites,6,Oct-15,11.1,PAPE_BA1D_P4,PAPE_BA1D_P4
2047,ECO03,Porites massive,Pmas,14,1,2023,Pelorus,NA,NA,-18.55060351,146.488198,GPS EcoRRAP sites,6,Oct-15,11.1,PAPE_BA1D_P4,PAPE_BA1D_P4
2048,ECO03,Porites massive,Pmas,14,1,2023,Pelorus,NA,NA,-18.55081125,146.4881377,GPS EcoRRAP sites,6,Oct-15,10.5,PAPE_BA1D_P2,PAPE_BA1D_P2
2049,ECO03,Seriatopora hystrix,Shys,14,1,2023,Pelorus,NA,NA,-18.5505295,146.4884325,GPS EcoRRAP sites,6,5,2.5,PAPE_BA1S_P1,PAPE_BA1S_P1
2050,ECO03,Seriatopora hystrix,Shys,14,1,2023,Pelorus,NA,NA,-18.5505295,146.4884325,GPS EcoRRAP sites,6,5,2.5,PAPE_BA1S_P1,PAPE_BA1S_P1
2051,ECO03,Porites massive,Pmas,14,1,2023,Pelorus,NA,NA,-18.5505295,146.4884325,GPS EcoRRAP sites,6,5,2.5,PAPE_BA1S_P1,PAPE_BA1S_P1
2052,ECO03,Porites massive,Pmas,14,1,2023,Pelorus,NA,NA,-18.55071,146.488428,GPS EcoRRAP sites,6,5,2.4,PAPE_BA1S_P2,PAPE_BA1S_P2
2053,ECO03,Porites massive,Pmas,14,1,2023,Pelorus,NA,NA,-18.550857,146.4884365,GPS EcoRRAP sites,6,5,2.4,PAPE_BA1S_P3,PAPE_BA1S_P3
2054,ECO03,Porites massive,Pmas,14,1,2023,Pelorus,NA,NA,-18.550857,146.4884365,GPS EcoRRAP sites,6,5,2.4,PAPE_BA1S_P3,PAPE_BA1S_P3
2055,ECO03,Porites massive,Pmas,14,1,2023,Pelorus,NA,NA,-18.550857,146.4884365,GPS EcoRRAP sites,6,5,2.4,PAPE_BA1S_P3,PAPE_BA1S_P3
2056,ECO03,Porites massive,Pmas,14,1,2023,Pelorus,NA,NA,-18.550857,146.4884365,GPS EcoRRAP sites,6,5,2.4,PAPE_BA1S_P3,PAPE_BA1S_P3
2057,ECO03,Seriatopora hystrix,Shys,14,1,2023,Pelorus,NA,NA,-18.550857,146.4884365,GPS EcoRRAP sites,6,5,2.4,PAPE_BA1S_P3,PAPE_BA1S_P3
2058,ECO03,Porites massive,Pmas,14,1,2023,Pelorus,NA,NA,-18.550857,146.4884365,GPS EcoRRAP sites,6,5,2.4,PAPE_BA1S_P3,PAPE_BA1S_P3
2059,ECO03,Porites massive,Pmas,14,1,2023,Pelorus,NA,NA,-18.550857,146.4884365,GPS EcoRRAP sites,6,5,2.4,PAPE_BA1S_P3,PAPE_BA1S_P3
2060,ECO03,Seriatopora hystrix,Shys,14,1,2023,Pelorus,NA,NA,-18.550857,146.4884365,GPS EcoRRAP sites,6,5,2.4,PAPE_BA1S_P3,PAPE_BA1S_P3
2061,ECO03,Porites massive,Pmas,14,1,2023,Pelorus,NA,NA,-18.550857,146.4884365,GPS EcoRRAP sites,6,5,2.4,PAPE_BA1S_P3,PAPE_BA1S_P3
2062,ECO03,Seriatopora hystrix,Shys,14,1,2023,Pelorus,NA,NA,-18.550857,146.4884365,GPS EcoRRAP sites,6,5,2.4,PAPE_BA1S_P3,PAPE_BA1S_P3
2063,ECO03,Porites massive,Pmas,14,1,2023,Pelorus,NA,NA,-18.550857,146.4884365,GPS EcoRRAP sites,6,5,2.4,PAPE_BA1S_P3,PAPE_BA1S_P3
2064,ECO03,Seriatopora hystrix,Shys,14,1,2023,Pelorus,NA,NA,-18.550857,146.4884365,GPS EcoRRAP sites,6,5,2.4,PAPE_BA1S_P3,PAPE_BA1S_P3
2065,ECO03,Seriatopora hystrix,Shys,14,1,2023,Pelorus,NA,NA,-18.550977,146.488431,GPS EcoRRAP sites,6,5,2,PAPE_BA1S_P4,PAPE_BA1S_P4
2066,ECO03,Porites massive,Pmas,14,1,2023,Pelorus,NA,NA,-18.550977,146.488431,GPS EcoRRAP sites,6,5,2,PAPE_BA1S_P4,PAPE_BA1S_P4
2067,ECO03,Seriatopora hystrix,Shys,14,1,2023,Pelorus,NA,NA,-18.550977,146.488431,GPS EcoRRAP sites,6,5,2,PAPE_BA1S_P4,PAPE_BA1S_P4
2068,ECO03,Seriatopora hystrix,Shys,14,1,2023,Pelorus,NA,NA,-18.550977,146.488431,GPS EcoRRAP sites,6,5,2,PAPE_BA1S_P4,PAPE_BA1S_P4
2069,ECO03,Seriatopora hystrix,Shys,15,1,2023,Pelorus,NA,NA,-18.54077403,146.4886517,GPS EcoRRAP sites,6,5,2.2,PAPE_BA2S_P1,PAPE_BA2S_P1
2070,ECO03,Porites massive,Pmas,15,1,2023,Pelorus,NA,NA,-18.54077403,146.4886517,GPS EcoRRAP sites,6,5,2.2,PAPE_BA2S_P1,PAPE_BA2S_P1
2071,ECO03,Seriatopora hystrix,Shys,15,1,2023,Pelorus,NA,NA,-18.54077403,146.4886517,GPS EcoRRAP sites,6,5,2.2,PAPE_BA2S_P1,PAPE_BA2S_P1
2072,ECO03,Seriatopora hystrix,Shys,15,1,2023,Pelorus,NA,NA,-18.54093586,146.4886141,GPS EcoRRAP sites,6,5,2.3,PAPE_BA2S_P2,PAPE_BA2S_P2
2073,ECO03,Pachyseris speciosa,Pspe,15,1,2023,Pelorus,NA,NA,-18.54093586,146.4886141,GPS EcoRRAP sites,6,5,2.3,PAPE_BA2S_P2,PAPE_BA2S_P2
2074,ECO03,Porites massive,Pmas,15,1,2023,Pelorus,NA,NA,-18.54093586,146.4886141,GPS EcoRRAP sites,6,5,2.3,PAPE_BA2S_P2,PAPE_BA2S_P2
2075,ECO03,Seriatopora hystrix,Shys,15,1,2023,Pelorus,NA,NA,-18.54093586,146.4886141,GPS EcoRRAP sites,6,5,2.3,PAPE_BA2S_P2,PAPE_BA2S_P2
2076,ECO03,Porites massive,Pmas,15,1,2023,Pelorus,NA,NA,-18.54093586,146.4886141,GPS EcoRRAP sites,6,5,2.3,PAPE_BA2S_P2,PAPE_BA2S_P2
2077,ECO03,Porites massive,Pmas,15,1,2023,Pelorus,NA,NA,-18.54093586,146.4886141,GPS EcoRRAP sites,6,5,2.3,PAPE_BA2S_P2,PAPE_BA2S_P2
2078,ECO03,Porites massive,Pmas,15,1,2023,Pelorus,NA,NA,-18.54103498,146.4886175,GPS EcoRRAP sites,6,5,2.6,PAPE_BA2S_P3,PAPE_BA2S_P3
2079,ECO03,Porites massive,Pmas,15,1,2023,Pelorus,NA,NA,-18.54103498,146.4886175,GPS EcoRRAP sites,6,5,2.6,PAPE_BA2S_P3,PAPE_BA2S_P3
2080,ECO03,Seriatopora hystrix,Shys,15,1,2023,Pelorus,NA,NA,-18.54103498,146.4886175,GPS EcoRRAP sites,6,5,2.6,PAPE_BA2S_P3,PAPE_BA2S_P3
2081,ECO03,Porites massive,Pmas,15,1,2023,Pelorus,NA,NA,-18.54103498,146.4886175,GPS EcoRRAP sites,6,5,2.6,PAPE_BA2S_P3,PAPE_BA2S_P3
2082,ECO03,Porites massive,Pmas,15,1,2023,Pelorus,NA,NA,-18.54093586,146.4886141,GPS EcoRRAP sites,6,5,2.3,PAPE_BA2S_P2,PAPE_BA2S_P2
2083,ECO03,Seriatopora hystrix,Shys,15,1,2023,Pelorus,NA,NA,-18.54093586,146.4886141,GPS EcoRRAP sites,6,5,2.3,PAPE_BA2S_P2,PAPE_BA2S_P2
2084,ECO03,Seriatopora hystrix,Shys,15,1,2023,Pelorus,NA,NA,-18.54093586,146.4886141,GPS EcoRRAP sites,6,5,2.3,PAPE_BA2S_P2,PAPE_BA2S_P2
2085,ECO03,Porites massive,Pmas,15,1,2023,Pelorus,NA,NA,-18.54098542,146.4886158,GPS EcoRRAP sites,10,5,2.45,PAPE_BA2S_P23,PAPE_BA2S_P23
2086,ECO03,Pachyseris speciosa,Pspe,15,1,2023,Pelorus,NA,NA,-18.54098542,146.4886158,GPS EcoRRAP sites,10,5,2.45,PAPE_BA2S_P23,PAPE_BA2S_P23
2087,ECO03,Porites massive,Pmas,15,1,2023,Pelorus,NA,NA,-18.54093586,146.4886141,GPS EcoRRAP sites,6,5,2.3,PAPE_BA2S_P2,PAPE_BA2S_P2
2088,ECO03,Seriatopora hystrix,Shys,15,1,2023,Pelorus,NA,NA,-18.54103498,146.4886175,GPS EcoRRAP sites,6,5,2.6,PAPE_BA2S_P3,PAPE_BA2S_P3
2089,ECO03,Porites massive,Pmas,15,1,2023,Pelorus,NA,NA,-18.54093586,146.4886141,GPS EcoRRAP sites,6,5,2.3,PAPE_BA2S_P2,PAPE_BA2S_P2
2090,ECO03,Porites massive,Pmas,15,1,2023,Pelorus,NA,NA,-18.54116213,146.4886241,GPS EcoRRAP sites,6,5,2.7,PAPE_BA2S_P4,PAPE_BA2S_P4
2091,ECO03,Seriatopora hystrix,Shys,15,1,2023,Pelorus,NA,NA,-18.54116213,146.4886241,GPS EcoRRAP sites,6,5,2.7,PAPE_BA2S_P4,PAPE_BA2S_P4
2092,ECO03,Porites massive,Pmas,15,1,2023,Pelorus,NA,NA,-18.54116213,146.4886241,GPS EcoRRAP sites,6,5,2.7,PAPE_BA2S_P4,PAPE_BA2S_P4
2093,ECO03,Porites massive,Pmas,15,1,2023,Pelorus,NA,NA,-18.54116213,146.4886241,GPS EcoRRAP sites,6,5,2.7,PAPE_BA2S_P4,PAPE_BA2S_P4
2094,ECO03,Seriatopora hystrix,Shys,16,1,2023,Davies,NA,NA,-18.83192685,147.6524971,GPS EcoRRAP sites,6,5-Aug,4.9,OCDA_FR2S_P1,OCDA_FR2S_P1
2095,ECO03,Seriatopora hystrix,Shys,16,1,2023,Davies,NA,NA,-18.83192685,147.6524971,GPS EcoRRAP sites,6,5-Aug,4.9,OCDA_FR2S_P1,OCDA_FR2S_P1
2096,ECO03,Seriatopora hystrix,Shys,16,1,2023,Davies,NA,NA,-18.83192685,147.6524971,GPS EcoRRAP sites,6,5-Aug,4.9,OCDA_FR2S_P1,OCDA_FR2S_P1
2097,ECO03,Seriatopora hystrix,Shys,16,1,2023,Davies,NA,NA,-18.83192685,147.6524971,GPS EcoRRAP sites,6,5-Aug,4.9,OCDA_FR2S_P1,OCDA_FR2S_P1
2098,ECO03,Seriatopora hystrix,Shys,16,1,2023,Davies,NA,NA,-18.83180971,147.6525841,GPS EcoRRAP sites,6,5-Aug,5.3,OCDA_FR2S_P2,OCDA_FR2S_P2
2099,ECO03,Porites massive,Pmas,16,1,2023,Davies,NA,NA,-18.83180971,147.6525841,GPS EcoRRAP sites,6,5-Aug,5.3,OCDA_FR2S_P2,OCDA_FR2S_P2
2100,ECO03,Seriatopora hystrix,Shys,16,1,2023,Davies,NA,NA,-18.83180971,147.6525841,GPS EcoRRAP sites,6,5-Aug,5.3,OCDA_FR2S_P2,OCDA_FR2S_P2
2101,ECO03,Seriatopora hystrix,Shys,16,1,2023,Davies,NA,NA,-18.83150833,147.6528006,GPS EcoRRAP sites,6,5-Aug,5.7,OCDA_FR2S_P4,OCDA_FR2S_P4
2102,ECO03,Seriatopora hystrix,Shys,16,1,2023,Davies,NA,NA,-18.83150833,147.6528006,GPS EcoRRAP sites,6,5-Aug,5.7,OCDA_FR2S_P4,OCDA_FR2S_P4
2103,ECO03,Porites massive,Pmas,16,1,2023,Davies,NA,NA,-18.83150833,147.6528006,GPS EcoRRAP sites,6,5-Aug,5.7,OCDA_FR2S_P4,OCDA_FR2S_P4
2104,ECO03,Seriatopora hystrix,Shys,16,1,2023,Davies,NA,NA,-18.83150833,147.6528006,GPS EcoRRAP sites,6,5-Aug,5.7,OCDA_FR2S_P4,OCDA_FR2S_P4
2105,ECO03,Seriatopora hystrix,Shys,16,1,2023,Davies,NA,NA,-18.83150833,147.6528006,GPS EcoRRAP sites,6,5-Aug,5.7,OCDA_FR2S_P4,OCDA_FR2S_P4
2106,ECO03,Porites massive,Pmas,16,1,2023,Davies,NA,NA,-18.83150833,147.6528006,GPS EcoRRAP sites,6,5-Aug,5.7,OCDA_FR2S_P4,OCDA_FR2S_P4
2107,ECO03,Seriatopora hystrix,Shys,16,1,2023,Davies,NA,NA,-18.81929652,147.6639395,GPS EcoRRAP sites,6,5-Aug,4.2,OCDA_FR1S_P4,OCDA_FR1S_P4
2108,ECO03,Seriatopora hystrix,Shys,16,1,2023,Davies,NA,NA,-18.81929652,147.6639395,GPS EcoRRAP sites,6,5-Aug,4.2,OCDA_FR1S_P4,OCDA_FR1S_P4
2109,ECO03,Seriatopora hystrix,Shys,16,1,2023,Davies,NA,NA,-18.81929652,147.6639395,GPS EcoRRAP sites,6,5-Aug,4.2,OCDA_FR1S_P4,OCDA_FR1S_P4
2110,ECO03,Seriatopora hystrix,Shys,16,1,2023,Davies,NA,NA,-18.81929652,147.6639395,GPS EcoRRAP sites,6,5-Aug,4.2,OCDA_FR1S_P4,OCDA_FR1S_P4
2111,ECO03,Seriatopora hystrix,Shys,16,1,2023,Davies,NA,NA,-18.81929652,147.6639395,GPS EcoRRAP sites,6,5-Aug,4.2,OCDA_FR1S_P4,OCDA_FR1S_P4
2112,ECO03,Seriatopora hystrix,Shys,16,1,2023,Davies,NA,NA,-18.81929652,147.6639395,GPS EcoRRAP sites,6,5-Aug,4.2,OCDA_FR1S_P4,OCDA_FR1S_P4
2113,ECO03,Seriatopora hystrix,Shys,16,1,2023,Davies,NA,NA,-18.81938248,147.663904,GPS EcoRRAP sites,6,5-Aug,5.2,OCDA_FR1S_P3,OCDA_FR1S_P3
2114,ECO03,Seriatopora hystrix,Shys,16,1,2023,Davies,NA,NA,-18.81938248,147.663904,GPS EcoRRAP sites,6,5-Aug,5.2,OCDA_FR1S_P3,OCDA_FR1S_P3
2115,ECO03,Seriatopora hystrix,Shys,16,1,2023,Davies,NA,NA,-18.8194875,147.663784,GPS EcoRRAP sites,6,5-Aug,5.5,OCDA_FR1S_P2,OCDA_FR1S_P2
2116,ECO03,Seriatopora hystrix,Shys,16,1,2023,Davies,NA,NA,-18.8194875,147.663784,GPS EcoRRAP sites,6,5-Aug,5.5,OCDA_FR1S_P2,OCDA_FR1S_P2
2117,ECO03,Porites massive,Pmas,16,1,2023,Davies,NA,NA,-18.8194875,147.663784,GPS EcoRRAP sites,6,5-Aug,5.5,OCDA_FR1S_P2,OCDA_FR1S_P2
2118,ECO03,Porites massive,Pmas,16,1,2023,Davies,NA,NA,-18.8194875,147.663784,GPS EcoRRAP sites,6,5-Aug,5.5,OCDA_FR1S_P2,OCDA_FR1S_P2
2119,ECO03,Seriatopora hystrix,Shys,16,1,2023,Davies,NA,NA,-18.8194875,147.663784,GPS EcoRRAP sites,6,5-Aug,5.5,OCDA_FR1S_P2,OCDA_FR1S_P2
2120,ECO03,Seriatopora hystrix,Shys,16,1,2023,Davies,NA,NA,-18.8194875,147.663784,GPS EcoRRAP sites,6,5-Aug,5.5,OCDA_FR1S_P2,OCDA_FR1S_P2
2121,ECO03,Seriatopora hystrix,Shys,16,1,2023,Davies,NA,NA,-18.81938248,147.663904,GPS EcoRRAP sites,6,5-Aug,5.2,OCDA_FR1S_P3,OCDA_FR1S_P3
2122,ECO03,Seriatopora hystrix,Shys,16,1,2023,Davies,NA,NA,-18.81938248,147.663904,GPS EcoRRAP sites,6,5-Aug,5.2,OCDA_FR1S_P3,OCDA_FR1S_P3
2123,ECO03,Seriatopora hystrix,Shys,16,1,2023,Davies,NA,NA,-18.8194875,147.663784,GPS EcoRRAP sites,6,5-Aug,5.5,OCDA_FR1S_P2,OCDA_FR1S_P2
2124,ECO03,Seriatopora hystrix,Shys,16,1,2023,Davies,NA,NA,-18.81961901,147.6637135,GPS EcoRRAP sites,6,5-Aug,4.9,OCDA_FR1S_P1,OCDA_FR1S_P1
2125,ECO03,Seriatopora hystrix,Shys,16,1,2023,Davies,NA,NA,-18.81961901,147.6637135,GPS EcoRRAP sites,6,5-Aug,4.9,OCDA_FR1S_P1,OCDA_FR1S_P1
2126,ECO03,Porites massive,Pmas,17,1,2023,Davies,NA,NA,-18.831095,147.63311,GPS EcoRRAP sites,6,5-Aug,4.2,OCDA_LA2S_P1,OCDA_LA2S_P1
2127,ECO03,Porites massive,Pmas,17,1,2023,Davies,NA,NA,-18.831095,147.63311,GPS EcoRRAP sites,6,5-Aug,4.2,OCDA_LA2S_P1,OCDA_LA2S_P1
2128,ECO03,Porites massive,Pmas,17,1,2023,Davies,NA,NA,-18.831095,147.63311,GPS EcoRRAP sites,6,5-Aug,4.2,OCDA_LA2S_P1,OCDA_LA2S_P1
2129,ECO03,Porites massive,Pmas,17,1,2023,Davies,NA,NA,-18.831095,147.63311,GPS EcoRRAP sites,6,5-Aug,4.2,OCDA_LA2S_P1,OCDA_LA2S_P1
2130,ECO03,Porites massive,Pmas,17,1,2023,Davies,NA,NA,-18.831095,147.63311,GPS EcoRRAP sites,6,5-Aug,4.2,OCDA_LA2S_P1,OCDA_LA2S_P1
2131,ECO03,Porites massive,Pmas,17,1,2023,Davies,NA,NA,-18.831305,147.633245,GPS EcoRRAP sites,6,5-Aug,5.6,OCDA_LA2S_P2,OCDA_LA2S_P2
2132,ECO03,Porites massive,Pmas,17,1,2023,Davies,NA,NA,-18.831305,147.633245,GPS EcoRRAP sites,6,5-Aug,5.6,OCDA_LA2S_P2,OCDA_LA2S_P2
2133,ECO03,Porites massive,Pmas,17,1,2023,Davies,NA,NA,-18.831295,147.6331825,GPS EcoRRAP sites,10,5-Aug,5.55,OCDA_LA2S_P23,OCDA_LA2S_P23
2134,ECO03,Porites massive,Pmas,17,1,2023,Davies,NA,NA,-18.831295,147.6331825,GPS EcoRRAP sites,10,5-Aug,5.55,OCDA_LA2S_P23,OCDA_LA2S_P23
2135,ECO03,Porites massive,Pmas,17,1,2023,Davies,NA,NA,-18.831305,147.633245,GPS EcoRRAP sites,6,5-Aug,5.6,OCDA_LA2S_P2,OCDA_LA2S_P2
2136,ECO03,Porites massive,Pmas,17,1,2023,Davies,NA,NA,-18.831285,147.63312,GPS EcoRRAP sites,6,5-Aug,5.5,OCDA_LA2S_P3,OCDA_LA2S_P3
2137,ECO03,Porites massive,Pmas,17,1,2023,Davies,NA,NA,-18.831285,147.63312,GPS EcoRRAP sites,6,5-Aug,5.5,OCDA_LA2S_P3,OCDA_LA2S_P3
2138,ECO03,Porites massive,Pmas,17,1,2023,Davies,NA,NA,-18.831285,147.63312,GPS EcoRRAP sites,6,5-Aug,5.5,OCDA_LA2S_P3,OCDA_LA2S_P3
2139,ECO03,Porites massive,Pmas,17,1,2023,Davies,NA,NA,-18.831285,147.63312,GPS EcoRRAP sites,6,5-Aug,5.5,OCDA_LA2S_P3,OCDA_LA2S_P3
2140,ECO03,Porites massive,Pmas,17,1,2023,Davies,NA,NA,-18.831215,147.633025,GPS EcoRRAP sites,6,5-Aug,5.5,OCDA_LA2S_P4,OCDA_LA2S_P4
2141,ECO03,Porites massive,Pmas,17,1,2023,Davies,NA,NA,-18.831215,147.633025,GPS EcoRRAP sites,6,5-Aug,5.5,OCDA_LA2S_P4,OCDA_LA2S_P4
2142,ECO03,Porites massive,Pmas,17,1,2023,Davies,NA,NA,-18.832615,147.6333735,GPS EcoRRAP sites,6,5,2.8,OCDA_LA1S_P1,OCDA_LA1S_P1
2143,ECO03,Porites massive,Pmas,17,1,2023,Davies,NA,NA,-18.832615,147.6333735,GPS EcoRRAP sites,6,5,2.8,OCDA_LA1S_P1,OCDA_LA1S_P1
2144,ECO03,Seriatopora hystrix,Shys,17,1,2023,Davies,NA,NA,-18.832615,147.6333735,GPS EcoRRAP sites,6,5,2.8,OCDA_LA1S_P1,OCDA_LA1S_P1
2145,ECO03,Porites massive,Pmas,17,1,2023,Davies,NA,NA,-18.832615,147.6333735,GPS EcoRRAP sites,6,5,2.8,OCDA_LA1S_P1,OCDA_LA1S_P1
2146,ECO03,Porites massive,Pmas,17,1,2023,Davies,NA,NA,-18.832615,147.6333735,GPS EcoRRAP sites,6,5,2.8,OCDA_LA1S_P1,OCDA_LA1S_P1
2147,ECO03,Porites massive,Pmas,17,1,2023,Davies,NA,NA,-18.832615,147.6333735,GPS EcoRRAP sites,6,5,2.8,OCDA_LA1S_P1,OCDA_LA1S_P1
2148,ECO03,Porites massive,Pmas,17,1,2023,Davies,NA,NA,-18.83290898,147.6334215,GPS EcoRRAP sites,6,5,2,OCDA_LA1S_P2,OCDA_LA1S_P2
2149,ECO03,Porites massive,Pmas,17,1,2023,Davies,NA,NA,-18.83290898,147.6334215,GPS EcoRRAP sites,6,5,2,OCDA_LA1S_P2,OCDA_LA1S_P2
2150,ECO03,Porites massive,Pmas,17,1,2023,Davies,NA,NA,-18.83290898,147.6334215,GPS EcoRRAP sites,6,5,2,OCDA_LA1S_P2,OCDA_LA1S_P2
2151,ECO03,Porites massive,Pmas,17,1,2023,Davies,NA,NA,-18.83290898,147.6334215,GPS EcoRRAP sites,6,5,2,OCDA_LA1S_P2,OCDA_LA1S_P2
2152,ECO03,Porites massive,Pmas,17,1,2023,Davies,NA,NA,-18.833055,147.633357,GPS EcoRRAP sites,6,5,1.9,OCDA_LA1S_P3,OCDA_LA1S_P3
2153,ECO03,Porites massive,Pmas,17,1,2023,Davies,NA,NA,-18.833055,147.633357,GPS EcoRRAP sites,6,5,1.9,OCDA_LA1S_P3,OCDA_LA1S_P3
2154,ECO03,Porites massive,Pmas,17,1,2023,Davies,NA,NA,-18.833055,147.633357,GPS EcoRRAP sites,6,5,1.9,OCDA_LA1S_P3,OCDA_LA1S_P3
2155,ECO03,Porites massive,Pmas,17,1,2023,Davies,NA,NA,-18.833055,147.633357,GPS EcoRRAP sites,6,5,1.9,OCDA_LA1S_P3,OCDA_LA1S_P3
2156,ECO03,Porites massive,Pmas,17,1,2023,Davies,NA,NA,-18.833055,147.633357,GPS EcoRRAP sites,6,5,1.9,OCDA_LA1S_P3,OCDA_LA1S_P3
2157,ECO03,Seriatopora hystrix,Shys,17,1,2023,Davies,NA,NA,-18.83318052,147.6332905,GPS EcoRRAP sites,6,5,2.3,OCDA_LA1S_P4,OCDA_LA1S_P4
2158,ECO03,Porites massive,Pmas,17,1,2023,Davies,NA,NA,-18.83318052,147.6332905,GPS EcoRRAP sites,6,5,2.3,OCDA_LA1S_P4,OCDA_LA1S_P4
2159,ECO03,Seriatopora hystrix,Shys,17,1,2023,Davies,NA,NA,-18.83318052,147.6332905,GPS EcoRRAP sites,6,5,2.3,OCDA_LA1S_P4,OCDA_LA1S_P4
2160,ECO03,Seriatopora hystrix,Shys,19,1,2023,Little_Broadhurst,NA,NA,-18.949405,147.7016985,GPS EcoRRAP sites,6,5-Aug,3.2,OCLB_LA1S_P1,OCLB_LA1S_P1
2161,ECO03,Seriatopora hystrix,Shys,19,1,2023,Little_Broadhurst,NA,NA,-18.949405,147.7016985,GPS EcoRRAP sites,6,5-Aug,3.2,OCLB_LA1S_P1,OCLB_LA1S_P1
2162,ECO03,Seriatopora hystrix,Shys,19,1,2023,Little_Broadhurst,NA,NA,-18.949405,147.7016985,GPS EcoRRAP sites,6,5-Aug,3.2,OCLB_LA1S_P1,OCLB_LA1S_P1
2163,ECO03,Seriatopora hystrix,Shys,19,1,2023,Little_Broadhurst,NA,NA,-18.949405,147.7016985,GPS EcoRRAP sites,6,5-Aug,3.2,OCLB_LA1S_P1,OCLB_LA1S_P1
2164,ECO03,Porites massive,Pmas,19,1,2023,Little_Broadhurst,NA,NA,-18.9493795,147.701859,GPS EcoRRAP sites,6,5-Aug,3.6,OCLB_LA1S_P2,OCLB_LA1S_P2
2165,ECO03,Seriatopora hystrix,Shys,19,1,2023,Little_Broadhurst,NA,NA,-18.949362,147.7021085,GPS EcoRRAP sites,6,5-Aug,3.6,OCLB_LA1S_P4,OCLB_LA1S_P4
2166,ECO03,Seriatopora hystrix,Shys,19,1,2023,Little_Broadhurst,NA,NA,-18.9493795,147.701859,GPS EcoRRAP sites,6,5-Aug,3.6,OCLB_LA1S_P2,OCLB_LA1S_P2
2167,ECO03,Porites massive,Pmas,19,1,2023,Little_Broadhurst,NA,NA,-18.94937875,147.7019308,GPS EcoRRAP sites,10,5-Aug,3.4,OCLB_LA1S_P23,OCLB_LA1S_P23
2168,ECO03,Seriatopora hystrix,Shys,19,1,2023,Little_Broadhurst,NA,NA,-18.9493795,147.701859,GPS EcoRRAP sites,6,5-Aug,3.6,OCLB_LA1S_P2,OCLB_LA1S_P2
2169,ECO03,Seriatopora hystrix,Shys,19,1,2023,Little_Broadhurst,NA,NA,-18.94937875,147.7019308,GPS EcoRRAP sites,10,5-Aug,3.4,OCLB_LA1S_P23,OCLB_LA1S_P23
2170,ECO03,Porites massive,Pmas,19,1,2023,Little_Broadhurst,NA,NA,-18.94937875,147.7019308,GPS EcoRRAP sites,10,5-Aug,3.4,OCLB_LA1S_P23,OCLB_LA1S_P23
2171,ECO03,Seriatopora hystrix,Shys,19,1,2023,Little_Broadhurst,NA,NA,-18.9493795,147.701859,GPS EcoRRAP sites,6,5-Aug,3.6,OCLB_LA1S_P2,OCLB_LA1S_P2
2172,ECO03,Seriatopora hystrix,Shys,19,1,2023,Little_Broadhurst,NA,NA,-18.9493795,147.701859,GPS EcoRRAP sites,6,5-Aug,3.6,OCLB_LA1S_P2,OCLB_LA1S_P2
2173,ECO03,Seriatopora hystrix,Shys,19,1,2023,Little_Broadhurst,NA,NA,-18.9493795,147.701859,GPS EcoRRAP sites,6,5-Aug,3.6,OCLB_LA1S_P2,OCLB_LA1S_P2
2174,ECO03,Porites massive,Pmas,19,1,2023,Little_Broadhurst,NA,NA,-18.9493795,147.701859,GPS EcoRRAP sites,6,5-Aug,3.6,OCLB_LA1S_P2,OCLB_LA1S_P2
2175,ECO03,Seriatopora hystrix,Shys,19,1,2023,Little_Broadhurst,NA,NA,-18.9493795,147.701859,GPS EcoRRAP sites,6,5-Aug,3.6,OCLB_LA1S_P2,OCLB_LA1S_P2
2176,ECO03,Seriatopora hystrix,Shys,19,1,2023,Little_Broadhurst,NA,NA,-18.94937,147.7020555,GPS EcoRRAP sites,10,5-Aug,3.4,OCLB_LA1S_P34,OCLB_LA1S_P34
2177,ECO03,Porites massive,Pmas,19,1,2023,Little_Broadhurst,NA,NA,-18.949378,147.7020025,GPS EcoRRAP sites,6,5-Aug,3.2,OCLB_LA1S_P3,OCLB_LA1S_P3
2178,ECO03,Porites massive,Pmas,19,1,2023,Little_Broadhurst,NA,NA,-18.949362,147.7021085,GPS EcoRRAP sites,6,5-Aug,3.6,OCLB_LA1S_P4,OCLB_LA1S_P4
2179,ECO03,Seriatopora hystrix,Shys,19,1,2023,Little_Broadhurst,NA,NA,-18.949405,147.7016985,GPS EcoRRAP sites,6,5-Aug,3.2,OCLB_LA1S_P1,OCLB_LA1S_P1
2180,ECO03,Porites massive,Pmas,19,1,2023,Little_Broadhurst,NA,NA,-18.949405,147.7016985,GPS EcoRRAP sites,6,5-Aug,3.2,OCLB_LA1S_P1,OCLB_LA1S_P1
2181,ECO03,Porites massive,Pmas,19,1,2023,Little_Broadhurst,NA,NA,-18.94939225,147.7017788,GPS EcoRRAP sites,10,5-Aug,3.4,OCLB_LA1S_P122,OCLB_LA1S_P122
2182,ECO03,Porites massive,Pmas,19,1,2023,Little_Broadhurst,NA,NA,-18.9440645,147.699442,GPS EcoRRAP sites,6,5-Aug,4.5,OCLB_FL1S_P1,OCLB_FL1S_P1
2183,ECO03,Porites massive,Pmas,19,1,2023,Little_Broadhurst,NA,NA,-18.9440645,147.699442,GPS EcoRRAP sites,6,5-Aug,4.5,OCLB_FL1S_P1,OCLB_FL1S_P1
2184,ECO03,Seriatopora hystrix,Shys,19,1,2023,Little_Broadhurst,NA,NA,-18.9440645,147.699442,GPS EcoRRAP sites,6,5-Aug,4.5,OCLB_FL1S_P1,OCLB_FL1S_P1
2185,ECO03,Seriatopora hystrix,Shys,19,1,2023,Little_Broadhurst,NA,NA,-18.9440645,147.699442,GPS EcoRRAP sites,6,5-Aug,4.5,OCLB_FL1S_P1,OCLB_FL1S_P1
2186,ECO03,Seriatopora hystrix,Shys,19,1,2023,Little_Broadhurst,NA,NA,-18.9440645,147.699442,GPS EcoRRAP sites,6,5-Aug,4.5,OCLB_FL1S_P1,OCLB_FL1S_P1
2187,ECO03,Porites massive,Pmas,19,1,2023,Little_Broadhurst,NA,NA,-18.943966,147.699309,GPS EcoRRAP sites,6,5-Aug,3.9,OCLB_FL1S_P2,OCLB_FL1S_P2
2188,ECO03,Pachyseris speciosa,Pspe,19,1,2023,Little_Broadhurst,NA,NA,-18.943966,147.699309,GPS EcoRRAP sites,6,5-Aug,3.9,OCLB_FL1S_P2,OCLB_FL1S_P2
2189,ECO03,Porites massive,Pmas,19,1,2023,Little_Broadhurst,NA,NA,-18.943966,147.699309,GPS EcoRRAP sites,6,5-Aug,3.9,OCLB_FL1S_P2,OCLB_FL1S_P2
2190,ECO03,Seriatopora hystrix,Shys,19,1,2023,Little_Broadhurst,NA,NA,-18.943966,147.699309,GPS EcoRRAP sites,6,5-Aug,3.9,OCLB_FL1S_P2,OCLB_FL1S_P2
2191,ECO03,Porites massive,Pmas,19,1,2023,Little_Broadhurst,NA,NA,-18.943966,147.699309,GPS EcoRRAP sites,6,5-Aug,3.9,OCLB_FL1S_P2,OCLB_FL1S_P2
2192,ECO03,Porites massive,Pmas,19,1,2023,Little_Broadhurst,NA,NA,-18.943966,147.699309,GPS EcoRRAP sites,6,5-Aug,3.9,OCLB_FL1S_P2,OCLB_FL1S_P2
2193,ECO03,Seriatopora hystrix,Shys,19,1,2023,Little_Broadhurst,NA,NA,-18.949567,147.6928,GPS EcoRRAP sites,6,5-Aug,4.4,OCLB_BA1S_P4,OCLB_BA1S_P4
2194,ECO03,Seriatopora hystrix,Shys,19,1,2023,Little_Broadhurst,NA,NA,-18.949567,147.6928,GPS EcoRRAP sites,6,5-Aug,4.4,OCLB_BA1S_P4,OCLB_BA1S_P4
2195,ECO03,Porites massive,Pmas,19,1,2023,Little_Broadhurst,NA,NA,-18.949567,147.6928,GPS EcoRRAP sites,6,5-Aug,4.4,OCLB_BA1S_P4,OCLB_BA1S_P4
2196,ECO03,Porites massive,Pmas,19,1,2023,Little_Broadhurst,NA,NA,-18.949407,147.692884,GPS EcoRRAP sites,6,5-Aug,4.5,OCLB_BA1S_P3,OCLB_BA1S_P3
2197,ECO03,Seriatopora hystrix,Shys,19,1,2023,Little_Broadhurst,NA,NA,-18.949407,147.692884,GPS EcoRRAP sites,6,5-Aug,4.5,OCLB_BA1S_P3,OCLB_BA1S_P3
2198,ECO03,Porites massive,Pmas,19,1,2023,Little_Broadhurst,NA,NA,-18.949407,147.692884,GPS EcoRRAP sites,6,5-Aug,4.5,OCLB_BA1S_P3,OCLB_BA1S_P3
2199,ECO03,Seriatopora hystrix,Shys,19,1,2023,Little_Broadhurst,NA,NA,-18.949407,147.692884,GPS EcoRRAP sites,6,5-Aug,4.5,OCLB_BA1S_P3,OCLB_BA1S_P3
2200,ECO03,Porites massive,Pmas,19,1,2023,Little_Broadhurst,NA,NA,-18.949407,147.692884,GPS EcoRRAP sites,6,5-Aug,4.5,OCLB_BA1S_P3,OCLB_BA1S_P3
2201,ECO03,Porites massive,Pmas,19,1,2023,Little_Broadhurst,NA,NA,-18.949407,147.692884,GPS EcoRRAP sites,6,5-Aug,4.5,OCLB_BA1S_P3,OCLB_BA1S_P3
2202,ECO03,Porites massive,Pmas,19,1,2023,Little_Broadhurst,NA,NA,-18.9492785,147.693012,GPS EcoRRAP sites,6,5-Aug,3.9,OCLB_BA1S_P2,OCLB_BA1S_P2
2203,ECO03,Porites massive,Pmas,19,1,2023,Little_Broadhurst,NA,NA,-18.9492785,147.693012,GPS EcoRRAP sites,6,5-Aug,3.9,OCLB_BA1S_P2,OCLB_BA1S_P2
2204,ECO03,Seriatopora hystrix,Shys,19,1,2023,Little_Broadhurst,NA,NA,-18.9492785,147.693012,GPS EcoRRAP sites,6,5-Aug,3.9,OCLB_BA1S_P2,OCLB_BA1S_P2
2205,ECO03,Porites massive,Pmas,19,1,2023,Little_Broadhurst,NA,NA,-18.9492785,147.693012,GPS EcoRRAP sites,6,5-Aug,3.9,OCLB_BA1S_P2,OCLB_BA1S_P2
2206,ECO03,Porites massive,Pmas,19,1,2023,Little_Broadhurst,NA,NA,-18.9492785,147.693012,GPS EcoRRAP sites,6,5-Aug,3.9,OCLB_BA1S_P2,OCLB_BA1S_P2
2207,ECO03,Porites massive,Pmas,19,1,2023,Little_Broadhurst,NA,NA,-18.949138,147.6930675,GPS EcoRRAP sites,6,5-Aug,3.8,OCLB_BA1S_P1,OCLB_BA1S_P1
2208,ECO03,Seriatopora hystrix,Shys,19,1,2023,Little_Broadhurst,NA,NA,-18.949138,147.6930675,GPS EcoRRAP sites,6,5-Aug,3.8,OCLB_BA1S_P1,OCLB_BA1S_P1
2209,ECO03,Porites massive,Pmas,19,1,2023,Little_Broadhurst,NA,NA,-18.949138,147.6930675,GPS EcoRRAP sites,6,5-Aug,3.8,OCLB_BA1S_P1,OCLB_BA1S_P1
2210,ECO03,Seriatopora hystrix,Shys,19,1,2023,Little_Broadhurst,NA,NA,-18.949138,147.6930675,GPS EcoRRAP sites,6,5-Aug,3.8,OCLB_BA1S_P1,OCLB_BA1S_P1
2211,ECO03,Porites massive,Pmas,19,1,2023,Little_Broadhurst,NA,NA,-18.949138,147.6930675,GPS EcoRRAP sites,6,5-Aug,3.8,OCLB_BA1S_P1,OCLB_BA1S_P1
2212,ECO03,Seriatopora hystrix,Shys,19,1,2023,Little_Broadhurst,NA,NA,-18.949138,147.6930675,GPS EcoRRAP sites,6,5-Aug,3.8,OCLB_BA1S_P1,OCLB_BA1S_P1
2213,ECO03,Seriatopora hystrix,Shys,19,1,2023,Little_Broadhurst,NA,NA,-18.949138,147.6930675,GPS EcoRRAP sites,6,5-Aug,3.8,OCLB_BA1S_P1,OCLB_BA1S_P1
2214,ECO03,Seriatopora hystrix,Shys,19,1,2023,Little_Broadhurst,NA,NA,-18.949138,147.6930675,GPS EcoRRAP sites,6,5-Aug,3.8,OCLB_BA1S_P1,OCLB_BA1S_P1
2215,ECO03,Porites massive,Pmas,19,1,2023,Little_Broadhurst,NA,NA,-18.949138,147.6930675,GPS EcoRRAP sites,6,5-Aug,3.8,OCLB_BA1S_P1,OCLB_BA1S_P1
2216,ECO03,Porites massive,Pmas,19,1,2023,Little_Broadhurst,NA,NA,-18.949138,147.6930675,GPS EcoRRAP sites,6,5-Aug,3.8,OCLB_BA1S_P1,OCLB_BA1S_P1
2217,ECO03,Porites massive,Pmas,19,1,2023,Little_Broadhurst,NA,NA,-18.9439165,147.699257,GPS EcoRRAP sites,6,5-Aug,5.8,OCLB_FL1S_P3,OCLB_FL1S_P3
2218,ECO03,Porites massive,Pmas,19,1,2023,Little_Broadhurst,NA,NA,-18.9439165,147.699257,GPS EcoRRAP sites,6,5-Aug,5.8,OCLB_FL1S_P3,OCLB_FL1S_P3
2219,ECO03,Seriatopora hystrix,Shys,19,1,2023,Little_Broadhurst,NA,NA,-18.9439165,147.699257,GPS EcoRRAP sites,6,5-Aug,5.8,OCLB_FL1S_P3,OCLB_FL1S_P3
2220,ECO03,Porites massive,Pmas,19,1,2023,Little_Broadhurst,NA,NA,-18.9439165,147.699257,GPS EcoRRAP sites,6,5-Aug,5.8,OCLB_FL1S_P3,OCLB_FL1S_P3
2221,ECO03,Seriatopora hystrix,Shys,19,1,2023,Little_Broadhurst,NA,NA,-18.9439165,147.699257,GPS EcoRRAP sites,6,5-Aug,5.8,OCLB_FL1S_P3,OCLB_FL1S_P3
2222,ECO03,Porites massive,Pmas,19,1,2023,Little_Broadhurst,NA,NA,-18.9439165,147.699257,GPS EcoRRAP sites,6,5-Aug,5.8,OCLB_FL1S_P3,OCLB_FL1S_P3
2223,ECO03,Seriatopora hystrix,Shys,19,1,2023,Little_Broadhurst,NA,NA,-18.944012,147.699129,GPS EcoRRAP sites,6,5-Aug,4.6,OCLB_FL1S_P4,OCLB_FL1S_P4
2224,ECO03,Porites massive,Pmas,19,1,2023,Little_Broadhurst,NA,NA,-18.944012,147.699129,GPS EcoRRAP sites,6,5-Aug,4.6,OCLB_FL1S_P4,OCLB_FL1S_P4
2225,ECO03,Seriatopora hystrix,Shys,19,1,2023,Little_Broadhurst,NA,NA,-18.944012,147.699129,GPS EcoRRAP sites,6,5-Aug,4.6,OCLB_FL1S_P4,OCLB_FL1S_P4
2226,ECO03,Seriatopora hystrix,Shys,19,1,2023,Little_Broadhurst,NA,NA,-18.944012,147.699129,GPS EcoRRAP sites,6,5-Aug,4.6,OCLB_FL1S_P4,OCLB_FL1S_P4
2227,ECO03,Porites massive,Pmas,19,1,2023,Little_Broadhurst,NA,NA,-18.944012,147.699129,GPS EcoRRAP sites,6,5-Aug,4.6,OCLB_FL1S_P4,OCLB_FL1S_P4
2228,ECO03,Porites massive,Pmas,19,1,2023,Little_Broadhurst,NA,NA,-18.944012,147.699129,GPS EcoRRAP sites,6,5-Aug,4.6,OCLB_FL1S_P4,OCLB_FL1S_P4
2229,ECO03,Porites massive,Pmas,19,1,2023,Little_Broadhurst,NA,NA,-18.944012,147.699129,GPS EcoRRAP sites,6,5-Aug,4.6,OCLB_FL1S_P4,OCLB_FL1S_P4
2230,ECO03,Porites massive,Pmas,19,1,2023,Little_Broadhurst,NA,NA,-18.944012,147.699129,GPS EcoRRAP sites,6,5-Aug,4.6,OCLB_FL1S_P4,OCLB_FL1S_P4
2231,ECO03,Porites massive,Pmas,19,1,2023,Little_Broadhurst,NA,NA,-18.944012,147.699129,GPS EcoRRAP sites,6,5-Aug,4.6,OCLB_FL1S_P4,OCLB_FL1S_P4
BLCH0A,ECO03_BLCH,Pocillopora verrucosa,Pver,1,4,2022,Chicken,NA,NA,-18.653038,147.7086435,NA,6,NA,5.8,OCCH_BA1S_P1,OCCH_BA1S_P1
BLCH100A,ECO03_BLCH,Pocillopora damicornis,Pdam,30,3,2022,Davies,NA,NA,-18.81449451,147.637185,NA,6,NA,3.2,OCDA_BA2S_P1,OCDA_BA2S_P1
BLCH100B,ECO03_BLCH,Acropora millepora,Amil,31,3,2022,Davies,NA,NA,-18.83318052,147.6332905,NA,6,NA,2.3,OCDA_LA1S_P4,OCDA_LA1S_P4
BLCH101A,ECO03_BLCH,Stylophora pistillata,Spis,30,3,2022,Davies,NA,NA,-18.81449451,147.637185,NA,6,NA,3.2,OCDA_BA2S_P1,OCDA_BA2S_P1
BLCH101B,ECO03_BLCH,Acropora millepora,Amil,31,3,2022,Davies,NA,NA,-18.83318052,147.6332905,NA,6,NA,2.3,OCDA_LA1S_P4,OCDA_LA1S_P4
BLCH102A,ECO03_BLCH,Pocillopora verrucosa,Pver,31,3,2022,Davies,NA,NA,-18.83318052,147.6332905,NA,6,NA,2.3,OCDA_LA1S_P4,OCDA_LA1S_P4
BLCH102B,ECO03_BLCH,Acropora millepora,Amil,31,3,2022,Davies,NA,NA,-18.83318052,147.6332905,NA,6,NA,2.3,OCDA_LA1S_P4,OCDA_LA1S_P4
BLCH103A,ECO03_BLCH,Pocillopora verrucosa,Pver,31,3,2022,Davies,NA,NA,-18.83318052,147.6332905,NA,6,NA,2.3,OCDA_LA1S_P4,OCDA_LA1S_P4
BLCH103B,ECO03_BLCH,Seriatopora hystrix,Shys,31,3,2022,Davies,NA,NA,-18.805575,147.66835,NA,6,NA,5.4,OCDA_FL1S_P4,OCDA_FL1S_P4
BLCH104A,ECO03_BLCH,Pocillopora damicornis,Pdam,31,3,2022,Davies,NA,NA,-18.83290898,147.6334215,NA,6,NA,2,OCDA_LA1S_P2,OCDA_LA1S_P2
BLCH104B,ECO03_BLCH,Seriatopora hystrix,Shys,31,3,2022,Davies,NA,NA,-18.805575,147.66835,NA,6,NA,5.4,OCDA_FL1S_P4,OCDA_FL1S_P4
BLCH105A,ECO03_BLCH,Stylophora pistillata,Spis,31,3,2022,Davies,NA,NA,-18.83290898,147.6334215,NA,6,NA,2,OCDA_LA1S_P2,OCDA_LA1S_P2
BLCH105B,ECO03_BLCH,Seriatopora hystrix,Shys,31,3,2022,Davies,NA,NA,-18.805575,147.66835,NA,6,NA,5.4,OCDA_FL1S_P4,OCDA_FL1S_P4
BLCH106A,ECO03_BLCH,Stylophora pistillata,Spis,31,3,2022,Davies,NA,NA,-18.83318052,147.6332905,NA,6,NA,2.3,OCDA_LA1S_P4,OCDA_LA1S_P4
BLCH106B,ECO03_BLCH,Seriatopora hystrix,Shys,31,3,2022,Davies,NA,NA,-18.805575,147.66835,NA,6,NA,5.4,OCDA_FL1S_P4,OCDA_FL1S_P4
BLCH107A,ECO03_BLCH,Stylophora pistillata,Spis,31,3,2022,Davies,NA,NA,-18.83318052,147.6332905,NA,6,NA,2.3,OCDA_LA1S_P4,OCDA_LA1S_P4
BLCH107B,ECO03_BLCH,Seriatopora hystrix,Shys,31,3,2022,Davies,NA,NA,-18.805575,147.66835,NA,6,NA,5.4,OCDA_FL1S_P4,OCDA_FL1S_P4
BLCH108A,ECO03_BLCH,Stylophora pistillata,Spis,31,3,2022,Davies,NA,NA,-18.805835,147.66868,NA,6,NA,5.2,OCDA_FL1S_P1,OCDA_FL1S_P1
BLCH108B,ECO03_BLCH,Seriatopora hystrix,Shys,31,3,2022,Davies,NA,NA,-18.805575,147.66835,NA,6,NA,5.4,OCDA_FL1S_P4,OCDA_FL1S_P4
BLCH109A,ECO03_BLCH,Stylophora pistillata,Spis,31,3,2022,Davies,NA,NA,-18.805835,147.66868,NA,6,NA,5.2,OCDA_FL1S_P1,OCDA_FL1S_P1
BLCH109B,ECO03_BLCH,Seriatopora hystrix,Shys,31,3,2022,Davies,NA,NA,-18.805575,147.66835,NA,6,NA,5.4,OCDA_FL1S_P4,OCDA_FL1S_P4
BLCH10A,ECO03_BLCH,Stylophora pistillata,Spis,28,3,2022,Davies,NA,NA,-18.8259,147.62727,NA,10,NA,4.4,OCDA_BA1S_P1,OCDA_BA1S_P1
BLCH10B,ECO03_BLCH,Seriatopora hystrix,Shys,28,3,2022,Davies,NA,NA,-18.81961901,147.6637135,NA,6,NA,4.9,OCDA_FR1S_P1,OCDA_FR1S_P1
BLCH110A,ECO03_BLCH,Pocillopora damicornis,Pdam,31,3,2022,Davies,NA,NA,-18.805835,147.66868,NA,6,NA,5.2,OCDA_FL1S_P1,OCDA_FL1S_P1
BLCH110B,ECO03_BLCH,Seriatopora hystrix,Shys,31,3,2022,Davies,NA,NA,-18.805575,147.66835,NA,6,NA,5.4,OCDA_FL1S_P4,OCDA_FL1S_P4
BLCH111A,ECO03_BLCH,Pocillopora verrucosa,Pver,31,3,2022,Davies,NA,NA,-18.805835,147.66868,NA,6,NA,5.2,OCDA_FL1S_P1,OCDA_FL1S_P1
BLCH111B,ECO03_BLCH,Seriatopora hystrix,Shys,31,3,2022,Davies,NA,NA,-18.805575,147.66835,NA,6,NA,5.4,OCDA_FL1S_P4,OCDA_FL1S_P4
BLCH112A,ECO03_BLCH,Stylophora pistillata,Spis,31,3,2022,Davies,NA,NA,-18.805835,147.66868,NA,6,NA,5.2,OCDA_FL1S_P1,OCDA_FL1S_P1
BLCH112B,ECO03_BLCH,Seriatopora hystrix,Shys,31,3,2022,Davies,NA,NA,-18.805575,147.66835,NA,6,NA,5.4,OCDA_FL1S_P4,OCDA_FL1S_P4
BLCH113A,ECO03_BLCH,Pocillopora damicornis,Pdam,31,3,2022,Davies,NA,NA,-18.805835,147.66868,NA,6,NA,5.2,OCDA_FL1S_P1,OCDA_FL1S_P1
BLCH113B,ECO03_BLCH,Seriatopora hystrix,Shys,31,3,2022,Davies,NA,NA,-18.805575,147.66835,NA,6,NA,5.4,OCDA_FL1S_P4,OCDA_FL1S_P4
BLCH114A,ECO03_BLCH,Stylophora pistillata,Spis,31,3,2022,Davies,NA,NA,-18.805835,147.66868,NA,6,NA,5.2,OCDA_FL1S_P1,OCDA_FL1S_P1
BLCH114B,ECO03_BLCH,Seriatopora hystrix,Shys,31,3,2022,Davies,NA,NA,-18.805575,147.66835,NA,6,NA,5.4,OCDA_FL1S_P4,OCDA_FL1S_P4
BLCH115A,ECO03_BLCH,Pocillopora verrucosa,Pver,31,3,2022,Davies,NA,NA,-18.805835,147.66868,NA,6,NA,5.2,OCDA_FL1S_P1,OCDA_FL1S_P1
BLCH115B,ECO03_BLCH,Acropora millepora,Amil,31,3,2022,Davies,NA,NA,-18.805575,147.66835,NA,6,NA,5.4,OCDA_FL1S_P4,OCDA_FL1S_P4
BLCH116A,ECO03_BLCH,Pocillopora verrucosa,Pver,31,3,2022,Davies,NA,NA,-18.805835,147.66868,NA,6,NA,5.2,OCDA_FL1S_P1,OCDA_FL1S_P1
BLCH116B,ECO03_BLCH,Seriatopora hystrix,Shys,31,3,2022,Davies,NA,NA,-18.805575,147.66835,NA,6,NA,5.4,OCDA_FL1S_P4,OCDA_FL1S_P4
BLCH117A,ECO03_BLCH,Stylophora pistillata,Spis,31,3,2022,Davies,NA,NA,-18.805575,147.66835,NA,6,NA,5.4,OCDA_FL1S_P4,OCDA_FL1S_P4
BLCH117B,ECO03_BLCH,Seriatopora hystrix,Shys,31,3,2022,Davies,NA,NA,-18.805575,147.66835,NA,6,NA,5.4,OCDA_FL1S_P4,OCDA_FL1S_P4
BLCH118A,ECO03_BLCH,Stylophora pistillata,Spis,31,3,2022,Davies,NA,NA,-18.805575,147.66835,NA,6,NA,5.4,OCDA_FL1S_P4,OCDA_FL1S_P4
BLCH118B,ECO03_BLCH,Seriatopora hystrix,Shys,31,3,2022,Davies,NA,NA,-18.805575,147.66835,NA,6,NA,5.4,OCDA_FL1S_P4,OCDA_FL1S_P4
BLCH119A,ECO03_BLCH,Pocillopora verrucosa,Pver,31,3,2022,Davies,NA,NA,-18.805575,147.66835,NA,6,NA,5.4,OCDA_FL1S_P4,OCDA_FL1S_P4
BLCH119B,ECO03_BLCH,Seriatopora hystrix,Shys,31,3,2022,Davies,NA,NA,-18.805575,147.66835,NA,6,NA,5.4,OCDA_FL1S_P4,OCDA_FL1S_P4
BLCH11A,ECO03_BLCH,Stylophora pistillata,Spis,28,3,2022,Davies,NA,NA,-18.8259,147.62727,NA,10,NA,4.4,OCDA_BA1S_P1,OCDA_BA1S_P1
BLCH11B,ECO03_BLCH,Seriatopora hystrix,Shys,28,3,2022,Davies,NA,NA,-18.81961901,147.6637135,NA,6,NA,4.9,OCDA_FR1S_P1,OCDA_FR1S_P1
BLCH120A,ECO03_BLCH,Stylophora pistillata,Spis,31,3,2022,Davies,NA,NA,-18.805575,147.66835,NA,6,NA,5.4,OCDA_FL1S_P4,OCDA_FL1S_P4
BLCH120B,ECO03_BLCH,Seriatopora hystrix,Shys,31,3,2022,Davies,NA,NA,-18.805575,147.66835,NA,6,NA,5.4,OCDA_FL1S_P4,OCDA_FL1S_P4
BLCH121A,ECO03_BLCH,Stylophora pistillata,Spis,31,3,2022,Davies,NA,NA,-18.805575,147.66835,NA,6,NA,5.4,OCDA_FL1S_P4,OCDA_FL1S_P4
BLCH121B,ECO03_BLCH,Acropora hyacinthus,Ahya,1,4,2022,Davies,NA,NA,-18.65208652,147.718515,NA,6,NA,5,OCCH_FL1S_P2,OCCH_FL1S_P2
BLCH122A,ECO03_BLCH,Stylophora pistillata,Spis,31,3,2022,Davies,NA,NA,-18.805575,147.66835,NA,6,NA,5.4,OCDA_FL1S_P4,OCDA_FL1S_P4
BLCH122B,ECO03_BLCH,Acropora hyacinthus,Ahya,1,4,2022,Davies,NA,NA,-18.65208652,147.718515,NA,6,NA,5,OCCH_FL1S_P2,OCCH_FL1S_P2
BLCH123A,ECO03_BLCH,Pocillopora verrucosa,Pver,1,4,2022,Chicken,NA,NA,-18.652094,147.7186785,NA,6,NA,5.6,OCCH_FL1S_P1,OCCH_FL1S_P1
BLCH123B,ECO03_BLCH,Acropora hyacinthus,Ahya,1,4,2022,Davies,NA,NA,-18.65208652,147.718515,NA,6,NA,5,OCCH_FL1S_P2,OCCH_FL1S_P2
BLCH124A,ECO03_BLCH,Pocillopora verrucosa,Pver,1,4,2022,Chicken,NA,NA,-18.652094,147.7186785,NA,6,NA,5.6,OCCH_FL1S_P1,OCCH_FL1S_P1
BLCH124B,ECO03_BLCH,Acropora millepora,Amil,1,4,2022,Davies,NA,NA,-18.65208652,147.718515,NA,6,NA,5,OCCH_FL1S_P2,OCCH_FL1S_P2
BLCH125A,ECO03_BLCH,Stylophora pistillata,Spis,1,4,2022,Chicken,NA,NA,-18.652094,147.7186785,NA,6,NA,5.6,OCCH_FL1S_P1,OCCH_FL1S_P1
BLCH125B,ECO03_BLCH,Acropora hyacinthus,Ahya,1,4,2022,Davies,NA,NA,-18.65208652,147.718515,NA,6,NA,5,OCCH_FL1S_P2,OCCH_FL1S_P2
BLCH126A,ECO03_BLCH,Stylophora pistillata,Spis,1,4,2022,Chicken,NA,NA,-18.652094,147.7186785,NA,6,NA,5.6,OCCH_FL1S_P1,OCCH_FL1S_P1
BLCH126B,ECO03_BLCH,Acropora hyacinthus,Ahya,1,4,2022,Davies,NA,NA,-18.65208652,147.718515,NA,6,NA,5,OCCH_FL1S_P2,OCCH_FL1S_P2
BLCH127A,ECO03_BLCH,Stylophora pistillata,Spis,1,4,2022,Chicken,NA,NA,-18.652094,147.7186785,NA,6,NA,5.6,OCCH_FL1S_P1,OCCH_FL1S_P1
BLCH127B,ECO03_BLCH,Acropora hyacinthus,Ahya,1,4,2022,Davies,NA,NA,-18.65208652,147.718515,NA,6,NA,5,OCCH_FL1S_P2,OCCH_FL1S_P2
BLCH128A,ECO03_BLCH,Pocillopora verrucosa,Pver,1,4,2022,Chicken,NA,NA,-18.652094,147.7186785,NA,6,NA,5.6,OCCH_FL1S_P1,OCCH_FL1S_P1
BLCH128B,ECO03_BLCH,Acropora hyacinthus,Ahya,1,4,2022,Davies,NA,NA,-18.65208652,147.718515,NA,6,NA,5,OCCH_FL1S_P2,OCCH_FL1S_P2
BLCH129A,ECO03_BLCH,Stylophora pistillata,Spis,1,4,2022,Chicken,NA,NA,-18.652094,147.7186785,NA,6,NA,5.6,OCCH_FL1S_P1,OCCH_FL1S_P1
BLCH129B,ECO03_BLCH,Acropora hyacinthus,Ahya,1,4,2022,Davies,NA,NA,-18.65208652,147.718515,NA,6,NA,5,OCCH_FL1S_P2,OCCH_FL1S_P2
BLCH12A,ECO03_BLCH,Acropora hyacinthus,Ahya,28,3,2022,Davies,NA,NA,-18.8259,147.62727,NA,30,NA,3.2,OCDA_BA1S_P3,OCDA_BA1S_P3
BLCH12B,ECO03_BLCH,Seriatopora hystrix,Shys,28,3,2022,Davies,NA,NA,-18.81961901,147.6637135,NA,6,NA,4.9,OCDA_FR1S_P1,OCDA_FR1S_P1
BLCH130A,ECO03_BLCH,Pocillopora damicornis,Pdam,1,4,2022,Chicken,NA,NA,-18.652094,147.7186785,NA,6,NA,5.6,OCCH_FL1S_P1,OCCH_FL1S_P1
BLCH130B,ECO03_BLCH,Acropora hyacinthus,Ahya,1,4,2022,Davies,NA,NA,-18.65208652,147.718515,NA,6,NA,5,OCCH_FL1S_P2,OCCH_FL1S_P2
BLCH131A,ECO03_BLCH,Pocillopora damicornis,Pdam,1,4,2022,Chicken,NA,NA,-18.652094,147.7186785,NA,6,NA,5.6,OCCH_FL1S_P1,OCCH_FL1S_P1
BLCH131B,ECO03_BLCH,Acropora millepora,Amil,1,4,2022,Davies,NA,NA,-18.65208652,147.718515,NA,6,NA,5,OCCH_FL1S_P2,OCCH_FL1S_P2
BLCH132A,ECO03_BLCH,Stylophora pistillata,Spis,1,4,2022,Chicken,NA,NA,-18.652094,147.7186785,NA,6,NA,5.6,OCCH_FL1S_P1,OCCH_FL1S_P1
BLCH132B,ECO03_BLCH,Acropora hyacinthus,Ahya,1,4,2022,Davies,NA,NA,-18.65208652,147.718515,NA,6,NA,5,OCCH_FL1S_P2,OCCH_FL1S_P2
BLCH133A,ECO03_BLCH,Pocillopora verrucosa,Pver,1,4,2022,Chicken,NA,NA,-18.652094,147.7186785,NA,6,NA,5.6,OCCH_FL1S_P1,OCCH_FL1S_P1
BLCH133B,ECO03_BLCH,Acropora millepora,Amil,1,4,2022,Davies,NA,NA,-18.65208652,147.718515,NA,6,NA,5,OCCH_FL1S_P2,OCCH_FL1S_P2
BLCH134A,ECO03_BLCH,Pocillopora damicornis,Pdam,1,4,2022,Chicken,NA,NA,-18.652094,147.7186785,NA,6,NA,5.6,OCCH_FL1S_P1,OCCH_FL1S_P1
BLCH134B,ECO03_BLCH,Acropora millepora,Amil,1,4,2022,Davies,NA,NA,-18.65208652,147.718515,NA,6,NA,5,OCCH_FL1S_P2,OCCH_FL1S_P2
BLCH135A,ECO03_BLCH,Stylophora pistillata,Spis,1,4,2022,Chicken,NA,NA,-18.652094,147.7186785,NA,6,NA,5.6,OCCH_FL1S_P1,OCCH_FL1S_P1
BLCH135B,ECO03_BLCH,Acropora hyacinthus,Ahya,1,4,2022,Davies,NA,NA,-18.65208652,147.718515,NA,6,NA,5,OCCH_FL1S_P2,OCCH_FL1S_P2
BLCH136A,ECO03_BLCH,Stylophora pistillata,Spis,1,4,2022,Chicken,NA,NA,-18.652094,147.7186785,NA,6,NA,5.6,OCCH_FL1S_P1,OCCH_FL1S_P1
BLCH136B,ECO03_BLCH,Acropora hyacinthus,Ahya,1,4,2022,Davies,NA,NA,-18.65208652,147.718515,NA,6,NA,5,OCCH_FL1S_P2,OCCH_FL1S_P2
BLCH137A,ECO03_BLCH,Pocillopora verrucosa,Pver,1,4,2022,Chicken,NA,NA,-18.652094,147.7186785,NA,6,NA,5.6,OCCH_FL1S_P1,OCCH_FL1S_P1
BLCH138A,ECO03_BLCH,Pocillopora damicornis,Pdam,1,4,2022,Chicken,NA,NA,-18.652094,147.7186785,NA,6,NA,5.6,OCCH_FL1S_P1,OCCH_FL1S_P1
BLCH138B,ECO03_BLCH,Acropora millepora,Amil,1,4,2022,Chicken,NA,NA,-18.653038,147.7086435,NA,6,NA,5.8,OCCH_BA1S_P1,OCCH_BA1S_P1
BLCH139A,ECO03_BLCH,Stylophora pistillata,Spis,1,4,2022,Chicken,NA,NA,-18.65208652,147.718515,NA,6,NA,5,OCCH_FL1S_P2,OCCH_FL1S_P2
BLCH139B,ECO03_BLCH,Acropora millepora,Amil,1,4,2022,Chicken,NA,NA,-18.653038,147.7086435,NA,6,NA,5.8,OCCH_BA1S_P1,OCCH_BA1S_P1
BLCH13A,ECO03_BLCH,Acropora hyacinthus,Ahya,28,3,2022,Davies,NA,NA,-18.8259,147.62727,NA,30,NA,3.2,OCDA_BA1S_P3,OCDA_BA1S_P3
BLCH13B,ECO03_BLCH,Seriatopora hystrix,Shys,28,3,2022,Davies,NA,NA,-18.81961901,147.6637135,NA,6,NA,4.9,OCDA_FR1S_P1,OCDA_FR1S_P1
BLCH140A,ECO03_BLCH,Pocillopora damicornis,Pdam,1,4,2022,Chicken,NA,NA,-18.65208652,147.718515,NA,6,NA,5,OCCH_FL1S_P2,OCCH_FL1S_P2
BLCH140B,ECO03_BLCH,Acropora millepora,Amil,1,4,2022,Chicken,NA,NA,-18.653038,147.7086435,NA,6,NA,5.8,OCCH_BA1S_P1,OCCH_BA1S_P1
BLCH141A,ECO03_BLCH,Stylophora pistillata,Spis,1,4,2022,Chicken,NA,NA,-18.65208652,147.718515,NA,6,NA,5,OCCH_FL1S_P2,OCCH_FL1S_P2
BLCH141B,ECO03_BLCH,Acropora millepora,Amil,1,4,2022,Chicken,NA,NA,-18.653038,147.7086435,NA,6,NA,5.8,OCCH_BA1S_P1,OCCH_BA1S_P1
BLCH142A,ECO03_BLCH,Pocillopora verrucosa,Pver,1,4,2022,Chicken,NA,NA,-18.653038,147.7086435,NA,6,NA,5.8,OCCH_BA1S_P1,OCCH_BA1S_P1
BLCH142B,ECO03_BLCH,Acropora millepora,Amil,1,4,2022,Chicken,NA,NA,-18.653038,147.7086435,NA,6,NA,5.8,OCCH_BA1S_P1,OCCH_BA1S_P1
BLCH143A,ECO03_BLCH,Pocillopora verrucosa,Pver,1,4,2022,Chicken,NA,NA,-18.653038,147.7086435,NA,6,NA,5.8,OCCH_BA1S_P1,OCCH_BA1S_P1
BLCH143B,ECO03_BLCH,Acropora millepora,Amil,1,4,2022,Chicken,NA,NA,-18.6531735,147.7085495,NA,6,NA,5.1,OCCH_BA1S_P2,OCCH_BA1S_P2
BLCH144A,ECO03_BLCH,Pocillopora verrucosa,Pver,1,4,2022,Chicken,NA,NA,-18.653038,147.7086435,NA,6,NA,5.8,OCCH_BA1S_P1,OCCH_BA1S_P1
BLCH144B,ECO03_BLCH,Acropora millepora,Amil,1,4,2022,Chicken,NA,NA,-18.6531735,147.7085495,NA,6,NA,5.1,OCCH_BA1S_P2,OCCH_BA1S_P2
BLCH145A,ECO03_BLCH,Stylophora pistillata,Spis,1,4,2022,Chicken,NA,NA,-18.653038,147.7086435,NA,6,NA,5.8,OCCH_BA1S_P1,OCCH_BA1S_P1
BLCH145B,ECO03_BLCH,Acropora millepora,Amil,1,4,2022,Chicken,NA,NA,-18.6531735,147.7085495,NA,6,NA,5.1,OCCH_BA1S_P2,OCCH_BA1S_P2
BLCH146A,ECO03_BLCH,Pocillopora verrucosa,Pver,1,4,2022,Chicken,NA,NA,-18.653038,147.7086435,NA,6,NA,5.8,OCCH_BA1S_P1,OCCH_BA1S_P1
BLCH146B,ECO03_BLCH,Acropora millepora,Amil,1,4,2022,Chicken,NA,NA,-18.6531735,147.7085495,NA,6,NA,5.1,OCCH_BA1S_P2,OCCH_BA1S_P2
BLCH147A,ECO03_BLCH,Pocillopora damicornis,Pdam,1,4,2022,Chicken,NA,NA,-18.6531735,147.7085495,NA,6,NA,5.1,OCCH_BA1S_P2,OCCH_BA1S_P2
BLCH147B,ECO03_BLCH,Acropora millepora,Amil,1,4,2022,Chicken,NA,NA,-18.6531735,147.7085495,NA,6,NA,5.1,OCCH_BA1S_P2,OCCH_BA1S_P2
BLCH148A,ECO03_BLCH,Stylophora pistillata,Spis,1,4,2022,Chicken,NA,NA,-18.6531735,147.7085495,NA,6,NA,5.1,OCCH_BA1S_P2,OCCH_BA1S_P2
BLCH148B,ECO03_BLCH,Acropora millepora,Amil,1,4,2022,Chicken,NA,NA,-18.653342,147.708605,NA,6,NA,5.1,OCCH_BA1S_P3,OCCH_BA1S_P3
BLCH149A,ECO03_BLCH,Pocillopora damicornis,Pdam,1,4,2022,Chicken,NA,NA,-18.6531735,147.7085495,NA,6,NA,5.1,OCCH_BA1S_P2,OCCH_BA1S_P2
BLCH149B,ECO03_BLCH,Acropora millepora,Amil,1,4,2022,Chicken,NA,NA,-18.653342,147.708605,NA,6,NA,5.1,OCCH_BA1S_P3,OCCH_BA1S_P3
BLCH14A,ECO03_BLCH,Acropora hyacinthus,Ahya,28,3,2022,Davies,NA,NA,-18.8259,147.62727,NA,30,NA,3.2,OCDA_BA1S_P3,OCDA_BA1S_P3
BLCH14B,ECO03_BLCH,Acropora hyacinthus,Ahya,28,3,2022,Davies,NA,NA,-18.8194875,147.663784,NA,6,NA,5.5,OCDA_FR1S_P2,OCDA_FR1S_P2
BLCH150A,ECO03_BLCH,Pocillopora damicornis,Pdam,1,4,2022,Chicken,NA,NA,-18.6531735,147.7085495,NA,6,NA,5.1,OCCH_BA1S_P2,OCCH_BA1S_P2
BLCH150B,ECO03_BLCH,Acropora millepora,Amil,1,4,2022,Chicken,NA,NA,-18.653342,147.708605,NA,6,NA,5.1,OCCH_BA1S_P3,OCCH_BA1S_P3
BLCH151A,ECO03_BLCH,Stylophora pistillata,Spis,1,4,2022,Chicken,NA,NA,-18.653342,147.708605,NA,6,NA,5.1,OCCH_BA1S_P3,OCCH_BA1S_P3
BLCH151B,ECO03_BLCH,Acropora millepora,Amil,1,4,2022,Chicken,NA,NA,-18.653383,147.7084325,NA,6,NA,4.8,OCCH_BA1S_P4,OCCH_BA1S_P4
BLCH152A,ECO03_BLCH,Stylophora pistillata,Spis,1,4,2022,Chicken,NA,NA,-18.653342,147.708605,NA,6,NA,5.1,OCCH_BA1S_P3,OCCH_BA1S_P3
BLCH152B,ECO03_BLCH,Acropora millepora,Amil,1,4,2022,Chicken,NA,NA,-18.653383,147.7084325,NA,6,NA,4.8,OCCH_BA1S_P4,OCCH_BA1S_P4
BLCH153A,ECO03_BLCH,Pocillopora verrucosa,Pver,1,4,2022,Chicken,NA,NA,-18.653342,147.708605,NA,6,NA,5.1,OCCH_BA1S_P3,OCCH_BA1S_P3
BLCH153B,ECO03_BLCH,Acropora millepora,Amil,1,4,2022,Chicken,NA,NA,-18.653383,147.7084325,NA,6,NA,4.8,OCCH_BA1S_P4,OCCH_BA1S_P4
BLCH154A,ECO03_BLCH,Stylophora pistillata,Spis,1,4,2022,Chicken,NA,NA,-18.653342,147.708605,NA,6,NA,5.1,OCCH_BA1S_P3,OCCH_BA1S_P3
BLCH154B,ECO03_BLCH,Seriatopora hystrix,Shys,1,4,2022,Chicken,NA,NA,-18.66017252,147.702942,NA,6,NA,4.3,OCCH_BA2S_P1,OCCH_BA2S_P1
BLCH155A,ECO03_BLCH,Pocillopora verrucosa,Pver,1,4,2022,Chicken,NA,NA,-18.653342,147.708605,NA,6,NA,5.1,OCCH_BA1S_P3,OCCH_BA1S_P3
BLCH155B,ECO03_BLCH,Acropora millepora,Amil,1,4,2022,Chicken,NA,NA,-18.66017252,147.702942,NA,6,NA,4.3,OCCH_BA2S_P1,OCCH_BA2S_P1
BLCH156A,ECO03_BLCH,Pocillopora damicornis,Pdam,1,4,2022,Chicken,NA,NA,-18.653383,147.7084325,NA,6,NA,4.8,OCCH_BA1S_P4,OCCH_BA1S_P4
BLCH156B,ECO03_BLCH,Acropora millepora,Amil,1,4,2022,Chicken,NA,NA,-18.66017252,147.702942,NA,6,NA,4.3,OCCH_BA2S_P1,OCCH_BA2S_P1
BLCH157A,ECO03_BLCH,Stylophora pistillata,Spis,1,4,2022,Chicken,NA,NA,-18.653383,147.7084325,NA,6,NA,4.8,OCCH_BA1S_P4,OCCH_BA1S_P4
BLCH157B,ECO03_BLCH,Acropora millepora,Amil,1,4,2022,Chicken,NA,NA,-18.66017252,147.702942,NA,6,NA,4.3,OCCH_BA2S_P1,OCCH_BA2S_P1
BLCH158A,ECO03_BLCH,Pocillopora damicornis,Pdam,1,4,2022,Chicken,NA,NA,-18.653383,147.7084325,NA,6,NA,4.8,OCCH_BA1S_P4,OCCH_BA1S_P4
BLCH158B,ECO03_BLCH,Acropora millepora,Amil,1,4,2022,Chicken,NA,NA,-18.66027,147.70274,NA,10,NA,4.6,OCCH_BA2S_P2,OCCH_BA2S_P2
BLCH159A,ECO03_BLCH,Pocillopora verrucosa,Pver,1,4,2022,Chicken,NA,NA,-18.653383,147.7084325,NA,6,NA,4.8,OCCH_BA1S_P4,OCCH_BA1S_P4
BLCH159B,ECO03_BLCH,Acropora hyacinthus,Ahya,1,4,2022,Chicken,NA,NA,-18.66027,147.70274,NA,10,NA,4.6,OCCH_BA2S_P2,OCCH_BA2S_P2
BLCH15A,ECO03_BLCH,Pocillopora damicornis,Pdam,28,3,2022,Davies,NA,NA,-18.8259,147.62727,NA,30,NA,3.2,OCDA_BA1S_P3,OCDA_BA1S_P3
BLCH15B,ECO03_BLCH,Acropora millepora,Amil,28,3,2022,Davies,NA,NA,-18.8194875,147.663784,NA,6,NA,5.5,OCDA_FR1S_P2,OCDA_FR1S_P2
BLCH160A,ECO03_BLCH,Pocillopora verrucosa,Pver,1,4,2022,Chicken,NA,NA,-18.66017252,147.702942,NA,6,NA,4.3,OCCH_BA2S_P1,OCCH_BA2S_P1
BLCH160B,ECO03_BLCH,Acropora millepora,Amil,1,4,2022,Chicken,NA,NA,-18.66027,147.70274,NA,10,NA,4.6,OCCH_BA2S_P2,OCCH_BA2S_P2
BLCH161A,ECO03_BLCH,Stylophora pistillata,Spis,1,4,2022,Chicken,NA,NA,-18.66017252,147.702942,NA,6,NA,4.3,OCCH_BA2S_P1,OCCH_BA2S_P1
BLCH161B,ECO03_BLCH,Acropora hyacinthus,Ahya,1,4,2022,Chicken,NA,NA,-18.66027,147.70274,NA,10,NA,4.6,OCCH_BA2S_P2,OCCH_BA2S_P2
BLCH162A,ECO03_BLCH,Stylophora pistillata,Spis,1,4,2022,Chicken,NA,NA,-18.66017252,147.702942,NA,6,NA,4.3,OCCH_BA2S_P1,OCCH_BA2S_P1
BLCH162B,ECO03_BLCH,Acropora millepora,Amil,1,4,2022,Chicken,NA,NA,-18.66045,147.70259,NA,10,NA,4.6,OCCH_BA2S_P3,OCCH_BA2S_P3
BLCH163A,ECO03_BLCH,Pocillopora damicornis,Pdam,1,4,2022,Chicken,NA,NA,-18.66017252,147.702942,NA,6,NA,4.3,OCCH_BA2S_P1,OCCH_BA2S_P1
BLCH163B,ECO03_BLCH,Acropora millepora,Amil,1,4,2022,Chicken,NA,NA,-18.66045,147.70259,NA,10,NA,4.6,OCCH_BA2S_P3,OCCH_BA2S_P3
BLCH164A,ECO03_BLCH,Stylophora pistillata,Spis,1,4,2022,Chicken,NA,NA,-18.66017252,147.702942,NA,6,NA,4.3,OCCH_BA2S_P1,OCCH_BA2S_P1
BLCH164B,ECO03_BLCH,Acropora millepora,Amil,1,4,2022,Chicken,NA,NA,-18.66045,147.70259,NA,10,NA,4.6,OCCH_BA2S_P3,OCCH_BA2S_P3
BLCH165A,ECO03_BLCH,Stylophora pistillata,Spis,1,4,2022,Chicken,NA,NA,-18.66017252,147.702942,NA,6,NA,4.3,OCCH_BA2S_P1,OCCH_BA2S_P1
BLCH165B,ECO03_BLCH,Acropora millepora,Amil,1,4,2022,Chicken,NA,NA,-18.66045,147.70259,NA,10,NA,4.6,OCCH_BA2S_P3,OCCH_BA2S_P3
BLCH166A,ECO03_BLCH,Pocillopora verrucosa,Pver,1,4,2022,Chicken,NA,NA,-18.66017252,147.702942,NA,6,NA,4.3,OCCH_BA2S_P1,OCCH_BA2S_P1
BLCH166B,ECO03_BLCH,Acropora millepora,Amil,1,4,2022,Chicken,NA,NA,-18.66045,147.70259,NA,10,NA,4.6,OCCH_BA2S_P3,OCCH_BA2S_P3
BLCH167A,ECO03_BLCH,Pocillopora damicornis,Pdam,1,4,2022,Chicken,NA,NA,-18.66017252,147.702942,NA,6,NA,4.3,OCCH_BA2S_P1,OCCH_BA2S_P1
BLCH167B,ECO03_BLCH,Seriatopora hystrix,Shys,2,4,2022,Little_Broadhurst,NA,NA,-18.9440645,147.699442,NA,6,NA,4.5,OCLB_FL1S_P1,OCLB_FL1S_P1
BLCH168A,ECO03_BLCH,Pocillopora verrucosa,Pver,1,4,2022,Chicken,NA,NA,-18.66017252,147.702942,NA,6,NA,4.3,OCCH_BA2S_P1,OCCH_BA2S_P1
BLCH168B,ECO03_BLCH,Seriatopora hystrix,Shys,2,4,2022,Little_Broadhurst,NA,NA,-18.9440645,147.699442,NA,6,NA,4.5,OCLB_FL1S_P1,OCLB_FL1S_P1
BLCH169A,ECO03_BLCH,Pocillopora damicornis,Pdam,1,4,2022,Chicken,NA,NA,-18.66017252,147.702942,NA,6,NA,4.3,OCCH_BA2S_P1,OCCH_BA2S_P1
BLCH169B,ECO03_BLCH,Seriatopora hystrix,Shys,2,4,2022,Little_Broadhurst,NA,NA,-18.9440645,147.699442,NA,6,NA,4.5,OCLB_FL1S_P1,OCLB_FL1S_P1
BLCH16A,ECO03_BLCH,Stylophora pistillata,Spis,28,3,2022,Davies,NA,NA,-18.8259,147.62727,NA,30,NA,3.2,OCDA_BA1S_P3,OCDA_BA1S_P3
BLCH16B,ECO03_BLCH,Acropora millepora,Amil,28,3,2022,Davies,NA,NA,-18.81938248,147.663904,NA,6,NA,5.2,OCDA_FR1S_P3,OCDA_FR1S_P3
BLCH170A,ECO03_BLCH,Pocillopora verrucosa,Pver,1,4,2022,Chicken,NA,NA,-18.66017252,147.702942,NA,6,NA,4.3,OCCH_BA2S_P1,OCCH_BA2S_P1
BLCH170B,ECO03_BLCH,Seriatopora hystrix,Shys,2,4,2022,Little_Broadhurst,NA,NA,-18.9440645,147.699442,NA,6,NA,4.5,OCLB_FL1S_P1,OCLB_FL1S_P1
BLCH171A,ECO03_BLCH,Pocillopora damicornis,Pdam,1,4,2022,Chicken,NA,NA,-18.66017252,147.702942,NA,6,NA,4.3,OCCH_BA2S_P1,OCCH_BA2S_P1
BLCH171B,ECO03_BLCH,Seriatopora hystrix,Shys,2,4,2022,Little_Broadhurst,NA,NA,-18.9440645,147.699442,NA,6,NA,4.5,OCLB_FL1S_P1,OCLB_FL1S_P1
BLCH172A,ECO03_BLCH,Pocillopora damicornis,Pdam,1,4,2022,Chicken,NA,NA,-18.66017252,147.702942,NA,6,NA,4.3,OCCH_BA2S_P1,OCCH_BA2S_P1
BLCH172B,ECO03_BLCH,Acropora millepora,Amil,2,4,2022,Little_Broadhurst,NA,NA,-18.9440645,147.699442,NA,6,NA,4.5,OCLB_FL1S_P1,OCLB_FL1S_P1
BLCH173A,ECO03_BLCH,Pocillopora verrucosa,Pver,1,4,2022,Chicken,NA,NA,-18.66017252,147.702942,NA,6,NA,4.3,OCCH_BA2S_P1,OCCH_BA2S_P1
BLCH173B,ECO03_BLCH,Acropora millepora,Amil,2,4,2022,Little_Broadhurst,NA,NA,-18.9440645,147.699442,NA,6,NA,4.5,OCLB_FL1S_P1,OCLB_FL1S_P1
BLCH174A,ECO03_BLCH,Stylophora pistillata,Spis,1,4,2022,Chicken,NA,NA,-18.66053299,147.7024005,NA,6,NA,4.1,OCCH_BA2S_P4,OCCH_BA2S_P4
BLCH174B,ECO03_BLCH,Seriatopora hystrix,Shys,2,4,2022,Little_Broadhurst,NA,NA,-18.9440645,147.699442,NA,6,NA,4.5,OCLB_FL1S_P1,OCLB_FL1S_P1
BLCH175A,ECO03_BLCH,Pocillopora verrucosa,Pver,1,4,2022,Chicken,NA,NA,-18.66053299,147.7024005,NA,6,NA,4.1,OCCH_BA2S_P4,OCCH_BA2S_P4
BLCH175B,ECO03_BLCH,Seriatopora hystrix,Shys,2,4,2022,Little_Broadhurst,NA,NA,-18.9440645,147.699442,NA,6,NA,4.5,OCLB_FL1S_P1,OCLB_FL1S_P1
BLCH176A,ECO03_BLCH,Pocillopora verrucosa,Pver,1,4,2022,Chicken,NA,NA,-18.66053299,147.7024005,NA,6,NA,4.1,OCCH_BA2S_P4,OCCH_BA2S_P4
BLCH176B,ECO03_BLCH,Seriatopora hystrix,Shys,2,4,2022,Little_Broadhurst,NA,NA,-18.9440645,147.699442,NA,6,NA,4.5,OCLB_FL1S_P1,OCLB_FL1S_P1
BLCH177A,ECO03_BLCH,Pocillopora verrucosa,Pver,1,4,2022,Chicken,NA,NA,-18.66053299,147.7024005,NA,6,NA,4.1,OCCH_BA2S_P4,OCCH_BA2S_P4
BLCH177B,ECO03_BLCH,Seriatopora hystrix,Shys,2,4,2022,Little_Broadhurst,NA,NA,-18.943966,147.699309,NA,6,NA,3.9,OCLB_FL1S_P2,OCLB_FL1S_P2
BLCH178A,ECO03_BLCH,Pocillopora damicornis,Pdam,2,4,2022,Little_Broadhurst,NA,NA,-18.9440645,147.699442,NA,6,NA,4.5,OCLB_FL1S_P1,OCLB_FL1S_P1
BLCH178B,ECO03_BLCH,Seriatopora hystrix,Shys,2,4,2022,Little_Broadhurst,NA,NA,-18.943966,147.699309,NA,6,NA,3.9,OCLB_FL1S_P2,OCLB_FL1S_P2
BLCH179A,ECO03_BLCH,Pocillopora verrucosa,Pver,2,4,2022,Little_Broadhurst,NA,NA,-18.9440645,147.699442,NA,6,NA,4.5,OCLB_FL1S_P1,OCLB_FL1S_P1
BLCH179B,ECO03_BLCH,Seriatopora hystrix,Shys,2,4,2022,Little_Broadhurst,NA,NA,-18.943966,147.699309,NA,6,NA,3.9,OCLB_FL1S_P2,OCLB_FL1S_P2
BLCH17A,ECO03_BLCH,Acropora hyacinthus,Ahya,28,3,2022,Davies,NA,NA,-18.8259,147.62727,NA,30,NA,3.2,OCDA_BA1S_P3,OCDA_BA1S_P3
BLCH17B,ECO03_BLCH,Seriatopora hystrix,Shys,28,3,2022,Davies,NA,NA,-18.81938248,147.663904,NA,6,NA,5.2,OCDA_FR1S_P3,OCDA_FR1S_P3
BLCH180A,ECO03_BLCH,Pocillopora damicornis,Pdam,2,4,2022,Little_Broadhurst,NA,NA,-18.9440645,147.699442,NA,6,NA,4.5,OCLB_FL1S_P1,OCLB_FL1S_P1
BLCH180B,ECO03_BLCH,Seriatopora hystrix,Shys,2,4,2022,Little_Broadhurst,NA,NA,-18.943966,147.699309,NA,6,NA,3.9,OCLB_FL1S_P2,OCLB_FL1S_P2
BLCH181A,ECO03_BLCH,Stylophora pistillata,Spis,2,4,2022,Little_Broadhurst,NA,NA,-18.9440645,147.699442,NA,6,NA,4.5,OCLB_FL1S_P1,OCLB_FL1S_P1
BLCH181B,ECO03_BLCH,Seriatopora hystrix,Shys,2,4,2022,Little_Broadhurst,NA,NA,-18.9439165,147.699257,NA,6,NA,5.8,OCLB_FL1S_P3,OCLB_FL1S_P3
BLCH182A,ECO03_BLCH,Stylophora pistillata,Spis,2,4,2022,Little_Broadhurst,NA,NA,-18.9440645,147.699442,NA,6,NA,4.5,OCLB_FL1S_P1,OCLB_FL1S_P1
BLCH182B,ECO03_BLCH,Seriatopora hystrix,Shys,2,4,2022,Little_Broadhurst,NA,NA,-18.9439165,147.699257,NA,6,NA,5.8,OCLB_FL1S_P3,OCLB_FL1S_P3
BLCH183A,ECO03_BLCH,Pocillopora verrucosa,Pver,2,4,2022,Little_Broadhurst,NA,NA,-18.9440645,147.699442,NA,6,NA,4.5,OCLB_FL1S_P1,OCLB_FL1S_P1
BLCH183B,ECO03_BLCH,Seriatopora hystrix,Shys,2,4,2022,Little_Broadhurst,NA,NA,-18.9439165,147.699257,NA,6,NA,5.8,OCLB_FL1S_P3,OCLB_FL1S_P3
BLCH184A,ECO03_BLCH,Pocillopora verrucosa,Pver,2,4,2022,Little_Broadhurst,NA,NA,-18.9440645,147.699442,NA,6,NA,4.5,OCLB_FL1S_P1,OCLB_FL1S_P1
BLCH184B,ECO03_BLCH,Stylophora pistillata,Spis,2,4,2022,Little_Broadhurst,NA,NA,-18.949138,147.6930675,NA,6,NA,3.8,OCLB_BA1S_P1,OCLB_BA1S_P1
BLCH185A,ECO03_BLCH,Stylophora pistillata,Spis,2,4,2022,Little_Broadhurst,NA,NA,-18.943966,147.699309,NA,6,NA,3.9,OCLB_FL1S_P2,OCLB_FL1S_P2
BLCH185B,ECO03_BLCH,Pocillopora damicornis,Pdam,2,4,2022,Little_Broadhurst,NA,NA,-18.949138,147.6930675,NA,6,NA,3.8,OCLB_BA1S_P1,OCLB_BA1S_P1
BLCH186A,ECO03_BLCH,Pocillopora damicornis,Pdam,2,4,2022,Little_Broadhurst,NA,NA,-18.943966,147.699309,NA,6,NA,3.9,OCLB_FL1S_P2,OCLB_FL1S_P2
BLCH186B,ECO03_BLCH,Pocillopora damicornis,Pdam,2,4,2022,Little_Broadhurst,NA,NA,-18.949138,147.6930675,NA,6,NA,3.8,OCLB_BA1S_P1,OCLB_BA1S_P1
BLCH187A,ECO03_BLCH,Stylophora pistillata,Spis,2,4,2022,Little_Broadhurst,NA,NA,-18.9439165,147.699257,NA,6,NA,5.8,OCLB_FL1S_P3,OCLB_FL1S_P3
BLCH187B,ECO03_BLCH,Pocillopora verrucosa,Pver,2,4,2022,Little_Broadhurst,NA,NA,-18.949138,147.6930675,NA,6,NA,3.8,OCLB_BA1S_P1,OCLB_BA1S_P1
BLCH188A,ECO03_BLCH,Pocillopora verrucosa,Pver,2,4,2022,Little_Broadhurst,NA,NA,-18.9439165,147.699257,NA,6,NA,5.8,OCLB_FL1S_P3,OCLB_FL1S_P3
BLCH188B,ECO03_BLCH,Seriatopora hystrix,Shys,2,4,2022,Little_Broadhurst,NA,NA,-18.949138,147.6930675,NA,6,NA,3.8,OCLB_BA1S_P1,OCLB_BA1S_P1
BLCH189A,ECO03_BLCH,Pocillopora verrucosa,Pver,2,4,2022,Little_Broadhurst,NA,NA,-18.9439165,147.699257,NA,6,NA,5.8,OCLB_FL1S_P3,OCLB_FL1S_P3
BLCH189B,ECO03_BLCH,Pocillopora verrucosa,Pver,2,4,2022,Little_Broadhurst,NA,NA,-18.949138,147.6930675,NA,6,NA,3.8,OCLB_BA1S_P1,OCLB_BA1S_P1
BLCH18A,ECO03_BLCH,Pocillopora verrucosa,Pver,28,3,2022,Davies,NA,NA,-18.8259,147.62727,NA,30,NA,3.2,OCDA_BA1S_P3,OCDA_BA1S_P3
BLCH18B,ECO03_BLCH,Acropora hyacinthus,Ahya,28,3,2022,Davies,NA,NA,-18.81938248,147.663904,NA,6,NA,5.2,OCDA_FR1S_P3,OCDA_FR1S_P3
BLCH190A,ECO03_BLCH,Stylophora pistillata,Spis,2,4,2022,Little_Broadhurst,NA,NA,-18.9439165,147.699257,NA,6,NA,5.8,OCLB_FL1S_P3,OCLB_FL1S_P3
BLCH190B,ECO03_BLCH,Pocillopora damicornis,Pdam,2,4,2022,Little_Broadhurst,NA,NA,-18.949138,147.6930675,NA,6,NA,3.8,OCLB_BA1S_P1,OCLB_BA1S_P1
BLCH191A,ECO03_BLCH,Stylophora pistillata,Spis,2,4,2022,Little_Broadhurst,NA,NA,-18.9439165,147.699257,NA,6,NA,5.8,OCLB_FL1S_P3,OCLB_FL1S_P3
BLCH191B,ECO03_BLCH,Pocillopora verrucosa,Pver,2,4,2022,Little_Broadhurst,NA,NA,-18.949138,147.6930675,NA,6,NA,3.8,OCLB_BA1S_P1,OCLB_BA1S_P1
BLCH192A,ECO03_BLCH,Pocillopora verrucosa,Pver,11,4,2022,Pelorus,NA,NA,-18.53959533,146.4993701,NA,6,NA,5.4,PAPE_FR1S_P1,PAPE_FR1S_P1
BLCH192B,ECO03_BLCH,Pocillopora verrucosa,Pver,2,4,2022,Little_Broadhurst,NA,NA,-18.949138,147.6930675,NA,6,NA,3.8,OCLB_BA1S_P1,OCLB_BA1S_P1
BLCH193A,ECO03_BLCH,Pocillopora damicornis,Pdam,11,4,2022,Pelorus,NA,NA,-18.53959533,146.4993701,NA,6,NA,5.4,PAPE_FR1S_P1,PAPE_FR1S_P1
BLCH193B,ECO03_BLCH,Stylophora pistillata,Spis,2,4,2022,Little_Broadhurst,NA,NA,-18.949138,147.6930675,NA,6,NA,3.8,OCLB_BA1S_P1,OCLB_BA1S_P1
BLCH194A,ECO03_BLCH,Acropora hyacinthus,Ahya,11,4,2022,Pelorus,NA,NA,-18.53959533,146.4993701,NA,6,NA,5.4,PAPE_FR1S_P1,PAPE_FR1S_P1
BLCH194B,ECO03_BLCH,Stylophora pistillata,Spis,2,4,2022,Little_Broadhurst,NA,NA,-18.949138,147.6930675,NA,6,NA,3.8,OCLB_BA1S_P1,OCLB_BA1S_P1
BLCH195A,ECO03_BLCH,Acropora hyacinthus,Ahya,11,4,2022,Pelorus,NA,NA,-18.53959533,146.4993701,NA,6,NA,5.4,PAPE_FR1S_P1,PAPE_FR1S_P1
BLCH195B,ECO03_BLCH,Stylophora pistillata,Spis,2,4,2022,Little_Broadhurst,NA,NA,-18.949567,147.6928,NA,6,NA,4.4,OCLB_BA1S_P4,OCLB_BA1S_P4
BLCH196A,ECO03_BLCH,Acropora hyacinthus,Ahya,11,4,2022,Pelorus,NA,NA,-18.53959533,146.4993701,NA,6,NA,5.4,PAPE_FR1S_P1,PAPE_FR1S_P1
BLCH196B,ECO03_BLCH,Stylophora pistillata,Spis,2,4,2022,Little_Broadhurst,NA,NA,-18.949567,147.6928,NA,6,NA,4.4,OCLB_BA1S_P4,OCLB_BA1S_P4
BLCH197A,ECO03_BLCH,Acropora hyacinthus,Ahya,11,4,2022,Pelorus,NA,NA,-18.53959533,146.4993701,NA,6,NA,5.4,PAPE_FR1S_P1,PAPE_FR1S_P1
BLCH197B,ECO03_BLCH,Stylophora pistillata,Spis,2,4,2022,Little_Broadhurst,NA,NA,-18.949567,147.6928,NA,6,NA,4.4,OCLB_BA1S_P4,OCLB_BA1S_P4
BLCH198A,ECO03_BLCH,Acropora hyacinthus,Ahya,11,4,2022,Pelorus,NA,NA,-18.53959533,146.4993701,NA,6,NA,5.4,PAPE_FR1S_P1,PAPE_FR1S_P1
BLCH198B,ECO03_BLCH,Acropora millepora,Amil,11,4,2022,Pelorus,NA,NA,-18.53959533,146.4993701,NA,6,NA,5.4,PAPE_FR1S_P1,PAPE_FR1S_P1
BLCH199A,ECO03_BLCH,Pocillopora damicornis,Pdam,11,4,2022,Pelorus,NA,NA,-18.5396,146.4991715,NA,6,NA,4.5,PAPE_FR1S_P2,PAPE_FR1S_P2
BLCH199B,ECO03_BLCH,Acropora millepora,Amil,11,4,2022,Pelorus,NA,NA,-18.53959533,146.4993701,NA,6,NA,5.4,PAPE_FR1S_P1,PAPE_FR1S_P1
BLCH19A,ECO03_BLCH,Pocillopora damicornis,Pdam,28,3,2022,Davies,NA,NA,-18.8259,147.62727,NA,30,NA,3.2,OCDA_BA1S_P3,OCDA_BA1S_P3
BLCH19B,ECO03_BLCH,Porites massive,Pmas,29,3,2022,Davies,NA,NA,-18.81968177,147.663926,NA,6,NA,9.8,OCDA_FR1D_P1,OCDA_FR1D_P1
BLCH1A,ECO03_BLCH,Pocillopora damicornis,Pdam,28,3,2022,Davies,NA,NA,-18.825645,147.62737,NA,6,NA,11.5,OCDA_BA1D_P4,OCDA_BA1D_P4
BLCH1B,ECO03_BLCH,Porites massive,Pmas,28,3,2022,Davies,NA,NA,-18.825645,147.62737,NA,6,NA,11.5,OCDA_BA1D_P4,OCDA_BA1D_P4
BLCH200A,ECO03_BLCH,Pocillopora damicornis,Pdam,11,4,2022,Pelorus,NA,NA,-18.5396,146.4991715,NA,6,NA,4.5,PAPE_FR1S_P2,PAPE_FR1S_P2
BLCH200B,ECO03_BLCH,Acropora millepora,Amil,11,4,2022,Pelorus,NA,NA,-18.53959533,146.4993701,NA,6,NA,5.4,PAPE_FR1S_P1,PAPE_FR1S_P1
BLCH201A,ECO03_BLCH,Pocillopora damicornis,Pdam,11,4,2022,Pelorus,NA,NA,-18.5396,146.4991715,NA,6,NA,4.5,PAPE_FR1S_P2,PAPE_FR1S_P2
BLCH201B,ECO03_BLCH,Acropora millepora,Amil,11,4,2022,Pelorus,NA,NA,-18.53959533,146.4993701,NA,6,NA,5.4,PAPE_FR1S_P1,PAPE_FR1S_P1
BLCH202A,ECO03_BLCH,Acropora hyacinthus,Ahya,11,4,2022,Pelorus,NA,NA,-18.5396,146.4991715,NA,6,NA,4.5,PAPE_FR1S_P2,PAPE_FR1S_P2
BLCH202B,ECO03_BLCH,Acropora millepora,Amil,11,4,2022,Pelorus,NA,NA,-18.53959533,146.4993701,NA,6,NA,5.4,PAPE_FR1S_P1,PAPE_FR1S_P1
BLCH203A,ECO03_BLCH,Pocillopora verrucosa,Pver,11,4,2022,Pelorus,NA,NA,-18.539612,146.499036,NA,6,NA,4,PAPE_FR1S_P3,PAPE_FR1S_P3
BLCH203B,ECO03_BLCH,Acropora millepora,Amil,11,4,2022,Pelorus,NA,NA,-18.53959533,146.4993701,NA,6,NA,5.4,PAPE_FR1S_P1,PAPE_FR1S_P1
BLCH204A,ECO03_BLCH,Pocillopora verrucosa,Pver,11,4,2022,Pelorus,NA,NA,-18.539612,146.499036,NA,6,NA,4,PAPE_FR1S_P3,PAPE_FR1S_P3
BLCH204B,ECO03_BLCH,Acropora millepora,Amil,11,4,2022,Pelorus,NA,NA,-18.53959533,146.4993701,NA,6,NA,5.4,PAPE_FR1S_P1,PAPE_FR1S_P1
BLCH205A,ECO03_BLCH,Acropora hyacinthus,Ahya,11,4,2022,Pelorus,NA,NA,-18.539612,146.499036,NA,6,NA,4,PAPE_FR1S_P3,PAPE_FR1S_P3
BLCH205B,ECO03_BLCH,Acropora millepora,Amil,11,4,2022,Pelorus,NA,NA,-18.53959533,146.4993701,NA,6,NA,5.4,PAPE_FR1S_P1,PAPE_FR1S_P1
BLCH206A,ECO03_BLCH,Acropora hyacinthus,Ahya,11,4,2022,Pelorus,NA,NA,-18.539612,146.499036,NA,6,NA,4,PAPE_FR1S_P3,PAPE_FR1S_P3
BLCH206B,ECO03_BLCH,Acropora millepora,Amil,11,4,2022,Pelorus,NA,NA,-18.53959533,146.4993701,NA,6,NA,5.4,PAPE_FR1S_P1,PAPE_FR1S_P1
BLCH207A,ECO03_BLCH,Pocillopora verrucosa,Pver,11,4,2022,Pelorus,NA,NA,-18.539644,146.498876,NA,6,NA,3.3,PAPE_FR1S_P4,PAPE_FR1S_P4
BLCH207B,ECO03_BLCH,Acropora millepora,Amil,11,4,2022,Pelorus,NA,NA,-18.53959533,146.4993701,NA,6,NA,5.4,PAPE_FR1S_P1,PAPE_FR1S_P1
BLCH208A,ECO03_BLCH,Acropora hyacinthus,Ahya,11,4,2022,Pelorus,NA,NA,-18.539644,146.498876,NA,6,NA,3.3,PAPE_FR1S_P4,PAPE_FR1S_P4
BLCH208B,ECO03_BLCH,Acropora millepora,Amil,11,4,2022,Pelorus,NA,NA,-18.5396,146.4991715,NA,6,NA,4.5,PAPE_FR1S_P2,PAPE_FR1S_P2
BLCH209A,ECO03_BLCH,Pocillopora damicornis,Pdam,11,4,2022,Pelorus,NA,NA,-18.539644,146.498876,NA,6,NA,3.3,PAPE_FR1S_P4,PAPE_FR1S_P4
BLCH209B,ECO03_BLCH,Acropora millepora,Amil,11,4,2022,Pelorus,NA,NA,-18.5396,146.4991715,NA,6,NA,4.5,PAPE_FR1S_P2,PAPE_FR1S_P2
BLCH20A,ECO03_BLCH,Stylophora pistillata,Spis,28,3,2022,Davies,NA,NA,-18.8259,147.62727,NA,30,NA,3.4,OCDA_BA1S_P2,OCDA_BA1S_P2
BLCH20B,ECO03_BLCH,Seriatopora hystrix,Shys,29,3,2022,Davies,NA,NA,-18.81968177,147.663926,NA,6,NA,9.8,OCDA_FR1D_P1,OCDA_FR1D_P1
BLCH210A,ECO03_BLCH,Pocillopora damicornis,Pdam,11,4,2022,Pelorus,NA,NA,-18.53959533,146.4993701,NA,6,NA,5.4,PAPE_FR1S_P1,PAPE_FR1S_P1
BLCH210B,ECO03_BLCH,Acropora millepora,Amil,11,4,2022,Pelorus,NA,NA,-18.539612,146.499036,NA,6,NA,4,PAPE_FR1S_P3,PAPE_FR1S_P3
BLCH211A,ECO03_BLCH,Acropora hyacinthus,Ahya,12,4,2022,Orpheus,NA,NA,-18.5722065,146.4953325,NA,6,NA,3,PAOR_FL1S_P1,PAOR_FL1S_P1
BLCH211B,ECO03_BLCH,Acropora millepora,Amil,11,4,2022,Pelorus,NA,NA,-18.539612,146.499036,NA,6,NA,4,PAPE_FR1S_P3,PAPE_FR1S_P3
BLCH212A,ECO03_BLCH,Acropora hyacinthus,Ahya,12,4,2022,Orpheus,NA,NA,-18.5722065,146.4953325,NA,6,NA,3,PAOR_FL1S_P1,PAOR_FL1S_P1
BLCH212B,ECO03_BLCH,Acropora millepora,Amil,11,4,2022,Pelorus,NA,NA,-18.539612,146.499036,NA,6,NA,4,PAPE_FR1S_P3,PAPE_FR1S_P3
BLCH213A,ECO03_BLCH,Acropora hyacinthus,Ahya,12,4,2022,Orpheus,NA,NA,-18.5722065,146.4953325,NA,6,NA,3,PAOR_FL1S_P1,PAOR_FL1S_P1
BLCH213B,ECO03_BLCH,Acropora millepora,Amil,11,4,2022,Pelorus,NA,NA,-18.539612,146.499036,NA,6,NA,4,PAPE_FR1S_P3,PAPE_FR1S_P3
BLCH214A,ECO03_BLCH,Acropora hyacinthus,Ahya,12,4,2022,Orpheus,NA,NA,-18.5722065,146.4953325,NA,6,NA,3,PAOR_FL1S_P1,PAOR_FL1S_P1
BLCH214B,ECO03_BLCH,Acropora millepora,Amil,11,4,2022,Pelorus,NA,NA,-18.539644,146.498876,NA,6,NA,3.3,PAPE_FR1S_P4,PAPE_FR1S_P4
BLCH215A,ECO03_BLCH,Acropora hyacinthus,Ahya,12,4,2022,Orpheus,NA,NA,-18.5722065,146.4953325,NA,6,NA,3,PAOR_FL1S_P1,PAOR_FL1S_P1
BLCH215B,ECO03_BLCH,Acropora millepora,Amil,11,4,2022,Pelorus,NA,NA,-18.539644,146.498876,NA,6,NA,3.3,PAPE_FR1S_P4,PAPE_FR1S_P4
BLCH216A,ECO03_BLCH,Acropora hyacinthus,Ahya,12,4,2022,Orpheus,NA,NA,-18.5722065,146.4953325,NA,6,NA,3,PAOR_FL1S_P1,PAOR_FL1S_P1
BLCH216B,ECO03_BLCH,Acropora millepora,Amil,11,4,2022,Pelorus,NA,NA,-18.539644,146.498876,NA,6,NA,3.3,PAPE_FR1S_P4,PAPE_FR1S_P4
BLCH217A,ECO03_BLCH,Pocillopora damicornis,Pdam,12,4,2022,Orpheus,NA,NA,-18.5720195,146.495155,NA,6,NA,2.9,PAOR_FL1S_P3,PAOR_FL1S_P3
BLCH217B,ECO03_BLCH,Acropora millepora,Amil,11,4,2022,Pelorus,NA,NA,-18.539644,146.498876,NA,6,NA,3.3,PAPE_FR1S_P4,PAPE_FR1S_P4
BLCH218A,ECO03_BLCH,Acropora hyacinthus,Ahya,12,4,2022,Orpheus,NA,NA,-18.5720195,146.495155,NA,6,NA,2.9,PAOR_FL1S_P3,PAOR_FL1S_P3
BLCH218B,ECO03_BLCH,Acropora millepora,Amil,11,4,2022,Pelorus,NA,NA,-18.539644,146.498876,NA,6,NA,3.3,PAPE_FR1S_P4,PAPE_FR1S_P4
BLCH219A,ECO03_BLCH,Acropora hyacinthus,Ahya,12,4,2022,Orpheus,NA,NA,-18.5720195,146.495155,NA,6,NA,2.9,PAOR_FL1S_P3,PAOR_FL1S_P3
BLCH219B,ECO03_BLCH,Acropora millepora,Amil,11,4,2022,Pelorus,NA,NA,-18.539644,146.498876,NA,6,NA,3.3,PAPE_FR1S_P4,PAPE_FR1S_P4
BLCH21A,ECO03_BLCH,Pocillopora damicornis,Pdam,28,3,2022,Davies,NA,NA,-18.81961901,147.6637135,NA,6,NA,4.9,OCDA_FR1S_P1,OCDA_FR1S_P1
BLCH21B,ECO03_BLCH,Seriatopora hystrix,Shys,29,3,2022,Davies,NA,NA,-18.81968177,147.663926,NA,6,NA,9.8,OCDA_FR1D_P1,OCDA_FR1D_P1
BLCH220A,ECO03_BLCH,Acropora hyacinthus,Ahya,12,4,2022,Orpheus,NA,NA,-18.5720195,146.495155,NA,6,NA,2.9,PAOR_FL1S_P3,PAOR_FL1S_P3
BLCH220B,ECO03_BLCH,Acropora millepora,Amil,11,4,2022,Pelorus,NA,NA,-18.539644,146.498876,NA,6,NA,3.3,PAPE_FR1S_P4,PAPE_FR1S_P4
BLCH221A,ECO03_BLCH,Acropora hyacinthus,Ahya,12,4,2022,Orpheus,NA,NA,-18.5720195,146.495155,NA,6,NA,2.9,PAOR_FL1S_P3,PAOR_FL1S_P3
BLCH221B,ECO03_BLCH,Acropora millepora,Amil,11,4,2022,Pelorus,NA,NA,-18.539644,146.498876,NA,6,NA,3.3,PAPE_FR1S_P4,PAPE_FR1S_P4
BLCH222A,ECO03_BLCH,Acropora hyacinthus,Ahya,12,4,2022,Orpheus,NA,NA,-18.5720195,146.495155,NA,6,NA,2.9,PAOR_FL1S_P3,PAOR_FL1S_P3
BLCH222B,ECO03_BLCH,Acropora millepora,Amil,12,4,2022,Orpheus,NA,NA,-18.5722065,146.4953325,NA,6,NA,3,PAOR_FL1S_P1,PAOR_FL1S_P1
BLCH222B,ECO03_BLCH,Acropora millepora,Amil,12,4,2022,Orpheus,NA,NA,-18.5722065,146.4953325,NA,6,NA,3,PAOR_FL1S_P1,PAOR_FL1S_P1
BLCH223A,ECO03_BLCH,Acropora hyacinthus,Ahya,12,4,2022,Orpheus,NA,NA,-18.5720195,146.495155,NA,6,NA,2.9,PAOR_FL1S_P3,PAOR_FL1S_P3
BLCH223B,ECO03_BLCH,Acropora millepora,Amil,12,4,2022,Orpheus,NA,NA,-18.5722065,146.4953325,NA,6,NA,3,PAOR_FL1S_P1,PAOR_FL1S_P1
BLCH224A,ECO03_BLCH,Pocillopora verrucosa,Pver,12,4,2022,Orpheus,NA,NA,-18.57187,146.495043,NA,6,NA,2.8,PAOR_FL1S_P4,PAOR_FL1S_P4
BLCH224B,ECO03_BLCH,Acropora millepora,Amil,12,4,2022,Orpheus,NA,NA,-18.5722065,146.4953325,NA,6,NA,3,PAOR_FL1S_P1,PAOR_FL1S_P1
BLCH225A,ECO03_BLCH,Acropora hyacinthus,Ahya,12,4,2022,Orpheus,NA,NA,-18.57187,146.495043,NA,6,NA,2.8,PAOR_FL1S_P4,PAOR_FL1S_P4
BLCH225B,ECO03_BLCH,Acropora millepora,Amil,12,4,2022,Orpheus,NA,NA,-18.5722065,146.4953325,NA,6,NA,3,PAOR_FL1S_P1,PAOR_FL1S_P1
BLCH226A,ECO03_BLCH,Acropora hyacinthus,Ahya,12,4,2022,Orpheus,NA,NA,-18.57187,146.495043,NA,6,NA,2.8,PAOR_FL1S_P4,PAOR_FL1S_P4
BLCH226B,ECO03_BLCH,Acropora millepora,Amil,12,4,2022,Orpheus,NA,NA,-18.5722065,146.4953325,NA,6,NA,3,PAOR_FL1S_P1,PAOR_FL1S_P1
BLCH227A,ECO03_BLCH,Acropora hyacinthus,Ahya,12,4,2022,Orpheus,NA,NA,-18.57187,146.495043,NA,6,NA,2.8,PAOR_FL1S_P4,PAOR_FL1S_P4
BLCH227B,ECO03_BLCH,Acropora millepora,Amil,12,4,2022,Orpheus,NA,NA,-18.5722065,146.4953325,NA,6,NA,3,PAOR_FL1S_P1,PAOR_FL1S_P1
BLCH228A,ECO03_BLCH,Acropora hyacinthus,Ahya,12,4,2022,Orpheus,NA,NA,-18.57187,146.495043,NA,6,NA,2.8,PAOR_FL1S_P4,PAOR_FL1S_P4
BLCH228B,ECO03_BLCH,Acropora millepora,Amil,12,4,2022,Orpheus,NA,NA,-18.5722065,146.4953325,NA,6,NA,3,PAOR_FL1S_P1,PAOR_FL1S_P1
BLCH229A,ECO03_BLCH,Acropora hyacinthus,Ahya,12,4,2022,Orpheus,NA,NA,-18.57187,146.495043,NA,6,NA,2.8,PAOR_FL1S_P4,PAOR_FL1S_P4
BLCH229B,ECO03_BLCH,Acropora millepora,Amil,12,4,2022,Orpheus,NA,NA,-18.5720195,146.495155,NA,6,NA,2.9,PAOR_FL1S_P3,PAOR_FL1S_P3
BLCH22A,ECO03_BLCH,Stylophora pistillata,Spis,28,3,2022,Davies,NA,NA,-18.81961901,147.6637135,NA,6,NA,4.9,OCDA_FR1S_P1,OCDA_FR1S_P1
BLCH22B,ECO03_BLCH,Porites massive,Pmas,29,3,2022,Davies,NA,NA,-18.81968177,147.663926,NA,6,NA,9.8,OCDA_FR1D_P1,OCDA_FR1D_P1
BLCH230A,ECO03_BLCH,Pocillopora verrucosa,Pver,12,4,2022,Pelorus,NA,NA,-18.54077403,146.4886517,NA,6,NA,2.2,PAPE_BA2S_P1,PAPE_BA2S_P1
BLCH230B,ECO03_BLCH,Acropora millepora,Amil,12,4,2022,Orpheus,NA,NA,-18.5720195,146.495155,NA,6,NA,2.9,PAOR_FL1S_P3,PAOR_FL1S_P3
BLCH231A,ECO03_BLCH,Pocillopora damicornis,Pdam,12,4,2022,Pelorus,NA,NA,-18.54077403,146.4886517,NA,6,NA,2.2,PAPE_BA2S_P1,PAPE_BA2S_P1
BLCH231B,ECO03_BLCH,Acropora millepora,Amil,12,4,2022,Orpheus,NA,NA,-18.5720195,146.495155,NA,6,NA,2.9,PAOR_FL1S_P3,PAOR_FL1S_P3
BLCH232A,ECO03_BLCH,Pocillopora verrucosa,Pver,12,4,2022,Pelorus,NA,NA,-18.54077403,146.4886517,NA,6,NA,2.2,PAPE_BA2S_P1,PAPE_BA2S_P1
BLCH232B,ECO03_BLCH,Acropora millepora,Amil,12,4,2022,Orpheus,NA,NA,-18.5720195,146.495155,NA,6,NA,2.9,PAOR_FL1S_P3,PAOR_FL1S_P3
BLCH233A,ECO03_BLCH,Pocillopora verrucosa,Pver,12,4,2022,Pelorus,NA,NA,-18.54077403,146.4886517,NA,6,NA,2.2,PAPE_BA2S_P1,PAPE_BA2S_P1
BLCH233B,ECO03_BLCH,Acropora millepora,Amil,12,4,2022,Orpheus,NA,NA,-18.5720195,146.495155,NA,6,NA,2.9,PAOR_FL1S_P3,PAOR_FL1S_P3
BLCH234A,ECO03_BLCH,Pocillopora damicornis,Pdam,12,4,2022,Pelorus,NA,NA,-18.54093586,146.4886141,NA,6,NA,2.3,PAPE_BA2S_P2,PAPE_BA2S_P2
BLCH234B,ECO03_BLCH,Acropora millepora,Amil,12,4,2022,Orpheus,NA,NA,-18.5720195,146.495155,NA,6,NA,2.9,PAOR_FL1S_P3,PAOR_FL1S_P3
BLCH235A,ECO03_BLCH,Pocillopora damicornis,Pdam,12,4,2022,Pelorus,NA,NA,-18.54093586,146.4886141,NA,6,NA,2.3,PAPE_BA2S_P2,PAPE_BA2S_P2
BLCH235B,ECO03_BLCH,Acropora millepora,Amil,12,4,2022,Orpheus,NA,NA,-18.5720195,146.495155,NA,6,NA,2.9,PAOR_FL1S_P3,PAOR_FL1S_P3
BLCH236A,ECO03_BLCH,Pocillopora damicornis,Pdam,12,4,2022,Pelorus,NA,NA,-18.54103498,146.4886175,NA,6,NA,2.6,PAPE_BA2S_P3,PAPE_BA2S_P3
BLCH236B,ECO03_BLCH,Acropora millepora,Amil,12,4,2022,Orpheus,NA,NA,-18.57187,146.495043,NA,6,NA,2.8,PAOR_FL1S_P4,PAOR_FL1S_P4
BLCH237A,ECO03_BLCH,Pocillopora damicornis,Pdam,12,4,2022,Pelorus,NA,NA,-18.54103498,146.4886175,NA,6,NA,2.6,PAPE_BA2S_P3,PAPE_BA2S_P3
BLCH237B,ECO03_BLCH,Acropora millepora,Amil,12,4,2022,Orpheus,NA,NA,-18.57187,146.495043,NA,6,NA,2.8,PAOR_FL1S_P4,PAOR_FL1S_P4
BLCH238A,ECO03_BLCH,Pocillopora damicornis,Pdam,12,4,2022,Pelorus,NA,NA,-18.54116213,146.4886241,NA,6,NA,2.7,PAPE_BA2S_P4,PAPE_BA2S_P4
BLCH238B,ECO03_BLCH,Acropora millepora,Amil,12,4,2022,Orpheus,NA,NA,-18.57187,146.495043,NA,6,NA,2.8,PAOR_FL1S_P4,PAOR_FL1S_P4
BLCH239A,ECO03_BLCH,Pocillopora damicornis,Pdam,12,4,2022,Pelorus,NA,NA,-18.54116213,146.4886241,NA,6,NA,2.7,PAPE_BA2S_P4,PAPE_BA2S_P4
BLCH239B,ECO03_BLCH,Acropora millepora,Amil,12,4,2022,Orpheus,NA,NA,-18.57187,146.495043,NA,6,NA,2.8,PAOR_FL1S_P4,PAOR_FL1S_P4
BLCH23A,ECO03_BLCH,Pocillopora verrucosa,Pver,28,3,2022,Davies,NA,NA,-18.81961901,147.6637135,NA,6,NA,4.9,OCDA_FR1S_P1,OCDA_FR1S_P1
BLCH23B,ECO03_BLCH,Porites massive,Pmas,29,3,2022,Davies,NA,NA,-18.81968177,147.663926,NA,6,NA,9.8,OCDA_FR1D_P1,OCDA_FR1D_P1
BLCH240A,ECO03_BLCH,Pocillopora verrucosa,Pver,12,4,2022,Pelorus,NA,NA,-18.54116213,146.4886241,NA,6,NA,2.7,PAPE_BA2S_P4,PAPE_BA2S_P4
BLCH240B,ECO03_BLCH,Acropora millepora,Amil,12,4,2022,Orpheus,NA,NA,-18.57187,146.495043,NA,6,NA,2.8,PAOR_FL1S_P4,PAOR_FL1S_P4
BLCH241A,ECO03_BLCH,Pocillopora verrucosa,Pver,12,4,2022,Pelorus,NA,NA,-18.54116213,146.4886241,NA,6,NA,2.7,PAPE_BA2S_P4,PAPE_BA2S_P4
BLCH241B,ECO03_BLCH,Acropora millepora,Amil,12,4,2022,Orpheus,NA,NA,-18.57187,146.495043,NA,6,NA,2.8,PAOR_FL1S_P4,PAOR_FL1S_P4
BLCH242A,ECO03_BLCH,Stylophora pistillata,Spis,12,4,2022,Pelorus,NA,NA,-18.54103498,146.4886175,NA,6,NA,2.6,PAPE_BA2S_P3,PAPE_BA2S_P3
BLCH242B,ECO03_BLCH,Acropora millepora,Amil,12,4,2022,Orpheus,NA,NA,-18.57187,146.495043,NA,6,NA,2.8,PAOR_FL1S_P4,PAOR_FL1S_P4
BLCH243A,ECO03_BLCH,Pocillopora damicornis,Pdam,13,4,2022,Pelorus,NA,NA,-18.5505295,146.4884325,NA,6,NA,2.5,PAPE_BA1S_P1,PAPE_BA1S_P1
BLCH243B,ECO03_BLCH,Acropora millepora,Amil,12,4,2022,Pelorus,NA,NA,-18.54077403,146.4886517,NA,6,NA,2.2,PAPE_BA2S_P1,PAPE_BA2S_P1
BLCH244A,ECO03_BLCH,Pocillopora damicornis,Pdam,13,4,2022,Pelorus,NA,NA,-18.5505295,146.4884325,NA,6,NA,2.5,PAPE_BA1S_P1,PAPE_BA1S_P1
BLCH244B,ECO03_BLCH,Acropora hyacinthus,Ahya,12,4,2022,Pelorus,NA,NA,-18.54077403,146.4886517,NA,6,NA,2.2,PAPE_BA2S_P1,PAPE_BA2S_P1
BLCH245A,ECO03_BLCH,Seriatopora hystrix,Shys,13,4,2022,Pelorus,NA,NA,-18.550857,146.4884365,NA,6,NA,2.4,PAPE_BA1S_P3,PAPE_BA1S_P3
BLCH245B,ECO03_BLCH,Acropora millepora,Amil,12,4,2022,Pelorus,NA,NA,-18.54077403,146.4886517,NA,6,NA,2.2,PAPE_BA2S_P1,PAPE_BA2S_P1
BLCH246A,ECO03_BLCH,Seriatopora hystrix,Shys,13,4,2022,Pelorus,NA,NA,-18.550857,146.4884365,NA,6,NA,2.4,PAPE_BA1S_P3,PAPE_BA1S_P3
BLCH246B,ECO03_BLCH,Acropora millepora,Amil,12,4,2022,Pelorus,NA,NA,-18.54077403,146.4886517,NA,6,NA,2.2,PAPE_BA2S_P1,PAPE_BA2S_P1
BLCH247A,ECO03_BLCH,Seriatopora hystrix,Shys,13,4,2022,Pelorus,NA,NA,-18.550857,146.4884365,NA,6,NA,2.4,PAPE_BA1S_P3,PAPE_BA1S_P3
BLCH247B,ECO03_BLCH,Acropora millepora,Amil,12,4,2022,Pelorus,NA,NA,-18.54093586,146.4886141,NA,6,NA,2.3,PAPE_BA2S_P2,PAPE_BA2S_P2
BLCH248A,ECO03_BLCH,Seriatopora hystrix,Shys,13,4,2022,Pelorus,NA,NA,-18.550857,146.4884365,NA,6,NA,2.4,PAPE_BA1S_P3,PAPE_BA1S_P3
BLCH248B,ECO03_BLCH,Acropora millepora,Amil,12,4,2022,Pelorus,NA,NA,-18.54093586,146.4886141,NA,6,NA,2.3,PAPE_BA2S_P2,PAPE_BA2S_P2
BLCH249A,ECO03_BLCH,Seriatopora hystrix,Shys,13,4,2022,Pelorus,NA,NA,-18.550857,146.4884365,NA,6,NA,2.4,PAPE_BA1S_P3,PAPE_BA1S_P3
BLCH249B,ECO03_BLCH,Acropora millepora,Amil,12,4,2022,Pelorus,NA,NA,-18.54093586,146.4886141,NA,6,NA,2.3,PAPE_BA2S_P2,PAPE_BA2S_P2
BLCH24A,ECO03_BLCH,Pocillopora verrucosa,Pver,28,3,2022,Davies,NA,NA,-18.81961901,147.6637135,NA,6,NA,4.9,OCDA_FR1S_P1,OCDA_FR1S_P1
BLCH24B,ECO03_BLCH,Seriatopora hystrix,Shys,29,3,2022,Davies,NA,NA,-18.81968177,147.663926,NA,6,NA,9.8,OCDA_FR1D_P1,OCDA_FR1D_P1
BLCH250A,ECO03_BLCH,Seriatopora hystrix,Shys,13,4,2022,Pelorus,NA,NA,-18.550857,146.4884365,NA,6,NA,2.4,PAPE_BA1S_P3,PAPE_BA1S_P3
BLCH250B,ECO03_BLCH,Acropora millepora,Amil,12,4,2022,Pelorus,NA,NA,-18.54116213,146.4886241,NA,6,NA,2.7,PAPE_BA2S_P4,PAPE_BA2S_P4
BLCH251A,ECO03_BLCH,Seriatopora hystrix,Shys,13,4,2022,Pelorus,NA,NA,-18.550977,146.488431,NA,6,NA,2,PAPE_BA1S_P4,PAPE_BA1S_P4
BLCH251B,ECO03_BLCH,Seriatopora hystrix,Shys,13,4,2022,Pelorus,NA,NA,-18.5505295,146.4884325,NA,6,NA,2.5,PAPE_BA1S_P1,PAPE_BA1S_P1
BLCH252A,ECO03_BLCH,Seriatopora hystrix,Shys,13,4,2022,Pelorus,NA,NA,-18.550977,146.488431,NA,6,NA,2,PAPE_BA1S_P4,PAPE_BA1S_P4
BLCH252B,ECO03_BLCH,Seriatopora hystrix,Shys,13,4,2022,Pelorus,NA,NA,-18.5505295,146.4884325,NA,6,NA,2.5,PAPE_BA1S_P1,PAPE_BA1S_P1
BLCH253B,ECO03_BLCH,Seriatopora hystrix,Shys,13,4,2022,Pelorus,NA,NA,-18.5505295,146.4884325,NA,6,NA,2.5,PAPE_BA1S_P1,PAPE_BA1S_P1
BLCH254B,ECO03_BLCH,Seriatopora hystrix,Shys,13,4,2022,Pelorus,NA,NA,-18.5505295,146.4884325,NA,6,NA,2.5,PAPE_BA1S_P1,PAPE_BA1S_P1
BLCH255B,ECO03_BLCH,Seriatopora hystrix,Shys,13,4,2022,Pelorus,NA,NA,-18.5505295,146.4884325,NA,6,NA,2.5,PAPE_BA1S_P1,PAPE_BA1S_P1
BLCH256B,ECO03_BLCH,Seriatopora hystrix,Shys,13,4,2022,Pelorus,NA,NA,-18.55071,146.488428,NA,6,NA,2.4,PAPE_BA1S_P2,PAPE_BA1S_P2
BLCH257B,ECO03_BLCH,Seriatopora hystrix,Shys,13,4,2022,Pelorus,NA,NA,-18.55071,146.488428,NA,6,NA,2.4,PAPE_BA1S_P2,PAPE_BA1S_P2
BLCH258B,ECO03_BLCH,Seriatopora hystrix,Shys,13,4,2022,Pelorus,NA,NA,-18.55071,146.488428,NA,6,NA,2.4,PAPE_BA1S_P2,PAPE_BA1S_P2
BLCH259B,ECO03_BLCH,Seriatopora hystrix,Shys,13,4,2022,Pelorus,NA,NA,-18.55071,146.488428,NA,6,NA,2.4,PAPE_BA1S_P2,PAPE_BA1S_P2
BLCH25A,ECO03_BLCH,Pocillopora damicornis,Pdam,28,3,2022,Davies,NA,NA,-18.81961901,147.6637135,NA,6,NA,4.9,OCDA_FR1S_P1,OCDA_FR1S_P1
BLCH25B,ECO03_BLCH,Acropora hyacinthus,Ahya,29,3,2022,Davies,NA,NA,-18.81968177,147.663926,NA,6,NA,9.8,OCDA_FR1D_P1,OCDA_FR1D_P1
BLCH260B,ECO03_BLCH,Seriatopora hystrix,Shys,13,4,2022,Pelorus,NA,NA,-18.55071,146.488428,NA,6,NA,2.4,PAPE_BA1S_P2,PAPE_BA1S_P2
BLCH261B,ECO03_BLCH,Seriatopora hystrix,Shys,13,4,2022,Pelorus,NA,NA,-18.550977,146.488431,NA,6,NA,2,PAPE_BA1S_P4,PAPE_BA1S_P4
BLCH262B,ECO03_BLCH,Seriatopora hystrix,Shys,13,4,2022,Pelorus,NA,NA,-18.550977,146.488431,NA,6,NA,2,PAPE_BA1S_P4,PAPE_BA1S_P4
BLCH263B,ECO03_BLCH,Seriatopora hystrix,Shys,13,4,2022,Pelorus,NA,NA,-18.550977,146.488431,NA,6,NA,2,PAPE_BA1S_P4,PAPE_BA1S_P4
BLCH264B,ECO03_BLCH,Seriatopora hystrix,Shys,13,4,2022,Pelorus,NA,NA,-18.550977,146.488431,NA,6,NA,2,PAPE_BA1S_P4,PAPE_BA1S_P4
BLCH265B,ECO03_BLCH,Seriatopora hystrix,Shys,13,4,2022,Pelorus,NA,NA,-18.550977,146.488431,NA,6,NA,2,PAPE_BA1S_P4,PAPE_BA1S_P4
BLCH26A,ECO03_BLCH,Pocillopora acuta,Pacu,28,3,2022,Davies,NA,NA,-18.81961901,147.6637135,NA,6,NA,4.9,OCDA_FR1S_P1,OCDA_FR1S_P1
BLCH26B,ECO03_BLCH,Seriatopora hystrix,Shys,29,3,2022,Davies,NA,NA,-18.81968177,147.663926,NA,6,NA,9.8,OCDA_FR1D_P1,OCDA_FR1D_P1
BLCH27A,ECO03_BLCH,Pocillopora verrucosa,Pver,28,3,2022,Davies,NA,NA,-18.81961901,147.6637135,NA,6,NA,4.9,OCDA_FR1S_P1,OCDA_FR1S_P1
BLCH27B,ECO03_BLCH,Porites massive,Pmas,29,3,2022,Davies,NA,NA,-18.81968177,147.663926,NA,6,NA,9.8,OCDA_FR1D_P1,OCDA_FR1D_P1
BLCH28A,ECO03_BLCH,Pocillopora verrucosa,Pver,28,3,2022,Davies,NA,NA,-18.8194875,147.663784,NA,6,NA,5.5,OCDA_FR1S_P2,OCDA_FR1S_P2
BLCH28B,ECO03_BLCH,Porites massive,Pmas,29,3,2022,Davies,NA,NA,-18.805915,147.668855,NA,6,NA,11.9,OCDA_FL1D_P1,OCDA_FL1D_P1
BLCH29A,ECO03_BLCH,Pocillopora meandrina,Pmea,28,3,2022,Davies,NA,NA,-18.8194875,147.663784,NA,6,NA,5.5,OCDA_FR1S_P2,OCDA_FR1S_P2
BLCH29B,ECO03_BLCH,Porites massive,Pmas,29,3,2022,Davies,NA,NA,-18.805915,147.668855,NA,6,NA,11.9,OCDA_FL1D_P1,OCDA_FL1D_P1
BLCH2A,ECO03_BLCH,Pocillopora damicornis,Pdam,28,3,2022,Davies,NA,NA,-18.825645,147.62737,NA,6,NA,11.5,OCDA_BA1D_P4,OCDA_BA1D_P4
BLCH2B,ECO03_BLCH,Porites massive,Pmas,28,3,2022,Davies,NA,NA,-18.82578,147.627365,NA,6,NA,11.7,OCDA_BA1D_P3,OCDA_BA1D_P3
BLCH30A,ECO03_BLCH,Stylophora pistillata,Spis,28,3,2022,Davies,NA,NA,-18.8194875,147.663784,NA,6,NA,5.5,OCDA_FR1S_P2,OCDA_FR1S_P2
BLCH30B,ECO03_BLCH,Seriatopora hystrix,Shys,29,3,2022,Davies,NA,NA,-18.805915,147.668855,NA,6,NA,11.9,OCDA_FL1D_P1,OCDA_FL1D_P1
BLCH31A,ECO03_BLCH,Stylophora pistillata,Spis,28,3,2022,Davies,NA,NA,-18.8194875,147.663784,NA,6,NA,5.5,OCDA_FR1S_P2,OCDA_FR1S_P2
BLCH31B,ECO03_BLCH,Seriatopora hystrix,Shys,29,3,2022,Davies,NA,NA,-18.805915,147.668855,NA,6,NA,11.9,OCDA_FL1D_P1,OCDA_FL1D_P1
BLCH32A,ECO03_BLCH,Stylophora pistillata,Spis,28,3,2022,Davies,NA,NA,-18.8194875,147.663784,NA,6,NA,5.5,OCDA_FR1S_P2,OCDA_FR1S_P2
BLCH32B,ECO03_BLCH,Porites massive,Pmas,29,3,2022,Davies,NA,NA,-18.805915,147.668855,NA,6,NA,11.9,OCDA_FL1D_P1,OCDA_FL1D_P1
BLCH33A,ECO03_BLCH,Stylophora pistillata,Spis,28,3,2022,Davies,NA,NA,-18.8194875,147.663784,NA,6,NA,5.5,OCDA_FR1S_P2,OCDA_FR1S_P2
BLCH33B,ECO03_BLCH,Porites massive,Pmas,29,3,2022,Davies,NA,NA,-18.805915,147.668855,NA,6,NA,11.9,OCDA_FL1D_P1,OCDA_FL1D_P1
BLCH34A,ECO03_BLCH,Pocillopora verrucosa,Pver,29,3,2022,Davies,NA,NA,-18.81968177,147.663926,NA,6,NA,9.8,OCDA_FR1D_P1,OCDA_FR1D_P1
BLCH34B,ECO03_BLCH,Seriatopora hystrix,Shys,29,3,2022,Davies,NA,NA,-18.805915,147.668855,NA,6,NA,11.9,OCDA_FL1D_P1,OCDA_FL1D_P1
BLCH35A,ECO03_BLCH,Stylophora pistillata,Spis,29,3,2022,Davies,NA,NA,-18.81968177,147.663926,NA,6,NA,9.8,OCDA_FR1D_P1,OCDA_FR1D_P1
BLCH35B,ECO03_BLCH,Seriatopora hystrix,Shys,29,3,2022,Davies,NA,NA,-18.805915,147.668855,NA,6,NA,11.9,OCDA_FL1D_P1,OCDA_FL1D_P1
BLCH36A,ECO03_BLCH,Stylophora pistillata,Spis,29,3,2022,Davies,NA,NA,-18.81968177,147.663926,NA,6,NA,9.8,OCDA_FR1D_P1,OCDA_FR1D_P1
BLCH36B,ECO03_BLCH,Porites massive,Pmas,29,3,2022,Davies,NA,NA,-18.805915,147.668855,NA,6,NA,11.9,OCDA_FL1D_P1,OCDA_FL1D_P1
BLCH37A,ECO03_BLCH,Pocillopora verrucosa,Pver,29,3,2022,Davies,NA,NA,-18.81968177,147.663926,NA,6,NA,9.8,OCDA_FR1D_P1,OCDA_FR1D_P1
BLCH37B,ECO03_BLCH,Porites massive,Pmas,29,3,2022,Davies,NA,NA,-18.805915,147.668855,NA,6,NA,11.9,OCDA_FL1D_P1,OCDA_FL1D_P1
BLCH38A,ECO03_BLCH,Stylophora pistillata,Spis,29,3,2022,Davies,NA,NA,-18.81968177,147.663926,NA,6,NA,9.8,OCDA_FR1D_P1,OCDA_FR1D_P1
BLCH38B,ECO03_BLCH,Acropora hyacinthus,Ahya,29,3,2022,Davies,NA,NA,-18.81449451,147.637185,NA,6,NA,3.2,OCDA_BA2S_P1,OCDA_BA2S_P1
BLCH39A,ECO03_BLCH,Pocillopora damicornis,Pdam,29,3,2022,Davies,NA,NA,-18.81968177,147.663926,NA,6,NA,9.8,OCDA_FR1D_P1,OCDA_FR1D_P1
BLCH39B,ECO03_BLCH,Acropora hyacinthus,Ahya,29,3,2022,Davies,NA,NA,-18.81449451,147.637185,NA,6,NA,3.2,OCDA_BA2S_P1,OCDA_BA2S_P1
BLCH3A,ECO03_BLCH,Pocillopora verrucosa,Pver,28,3,2022,Davies,NA,NA,-18.825645,147.62737,NA,6,NA,11.5,OCDA_BA1D_P4,OCDA_BA1D_P4
BLCH3B,ECO03_BLCH,Porites massive,Pmas,28,3,2022,Davies,NA,NA,-18.82578,147.627365,NA,6,NA,11.7,OCDA_BA1D_P3,OCDA_BA1D_P3
BLCH40A,ECO03_BLCH,Pocillopora damicornis,Pdam,29,3,2022,Davies,NA,NA,-18.81968177,147.663926,NA,6,NA,9.8,OCDA_FR1D_P1,OCDA_FR1D_P1
BLCH40B,ECO03_BLCH,Acropora hyacinthus,Ahya,29,3,2022,Davies,NA,NA,-18.81449451,147.637185,NA,6,NA,3.2,OCDA_BA2S_P1,OCDA_BA2S_P1
BLCH41A,ECO03_BLCH,Stylophora pistillata,Spis,29,3,2022,Davies,NA,NA,-18.81968177,147.663926,NA,6,NA,9.8,OCDA_FR1D_P1,OCDA_FR1D_P1
BLCH41B,ECO03_BLCH,Acropora hyacinthus,Ahya,29,3,2022,Davies,NA,NA,-18.81449451,147.637185,NA,6,NA,3.2,OCDA_BA2S_P1,OCDA_BA2S_P1
BLCH42A,ECO03_BLCH,Stylophora pistillata,Spis,29,3,2022,Davies,NA,NA,-18.805915,147.668855,NA,6,NA,11.9,OCDA_FL1D_P1,OCDA_FL1D_P1
BLCH42B,ECO03_BLCH,Acropora millepora,Amil,29,3,2022,Davies,NA,NA,-18.81449451,147.637185,NA,6,NA,3.2,OCDA_BA2S_P1,OCDA_BA2S_P1
BLCH43A,ECO03_BLCH,Pocillopora damicornis,Pdam,29,3,2022,Davies,NA,NA,-18.805915,147.668855,NA,6,NA,11.9,OCDA_FL1D_P1,OCDA_FL1D_P1
BLCH43B,ECO03_BLCH,Acropora millepora,Amil,29,3,2022,Davies,NA,NA,-18.81449451,147.637185,NA,6,NA,3.2,OCDA_BA2S_P1,OCDA_BA2S_P1
BLCH44A,ECO03_BLCH,Pocillopora verrucosa,Pver,29,3,2022,Davies,NA,NA,-18.805915,147.668855,NA,6,NA,11.9,OCDA_FL1D_P1,OCDA_FL1D_P1
BLCH44B,ECO03_BLCH,Acropora hyacinthus,Ahya,29,3,2022,Davies,NA,NA,-18.81449451,147.637185,NA,6,NA,3.2,OCDA_BA2S_P1,OCDA_BA2S_P1
BLCH45A,ECO03_BLCH,Pocillopora damicornis,Pdam,29,3,2022,Davies,NA,NA,-18.805915,147.668855,NA,6,NA,11.9,OCDA_FL1D_P1,OCDA_FL1D_P1
BLCH45B,ECO03_BLCH,Acropora millepora,Amil,29,3,2022,Davies,NA,NA,-18.81445,147.63709,NA,6,NA,2.7,OCDA_BA2S_P2,OCDA_BA2S_P2
BLCH46A,ECO03_BLCH,Stylophora pistillata,Spis,29,3,2022,Davies,NA,NA,-18.805915,147.668855,NA,6,NA,11.9,OCDA_FL1D_P1,OCDA_FL1D_P1
BLCH46B,ECO03_BLCH,Acropora millepora,Amil,29,3,2022,Davies,NA,NA,-18.81441,147.63697,NA,6,NA,4,OCDA_BA2S_P3,OCDA_BA2S_P3
BLCH47A,ECO03_BLCH,Pocillopora damicornis,Pdam,29,3,2022,Davies,NA,NA,-18.805915,147.668855,NA,6,NA,11.9,OCDA_FL1D_P1,OCDA_FL1D_P1
BLCH47B,ECO03_BLCH,Seriatopora hystrix,Shys,29,3,2022,Davies,NA,NA,-18.81441,147.63697,NA,6,NA,4,OCDA_BA2S_P3,OCDA_BA2S_P3
BLCH48A,ECO03_BLCH,Pocillopora damicornis,Pdam,29,3,2022,Davies,NA,NA,-18.805915,147.668855,NA,6,NA,11.9,OCDA_FL1D_P1,OCDA_FL1D_P1
BLCH48B,ECO03_BLCH,Seriatopora hystrix,Shys,29,3,2022,Davies,NA,NA,-18.81441,147.63697,NA,6,NA,4,OCDA_BA2S_P3,OCDA_BA2S_P3
BLCH49A,ECO03_BLCH,Stylophora pistillata,Spis,29,3,2022,Davies,NA,NA,-18.805915,147.668855,NA,6,NA,11.9,OCDA_FL1D_P1,OCDA_FL1D_P1
BLCH49B,ECO03_BLCH,Acropora millepora,Amil,29,3,2022,Davies,NA,NA,-18.81441,147.63697,NA,6,NA,4,OCDA_BA2S_P3,OCDA_BA2S_P3
BLCH4A,ECO03_BLCH,Stylophora pistillata,Spis,28,3,2022,Davies,NA,NA,-18.82578,147.627365,NA,6,NA,11.7,OCDA_BA1D_P3,OCDA_BA1D_P3
BLCH4B,ECO03_BLCH,Porites massive,Pmas,28,3,2022,Davies,NA,NA,-18.8259,147.62727,NA,10,NA,4.4,OCDA_BA1S_P1,OCDA_BA1S_P1
BLCH50A,ECO03_BLCH,Pocillopora damicornis,Pdam,29,3,2022,Davies,NA,NA,-18.805915,147.668855,NA,6,NA,11.9,OCDA_FL1D_P1,OCDA_FL1D_P1
BLCH50B,ECO03_BLCH,Acropora hyacinthus,Ahya,29,3,2022,Davies,NA,NA,-18.81441,147.63697,NA,6,NA,4,OCDA_BA2S_P3,OCDA_BA2S_P3
BLCH50B,ECO03_BLCH,Acropora hyacinthus,Ahya,29,3,2022,Davies,NA,NA,-18.81441,147.63697,NA,6,NA,4,OCDA_BA2S_P3,OCDA_BA2S_P3
BLCH50B,ECO03_BLCH,Acropora hyacinthus,Ahya,29,3,2022,Davies,NA,NA,-18.81441,147.63697,NA,6,NA,4,OCDA_BA2S_P3,OCDA_BA2S_P3
BLCH51A,ECO03_BLCH,Pocillopora verrucosa,Pver,29,3,2022,Davies,NA,NA,-18.805915,147.668855,NA,6,NA,11.9,OCDA_FL1D_P1,OCDA_FL1D_P1
BLCH51B,ECO03_BLCH,Acropora hyacinthus,Ahya,30,3,2022,Davies,NA,NA,-18.83163711,147.6527145,NA,6,NA,5.7,OCDA_FR2S_P3,OCDA_FR2S_P3
BLCH52A,ECO03_BLCH,Stylophora pistillata,Spis,29,3,2022,Davies,NA,NA,-18.805915,147.668855,NA,6,NA,11.9,OCDA_FL1D_P1,OCDA_FL1D_P1
BLCH52B,ECO03_BLCH,Acropora hyacinthus,Ahya,30,3,2022,Davies,NA,NA,-18.83192685,147.6524971,NA,6,NA,4.9,OCDA_FR2S_P1,OCDA_FR2S_P1
BLCH53A,ECO03_BLCH,Pocillopora meandrina,Pmea,29,3,2022,Davies,NA,NA,-18.81449451,147.637185,NA,6,NA,3.2,OCDA_BA2S_P1,OCDA_BA2S_P1
BLCH53B,ECO03_BLCH,Acropora hyacinthus,Ahya,30,3,2022,Davies,NA,NA,-18.83192685,147.6524971,NA,6,NA,4.9,OCDA_FR2S_P1,OCDA_FR2S_P1
BLCH54A,ECO03_BLCH,Pocillopora meandrina,Pmea,29,3,2022,Davies,NA,NA,-18.81449451,147.637185,NA,6,NA,3.2,OCDA_BA2S_P1,OCDA_BA2S_P1
BLCH54B,ECO03_BLCH,Acropora hyacinthus,Ahya,30,3,2022,Davies,NA,NA,-18.83192685,147.6524971,NA,6,NA,4.9,OCDA_FR2S_P1,OCDA_FR2S_P1
BLCH55A,ECO03_BLCH,Stylophora pistillata,Spis,29,3,2022,Davies,NA,NA,-18.81449451,147.637185,NA,6,NA,3.2,OCDA_BA2S_P1,OCDA_BA2S_P1
BLCH55B,ECO03_BLCH,Acropora hyacinthus,Ahya,30,3,2022,Davies,NA,NA,-18.83192685,147.6524971,NA,6,NA,4.9,OCDA_FR2S_P1,OCDA_FR2S_P1
BLCH56A,ECO03_BLCH,Stylophora pistillata,Spis,29,3,2022,Davies,NA,NA,-18.81449451,147.637185,NA,6,NA,3.2,OCDA_BA2S_P1,OCDA_BA2S_P1
BLCH56B,ECO03_BLCH,Acropora hyacinthus,Ahya,30,3,2022,Davies,NA,NA,-18.83192685,147.6524971,NA,6,NA,4.9,OCDA_FR2S_P1,OCDA_FR2S_P1
BLCH57A,ECO03_BLCH,Pocillopora meandrina,Pmea,29,3,2022,Davies,NA,NA,-18.81449451,147.637185,NA,6,NA,3.2,OCDA_BA2S_P1,OCDA_BA2S_P1
BLCH57B,ECO03_BLCH,Acropora hyacinthus,Ahya,30,3,2022,Davies,NA,NA,-18.83180971,147.6525841,NA,6,NA,5.3,OCDA_FR2S_P2,OCDA_FR2S_P2
BLCH58A,ECO03_BLCH,Stylophora pistillata,Spis,29,3,2022,Davies,NA,NA,-18.81449451,147.637185,NA,6,NA,3.2,OCDA_BA2S_P1,OCDA_BA2S_P1
BLCH58B,ECO03_BLCH,Acropora hyacinthus,Ahya,30,3,2022,Davies,NA,NA,-18.83180971,147.6525841,NA,6,NA,5.3,OCDA_FR2S_P2,OCDA_FR2S_P2
BLCH59A,ECO03_BLCH,Pocillopora verrucosa,Pver,30,3,2022,Davies,NA,NA,-18.83192685,147.6524971,NA,6,NA,4.9,OCDA_FR2S_P1,OCDA_FR2S_P1
BLCH59B,ECO03_BLCH,Acropora millepora,Amil,30,3,2022,Davies,NA,NA,-18.83180971,147.6525841,NA,6,NA,5.3,OCDA_FR2S_P2,OCDA_FR2S_P2
BLCH5A,ECO03_BLCH,Pocillopora verrucosa,Pver,28,3,2022,Davies,NA,NA,-18.82578,147.627365,NA,6,NA,11.7,OCDA_BA1D_P3,OCDA_BA1D_P3
BLCH5B,ECO03_BLCH,Acropora millepora,Amil,28,3,2022,Davies,NA,NA,-18.8259,147.62727,NA,30,NA,3.2,OCDA_BA1S_P3,OCDA_BA1S_P3
BLCH60A,ECO03_BLCH,Pocillopora verrucosa,Pver,30,3,2022,Davies,NA,NA,-18.83192685,147.6524971,NA,6,NA,4.9,OCDA_FR2S_P1,OCDA_FR2S_P1
BLCH60B,ECO03_BLCH,Acropora hyacinthus,Ahya,30,3,2022,Davies,NA,NA,-18.83180971,147.6525841,NA,6,NA,5.3,OCDA_FR2S_P2,OCDA_FR2S_P2
BLCH61A,ECO03_BLCH,Pocillopora meandrina,Pmea,30,3,2022,Davies,NA,NA,-18.83192685,147.6524971,NA,6,NA,4.9,OCDA_FR2S_P1,OCDA_FR2S_P1
BLCH61B,ECO03_BLCH,Acropora hyacinthus,Ahya,30,3,2022,Davies,NA,NA,-18.83180971,147.6525841,NA,6,NA,5.3,OCDA_FR2S_P2,OCDA_FR2S_P2
BLCH62A,ECO03_BLCH,Stylophora pistillata,Spis,30,3,2022,Davies,NA,NA,-18.83192685,147.6524971,NA,6,NA,4.9,OCDA_FR2S_P1,OCDA_FR2S_P1
BLCH62B,ECO03_BLCH,Acropora hyacinthus,Ahya,30,3,2022,Davies,NA,NA,-18.83180971,147.6525841,NA,6,NA,5.3,OCDA_FR2S_P2,OCDA_FR2S_P2
BLCH63A,ECO03_BLCH,Stylophora pistillata,Spis,30,3,2022,Davies,NA,NA,-18.83192685,147.6524971,NA,6,NA,4.9,OCDA_FR2S_P1,OCDA_FR2S_P1
BLCH63B,ECO03_BLCH,Acropora hyacinthus,Ahya,30,3,2022,Davies,NA,NA,-18.83180971,147.6525841,NA,6,NA,5.3,OCDA_FR2S_P2,OCDA_FR2S_P2
BLCH64A,ECO03_BLCH,Pocillopora verrucosa,Pver,30,3,2022,Davies,NA,NA,-18.83192685,147.6524971,NA,6,NA,4.9,OCDA_FR2S_P1,OCDA_FR2S_P1
BLCH64B,ECO03_BLCH,Acropora millepora,Amil,30,3,2022,Davies,NA,NA,-18.83163711,147.6527145,NA,6,NA,5.7,OCDA_FR2S_P3,OCDA_FR2S_P3
BLCH65A,ECO03_BLCH,Pocillopora verrucosa,Pver,30,3,2022,Davies,NA,NA,-18.83192685,147.6524971,NA,6,NA,4.9,OCDA_FR2S_P1,OCDA_FR2S_P1
BLCH65B,ECO03_BLCH,Acropora hyacinthus,Ahya,30,3,2022,Davies,NA,NA,-18.83163711,147.6527145,NA,6,NA,5.7,OCDA_FR2S_P3,OCDA_FR2S_P3
BLCH66A,ECO03_BLCH,Pocillopora damicornis,Pdam,30,3,2022,Davies,NA,NA,-18.83192685,147.6524971,NA,6,NA,4.9,OCDA_FR2S_P1,OCDA_FR2S_P1
BLCH66B,ECO03_BLCH,Acropora millepora,Amil,30,3,2022,Davies,NA,NA,-18.83163711,147.6527145,NA,6,NA,5.7,OCDA_FR2S_P3,OCDA_FR2S_P3
BLCH67A,ECO03_BLCH,Stylophora pistillata,Spis,30,3,2022,Davies,NA,NA,-18.83192685,147.6524971,NA,6,NA,4.9,OCDA_FR2S_P1,OCDA_FR2S_P1
BLCH67B,ECO03_BLCH,Acropora hyacinthus,Ahya,30,3,2022,Davies,NA,NA,-18.83150833,147.6528006,NA,6,NA,5.7,OCDA_FR2S_P4,OCDA_FR2S_P4
BLCH68A,ECO03_BLCH,Pocillopora damicornis,Pdam,30,3,2022,Davies,NA,NA,-18.83192685,147.6524971,NA,6,NA,4.9,OCDA_FR2S_P1,OCDA_FR2S_P1
BLCH68B,ECO03_BLCH,Acropora millepora,Amil,30,3,2022,Davies,NA,NA,-18.83150833,147.6528006,NA,6,NA,5.7,OCDA_FR2S_P4,OCDA_FR2S_P4
BLCH69A,ECO03_BLCH,Pocillopora meandrina,Pmea,30,3,2022,Davies,NA,NA,-18.83180971,147.6525841,NA,6,NA,5.3,OCDA_FR2S_P2,OCDA_FR2S_P2
BLCH69B,ECO03_BLCH,Acropora hyacinthus,Ahya,30,3,2022,Davies,NA,NA,-18.83150833,147.6528006,NA,6,NA,5.7,OCDA_FR2S_P4,OCDA_FR2S_P4
BLCH6A,ECO03_BLCH,Pocillopora verrucosa,Pver,28,3,2022,Davies,NA,NA,-18.82578,147.627365,NA,6,NA,11.7,OCDA_BA1D_P3,OCDA_BA1D_P3
BLCH6B,ECO03_BLCH,Seriatopora hystrix,Shys,28,3,2022,Davies,NA,NA,-18.8259,147.62727,NA,30,NA,3.2,OCDA_BA1S_P3,OCDA_BA1S_P3
BLCH70A,ECO03_BLCH,Pocillopora damicornis,Pdam,30,3,2022,Davies,NA,NA,-18.83180971,147.6525841,NA,6,NA,5.3,OCDA_FR2S_P2,OCDA_FR2S_P2
BLCH70B,ECO03_BLCH,Seriatopora hystrix,Shys,30,3,2022,Davies,NA,NA,-18.83150833,147.6528006,NA,6,NA,5.7,OCDA_FR2S_P4,OCDA_FR2S_P4
BLCH71A,ECO03_BLCH,Stylophora pistillata,Spis,30,3,2022,Davies,NA,NA,-18.83180971,147.6525841,NA,6,NA,5.3,OCDA_FR2S_P2,OCDA_FR2S_P2
BLCH71B,ECO03_BLCH,Seriatopora hystrix,Shys,30,3,2022,Davies,NA,NA,-18.83150833,147.6528006,NA,6,NA,5.7,OCDA_FR2S_P4,OCDA_FR2S_P4
BLCH72A,ECO03_BLCH,Pocillopora verrucosa,Pver,30,3,2022,Davies,NA,NA,-18.83180971,147.6525841,NA,6,NA,5.3,OCDA_FR2S_P2,OCDA_FR2S_P2
BLCH72B,ECO03_BLCH,Acropora millepora,Amil,30,3,2022,Davies,NA,NA,-18.83150833,147.6528006,NA,6,NA,5.7,OCDA_FR2S_P4,OCDA_FR2S_P4
BLCH73A,ECO03_BLCH,Stylophora pistillata,Spis,30,3,2022,Davies,NA,NA,-18.83180971,147.6525841,NA,6,NA,5.3,OCDA_FR2S_P2,OCDA_FR2S_P2
BLCH73B,ECO03_BLCH,Seriatopora hystrix,Shys,30,3,2022,Davies,NA,NA,-18.83150833,147.6528006,NA,6,NA,5.7,OCDA_FR2S_P4,OCDA_FR2S_P4
BLCH74A,ECO03_BLCH,Pocillopora damicornis,Pdam,30,3,2022,Davies,NA,NA,-18.83180971,147.6525841,NA,6,NA,5.3,OCDA_FR2S_P2,OCDA_FR2S_P2
BLCH74B,ECO03_BLCH,Seriatopora hystrix,Shys,30,3,2022,Davies,NA,NA,-18.83150833,147.6528006,NA,6,NA,5.7,OCDA_FR2S_P4,OCDA_FR2S_P4
BLCH75A,ECO03_BLCH,Stylophora pistillata,Spis,30,3,2022,Davies,NA,NA,-18.83180971,147.6525841,NA,6,NA,5.3,OCDA_FR2S_P2,OCDA_FR2S_P2
BLCH75B,ECO03_BLCH,Acropora hyacinthus,Ahya,30,3,2022,Davies,NA,NA,-18.81445,147.63709,NA,6,NA,2.7,OCDA_BA2S_P2,OCDA_BA2S_P2
BLCH76A,ECO03_BLCH,Pocillopora damicornis,Pdam,30,3,2022,Davies,NA,NA,-18.83180971,147.6525841,NA,6,NA,5.3,OCDA_FR2S_P2,OCDA_FR2S_P2
BLCH76B,ECO03_BLCH,Acropora hyacinthus,Ahya,30,3,2022,Davies,NA,NA,-18.81445,147.63709,NA,6,NA,2.7,OCDA_BA2S_P2,OCDA_BA2S_P2
BLCH77A,ECO03_BLCH,Stylophora pistillata,Spis,30,3,2022,Davies,NA,NA,-18.83163711,147.6527145,NA,6,NA,5.7,OCDA_FR2S_P3,OCDA_FR2S_P3
BLCH77B,ECO03_BLCH,Acropora hyacinthus,Ahya,30,3,2022,Davies,NA,NA,-18.81445,147.63709,NA,6,NA,2.7,OCDA_BA2S_P2,OCDA_BA2S_P2
BLCH78A,ECO03_BLCH,Stylophora pistillata,Spis,30,3,2022,Davies,NA,NA,-18.83163711,147.6527145,NA,6,NA,5.7,OCDA_FR2S_P3,OCDA_FR2S_P3
BLCH78B,ECO03_BLCH,Acropora hyacinthus,Ahya,30,3,2022,Davies,NA,NA,-18.81441,147.63697,NA,6,NA,4,OCDA_BA2S_P3,OCDA_BA2S_P3
BLCH79A,ECO03_BLCH,Pocillopora verrucosa,Pver,30,3,2022,Davies,NA,NA,-18.81449451,147.637185,NA,6,NA,3.2,OCDA_BA2S_P1,OCDA_BA2S_P1
BLCH79B,ECO03_BLCH,Seriatopora hystrix,Shys,30,3,2022,Davies,NA,NA,-18.81445,147.63709,NA,6,NA,2.7,OCDA_BA2S_P2,OCDA_BA2S_P2
BLCH7A,ECO03_BLCH,Pocillopora verrucosa,Pver,28,3,2022,Davies,NA,NA,-18.82578,147.627365,NA,6,NA,11.7,OCDA_BA1D_P3,OCDA_BA1D_P3
BLCH7B,ECO03_BLCH,Acropora hyacinthus,Ahya,28,3,2022,Davies,NA,NA,-18.8259,147.62727,NA,30,NA,3.4,OCDA_BA1S_P2,OCDA_BA1S_P2
BLCH80A,ECO03_BLCH,Pocillopora damicornis,Pdam,30,3,2022,Davies,NA,NA,-18.81449451,147.637185,NA,6,NA,3.2,OCDA_BA2S_P1,OCDA_BA2S_P1
BLCH80B,ECO03_BLCH,Acropora hyacinthus,Ahya,30,3,2022,Davies,NA,NA,-18.81445,147.63709,NA,6,NA,2.7,OCDA_BA2S_P2,OCDA_BA2S_P2
BLCH81A,ECO03_BLCH,Pocillopora verrucosa,Pver,30,3,2022,Davies,NA,NA,-18.81449451,147.637185,NA,6,NA,3.2,OCDA_BA2S_P1,OCDA_BA2S_P1
BLCH81B,ECO03_BLCH,Acropora hyacinthus,Ahya,30,3,2022,Davies,NA,NA,-18.81445,147.63709,NA,6,NA,2.7,OCDA_BA2S_P2,OCDA_BA2S_P2
BLCH82A,ECO03_BLCH,Pocillopora damicornis,Pdam,30,3,2022,Davies,NA,NA,-18.81449451,147.637185,NA,6,NA,3.2,OCDA_BA2S_P1,OCDA_BA2S_P1
BLCH82B,ECO03_BLCH,Acropora hyacinthus,Ahya,30,3,2022,Davies,NA,NA,-18.81445,147.63709,NA,6,NA,2.7,OCDA_BA2S_P2,OCDA_BA2S_P2
BLCH83A,ECO03_BLCH,Pocillopora meandrina,Pmea,30,3,2022,Davies,NA,NA,-18.81449451,147.637185,NA,6,NA,3.2,OCDA_BA2S_P1,OCDA_BA2S_P1
BLCH83B,ECO03_BLCH,Acropora millepora,Amil,30,3,2022,Davies,NA,NA,-18.81445,147.63709,NA,6,NA,2.7,OCDA_BA2S_P2,OCDA_BA2S_P2
BLCH84A,ECO03_BLCH,Pocillopora damicornis,Pdam,30,3,2022,Davies,NA,NA,-18.81449451,147.637185,NA,6,NA,3.2,OCDA_BA2S_P1,OCDA_BA2S_P1
BLCH84B,ECO03_BLCH,Acropora millepora,Amil,30,3,2022,Davies,NA,NA,-18.81445,147.63709,NA,6,NA,2.7,OCDA_BA2S_P2,OCDA_BA2S_P2
BLCH85A,ECO03_BLCH,Stylophora pistillata,Spis,30,3,2022,Davies,NA,NA,-18.81449451,147.637185,NA,6,NA,3.2,OCDA_BA2S_P1,OCDA_BA2S_P1
BLCH85B,ECO03_BLCH,Acropora hyacinthus,Ahya,30,3,2022,Davies,NA,NA,-18.81445,147.63709,NA,6,NA,2.7,OCDA_BA2S_P2,OCDA_BA2S_P2
BLCH86A,ECO03_BLCH,Stylophora pistillata,Spis,30,3,2022,Davies,NA,NA,-18.81449451,147.637185,NA,6,NA,3.2,OCDA_BA2S_P1,OCDA_BA2S_P1
BLCH86B,ECO03_BLCH,Acropora hyacinthus,Ahya,30,3,2022,Davies,NA,NA,-18.81441,147.63697,NA,6,NA,4,OCDA_BA2S_P3,OCDA_BA2S_P3
BLCH87A,ECO03_BLCH,Stylophora pistillata,Spis,30,3,2022,Davies,NA,NA,-18.81449451,147.637185,NA,6,NA,3.2,OCDA_BA2S_P1,OCDA_BA2S_P1
BLCH87B,ECO03_BLCH,Acropora millepora,Amil,30,3,2022,Davies,NA,NA,-18.81441,147.63697,NA,6,NA,4,OCDA_BA2S_P3,OCDA_BA2S_P3
BLCH88A,ECO03_BLCH,Pocillopora verrucosa,Pver,30,3,2022,Davies,NA,NA,-18.81449451,147.637185,NA,6,NA,3.2,OCDA_BA2S_P1,OCDA_BA2S_P1
BLCH88B,ECO03_BLCH,Acropora millepora,Amil,30,3,2022,Davies,NA,NA,-18.814435,147.636895,NA,6,NA,3.5,OCDA_BA2S_P4,OCDA_BA2S_P4
BLCH89A,ECO03_BLCH,Pocillopora damicornis,Pdam,30,3,2022,Davies,NA,NA,-18.81449451,147.637185,NA,6,NA,3.2,OCDA_BA2S_P1,OCDA_BA2S_P1
BLCH89B,ECO03_BLCH,Acropora millepora,Amil,30,3,2022,Davies,NA,NA,-18.814435,147.636895,NA,6,NA,3.5,OCDA_BA2S_P4,OCDA_BA2S_P4
BLCH8A,ECO03_BLCH,Pocillopora verrucosa,Pver,28,3,2022,Davies,NA,NA,-18.8259,147.62727,NA,10,NA,4.4,OCDA_BA1S_P1,OCDA_BA1S_P1
BLCH8B,ECO03_BLCH,Acropora millepora,Amil,28,3,2022,Davies,NA,NA,-18.8259,147.62727,NA,30,NA,3.4,OCDA_BA1S_P2,OCDA_BA1S_P2
BLCH90A,ECO03_BLCH,Pocillopora verrucosa,Pver,30,3,2022,Davies,NA,NA,-18.81449451,147.637185,NA,6,NA,3.2,OCDA_BA2S_P1,OCDA_BA2S_P1
BLCH90B,ECO03_BLCH,Acropora hyacinthus,Ahya,30,3,2022,Davies,NA,NA,-18.814435,147.636895,NA,6,NA,3.5,OCDA_BA2S_P4,OCDA_BA2S_P4
BLCH91A,ECO03_BLCH,Stylophora pistillata,Spis,30,3,2022,Davies,NA,NA,-18.81449451,147.637185,NA,6,NA,3.2,OCDA_BA2S_P1,OCDA_BA2S_P1
BLCH91B,ECO03_BLCH,Acropora millepora,Amil,30,3,2022,Davies,NA,NA,-18.814435,147.636895,NA,6,NA,3.5,OCDA_BA2S_P4,OCDA_BA2S_P4
BLCH92A,ECO03_BLCH,Pocillopora verrucosa,Pver,30,3,2022,Davies,NA,NA,-18.81449451,147.637185,NA,6,NA,3.2,OCDA_BA2S_P1,OCDA_BA2S_P1
BLCH92B,ECO03_BLCH,Acropora hyacinthus,Ahya,30,3,2022,Davies,NA,NA,-18.814435,147.636895,NA,6,NA,3.5,OCDA_BA2S_P4,OCDA_BA2S_P4
BLCH93A,ECO03_BLCH,Stylophora pistillata,Spis,30,3,2022,Davies,NA,NA,-18.81449451,147.637185,NA,6,NA,3.2,OCDA_BA2S_P1,OCDA_BA2S_P1
BLCH93B,ECO03_BLCH,Acropora hyacinthus,Ahya,30,3,2022,Davies,NA,NA,-18.814435,147.636895,NA,6,NA,3.5,OCDA_BA2S_P4,OCDA_BA2S_P4
BLCH94A,ECO03_BLCH,Pocillopora damicornis,Pdam,30,3,2022,Davies,NA,NA,-18.81449451,147.637185,NA,6,NA,3.2,OCDA_BA2S_P1,OCDA_BA2S_P1
BLCH94B,ECO03_BLCH,Seriatopora hystrix,Shys,30,3,2022,Davies,NA,NA,-18.81445,147.63709,NA,6,NA,2.7,OCDA_BA2S_P2,OCDA_BA2S_P2
BLCH95A,ECO03_BLCH,Pocillopora damicornis,Pdam,30,3,2022,Davies,NA,NA,-18.81449451,147.637185,NA,6,NA,3.2,OCDA_BA2S_P1,OCDA_BA2S_P1
BLCH95B,ECO03_BLCH,Acropora millepora,Amil,31,3,2022,Davies,NA,NA,-18.83318052,147.6332905,NA,6,NA,2.3,OCDA_LA1S_P4,OCDA_LA1S_P4
BLCH96A,ECO03_BLCH,Pocillopora damicornis,Pdam,30,3,2022,Davies,NA,NA,-18.81449451,147.637185,NA,6,NA,3.2,OCDA_BA2S_P1,OCDA_BA2S_P1
BLCH96B,ECO03_BLCH,Seriatopora hystrix,Shys,31,3,2022,Davies,NA,NA,-18.83318052,147.6332905,NA,6,NA,2.3,OCDA_LA1S_P4,OCDA_LA1S_P4
BLCH97A,ECO03_BLCH,Pocillopora verrucosa,Pver,30,3,2022,Davies,NA,NA,-18.81449451,147.637185,NA,6,NA,3.2,OCDA_BA2S_P1,OCDA_BA2S_P1
BLCH97B,ECO03_BLCH,Seriatopora hystrix,Shys,31,3,2022,Davies,NA,NA,-18.83318052,147.6332905,NA,6,NA,2.3,OCDA_LA1S_P4,OCDA_LA1S_P4
BLCH98A,ECO03_BLCH,Stylophora pistillata,Spis,30,3,2022,Davies,NA,NA,-18.81449451,147.637185,NA,6,NA,3.2,OCDA_BA2S_P1,OCDA_BA2S_P1
BLCH98B,ECO03_BLCH,Acropora millepora,Amil,31,3,2022,Davies,NA,NA,-18.83318052,147.6332905,NA,6,NA,2.3,OCDA_LA1S_P4,OCDA_LA1S_P4
BLCH99A,ECO03_BLCH,Stylophora pistillata,Spis,30,3,2022,Davies,NA,NA,-18.81449451,147.637185,NA,6,NA,3.2,OCDA_BA2S_P1,OCDA_BA2S_P1
BLCH99B,ECO03_BLCH,Acropora millepora,Amil,31,3,2022,Davies,NA,NA,-18.83318052,147.6332905,NA,6,NA,2.3,OCDA_LA1S_P4,OCDA_LA1S_P4
BLCH9A,ECO03_BLCH,Stylophora pistillata,Spis,28,3,2022,Davies,NA,NA,-18.8259,147.62727,NA,10,NA,4.4,OCDA_BA1S_P1,OCDA_BA1S_P1
BLCH9B,ECO03_BLCH,Seriatopora hystrix,Shys,28,3,2022,Davies,NA,NA,-18.81961901,147.6637135,NA,6,NA,4.9,OCDA_FR1S_P1,OCDA_FR1S_P1
2232,ECO03,Porites massive,Pmas,18,2,2023,Moore_Reef,-16.84844,146.2373,-16.8485545,146.2374375,GPS EcoRRAP sites,6,Oct-15,9.9,ONMO_FL1D_P1,ONMO_FL1D_P1
2233,ECO03,Pachyseris speciosa,Pspe,18,2,2023,Moore_Reef,-16.84844,146.2373,-16.848455,146.2373245,GPS EcoRRAP sites,6,Oct-15,10,ONMO_FL1D_P2,ONMO_FL1D_P2
2234,ECO03,Porites massive,Pmas,18,2,2023,Moore_Reef,-16.84844,146.2373,-16.8483585,146.237261,GPS EcoRRAP sites,6,Oct-15,9.6,ONMO_FL1D_P3,ONMO_FL1D_P3
2235,ECO03,Porites massive,Pmas,18,2,2023,Moore_Reef,-16.84844,146.2373,-16.8483175,146.2371315,GPS EcoRRAP sites,6,Oct-15,10.1,ONMO_FL1D_P4,ONMO_FL1D_P4
2236,ECO03,Porites massive,Pmas,18,2,2023,Moore_Reef,-16.8485,146.23726,-16.8486695,146.237388,GPS EcoRRAP sites,6,5-Aug,3.9,ONMO_FL1S_P1,ONMO_FL1S_P1
2237,ECO03,Porites massive,Pmas,18,2,2023,Moore_Reef,-16.8485,146.23726,-16.848496,146.2371905,GPS EcoRRAP sites,6,5-Aug,2.7,ONMO_FL1S_P3,ONMO_FL1S_P3
2238,ECO03,Porites massive,Pmas,18,2,2023,Moore_Reef,-16.8485,146.23726,-16.8484175,146.2370605,GPS EcoRRAP sites,6,5-Aug,4.4,ONMO_FL1S_P4,ONMO_FL1S_P4
2239,ECO03,Porites massive,Pmas,18,2,2023,Moore_Reef,-16.8485,146.23726,-16.848496,146.2371905,GPS EcoRRAP sites,6,5-Aug,2.7,ONMO_FL1S_P3,ONMO_FL1S_P3
2240,ECO03,Porites massive,Pmas,18,2,2023,Moore_Reef,-16.8485,146.23726,-16.848538,146.237323,GPS EcoRRAP sites,6,5-Aug,4.1,ONMO_FL1S_P2,ONMO_FL1S_P2
2241,ECO03,Porites massive,Pmas,19,2,2023,Lizard_Island,-14.68768,145.46523,-14.6875135,145.4651275,GPS EcoRRAP sites,6,5-Aug,3.4,ONLI_LA1S_P1,ONLI_LA1S_P1
2242,ECO03,Porites massive,Pmas,19,2,2023,Lizard_Island,-14.68768,145.46523,-14.6875135,145.4651275,GPS EcoRRAP sites,6,5-Aug,3.4,ONLI_LA1S_P1,ONLI_LA1S_P1
2243,ECO03,Porites massive,Pmas,19,2,2023,Lizard_Island,-14.68768,145.46523,-14.6875135,145.4651275,GPS EcoRRAP sites,6,5-Aug,3.4,ONLI_LA1S_P1,ONLI_LA1S_P1
2244,ECO03,Porites massive,Pmas,19,2,2023,Lizard_Island,-14.68768,145.46523,-14.6876155,145.465167,GPS EcoRRAP sites,6,5-Aug,3.4,ONLI_LA1S_P2,ONLI_LA1S_P2
2245,ECO03,Porites massive,Pmas,19,2,2023,Lizard_Island,-14.68768,145.46523,-14.6876155,145.465167,GPS EcoRRAP sites,6,5-Aug,3.4,ONLI_LA1S_P2,ONLI_LA1S_P2
2246,ECO03,Porites massive,Pmas,19,2,2023,Lizard_Island,-14.68768,145.46523,-14.6876155,145.465167,GPS EcoRRAP sites,6,5-Aug,3.4,ONLI_LA1S_P2,ONLI_LA1S_P2
2247,ECO03,Porites massive,Pmas,19,2,2023,Lizard_Island,-14.68768,145.46523,-14.6878365,145.465296,GPS EcoRRAP sites,6,5-Aug,3.8,ONLI_LA1S_P3,ONLI_LA1S_P3
2248,ECO03,Porites massive,Pmas,19,2,2023,Lizard_Island,-14.68768,145.46523,-14.6878365,145.465296,GPS EcoRRAP sites,6,5-Aug,3.8,ONLI_LA1S_P3,ONLI_LA1S_P3
2249,ECO03,Porites massive,Pmas,19,2,2023,Lizard_Island,-14.68768,145.46523,-14.6878365,145.465296,GPS EcoRRAP sites,6,5-Aug,3.8,ONLI_LA1S_P3,ONLI_LA1S_P3
2250,ECO03,Porites massive,Pmas,19,2,2023,Lizard_Island,-14.68768,145.46523,-14.6879075,145.465401,GPS EcoRRAP sites,6,5-Aug,4.1,ONLI_LA1S_P4,ONLI_LA1S_P4
2251,ECO03,Porites massive,Pmas,19,2,2023,Lizard_Island,-14.68768,145.46523,-14.6879075,145.465401,GPS EcoRRAP sites,6,5-Aug,4.1,ONLI_LA1S_P4,ONLI_LA1S_P4
2252,ECO03,Porites massive,Pmas,19,2,2023,Lizard_Island,-14.68768,145.46523,-14.6879075,145.465401,GPS EcoRRAP sites,6,5-Aug,4.1,ONLI_LA1S_P4,ONLI_LA1S_P4
2253,ECO03,Porites massive,Pmas,20,2,2023,Lizard_Island,-14.6507,145.45024,-14.650714,145.450096,GPS EcoRRAP sites,60,5-Aug,4.7,ONLI_BA1S_P1,ONLI_BA1S_P1
2254,ECO03,Porites massive,Pmas,20,2,2023,Lizard_Island,-14.6507,145.45024,-14.650714,145.450096,GPS EcoRRAP sites,60,5-Aug,4.7,ONLI_BA1S_P1,ONLI_BA1S_P1
2255,ECO03,Porites massive,Pmas,20,2,2023,Lizard_Island,-14.6507,145.45024,-14.650714,145.450096,GPS EcoRRAP sites,30,5-Aug,3.7,ONLI_BA1S_P2,ONLI_BA1S_P2
2256,ECO03,Porites massive,Pmas,20,2,2023,Lizard_Island,-14.6507,145.45024,-14.650714,145.450096,GPS EcoRRAP sites,30,5-Aug,3.7,ONLI_BA1S_P2,ONLI_BA1S_P2
2257,ECO03,Porites massive,Pmas,20,2,2023,Lizard_Island,-14.6507,145.45024,-14.650714,145.450096,GPS EcoRRAP sites,30,5-Aug,3.7,ONLI_BA1S_P2,ONLI_BA1S_P2
2258,ECO03,Porites massive,Pmas,20,2,2023,Lizard_Island,-14.6507,145.45024,-14.650714,145.450096,GPS EcoRRAP sites,30,5-Aug,4.3,ONLI_BA1S_P3,ONLI_BA1S_P3
2259,ECO03,Porites massive,Pmas,20,2,2023,Lizard_Island,-14.6507,145.45024,-14.650714,145.450096,GPS EcoRRAP sites,30,5-Aug,4.3,ONLI_BA1S_P3,ONLI_BA1S_P3
2260,ECO03,Porites massive,Pmas,20,2,2023,Lizard_Island,-14.6507,145.45024,-14.650714,145.450096,GPS EcoRRAP sites,30,5-Aug,4.3,ONLI_BA1S_P3,ONLI_BA1S_P3
2261,ECO03,Porites massive,Pmas,20,2,2023,Lizard_Island,-14.6507,145.45024,-14.650714,145.450096,GPS EcoRRAP sites,60,5-Aug,4.9,ONLI_BA1S_P4,ONLI_BA1S_P4
2262,ECO03,Porites massive,Pmas,20,2,2023,Lizard_Island,-14.6507,145.45024,-14.650714,145.450096,GPS EcoRRAP sites,60,5-Aug,4.9,ONLI_BA1S_P4,ONLI_BA1S_P4
2263,ECO03,Porites massive,Pmas,20,2,2023,Lizard_Island,-14.6507,145.45024,-14.650714,145.450096,GPS EcoRRAP sites,60,5-Aug,4.9,ONLI_BA1S_P4,ONLI_BA1S_P4
2264,ECO03,Porites massive,Pmas,20,2,2023,Lizard_Island,-14.66776,145.44197,-14.667794,145.441894,GPS EcoRRAP sites,60,3-May,2,ONLI_BA2S_P1,ONLI_BA2S_P1
2265,ECO03,Porites massive,Pmas,20,2,2023,Lizard_Island,-14.66776,145.44197,-14.667794,145.441894,GPS EcoRRAP sites,60,3-May,2,ONLI_BA2S_P1,ONLI_BA2S_P1
2266,ECO03,Porites massive,Pmas,20,2,2023,Lizard_Island,-14.66776,145.44197,-14.667794,145.441894,GPS EcoRRAP sites,30,3-May,2.1,ONLI_BA2S_P2,ONLI_BA2S_P2
2267,ECO03,Porites massive,Pmas,20,2,2023,Lizard_Island,-14.66776,145.44197,-14.667794,145.441894,GPS EcoRRAP sites,30,3-May,2.1,ONLI_BA2S_P2,ONLI_BA2S_P2
2268,ECO03,Porites massive,Pmas,20,2,2023,Lizard_Island,-14.66776,145.44197,-14.667794,145.441894,GPS EcoRRAP sites,30,3-May,2.1,ONLI_BA2S_P2,ONLI_BA2S_P2
2269,ECO03,Porites massive,Pmas,20,2,2023,Lizard_Island,-14.66776,145.44197,-14.667794,145.441894,GPS EcoRRAP sites,30,3-May,3,ONLI_BA2S_P3,ONLI_BA2S_P3
2270,ECO03,Porites massive,Pmas,20,2,2023,Lizard_Island,-14.66776,145.44197,-14.667794,145.441894,GPS EcoRRAP sites,30,3-May,3,ONLI_BA2S_P3,ONLI_BA2S_P3
2271,ECO03,Porites massive,Pmas,20,2,2023,Lizard_Island,-14.66776,145.44197,-14.667794,145.441894,GPS EcoRRAP sites,30,3-May,3,ONLI_BA2S_P3,ONLI_BA2S_P3
2272,ECO03,Porites massive,Pmas,20,2,2023,Lizard_Island,-14.66776,145.44197,-14.667794,145.441894,GPS EcoRRAP sites,30,3-May,3,ONLI_BA2S_P3,ONLI_BA2S_P3
2273,ECO03,Porites massive,Pmas,20,2,2023,Lizard_Island,-14.66776,145.44197,-14.667794,145.441894,GPS EcoRRAP sites,60,3-May,4.8,ONLI_BA2S_P4,ONLI_BA2S_P4
2274,ECO03,Porites massive,Pmas,20,2,2023,Lizard_Island,-14.66776,145.44197,-14.667794,145.441894,GPS EcoRRAP sites,60,3-May,4.8,ONLI_BA2S_P4,ONLI_BA2S_P4
2275,ECO03,Porites massive,Pmas,20,2,2023,Lizard_Island,-14.66776,145.44197,-14.667794,145.441894,GPS EcoRRAP sites,60,3-May,4.8,ONLI_BA2S_P4,ONLI_BA2S_P4
2276,ECO03,Porites massive,Pmas,21,2,2023,Lizard_Island,-14.6494,145.49286,-14.649595,145.493099,GPS EcoRRAP sites,6,5-Aug,4.9,ONLI_FR2S_P1,ONLI_FR2S_P1
2277,ECO03,Porites massive,Pmas,21,2,2023,Lizard_Island,-14.6494,145.49286,-14.649595,145.493099,GPS EcoRRAP sites,6,5-Aug,4.9,ONLI_FR2S_P1,ONLI_FR2S_P1
2278,ECO03,Porites massive,Pmas,21,2,2023,Lizard_Island,-14.6494,145.49286,-14.649595,145.493099,GPS EcoRRAP sites,6,5-Aug,4.9,ONLI_FR2S_P1,ONLI_FR2S_P1
2279,ECO03,Porites massive,Pmas,21,2,2023,Lizard_Island,-14.6494,145.49286,-14.649595,145.493099,GPS EcoRRAP sites,6,5-Aug,4.9,ONLI_FR2S_P1,ONLI_FR2S_P1
2280,ECO03,Porites massive,Pmas,21,2,2023,Lizard_Island,-14.6494,145.49286,-14.649456,145.492929,GPS EcoRRAP sites,6,5-Aug,4.3,ONLI_FR2S_P3,ONLI_FR2S_P3
2281,ECO03,Porites massive,Pmas,21,2,2023,Lizard_Island,-14.6494,145.49286,-14.649456,145.492929,GPS EcoRRAP sites,6,5-Aug,4.3,ONLI_FR2S_P3,ONLI_FR2S_P3
2282,ECO03,Porites massive,Pmas,21,2,2023,Lizard_Island,-14.6494,145.49286,-14.649456,145.492929,GPS EcoRRAP sites,6,5-Aug,4.3,ONLI_FR2S_P3,ONLI_FR2S_P3
2283,ECO03,Porites massive,Pmas,21,2,2023,Lizard_Island,-14.6494,145.49286,-14.649549,145.493068,GPS EcoRRAP sites,6,5-Aug,4.6,ONLI_FR2S_P2,ONLI_FR2S_P2
2284,ECO03,Seriatopora hystrix,Shys,21,2,2023,Lizard_Island,-14.6494,145.49286,-14.649549,145.493068,GPS EcoRRAP sites,6,5-Aug,4.6,ONLI_FR2S_P2,ONLI_FR2S_P2
2285,ECO03,Porites massive,Pmas,21,2,2023,Lizard_Island,-14.6494,145.49286,-14.649549,145.493068,GPS EcoRRAP sites,6,5-Aug,4.6,ONLI_FR2S_P2,ONLI_FR2S_P2
2286,ECO03,Porites massive,Pmas,21,2,2023,Lizard_Island,-14.69811,145.44543,-14.697944,145.4452925,GPS EcoRRAP sites,6,5-Aug,3.9,ONLI_FL1S_P1,ONLI_FL1S_P1
2287,ECO03,Porites massive,Pmas,21,2,2023,Lizard_Island,-14.69811,145.44543,-14.697944,145.4452925,GPS EcoRRAP sites,6,5-Aug,3.9,ONLI_FL1S_P1,ONLI_FL1S_P1
2288,ECO03,Porites massive,Pmas,21,2,2023,Lizard_Island,-14.69811,145.44543,-14.697944,145.4452925,GPS EcoRRAP sites,6,5-Aug,3.9,ONLI_FL1S_P1,ONLI_FL1S_P1
2289,ECO03,Porites massive,Pmas,21,2,2023,Lizard_Island,-14.69811,145.44543,-14.697944,145.4452925,GPS EcoRRAP sites,6,5-Aug,3.9,ONLI_FL1S_P1,ONLI_FL1S_P1
2290,ECO03,Porites massive,Pmas,21,2,2023,Lizard_Island,-14.69811,145.44543,-14.6980275,145.4453655,GPS EcoRRAP sites,6,5-Aug,3.8,ONLI_FL1S_P2,ONLI_FL1S_P2
2291,ECO03,Porites massive,Pmas,21,2,2023,Lizard_Island,-14.69811,145.44543,-14.6980275,145.4453655,GPS EcoRRAP sites,6,5-Aug,3.8,ONLI_FL1S_P2,ONLI_FL1S_P2
2292,ECO03,Seriatopora hystrix,Shys,21,2,2023,Lizard_Island,-14.69811,145.44543,-14.698135,145.445475,GPS EcoRRAP sites,6,5-Aug,3.9,ONLI_FL1S_P3,ONLI_FL1S_P3
2293,ECO03,Porites massive,Pmas,21,2,2023,Lizard_Island,-14.69811,145.44543,-14.698135,145.445475,GPS EcoRRAP sites,6,5-Aug,3.9,ONLI_FL1S_P3,ONLI_FL1S_P3
2294,ECO03,Porites massive,Pmas,21,2,2023,Lizard_Island,-14.69811,145.44543,-14.698135,145.445475,GPS EcoRRAP sites,6,5-Aug,3.9,ONLI_FL1S_P3,ONLI_FL1S_P3
2295,ECO03,Porites massive,Pmas,21,2,2023,Lizard_Island,-14.69811,145.44543,-14.69823,145.4455835,GPS EcoRRAP sites,6,5-Aug,4.3,ONLI_FL1S_P4,ONLI_FL1S_P4
2296,ECO03,Porites massive,Pmas,21,2,2023,Lizard_Island,-14.69811,145.44543,-14.69823,145.4455835,GPS EcoRRAP sites,6,5-Aug,4.3,ONLI_FL1S_P4,ONLI_FL1S_P4
2297,ECO03,Seriatopora hystrix,Shys,21,2,2023,Lizard_Island,-14.69811,145.44543,-14.69823,145.4455835,GPS EcoRRAP sites,6,5-Aug,4.3,ONLI_FL1S_P4,ONLI_FL1S_P4
2298,ECO03,Seriatopora hystrix,Shys,21,2,2023,Lizard_Island,-14.69811,145.44543,-14.69823,145.4455835,GPS EcoRRAP sites,6,5-Aug,4.3,ONLI_FL1S_P4,ONLI_FL1S_P4
2299,ECO03,Porites massive,Pmas,21,2,2023,Lizard_Island,-14.69811,145.44543,-14.69823,145.4455835,GPS EcoRRAP sites,6,5-Aug,4.3,ONLI_FL1S_P4,ONLI_FL1S_P4
2300,ECO03,Porites massive,Pmas,23,2,2023,Masig,-9.74876,143.39987,-9.748695,143.399805,GPS EcoRRAP sites,30,8-Dec,10.7,TSMA_BA1D_P3,TSMA_BA1D_P3
2301,ECO03,Pachyseris speciosa,Pspe,23,2,2023,Masig,-9.74876,143.39987,-9.748695,143.399805,GPS EcoRRAP sites,30,8-Dec,10.7,TSMA_BA1D_P3,TSMA_BA1D_P3
2302,ECO03,Pachyseris speciosa,Pspe,23,2,2023,Masig,-9.74876,143.39987,-9.748695,143.399805,GPS EcoRRAP sites,30,8-Dec,10.7,TSMA_BA1D_P3,TSMA_BA1D_P3
2303,ECO03,Porites massive,Pmas,23,2,2023,Masig,-9.74876,143.39987,-9.748695,143.399805,GPS EcoRRAP sites,30,8-Dec,10.7,TSMA_BA1D_P3,TSMA_BA1D_P3
2304,ECO03,Pachyseris speciosa,Pspe,23,2,2023,Masig,-9.74876,143.39987,-9.748695,143.399805,GPS EcoRRAP sites,30,8-Dec,10.7,TSMA_BA1D_P3,TSMA_BA1D_P3
2305,ECO03,Pachyseris speciosa,Pspe,23,2,2023,Masig,-9.74876,143.39987,-9.748695,143.399805,GPS EcoRRAP sites,30,8-Dec,10.7,TSMA_BA1D_P3,TSMA_BA1D_P3
2306,ECO03,Porites massive,Pmas,23,2,2023,Masig,-9.74876,143.39987,-9.748695,143.399805,GPS EcoRRAP sites,30,8-Dec,10.7,TSMA_BA1D_P3,TSMA_BA1D_P3
2307,ECO03,Porites massive,Pmas,23,2,2023,Masig,-9.74876,143.39987,-9.748929977,143.3995972,GPS EcoRRAP sites,10,8-Dec,9.9,TSMA_BA1D_P4,TSMA_BA1D_P4
2308,ECO03,Pachyseris speciosa,Pspe,23,2,2023,Masig,-9.74876,143.39987,-9.748929977,143.3995972,GPS EcoRRAP sites,10,8-Dec,9.9,TSMA_BA1D_P4,TSMA_BA1D_P4
2309,ECO03,Porites massive,Pmas,23,2,2023,Masig,-9.74876,143.39987,-9.748929977,143.3995972,GPS EcoRRAP sites,10,8-Dec,9.9,TSMA_BA1D_P4,TSMA_BA1D_P4
2310,ECO03,Pachyseris speciosa,Pspe,23,2,2023,Masig,-9.74876,143.39987,-9.748929977,143.3995972,GPS EcoRRAP sites,10,8-Dec,9.9,TSMA_BA1D_P4,TSMA_BA1D_P4
2311,ECO03,Porites massive,Pmas,23,2,2023,Masig,-9.74876,143.39987,-9.748929977,143.3995972,GPS EcoRRAP sites,10,8-Dec,9.9,TSMA_BA1D_P4,TSMA_BA1D_P4
2312,ECO03,Porites massive,Pmas,23,2,2023,Masig,-9.74876,143.39987,-9.748929977,143.3995972,GPS EcoRRAP sites,10,8-Dec,9.9,TSMA_BA1D_P4,TSMA_BA1D_P4
2313,ECO03,Porites massive,Pmas,23,2,2023,Masig,-9.74877,143.39992,-9.748669624,143.4000397,GPS EcoRRAP sites,10,5-Aug,4.1,TSMA_BA1S_P1,TSMA_BA1S_P1
2314,ECO03,Porites massive,Pmas,23,2,2023,Masig,-9.74877,143.39992,-9.748669624,143.4000397,GPS EcoRRAP sites,10,5-Aug,4.1,TSMA_BA1S_P1,TSMA_BA1S_P1
2315,ECO03,Pachyseris speciosa,Pspe,23,2,2023,Masig,-9.74877,143.39992,-9.748669624,143.4000397,GPS EcoRRAP sites,10,5-Aug,4.1,TSMA_BA1S_P1,TSMA_BA1S_P1
2316,ECO03,Porites massive,Pmas,23,2,2023,Masig,-9.74877,143.39992,-9.748669624,143.4000397,GPS EcoRRAP sites,10,5-Aug,4.1,TSMA_BA1S_P1,TSMA_BA1S_P1
2317,ECO03,Porites massive,Pmas,23,2,2023,Masig,-9.74877,143.39992,-9.748895,143.399825,GPS EcoRRAP sites,30,5-Aug,3.8,TSMA_BA1S_P2,TSMA_BA1S_P2
2318,ECO03,Pachyseris speciosa,Pspe,23,2,2023,Masig,-9.74877,143.39992,-9.748895,143.399825,GPS EcoRRAP sites,30,5-Aug,3.8,TSMA_BA1S_P2,TSMA_BA1S_P2
2319,ECO03,Porites massive,Pmas,23,2,2023,Masig,-9.74877,143.39992,-9.748895,143.399825,GPS EcoRRAP sites,30,5-Aug,3.8,TSMA_BA1S_P2,TSMA_BA1S_P2
2320,ECO03,Pachyseris speciosa,Pspe,23,2,2023,Masig,-9.74877,143.39992,-9.748895,143.399825,GPS EcoRRAP sites,30,5-Aug,3.8,TSMA_BA1S_P3,TSMA_BA1S_P3
2321,ECO03,Porites massive,Pmas,23,2,2023,Masig,-9.74877,143.39992,-9.748895,143.399825,GPS EcoRRAP sites,30,5-Aug,3.8,TSMA_BA1S_P3,TSMA_BA1S_P3
2322,ECO03,Pachyseris speciosa,Pspe,23,2,2023,Masig,-9.74877,143.39992,-9.748895,143.399825,GPS EcoRRAP sites,30,5-Aug,3.8,TSMA_BA1S_P3,TSMA_BA1S_P3
2323,ECO03,Porites massive,Pmas,23,2,2023,Masig,-9.74877,143.39992,-9.748895,143.399825,GPS EcoRRAP sites,30,5-Aug,3.8,TSMA_BA1S_P3,TSMA_BA1S_P3
2324,ECO03,Pachyseris speciosa,Pspe,23,2,2023,Masig,-9.74877,143.39992,-9.748895,143.399825,GPS EcoRRAP sites,30,5-Aug,3.8,TSMA_BA1S_P3,TSMA_BA1S_P3
2325,ECO03,Porites massive,Pmas,23,2,2023,Masig,-9.74877,143.39992,-9.749119759,143.3996124,GPS EcoRRAP sites,10,5-Aug,3.9,TSMA_BA1S_P4,TSMA_BA1S_P4
2326,ECO03,Pachyseris speciosa,Pspe,23,2,2023,Masig,-9.74877,143.39992,-9.749119759,143.3996124,GPS EcoRRAP sites,10,5-Aug,3.9,TSMA_BA1S_P4,TSMA_BA1S_P4
2327,ECO03,Pachyseris speciosa,Pspe,24,2,2023,Masig,-9.74405,143.41571,-9.74409,143.41574,GPS EcoRRAP sites,60,8-Dec,9.2,TSMA_BA2D_P1,TSMA_BA2D_P1
2328,ECO03,Porites massive,Pmas,24,2,2023,Masig,-9.74405,143.41571,-9.74409,143.41574,GPS EcoRRAP sites,60,8-Dec,9.2,TSMA_BA2D_P1,TSMA_BA2D_P1
2329,ECO03,Pachyseris speciosa,Pspe,24,2,2023,Masig,-9.74405,143.41571,-9.74409,143.41574,GPS EcoRRAP sites,60,8-Dec,9.2,TSMA_BA2D_P1,TSMA_BA2D_P1
2330,ECO03,Pachyseris speciosa,Pspe,24,2,2023,Masig,-9.74405,143.41571,-9.74409,143.41574,GPS EcoRRAP sites,60,8-Dec,9.2,TSMA_BA2D_P1,TSMA_BA2D_P1
2331,ECO03,Porites massive,Pmas,24,2,2023,Masig,-9.74405,143.41571,-9.74409,143.41574,GPS EcoRRAP sites,60,8-Dec,9.2,TSMA_BA2D_P1,TSMA_BA2D_P1
2332,ECO03,Pachyseris speciosa,Pspe,24,2,2023,Masig,-9.74405,143.41571,-9.74409,143.41574,GPS EcoRRAP sites,30,8-Dec,9.4,TSMA_BA2D_P2,TSMA_BA2D_P2
2333,ECO03,Porites massive,Pmas,24,2,2023,Masig,-9.74405,143.41571,-9.74409,143.41574,GPS EcoRRAP sites,30,8-Dec,9.4,TSMA_BA2D_P2,TSMA_BA2D_P2
2334,ECO03,Pachyseris speciosa,Pspe,24,2,2023,Masig,-9.74405,143.41571,-9.74409,143.41574,GPS EcoRRAP sites,30,8-Dec,9.4,TSMA_BA2D_P2,TSMA_BA2D_P2
2335,ECO03,Pachyseris speciosa,Pspe,24,2,2023,Masig,-9.74405,143.41571,-9.74409,143.41574,GPS EcoRRAP sites,30,8-Dec,9.4,TSMA_BA2D_P2,TSMA_BA2D_P2
2336,ECO03,Pachyseris speciosa,Pspe,24,2,2023,Masig,-9.74405,143.41571,-9.74409,143.41574,GPS EcoRRAP sites,30,8-Dec,8.8,TSMA_BA2D_P3,TSMA_BA2D_P3
2337,ECO03,Porites massive,Pmas,24,2,2023,Masig,-9.74405,143.41571,-9.74409,143.41574,GPS EcoRRAP sites,30,8-Dec,9.4,TSMA_BA2D_P2,TSMA_BA2D_P2
2339,ECO03,Pachyseris speciosa,Pspe,24,2,2023,Masig,-9.74405,143.41571,-9.74409,143.41574,GPS EcoRRAP sites,30,8-Dec,8.8,TSMA_BA2D_P3,TSMA_BA2D_P3
2338,ECO03,Pachyseris speciosa,Pspe,24,2,2023,Masig,-9.74405,143.41571,-9.74409,143.41574,GPS EcoRRAP sites,60,8-Dec,8.7,TSMA_BA2D_P4,TSMA_BA2D_P4
2340,ECO03,Porites massive,Pmas,24,2,2023,Masig,-9.74405,143.41571,-9.74409,143.41574,GPS EcoRRAP sites,60,8-Dec,8.7,TSMA_BA2D_P4,TSMA_BA2D_P4
2341,ECO03,Porites massive,Pmas,24,2,2023,Masig,-9.74423,143.41579,-9.7442395,143.415763,GPS EcoRRAP sites,60,5-Aug,3.3,TSMA_BA2S_P1,TSMA_BA2S_P1
2342,ECO03,Pachyseris speciosa,Pspe,24,2,2023,Masig,-9.74423,143.41579,-9.7442395,143.415763,GPS EcoRRAP sites,60,5-Aug,3.3,TSMA_BA2S_P1,TSMA_BA2S_P1
2343,ECO03,Porites massive,Pmas,24,2,2023,Masig,-9.74423,143.41579,-9.7442395,143.415763,GPS EcoRRAP sites,60,5-Aug,3.3,TSMA_BA2S_P1,TSMA_BA2S_P1
2344,ECO03,Pachyseris speciosa,Pspe,24,2,2023,Masig,-9.74423,143.41579,-9.7442395,143.415763,GPS EcoRRAP sites,60,5-Aug,3.3,TSMA_BA2S_P1,TSMA_BA2S_P1
2345,ECO03,Pachyseris speciosa,Pspe,24,2,2023,Masig,-9.74423,143.41579,-9.7442395,143.415763,GPS EcoRRAP sites,60,5-Aug,3.3,TSMA_BA2S_P1,TSMA_BA2S_P1
2346,ECO03,Porites massive,Pmas,24,2,2023,Masig,-9.74423,143.41579,-9.7442395,143.415763,GPS EcoRRAP sites,60,5-Aug,3.3,TSMA_BA2S_P1,TSMA_BA2S_P1
2347,ECO03,Pachyseris speciosa,Pspe,24,2,2023,Masig,-9.74423,143.41579,-9.7442395,143.415763,GPS EcoRRAP sites,60,5-Aug,3.3,TSMA_BA2S_P1,TSMA_BA2S_P1
2348,ECO03,Porites massive,Pmas,24,2,2023,Masig,-9.74423,143.41579,-9.7442395,143.415763,GPS EcoRRAP sites,30,5-Aug,3.8,TSMA_BA2S_P2,TSMA_BA2S_P2
2349,ECO03,Porites massive,Pmas,24,2,2023,Masig,-9.74423,143.41579,-9.7442395,143.415763,GPS EcoRRAP sites,30,5-Aug,3.8,TSMA_BA2S_P2,TSMA_BA2S_P2
2350,ECO03,Pachyseris speciosa,Pspe,24,2,2023,Masig,-9.74423,143.41579,-9.7442395,143.415763,GPS EcoRRAP sites,30,5-Aug,3.8,TSMA_BA2S_P2,TSMA_BA2S_P2
2351,ECO03,Porites massive,Pmas,24,2,2023,Masig,-9.74423,143.41579,-9.7442395,143.415763,GPS EcoRRAP sites,30,5-Aug,3.8,TSMA_BA2S_P2,TSMA_BA2S_P2
2352,ECO03,Porites massive,Pmas,24,2,2023,Masig,-9.74423,143.41579,-9.7442395,143.415763,GPS EcoRRAP sites,30,5-Aug,3.2,TSMA_BA2S_P3,TSMA_BA2S_P3
2353,ECO03,Porites massive,Pmas,24,2,2023,Masig,-9.74423,143.41579,-9.7442395,143.415763,GPS EcoRRAP sites,30,5-Aug,3.2,TSMA_BA2S_P3,TSMA_BA2S_P3
2354,ECO03,Pachyseris speciosa,Pspe,24,2,2023,Masig,-9.74423,143.41579,-9.7442395,143.415763,GPS EcoRRAP sites,30,5-Aug,3.2,TSMA_BA2S_P3,TSMA_BA2S_P3
2355,ECO03,Pachyseris speciosa,Pspe,24,2,2023,Masig,-9.74423,143.41579,-9.7442395,143.415763,GPS EcoRRAP sites,30,5-Aug,3.2,TSMA_BA2S_P3,TSMA_BA2S_P3
2356,ECO03,Pachyseris speciosa,Pspe,25,2,2023,Masig,-9.7639,143.41718,-9.763955,143.417,GPS EcoRRAP sites,60,8-Dec,8.4,TSMA_FR1D_P1,TSMA_FR1D_P1
2357,ECO03,Porites massive,Pmas,25,2,2023,Masig,-9.7639,143.41718,-9.763955,143.417,GPS EcoRRAP sites,60,8-Dec,8.4,TSMA_FR1D_P1,TSMA_FR1D_P1
2358,ECO03,Porites massive,Pmas,25,2,2023,Masig,-9.7639,143.41718,-9.763955,143.417,GPS EcoRRAP sites,60,8-Dec,8.4,TSMA_FR1D_P1,TSMA_FR1D_P1
2359,ECO03,Pachyseris speciosa,Pspe,25,2,2023,Masig,-9.7639,143.41718,-9.763955,143.417,GPS EcoRRAP sites,60,8-Dec,8.4,TSMA_FR1D_P1,TSMA_FR1D_P1
2360,ECO03,Pachyseris speciosa,Pspe,25,2,2023,Masig,-9.7639,143.41718,-9.763955,143.417,GPS EcoRRAP sites,30,8-Dec,8.3,TSMA_FR1D_P2,TSMA_FR1D_P2
2361,ECO03,Seriatopora hystrix,Shys,25,2,2023,Masig,-9.7639,143.41718,-9.763955,143.417,GPS EcoRRAP sites,30,8-Dec,8.3,TSMA_FR1D_P2,TSMA_FR1D_P2
2362,ECO03,Porites massive,Pmas,25,2,2023,Masig,-9.7639,143.41718,-9.763955,143.417,GPS EcoRRAP sites,30,8-Dec,8.3,TSMA_FR1D_P2,TSMA_FR1D_P2
2363,ECO03,Seriatopora hystrix,Shys,25,2,2023,Masig,-9.7639,143.41718,-9.763955,143.417,GPS EcoRRAP sites,30,8-Dec,8.3,TSMA_FR1D_P2,TSMA_FR1D_P2
2364,ECO03,Seriatopora hystrix,Shys,25,2,2023,Masig,-9.7639,143.41718,-9.763955,143.417,GPS EcoRRAP sites,30,8-Dec,8.2,TSMA_FR1D_P3,TSMA_FR1D_P3
2365,ECO03,Pachyseris speciosa,Pspe,25,2,2023,Masig,-9.7639,143.41718,-9.763955,143.417,GPS EcoRRAP sites,30,8-Dec,8.2,TSMA_FR1D_P3,TSMA_FR1D_P3
2366,ECO03,Porites massive,Pmas,25,2,2023,Masig,-9.7639,143.41718,-9.763955,143.417,GPS EcoRRAP sites,30,8-Dec,8.2,TSMA_FR1D_P3,TSMA_FR1D_P3
2367,ECO03,Pachyseris speciosa,Pspe,25,2,2023,Masig,-9.7639,143.41718,-9.763955,143.417,GPS EcoRRAP sites,30,8-Dec,8.2,TSMA_FR1D_P3,TSMA_FR1D_P3
2368,ECO03,Porites massive,Pmas,25,2,2023,Masig,-9.76227,143.4214,-9.76224,143.421395,GPS EcoRRAP sites,60,5-Aug,3.7,TSMA_FR1S_P1,TSMA_FR1S_P1
2369,ECO03,Porites massive,Pmas,25,2,2023,Masig,-9.76227,143.4214,-9.76224,143.421395,GPS EcoRRAP sites,60,5-Aug,3.7,TSMA_FR1S_P1,TSMA_FR1S_P1
2370,ECO03,Porites massive,Pmas,25,2,2023,Masig,-9.76227,143.4214,-9.76224,143.421395,GPS EcoRRAP sites,60,5-Aug,3.7,TSMA_FR1S_P1,TSMA_FR1S_P1
2371,ECO03,Seriatopora hystrix,Shys,25,2,2023,Masig,-9.76227,143.4214,-9.76224,143.421395,GPS EcoRRAP sites,30,5-Aug,3.7,TSMA_FR1S_P2,TSMA_FR1S_P2
2372,ECO03,Pachyseris speciosa,Pspe,25,2,2023,Masig,-9.76227,143.4214,-9.76224,143.421395,GPS EcoRRAP sites,30,5-Aug,3.7,TSMA_FR1S_P2,TSMA_FR1S_P2
2373,ECO03,Porites massive,Pmas,25,2,2023,Masig,-9.76227,143.4214,-9.76224,143.421395,GPS EcoRRAP sites,30,5-Aug,3.7,TSMA_FR1S_P2,TSMA_FR1S_P2
2374,ECO03,Seriatopora hystrix,Shys,25,2,2023,Masig,-9.76227,143.4214,-9.76224,143.421395,GPS EcoRRAP sites,30,5-Aug,3.7,TSMA_FR1S_P2,TSMA_FR1S_P2
2375,ECO03,Porites massive,Pmas,25,2,2023,Masig,-9.76227,143.4214,-9.76224,143.421395,GPS EcoRRAP sites,30,5-Aug,3.7,TSMA_FR1S_P3,TSMA_FR1S_P3
2376,ECO03,Porites massive,Pmas,25,2,2023,Masig,-9.76227,143.4214,-9.76224,143.421395,GPS EcoRRAP sites,30,5-Aug,3.7,TSMA_FR1S_P3,TSMA_FR1S_P3
2377,ECO03,Seriatopora hystrix,Shys,25,2,2023,Masig,-9.76227,143.4214,-9.76224,143.421395,GPS EcoRRAP sites,30,5-Aug,3.7,TSMA_FR1S_P3,TSMA_FR1S_P3
2378,ECO03,Porites massive,Pmas,25,2,2023,Masig,-9.76227,143.4214,-9.76224,143.421395,GPS EcoRRAP sites,30,5-Aug,3.7,TSMA_FR1S_P3,TSMA_FR1S_P3
2379,ECO03,Seriatopora hystrix,Shys,25,2,2023,Masig,-9.76227,143.4214,-9.76224,143.421395,GPS EcoRRAP sites,60,5-Aug,3.3,TSMA_FR1S_P4,TSMA_FR1S_P4
2380,ECO03,Seriatopora hystrix,Shys,25,2,2023,Masig,-9.76227,143.4214,-9.76224,143.421395,GPS EcoRRAP sites,60,5-Aug,3.3,TSMA_FR1S_P4,TSMA_FR1S_P4
2381,ECO03,Porites massive,Pmas,25,2,2023,Masig,-9.76227,143.4214,-9.76224,143.421395,GPS EcoRRAP sites,60,5-Aug,3.3,TSMA_FR1S_P4,TSMA_FR1S_P4
2382,ECO03,Seriatopora hystrix,Shys,25,2,2023,Masig,-9.76227,143.4214,-9.76224,143.421395,GPS EcoRRAP sites,60,5-Aug,3.3,TSMA_FR1S_P4,TSMA_FR1S_P4
2383,ECO03,Porites massive,Pmas,25,2,2023,Masig,-9.76227,143.4214,-9.76224,143.421395,GPS EcoRRAP sites,60,5-Aug,3.3,TSMA_FR1S_P4,TSMA_FR1S_P4
2384,ECO03,Porites massive,Pmas,26,2,2023,Aukane,-9.88355,143.40729,-9.88359,143.40722,GPS EcoRRAP sites,60,8-Dec,8.8,TSAU_FR2D_P1,TSAU_FR2D_P1
2385,ECO03,Pachyseris speciosa,Pspe,26,2,2023,Aukane,-9.88355,143.40729,-9.88359,143.40722,GPS EcoRRAP sites,60,8-Dec,8.8,TSAU_FR2D_P1,TSAU_FR2D_P1
2386,ECO03,Pachyseris speciosa,Pspe,26,2,2023,Aukane,-9.88355,143.40729,-9.88359,143.40722,GPS EcoRRAP sites,60,8-Dec,8.8,TSAU_FR2D_P1,TSAU_FR2D_P1
2387,ECO03,Seriatopora hystrix,Shys,26,2,2023,Aukane,-9.88355,143.40729,-9.88359,143.40722,GPS EcoRRAP sites,60,8-Dec,8.8,TSAU_FR2D_P1,TSAU_FR2D_P1
2388,ECO03,Porites massive,Pmas,26,2,2023,Aukane,-9.88355,143.40729,-9.88359,143.40722,GPS EcoRRAP sites,30,8-Dec,9.8,TSAU_FR2D_P2,TSAU_FR2D_P2
2389,ECO03,Seriatopora hystrix,Shys,26,2,2023,Aukane,-9.88355,143.40729,-9.88359,143.40722,GPS EcoRRAP sites,30,8-Dec,9.8,TSAU_FR2D_P2,TSAU_FR2D_P2
2390,ECO03,Pachyseris speciosa,Pspe,26,2,2023,Aukane,-9.88355,143.40729,-9.88359,143.40722,GPS EcoRRAP sites,30,8-Dec,9.8,TSAU_FR2D_P2,TSAU_FR2D_P2
2391,ECO03,Porites massive,Pmas,26,2,2023,Aukane,-9.88355,143.40729,-9.88359,143.40722,GPS EcoRRAP sites,30,8-Dec,9.2,TSAU_FR2D_P3,TSAU_FR2D_P3
2392,ECO03,Porites massive,Pmas,26,2,2023,Aukane,-9.88355,143.40729,-9.88359,143.40722,GPS EcoRRAP sites,30,8-Dec,9.2,TSAU_FR2D_P3,TSAU_FR2D_P3
2393,ECO03,Pachyseris speciosa,Pspe,26,2,2023,Aukane,-9.88355,143.40729,-9.88359,143.40722,GPS EcoRRAP sites,30,8-Dec,9.2,TSAU_FR2D_P3,TSAU_FR2D_P3
2394,ECO03,Seriatopora hystrix,Shys,26,2,2023,Aukane,-9.88355,143.40729,-9.88359,143.40722,GPS EcoRRAP sites,30,8-Dec,9.2,TSAU_FR2D_P3,TSAU_FR2D_P3
2395,ECO03,Porites massive,Pmas,26,2,2023,Aukane,-9.88355,143.40729,-9.88359,143.40722,GPS EcoRRAP sites,60,8-Dec,8.8,TSAU_FR2D_P4,TSAU_FR2D_P4
2396,ECO03,Pachyseris speciosa,Pspe,26,2,2023,Aukane,-9.88355,143.40729,-9.88359,143.40722,GPS EcoRRAP sites,60,8-Dec,8.8,TSAU_FR2D_P4,TSAU_FR2D_P4
2397,ECO03,Pachyseris speciosa,Pspe,26,2,2023,Aukane,-9.88355,143.40729,-9.88359,143.40722,GPS EcoRRAP sites,60,8-Dec,8.8,TSAU_FR2D_P4,TSAU_FR2D_P4
2398,ECO03,Pachyseris speciosa,Pspe,26,2,2023,Aukane,-9.88355,143.40729,-9.88359,143.40722,GPS EcoRRAP sites,60,8-Dec,8.8,TSAU_FR2D_P4,TSAU_FR2D_P4
2399,ECO03,Porites massive,Pmas,26,2,2023,Aukane,-9.88363,143.40704,-9.88359,143.407125,GPS EcoRRAP sites,60,5-Aug,3.9,TSAU_FR2S_P1,TSAU_FR2S_P1
2400,ECO03,Porites massive,Pmas,26,2,2023,Aukane,-9.88363,143.40704,-9.88359,143.407125,GPS EcoRRAP sites,60,5-Aug,3.9,TSAU_FR2S_P1,TSAU_FR2S_P1
2401,ECO03,Porites massive,Pmas,26,2,2023,Aukane,-9.88363,143.40704,-9.88359,143.407125,GPS EcoRRAP sites,60,5-Aug,3.9,TSAU_FR2S_P1,TSAU_FR2S_P1
2402,ECO03,Pachyseris speciosa,Pspe,26,2,2023,Aukane,-9.88363,143.40704,-9.88359,143.407125,GPS EcoRRAP sites,60,5-Aug,3.9,TSAU_FR2S_P1,TSAU_FR2S_P1
2403,ECO03,Porites massive,Pmas,26,2,2023,Aukane,-9.88363,143.40704,-9.88359,143.407125,GPS EcoRRAP sites,60,5-Aug,3.9,TSAU_FR2S_P1,TSAU_FR2S_P1
2404,ECO03,Porites massive,Pmas,26,2,2023,Aukane,-9.88363,143.40704,-9.88359,143.407125,GPS EcoRRAP sites,30,5-Aug,4.5,TSAU_FR2S_P2,TSAU_FR2S_P2
2405,ECO03,Seriatopora hystrix,Shys,26,2,2023,Aukane,-9.88363,143.40704,-9.88359,143.407125,GPS EcoRRAP sites,30,5-Aug,4.5,TSAU_FR2S_P2,TSAU_FR2S_P2
2406,ECO03,Porites massive,Pmas,26,2,2023,Aukane,-9.88363,143.40704,-9.88359,143.407125,GPS EcoRRAP sites,30,5-Aug,4.5,TSAU_FR2S_P2,TSAU_FR2S_P2
2407,ECO03,Seriatopora hystrix,Shys,26,2,2023,Aukane,-9.88363,143.40704,-9.88359,143.407125,GPS EcoRRAP sites,30,5-Aug,4.5,TSAU_FR2S_P2,TSAU_FR2S_P2
2408,ECO03,Porites massive,Pmas,26,2,2023,Aukane,-9.88363,143.40704,-9.88359,143.407125,GPS EcoRRAP sites,30,5-Aug,4.1,TSAU_FR2S_P3,TSAU_FR2S_P3
2409,ECO03,Seriatopora hystrix,Shys,26,2,2023,Aukane,-9.88363,143.40704,-9.88359,143.407125,GPS EcoRRAP sites,30,5-Aug,4.1,TSAU_FR2S_P3,TSAU_FR2S_P3
2410,ECO03,Porites massive,Pmas,26,2,2023,Aukane,-9.88363,143.40704,-9.88359,143.407125,GPS EcoRRAP sites,30,5-Aug,4.1,TSAU_FR2S_P3,TSAU_FR2S_P3
2411,ECO03,Seriatopora hystrix,Shys,26,2,2023,Aukane,-9.88363,143.40704,-9.88359,143.407125,GPS EcoRRAP sites,30,5-Aug,4.1,TSAU_FR2S_P3,TSAU_FR2S_P3
2412,ECO03,Porites massive,Pmas,26,2,2023,Aukane,-9.88363,143.40704,-9.88359,143.407125,GPS EcoRRAP sites,30,5-Aug,4.1,TSAU_FR2S_P3,TSAU_FR2S_P3
2413,ECO03,Porites massive,Pmas,26,2,2023,Aukane,-9.88363,143.40704,-9.88359,143.407125,GPS EcoRRAP sites,60,5-Aug,4.6,TSAU_FR2S_P4,TSAU_FR2S_P4
2414,ECO03,Seriatopora hystrix,Shys,26,2,2023,Aukane,-9.88363,143.40704,-9.88359,143.407125,GPS EcoRRAP sites,60,5-Aug,4.6,TSAU_FR2S_P4,TSAU_FR2S_P4
2415,ECO03,Porites massive,Pmas,26,2,2023,Aukane,-9.88363,143.40704,-9.88359,143.407125,GPS EcoRRAP sites,60,5-Aug,4.6,TSAU_FR2S_P4,TSAU_FR2S_P4
2416,ECO03,Seriatopora hystrix,Shys,26,2,2023,Aukane,-9.88363,143.40704,-9.88359,143.407125,GPS EcoRRAP sites,60,5-Aug,4.6,TSAU_FR2S_P4,TSAU_FR2S_P4
2417,ECO03,Seriatopora hystrix,Shys,27,2,2023,Aukane,-9.87567,143.38852,-9.88359,143.407125,GPS EcoRRAP sites,60,5-Aug,4.6,TSAU_FR2S_P4,TSAU_FR2S_P4
2418,ECO03,Pachyseris speciosa,Pspe,27,2,2023,Aukane,-9.87567,143.38852,-9.8757,143.388545,GPS EcoRRAP sites,60,5-Aug,3.8,TSAU_BA2S_P4,TSAU_BA2S_P4
2419,ECO03,Pachyseris speciosa,Pspe,27,2,2023,Aukane,-9.87567,143.38852,-9.8757,143.388545,GPS EcoRRAP sites,60,5-Aug,3.8,TSAU_BA2S_P4,TSAU_BA2S_P4
2420,ECO03,Porites massive,Pmas,27,2,2023,Aukane,-9.87567,143.38852,-9.8757,143.388545,GPS EcoRRAP sites,60,5-Aug,3.8,TSAU_BA2S_P4,TSAU_BA2S_P4
2421,ECO03,Pachyseris speciosa,Pspe,27,2,2023,Aukane,-9.87567,143.38852,-9.8757,143.388545,GPS EcoRRAP sites,60,5-Aug,3.8,TSAU_BA2S_P4,TSAU_BA2S_P4
2422,ECO03,Seriatopora hystrix,Shys,27,2,2023,Aukane,-9.87567,143.38852,-9.8757,143.388545,GPS EcoRRAP sites,60,5-Aug,3.8,TSAU_BA2S_P4,TSAU_BA2S_P4
2423,ECO03,Pachyseris speciosa,Pspe,27,2,2023,Aukane,-9.87567,143.38852,-9.8757,143.388545,GPS EcoRRAP sites,60,5-Aug,3.8,TSAU_BA2S_P4,TSAU_BA2S_P4
2424,ECO03,Porites massive,Pmas,27,2,2023,Aukane,-9.87567,143.38852,-9.8757,143.388545,GPS EcoRRAP sites,60,5-Aug,3.8,TSAU_BA2S_P4,TSAU_BA2S_P4
2425,ECO03,Porites massive,Pmas,27,2,2023,Aukane,-9.87567,143.38852,-9.8757,143.388545,GPS EcoRRAP sites,60,5-Aug,3.8,TSAU_BA2S_P4,TSAU_BA2S_P4
2426,ECO03,Porites massive,Pmas,27,2,2023,Aukane,-9.87567,143.38852,-9.8757,143.388545,GPS EcoRRAP sites,30,5-Aug,2.4,TSAU_BA2S_P3,TSAU_BA2S_P3
2427,ECO03,Seriatopora hystrix,Shys,27,2,2023,Aukane,-9.87567,143.38852,-9.8757,143.388545,GPS EcoRRAP sites,30,5-Aug,2.4,TSAU_BA2S_P3,TSAU_BA2S_P3
2428,ECO03,Seriatopora hystrix,Shys,27,2,2023,Aukane,-9.87567,143.38852,-9.8757,143.388545,GPS EcoRRAP sites,30,5-Aug,2.4,TSAU_BA2S_P3,TSAU_BA2S_P3
2429,ECO03,Porites massive,Pmas,27,2,2023,Aukane,-9.87567,143.38852,-9.8757,143.388545,GPS EcoRRAP sites,30,5-Aug,2.4,TSAU_BA2S_P3,TSAU_BA2S_P3
2430,ECO03,Porites massive,Pmas,27,2,2023,Aukane,-9.87567,143.38852,-9.8757,143.388545,GPS EcoRRAP sites,30,5-Aug,2.4,TSAU_BA2S_P3,TSAU_BA2S_P3
2431,ECO03,Porites massive,Pmas,27,2,2023,Aukane,-9.87567,143.38852,-9.8757,143.388545,GPS EcoRRAP sites,30,5-Aug,2.7,TSAU_BA2S_P2,TSAU_BA2S_P2
2432,ECO03,Pachyseris speciosa,Pspe,27,2,2023,Aukane,-9.87567,143.38852,-9.8757,143.388545,GPS EcoRRAP sites,30,5-Aug,2.7,TSAU_BA2S_P2,TSAU_BA2S_P2
2433,ECO03,Seriatopora hystrix,Shys,27,2,2023,Aukane,-9.87567,143.38852,-9.8757,143.388545,GPS EcoRRAP sites,30,5-Aug,2.7,TSAU_BA2S_P2,TSAU_BA2S_P2
2434,ECO03,Porites massive,Pmas,27,2,2023,Aukane,-9.87567,143.38852,-9.8757,143.388545,GPS EcoRRAP sites,30,5-Aug,2.7,TSAU_BA2S_P2,TSAU_BA2S_P2
2435,ECO03,Porites massive,Pmas,27,2,2023,Aukane,-9.87567,143.38852,-9.8757,143.388545,GPS EcoRRAP sites,60,5-Aug,2.9,TSAU_BA2S_P1,TSAU_BA2S_P1
2436,ECO03,Porites massive,Pmas,27,2,2023,Aukane,-9.87567,143.38852,-9.8757,143.388545,GPS EcoRRAP sites,60,5-Aug,2.9,TSAU_BA2S_P1,TSAU_BA2S_P1
2437,ECO03,Porites massive,Pmas,28,2,2023,Masig,-9.75998,143.39803,-9.759895,143.39796,GPS EcoRRAP sites,60,5-Aug,3.6,TSMA_FL1S_P1,TSMA_FL1S_P1
2438,ECO03,Pachyseris speciosa,Pspe,28,2,2023,Masig,-9.75998,143.39803,-9.759895,143.39796,GPS EcoRRAP sites,60,5-Aug,3.6,TSMA_FL1S_P1,TSMA_FL1S_P1
2439,ECO03,Porites massive,Pmas,28,2,2023,Masig,-9.75998,143.39803,-9.759895,143.39796,GPS EcoRRAP sites,60,5-Aug,3.6,TSMA_FL1S_P1,TSMA_FL1S_P1
2440,ECO03,Pachyseris speciosa,Pspe,28,2,2023,Masig,-9.75998,143.39803,-9.759895,143.39796,GPS EcoRRAP sites,60,5-Aug,3.6,TSMA_FL1S_P1,TSMA_FL1S_P1
2441,ECO03,Porites massive,Pmas,28,2,2023,Masig,-9.75998,143.39803,-9.759895,143.39796,GPS EcoRRAP sites,30,5-Aug,3.3,TSMA_FL1S_P2,TSMA_FL1S_P2
2442,ECO03,Seriatopora hystrix,Shys,28,2,2023,Masig,-9.75998,143.39803,-9.759895,143.39796,GPS EcoRRAP sites,30,5-Aug,3.3,TSMA_FL1S_P2,TSMA_FL1S_P2
2443,ECO03,Pachyseris speciosa,Pspe,28,2,2023,Masig,-9.75998,143.39803,-9.759895,143.39796,GPS EcoRRAP sites,30,5-Aug,3.3,TSMA_FL1S_P2,TSMA_FL1S_P2
2444,ECO03,Pachyseris speciosa,Pspe,28,2,2023,Masig,-9.75998,143.39803,-9.759895,143.39796,GPS EcoRRAP sites,30,5-Aug,3.3,TSMA_FL1S_P2,TSMA_FL1S_P2
2445,ECO03,Porites massive,Pmas,28,2,2023,Masig,-9.75998,143.39803,-9.759895,143.39796,GPS EcoRRAP sites,30,5-Aug,3.3,TSMA_FL1S_P2,TSMA_FL1S_P2
2446,ECO03,Porites massive,Pmas,28,2,2023,Masig,-9.75998,143.39803,-9.759895,143.39796,GPS EcoRRAP sites,30,5-Aug,3.8,TSMA_FL1S_P3,TSMA_FL1S_P3
2447,ECO03,Pachyseris speciosa,Pspe,28,2,2023,Masig,-9.75998,143.39803,-9.759895,143.39796,GPS EcoRRAP sites,30,5-Aug,3.8,TSMA_FL1S_P3,TSMA_FL1S_P3
2448,ECO03,Pachyseris speciosa,Pspe,28,2,2023,Masig,-9.75998,143.39803,-9.759895,143.39796,GPS EcoRRAP sites,30,5-Aug,3.8,TSMA_FL1S_P3,TSMA_FL1S_P3
2449,ECO03,Porites massive,Pmas,28,2,2023,Masig,-9.75998,143.39803,-9.759895,143.39796,GPS EcoRRAP sites,30,5-Aug,3.8,TSMA_FL1S_P3,TSMA_FL1S_P3
2450,ECO03,Pachyseris speciosa,Pspe,28,2,2023,Masig,-9.75998,143.39803,-9.759895,143.39796,GPS EcoRRAP sites,30,5-Aug,3.8,TSMA_FL1S_P3,TSMA_FL1S_P3
2451,ECO03,Seriatopora hystrix,Shys,28,2,2023,Masig,-9.75998,143.39803,-9.759895,143.39796,GPS EcoRRAP sites,30,5-Aug,3.8,TSMA_FL1S_P3,TSMA_FL1S_P3
2452,ECO03,Porites massive,Pmas,28,2,2023,Masig,-9.75998,143.39803,-9.759895,143.39796,GPS EcoRRAP sites,60,5-Aug,3.5,TSMA_FL1S_P4,TSMA_FL1S_P4
2453,ECO03,Porites massive,Pmas,28,2,2023,Masig,-9.75998,143.39803,-9.759895,143.39796,GPS EcoRRAP sites,60,5-Aug,3.5,TSMA_FL1S_P4,TSMA_FL1S_P4
2454,ECO03,Porites massive,Pmas,28,2,2023,Masig,-9.75998,143.39803,-9.759895,143.39796,GPS EcoRRAP sites,60,5-Aug,3.5,TSMA_FL1S_P4,TSMA_FL1S_P4
2455,ECO03,Pachyseris speciosa,Pspe,28,2,2023,Masig,-9.75998,143.39803,-9.759895,143.39796,GPS EcoRRAP sites,60,5-Aug,3.5,TSMA_FL1S_P4,TSMA_FL1S_P4
2457,ECO03,Seriatopora hystrix,Shys,28,2,2023,Masig,-9.73419,143.43503,-9.73404,143.43519,GPS EcoRRAP sites,60,5-Aug,3.3,TSMA_LA1S_P1,TSMA_LA1S_P1
2458,ECO03,Seriatopora hystrix,Shys,28,2,2023,Masig,-9.73419,143.43503,-9.73404,143.43519,GPS EcoRRAP sites,60,5-Aug,3.3,TSMA_LA1S_P1,TSMA_LA1S_P1
2459,ECO03,Porites massive,Pmas,28,2,2023,Masig,-9.73419,143.43503,-9.73404,143.43519,GPS EcoRRAP sites,60,5-Aug,3.3,TSMA_LA1S_P1,TSMA_LA1S_P1
2460,ECO03,Seriatopora hystrix,Shys,28,2,2023,Masig,-9.73419,143.43503,-9.73404,143.43519,GPS EcoRRAP sites,60,5-Aug,3.3,TSMA_LA1S_P1,TSMA_LA1S_P1
2461,ECO03,Seriatopora hystrix,Shys,28,2,2023,Masig,-9.73419,143.43503,-9.73404,143.43519,GPS EcoRRAP sites,60,5-Aug,3.3,TSMA_LA1S_P1,TSMA_LA1S_P1
2462,ECO03,Porites massive,Pmas,28,2,2023,Masig,-9.73419,143.43503,-9.73404,143.43519,GPS EcoRRAP sites,60,5-Aug,3.3,TSMA_LA1S_P1,TSMA_LA1S_P1
2463,ECO03,Seriatopora hystrix,Shys,28,2,2023,Masig,-9.73419,143.43503,-9.73404,143.43519,GPS EcoRRAP sites,30,5-Aug,3.5,TSMA_LA1S_P2,TSMA_LA1S_P2
2464,ECO03,Porites massive,Pmas,28,2,2023,Masig,-9.73419,143.43503,-9.73404,143.43519,GPS EcoRRAP sites,30,5-Aug,3.5,TSMA_LA1S_P2,TSMA_LA1S_P2
2465,ECO03,Seriatopora hystrix,Shys,28,2,2023,Masig,-9.73419,143.43503,-9.73404,143.43519,GPS EcoRRAP sites,30,5-Aug,3.5,TSMA_LA1S_P2,TSMA_LA1S_P2
2466,ECO03,Seriatopora hystrix,Shys,28,2,2023,Masig,-9.73419,143.43503,-9.73404,143.43519,GPS EcoRRAP sites,30,5-Aug,3.5,TSMA_LA1S_P2,TSMA_LA1S_P2
2467,ECO03,Porites massive,Pmas,28,2,2023,Masig,-9.73419,143.43503,-9.73404,143.43519,GPS EcoRRAP sites,30,5-Aug,3.5,TSMA_LA1S_P2,TSMA_LA1S_P2
2468,ECO03,Pachyseris speciosa,Pspe,28,2,2023,Masig,-9.73419,143.43503,-9.73404,143.43519,GPS EcoRRAP sites,30,5-Aug,3.5,TSMA_LA1S_P2,TSMA_LA1S_P2
2469,ECO03,Seriatopora hystrix,Shys,28,2,2023,Masig,-9.73419,143.43503,-9.73404,143.43519,GPS EcoRRAP sites,30,5-Aug,3.5,TSMA_LA1S_P3,TSMA_LA1S_P3
2470,ECO03,Seriatopora hystrix,Shys,28,2,2023,Masig,-9.73419,143.43503,-9.73404,143.43519,GPS EcoRRAP sites,30,5-Aug,3.5,TSMA_LA1S_P3,TSMA_LA1S_P3
2471,ECO03,Porites massive,Pmas,28,2,2023,Masig,-9.73419,143.43503,-9.73404,143.43519,GPS EcoRRAP sites,30,5-Aug,3.5,TSMA_LA1S_P3,TSMA_LA1S_P3
2472,ECO03,Seriatopora hystrix,Shys,28,2,2023,Masig,-9.73419,143.43503,-9.73404,143.43519,GPS EcoRRAP sites,30,5-Aug,3.5,TSMA_LA1S_P3,TSMA_LA1S_P3
2473,ECO03,Seriatopora hystrix,Shys,28,2,2023,Masig,-9.73419,143.43503,-9.73404,143.43519,GPS EcoRRAP sites,60,5-Aug,3.5,TSMA_LA1S_P4,TSMA_LA1S_P4
2474,ECO03,Seriatopora hystrix,Shys,28,2,2023,Masig,-9.73419,143.43503,-9.73404,143.43519,GPS EcoRRAP sites,60,5-Aug,3.5,TSMA_LA1S_P4,TSMA_LA1S_P4
2475,ECO03,Pachyseris speciosa,Pspe,28,2,2023,Masig,-9.73419,143.43503,-9.73404,143.43519,GPS EcoRRAP sites,60,5-Aug,3.5,TSMA_LA1S_P4,TSMA_LA1S_P4
2476,ECO03,Pachyseris speciosa,Pspe,1,3,2023,Masig,-9.74831,143.45851,-9.74838,143.458505,GPS EcoRRAP sites,60,5-Aug,4.1,TSMA_FR2S_P1,TSMA_FR2S_P1
2477,ECO03,Porites massive,Pmas,1,3,2023,Masig,-9.74831,143.45851,-9.74838,143.458505,GPS EcoRRAP sites,60,5-Aug,4.1,TSMA_FR2S_P1,TSMA_FR2S_P1
2478,ECO03,Pachyseris speciosa,Pspe,1,3,2023,Masig,-9.74831,143.45851,-9.74838,143.458505,GPS EcoRRAP sites,60,5-Aug,4.1,TSMA_FR2S_P1,TSMA_FR2S_P1
2479,ECO03,Seriatopora hystrix,Shys,1,3,2023,Masig,-9.74831,143.45851,-9.74838,143.458505,GPS EcoRRAP sites,60,5-Aug,4.1,TSMA_FR2S_P1,TSMA_FR2S_P1
2480,ECO03,Porites massive,Pmas,1,3,2023,Masig,-9.74831,143.45851,-9.74838,143.458505,GPS EcoRRAP sites,60,5-Aug,4.1,TSMA_FR2S_P1,TSMA_FR2S_P1
2481,ECO03,Porites massive,Pmas,1,3,2023,Masig,-9.74831,143.45851,-9.74838,143.458505,GPS EcoRRAP sites,30,5-Aug,3.8,TSMA_FR2S_P2,TSMA_FR2S_P2
2482,ECO03,Pachyseris speciosa,Pspe,1,3,2023,Masig,-9.74831,143.45851,-9.74838,143.458505,GPS EcoRRAP sites,30,5-Aug,3.8,TSMA_FR2S_P2,TSMA_FR2S_P2
2483,ECO03,Seriatopora hystrix,Shys,1,3,2023,Masig,-9.74831,143.45851,-9.74838,143.458505,GPS EcoRRAP sites,30,5-Aug,3.8,TSMA_FR2S_P2,TSMA_FR2S_P2
2484,ECO03,Porites massive,Pmas,1,3,2023,Masig,-9.74831,143.45851,-9.74838,143.458505,GPS EcoRRAP sites,30,5-Aug,3.8,TSMA_FR2S_P2,TSMA_FR2S_P2
2485,ECO03,Porites massive,Pmas,1,3,2023,Masig,-9.74831,143.45851,-9.74838,143.458505,GPS EcoRRAP sites,30,5-Aug,4.3,TSMA_FR2S_P3,TSMA_FR2S_P3
2486,ECO03,Seriatopora hystrix,Shys,1,3,2023,Masig,-9.74831,143.45851,-9.74838,143.458505,GPS EcoRRAP sites,30,5-Aug,4.3,TSMA_FR2S_P3,TSMA_FR2S_P3
2487,ECO03,Pachyseris speciosa,Pspe,1,3,2023,Masig,-9.74831,143.45851,-9.74838,143.458505,GPS EcoRRAP sites,30,5-Aug,4.3,TSMA_FR2S_P3,TSMA_FR2S_P3
2488,ECO03,Porites massive,Pmas,1,3,2023,Masig,-9.74831,143.45851,-9.74838,143.458505,GPS EcoRRAP sites,30,5-Aug,4.3,TSMA_FR2S_P3,TSMA_FR2S_P3
2489,ECO03,Porites massive,Pmas,1,3,2023,Masig,-9.74831,143.45851,-9.74838,143.458505,GPS EcoRRAP sites,60,5-Aug,4.4,TSMA_FR2S_P4,TSMA_FR2S_P4
2490,ECO03,Porites massive,Pmas,1,3,2023,Masig,-9.74831,143.45851,-9.74838,143.458505,GPS EcoRRAP sites,60,5-Aug,4.4,TSMA_FR2S_P4,TSMA_FR2S_P4
2491,ECO03,Seriatopora hystrix,Shys,1,3,2023,Masig,-9.74831,143.45851,-9.74838,143.458505,GPS EcoRRAP sites,60,5-Aug,4.4,TSMA_FR2S_P4,TSMA_FR2S_P4
2492,ECO03,Seriatopora hystrix,Shys,1,3,2023,Masig,-9.74831,143.45851,-9.74838,143.458505,GPS EcoRRAP sites,60,5-Aug,4.4,TSMA_FR2S_P4,TSMA_FR2S_P4
2493,ECO03,Porites massive,Pmas,1,3,2023,Masig,-9.74831,143.45851,-9.74838,143.458505,GPS EcoRRAP sites,60,5-Aug,4.4,TSMA_FR2S_P4,TSMA_FR2S_P4
2494,ECO03,Pachyseris speciosa,Pspe ,1,3,2023,Masig,-9.74831,143.45851,-9.74838,143.458505,GPS EcoRRAP sites,60,5-Aug,4.4,TSMA_FR2S_P4,TSMA_FR2S_P4
2495,ECO03,Porites massive,Pmas,1,3,2023,Masig,-9.74831,143.45851,-9.74838,143.458505,GPS EcoRRAP sites,60,5-Aug,4.4,TSMA_FR2S_P4,TSMA_FR2S_P4
2496,ECO03,Pachyseris speciosa,Pspe,2,3,2023,Masig,-9.7462,143.46025,-9.74637,143.46012,GPS EcoRRAP sites,60,8-Dec,9.5,TSMA_FR2D_P4,TSMA_FR2D_P4
2497,ECO03,Porites massive,Pmas,2,3,2023,Masig,-9.7462,143.46025,-9.74637,143.46012,GPS EcoRRAP sites,60,8-Dec,9.5,TSMA_FR2D_P4,TSMA_FR2D_P4
2498,ECO03,Pachyseris speciosa,Pspe,2,3,2023,Masig,-9.7462,143.46025,-9.74637,143.46012,GPS EcoRRAP sites,60,8-Dec,9.5,TSMA_FR2D_P4,TSMA_FR2D_P4
2499,ECO03,Pachyseris speciosa,Pspe,2,3,2023,Masig,-9.7462,143.46025,-9.74637,143.46012,GPS EcoRRAP sites,60,8-Dec,9.5,TSMA_FR2D_P4,TSMA_FR2D_P4
2500,ECO03,Porites massive,Pmas,2,3,2023,Masig,-9.7462,143.46025,-9.74637,143.46012,GPS EcoRRAP sites,60,8-Dec,9.5,TSMA_FR2D_P4,TSMA_FR2D_P4
2501,ECO03,Porites massive,Pmas,2,3,2023,Masig,-9.7462,143.46025,-9.74637,143.46012,GPS EcoRRAP sites,30,8-Dec,9.8,TSMA_FR2D_P3,TSMA_FR2D_P3
2502,ECO03,Pachyseris speciosa,Pspe,2,3,2023,Masig,-9.7462,143.46025,-9.74637,143.46012,GPS EcoRRAP sites,30,8-Dec,9.8,TSMA_FR2D_P3,TSMA_FR2D_P3
2503,ECO03,Porites massive,Pmas,2,3,2023,Masig,-9.7462,143.46025,-9.74637,143.46012,GPS EcoRRAP sites,30,8-Dec,9.8,TSMA_FR2D_P3,TSMA_FR2D_P3
2504,ECO03,Pachyseris speciosa,Pspe,2,3,2023,Masig,-9.7462,143.46025,-9.74637,143.46012,GPS EcoRRAP sites,30,8-Dec,9.8,TSMA_FR2D_P3,TSMA_FR2D_P3
2505,ECO03,Pachyseris speciosa,Pspe,2,3,2023,Masig,-9.7462,143.46025,-9.74637,143.46012,GPS EcoRRAP sites,30,8-Dec,9.2,TSMA_FR2D_P2,TSMA_FR2D_P2
2506,ECO03,Porites massive,Pmas,2,3,2023,Masig,-9.7462,143.46025,-9.74637,143.46012,GPS EcoRRAP sites,30,8-Dec,9.2,TSMA_FR2D_P2,TSMA_FR2D_P2
2507,ECO03,Pachyseris speciosa,Pspe,2,3,2023,Masig,-9.7462,143.46025,-9.74637,143.46012,GPS EcoRRAP sites,30,8-Dec,9.2,TSMA_FR2D_P2,TSMA_FR2D_P2
2508,ECO03,Pachyseris speciosa,Pspe,2,3,2023,Masig,-9.7462,143.46025,-9.74637,143.46012,GPS EcoRRAP sites,30,8-Dec,9.2,TSMA_FR2D_P2,TSMA_FR2D_P2
2509,ECO03,Pachyseris speciosa,Pspe,2,3,2023,Masig,-9.7462,143.46025,-9.74637,143.46012,GPS EcoRRAP sites,60,8-Dec,9.2,TSMA_FR2D_P1,TSMA_FR2D_P1
2510,ECO03,Porites massive,Pmas,2,3,2023,Masig,-9.7462,143.46025,-9.74637,143.46012,GPS EcoRRAP sites,60,8-Dec,9.2,TSMA_FR2D_P1,TSMA_FR2D_P1
2511,ECO03,Pachyseris speciosa,Pspe,2,3,2023,Masig,-9.7462,143.46025,-9.74637,143.46012,GPS EcoRRAP sites,60,8-Dec,9.2,TSMA_FR2D_P1,TSMA_FR2D_P1
2512,ECO03,Porites massive,Pmas,3,3,2023,Aukane,-9.86766,143.3893,-9.867615,143.389355,GPS EcoRRAP sites,60,5-Aug,3.3,TSAU_BA1S_P1,TSAU_BA1S_P1
2513,ECO03,Pachyseris speciosa,Pspe,3,3,2023,Aukane,-9.86766,143.3893,-9.867615,143.389355,GPS EcoRRAP sites,60,5-Aug,3.3,TSAU_BA1S_P1,TSAU_BA1S_P1
2514,ECO03,Pachyseris speciosa,Pspe,3,3,2023,Aukane,-9.86766,143.3893,-9.867615,143.389355,GPS EcoRRAP sites,60,5-Aug,3.3,TSAU_BA1S_P1,TSAU_BA1S_P1
2515,ECO03,Porites massive,Pmas,3,3,2023,Aukane,-9.86766,143.3893,-9.867615,143.389355,GPS EcoRRAP sites,60,5-Aug,3.3,TSAU_BA1S_P1,TSAU_BA1S_P1
2516,ECO03,Porites massive,Pmas,3,3,2023,Aukane,-9.86766,143.3893,-9.867615,143.389355,GPS EcoRRAP sites,30,5-Aug,3.7,TSAU_BA1S_P2,TSAU_BA1S_P2
2517,ECO03,Porites massive,Pmas,3,3,2023,Aukane,-9.86766,143.3893,-9.867615,143.389355,GPS EcoRRAP sites,30,5-Aug,3.7,TSAU_BA1S_P2,TSAU_BA1S_P2
2518,ECO03,Porites massive,Pmas,3,3,2023,Aukane,-9.86766,143.3893,-9.867615,143.389355,GPS EcoRRAP sites,30,5-Aug,3.7,TSAU_BA1S_P2,TSAU_BA1S_P2
2519,ECO03,Pachyseris speciosa,Pspe,3,3,2023,Aukane,-9.86766,143.3893,-9.867615,143.389355,GPS EcoRRAP sites,30,5-Aug,3.7,TSAU_BA1S_P2,TSAU_BA1S_P2
2520,ECO03,Porites massive,Pmas,3,3,2023,Aukane,-9.86766,143.3893,-9.867615,143.389355,GPS EcoRRAP sites,30,5-Aug,3.2,TSAU_BA1S_P3,TSAU_BA1S_P3
2521,ECO03,Porites massive,Pmas,3,3,2023,Aukane,-9.86766,143.3893,-9.867615,143.389355,GPS EcoRRAP sites,30,5-Aug,3.2,TSAU_BA1S_P3,TSAU_BA1S_P3
2522,ECO03,Pachyseris speciosa,Pspe,3,3,2023,Aukane,-9.86766,143.3893,-9.867615,143.389355,GPS EcoRRAP sites,30,5-Aug,3.2,TSAU_BA1S_P3,TSAU_BA1S_P3
2523,ECO03,Pachyseris speciosa,Pspe,3,3,2023,Aukane,-9.86766,143.3893,-9.867615,143.389355,GPS EcoRRAP sites,30,5-Aug,3.2,TSAU_BA1S_P3,TSAU_BA1S_P3
2524,ECO03,Porites massive,Pmas,3,3,2023,Aukane,-9.86766,143.3893,-9.867615,143.389355,GPS EcoRRAP sites,30,5-Aug,3.2,TSAU_BA1S_P3,TSAU_BA1S_P3
2525,ECO03,Pachyseris speciosa,Pspe,3,3,2023,Aukane,-9.86766,143.3893,-9.867615,143.389355,GPS EcoRRAP sites,60,5-Aug,3.2,TSAU_BA1S_P4,TSAU_BA1S_P4
2526,ECO03,Porites massive,Pmas,3,3,2023,Aukane,-9.882,143.39441,-9.882025,143.39442,GPS EcoRRAP sites,60,5-Aug,3.4,TSAU_FL1S_P1,TSAU_FL1S_P1
2527,ECO03,Porites massive,Pmas,3,3,2023,Aukane,-9.882,143.39441,-9.882025,143.39442,GPS EcoRRAP sites,60,5-Aug,3.4,TSAU_FL1S_P1,TSAU_FL1S_P1
2528,ECO03,Porites massive,Pmas,3,3,2023,Aukane,-9.882,143.39441,-9.882025,143.39442,GPS EcoRRAP sites,60,5-Aug,3.4,TSAU_FL1S_P1,TSAU_FL1S_P1
2529,ECO03,Porites massive,Pmas,3,3,2023,Aukane,-9.882,143.39441,-9.882025,143.39442,GPS EcoRRAP sites,60,5-Aug,3.4,TSAU_FL1S_P1,TSAU_FL1S_P1
2530,ECO03,Porites massive,Pmas,3,3,2023,Aukane,-9.882,143.39441,-9.882025,143.39442,GPS EcoRRAP sites,30,5-Aug,3.4,TSAU_FL1S_P2,TSAU_FL1S_P2
2531,ECO03,Pachyseris speciosa,Pspe,3,3,2023,Aukane,-9.882,143.39441,-9.882025,143.39442,GPS EcoRRAP sites,30,5-Aug,3.4,TSAU_FL1S_P2,TSAU_FL1S_P2
2532,ECO03,Porites massive,Pmas,3,3,2023,Aukane,-9.882,143.39441,-9.882025,143.39442,GPS EcoRRAP sites,30,5-Aug,3.4,TSAU_FL1S_P2,TSAU_FL1S_P2
2533,ECO03,Pachyseris speciosa,Pspe,3,3,2023,Aukane,-9.882,143.39441,-9.882025,143.39442,GPS EcoRRAP sites,30,5-Aug,3.4,TSAU_FL1S_P2,TSAU_FL1S_P2
2534,ECO03,Porites massive,Pmas,3,3,2023,Aukane,-9.882,143.39441,-9.882025,143.39442,GPS EcoRRAP sites,30,5-Aug,3.4,TSAU_FL1S_P2,TSAU_FL1S_P2
2535,ECO03,Pachyseris speciosa,Pspe,3,3,2023,Aukane,-9.882,143.39441,-9.882025,143.39442,GPS EcoRRAP sites,30,5-Aug,3.4,TSAU_FL1S_P2,TSAU_FL1S_P2
2536,ECO03,Pachyseris speciosa,Pspe,3,3,2023,Aukane,-9.882,143.39441,-9.882025,143.39442,GPS EcoRRAP sites,30,5-Aug,2.6,TSAU_FL1S_P3,TSAU_FL1S_P3
2537,ECO03,Porites massive,Pmas,3,3,2023,Aukane,-9.882,143.39441,-9.882025,143.39442,GPS EcoRRAP sites,30,5-Aug,2.6,TSAU_FL1S_P3,TSAU_FL1S_P3
2538,ECO03,Seriatopora hystrix,Shys,3,3,2023,Aukane,-9.882,143.39441,-9.882025,143.39442,GPS EcoRRAP sites,30,5-Aug,2.6,TSAU_FL1S_P3,TSAU_FL1S_P3
2539,ECO03,Pachyseris speciosa,Pspe,3,3,2023,Aukane,-9.882,143.39441,-9.882025,143.39442,GPS EcoRRAP sites,60,5-Aug,3.2,TSAU_FL1S_P4,TSAU_FL1S_P4
2540,ECO03,Porites massive,Pmas,3,3,2023,Aukane,-9.882,143.39441,-9.882025,143.39442,GPS EcoRRAP sites,60,5-Aug,3.2,TSAU_FL1S_P4,TSAU_FL1S_P4
2541,ECO03,Seriatopora hystrix,Shys,3,3,2023,Aukane,-9.882,143.39441,-9.882025,143.39442,GPS EcoRRAP sites,60,5-Aug,3.2,TSAU_FL1S_P4,TSAU_FL1S_P4
2542,ECO03,Porites massive,Pmas,3,3,2023,Aukane,-9.87995,143.41005,-9.87996,143.41004,GPS EcoRRAP sites,60,5-Aug,3.1,TSAU_FR1S_P1,TSAU_FR1S
2543,ECO03,Porites massive,Pmas,3,3,2023,Aukane,-9.87995,143.41005,-9.87996,143.41004,GPS EcoRRAP sites,60,5-Aug,3.1,TSAU_FR1S_P1,TSAU_FR1S
2544,ECO03,Seriatopora hystrix,Shys,3,3,2023,Aukane,-9.87995,143.41005,-9.87996,143.41004,GPS EcoRRAP sites,60,5-Aug,3.1,TSAU_FR1S_P1,TSAU_FR1S
2545,ECO03,Porites massive,Pmas,3,3,2023,Aukane,-9.87995,143.41005,-9.87996,143.41004,GPS EcoRRAP sites,60,5-Aug,3.1,TSAU_FR1S_P1,TSAU_FR1S
2546,ECO03,Seriatopora hystrix,Shys,3,3,2023,Aukane,-9.87995,143.41005,-9.87996,143.41004,GPS EcoRRAP sites,60,5-Aug,3.1,TSAU_FR1S_P1,TSAU_FR1S
2547,ECO03,Porites massive,Pmas,3,3,2023,Aukane,-9.87995,143.41005,-9.87996,143.41004,GPS EcoRRAP sites,60,5-Aug,3.1,TSAU_FR1S_P1,TSAU_FR1S
2548,ECO03,Porites massive,Pmas,3,3,2023,Aukane,-9.87995,143.41005,-9.87996,143.41004,GPS EcoRRAP sites,30,5-Aug,2.9,TSAU_FR1S_P2,TSAU_FR1S
2549,ECO03,Seriatopora hystrix,Shys,3,3,2023,Aukane,-9.87995,143.41005,-9.87996,143.41004,GPS EcoRRAP sites,30,5-Aug,2.9,TSAU_FR1S_P2,TSAU_FR1S
2550,ECO03,Porites massive,Pmas,3,3,2023,Aukane,-9.87995,143.41005,-9.87996,143.41004,GPS EcoRRAP sites,30,5-Aug,2.9,TSAU_FR1S_P2,TSAU_FR1S
2551,ECO03,Porites massive,Pmas,3,3,2023,Aukane,-9.87995,143.41005,-9.87996,143.41004,GPS EcoRRAP sites,30,5-Aug,3.4,TSAU_FR1S_P3,TSAU_FR1S
2552,ECO03,Seriatopora hystrix,Shys,3,3,2023,Aukane,-9.87995,143.41005,-9.87996,143.41004,GPS EcoRRAP sites,30,5-Aug,3.4,TSAU_FR1S_P3,TSAU_FR1S
2553,ECO03,Pachyseris speciosa,Pspe,3,3,2023,Aukane,-9.87995,143.41005,-9.87996,143.41004,GPS EcoRRAP sites,30,5-Aug,3.4,TSAU_FR1S_P3,TSAU_FR1S
2554,ECO03,Seriatopora hystrix,Shys,3,3,2023,Aukane,-9.87995,143.41005,-9.87996,143.41004,GPS EcoRRAP sites,30,5-Aug,3.4,TSAU_FR1S_P3,TSAU_FR1S
2555,ECO03,Porites massive,Pmas,3,3,2023,Aukane,-9.87995,143.41005,-9.87996,143.41004,GPS EcoRRAP sites,30,5-Aug,3.4,TSAU_FR1S_P3,TSAU_FR1S
2556,ECO03,Pachyseris speciosa,Pspe,3,3,2023,Aukane,-9.87995,143.41005,-9.87996,143.41004,GPS EcoRRAP sites,30,5-Aug,3.4,TSAU_FR1S_P3,TSAU_FR1S
2557,ECO03,Porites massive,Pmas,3,3,2023,Aukane,-9.87995,143.41005,-9.87996,143.41004,GPS EcoRRAP sites,60,5-Aug,3.2,TSAU_FR1S_P4,TSAU_FR1S
2558,ECO03,Porites massive,Pmas,3,3,2023,Aukane,-9.87995,143.41005,-9.87996,143.41004,GPS EcoRRAP sites,60,5-Aug,3.2,TSAU_FR1S_P4,TSAU_FR1S
2559,ECO03,Seriatopora hystrix,Shys,3,3,2023,Aukane,-9.87995,143.41005,-9.87996,143.41004,GPS EcoRRAP sites,60,5-Aug,3.2,TSAU_FR1S_P4,TSAU_FR1S
2560,ECO03,Seriatopora hystrix,Shys,3,3,2023,Aukane,-9.87995,143.41005,-9.87996,143.41004,GPS EcoRRAP sites,60,5-Aug,3.2,TSAU_FR1S_P4,TSAU_FR1S
2561,ECO03,Porites massive,Pmas,7,3,2023,Dungeness,-9.88165,142.92517,-9.88136,142.92542,GPS EcoRRAP sites,60,5-Aug,3.1,TSDU_BA1S_P4,TSDU_BA1S_P4
2562,ECO03,Porites massive,Pmas,7,3,2023,Dungeness,-9.88165,142.92517,-9.88136,142.92542,GPS EcoRRAP sites,60,5-Aug,3.1,TSDU_BA1S_P4,TSDU_BA1S_P4
2563,ECO03,Porites massive,Pmas,7,3,2023,Dungeness,-9.88165,142.92517,-9.88136,142.92542,GPS EcoRRAP sites,60,5-Aug,3.1,TSDU_BA1S_P4,TSDU_BA1S_P4
2564,ECO03,Porites massive,Pmas,7,3,2023,Dungeness,-9.88165,142.92517,-9.88136,142.92542,GPS EcoRRAP sites,30,5-Aug,2.7,TSDU_BA1S_P3,TSDU_BA1S_P3
2565,ECO03,Porites massive,Pmas,7,3,2023,Dungeness,-9.88165,142.92517,-9.88136,142.92542,GPS EcoRRAP sites,30,5-Aug,2.7,TSDU_BA1S_P3,TSDU_BA1S_P3
2566,ECO03,Porites massive,Pmas,7,3,2023,Dungeness,-9.88165,142.92517,-9.88136,142.92542,GPS EcoRRAP sites,30,5-Aug,2.7,TSDU_BA1S_P3,TSDU_BA1S_P3
2567,ECO03,Porites massive,Pmas,7,3,2023,Dungeness,-9.88165,142.92517,-9.88136,142.92542,GPS EcoRRAP sites,30,5-Aug,2.7,TSDU_BA1S_P3,TSDU_BA1S_P3
2568,ECO03,Porites massive,Pmas,7,3,2023,Dungeness,-9.88165,142.92517,-9.88136,142.92542,GPS EcoRRAP sites,30,5-Aug,2.8,TSDU_BA1S_P2,TSDU_BA1S_P2
2569,ECO03,Porites massive,Pmas,7,3,2023,Dungeness,-9.88165,142.92517,-9.88136,142.92542,GPS EcoRRAP sites,30,5-Aug,2.8,TSDU_BA1S_P2,TSDU_BA1S_P2
2570,ECO03,Porites lichen,Plic,1,5,2023,Lady_Musgrave,NA,NA,-23.9175615,152.392049,GPS EcoRRAP sites,6,5-Aug,5.6,CBLM_FL2S_P1,CBLM_FL2S_P1
2571,ECO03,Porites lichen,Plic,1,5,2023,Lady_Musgrave,NA,NA,-23.9175615,152.392049,GPS EcoRRAP sites,6,5-Aug,5.6,CBLM_FL2S_P1,CBLM_FL2S_P1
2572,ECO03,Porites lichen,Plic,1,5,2023,Lady_Musgrave,NA,NA,-23.9175615,152.392049,GPS EcoRRAP sites,6,5-Aug,5.6,CBLM_FL2S_P1,CBLM_FL2S_P1
2573,ECO03,Porites australiensis,Paus,1,5,2023,Lady_Musgrave,NA,NA,-23.9175615,152.392049,GPS EcoRRAP sites,6,5-Aug,5.6,CBLM_FL2S_P1,CBLM_FL2S_P1
2574,ECO03,Porites rus,Prus,1,5,2023,Lady_Musgrave,NA,NA,-23.9175615,152.392049,GPS EcoRRAP sites,6,5-Aug,5.6,CBLM_FL2S_P1,CBLM_FL2S_P1
2575,ECO03,Porites lichen,Plic,1,5,2023,Lady_Musgrave,NA,NA,-23.9175615,152.392049,GPS EcoRRAP sites,6,5-Aug,5.6,CBLM_FL2S_P1,CBLM_FL2S_P1
2576,ECO03,Porites australiensis,Paus,1,5,2023,Lady_Musgrave,NA,NA,-23.917564,152.392285,GPS EcoRRAP sites,6,5-Aug,5,CBLM_FL2S_P2,CBLM_FL2S_P2
2577,ECO03,Porites australiensis,Paus,1,5,2023,Lady_Musgrave,NA,NA,-23.917564,152.392285,GPS EcoRRAP sites,6,5-Aug,5,CBLM_FL2S_P2,CBLM_FL2S_P2
2578,ECO03,Porites lichen,Plic,1,5,2023,Lady_Musgrave,NA,NA,-23.917564,152.392285,GPS EcoRRAP sites,6,5-Aug,5,CBLM_FL2S_P2,CBLM_FL2S_P2
2579,ECO03,Seriatopora hystrix,Shys,1,5,2023,Lady_Musgrave,NA,NA,-23.917564,152.392285,GPS EcoRRAP sites,6,5-Aug,5,CBLM_FL2S_P2,CBLM_FL2S_P2
2580,ECO03,Porites lichen,Plic,1,5,2023,Lady_Musgrave,NA,NA,-23.917564,152.392285,GPS EcoRRAP sites,6,5-Aug,5,CBLM_FL2S_P2,CBLM_FL2S_P2
2581,ECO03,Porites lichen,Plic,1,5,2023,Lady_Musgrave,NA,NA,-23.917494,152.392486,GPS EcoRRAP sites,6,5-Aug,5.1,CBLM_FL2S_P3,CBLM_FL2S_P3
2582,ECO03,Porites lichen,Plic,1,5,2023,Lady_Musgrave,NA,NA,-23.917494,152.392486,GPS EcoRRAP sites,6,5-Aug,5.1,CBLM_FL2S_P3,CBLM_FL2S_P3
2583,ECO03,Porites australiensis,Paus,1,5,2023,Lady_Musgrave,NA,NA,-23.917494,152.392486,GPS EcoRRAP sites,6,5-Aug,5.1,CBLM_FL2S_P3,CBLM_FL2S_P3
2584,ECO03,Porites lichen,Plic,1,5,2023,Lady_Musgrave,NA,NA,-23.917494,152.392486,GPS EcoRRAP sites,6,5-Aug,5.1,CBLM_FL2S_P3,CBLM_FL2S_P3
2585,ECO03,Porites australiensis,Paus,1,5,2023,Lady_Musgrave,NA,NA,-23.917494,152.392486,GPS EcoRRAP sites,6,5-Aug,5.1,CBLM_FL2S_P3,CBLM_FL2S_P3
2586,ECO03,Porites lichen,Plic,1,5,2023,Lady_Musgrave,NA,NA,-23.916998,152.3926315,GPS EcoRRAP sites,6,5-Aug,4.6,CBLM_FL2S_P4,CBLM_FL2S_P4
2587,ECO03,Porites australiensis,Paus,1,5,2023,Lady_Musgrave,NA,NA,-23.916998,152.3926315,GPS EcoRRAP sites,6,5-Aug,4.6,CBLM_FL2S_P4,CBLM_FL2S_P4
2588,ECO03,Porites australiensis,Paus,1,5,2023,Lady_Musgrave,NA,NA,-23.916998,152.3926315,GPS EcoRRAP sites,6,5-Aug,4.6,CBLM_FL2S_P4,CBLM_FL2S_P4
2589,ECO03,Porites australiensis,Paus,1,5,2023,Lady_Musgrave,NA,NA,-23.917494,152.392486,GPS EcoRRAP sites,6,5-Aug,5.1,CBLM_FL2S_P3,CBLM_FL2S_P3
2590,ECO03,Seriatopora hystrix,Shys,2,5,2023,Lady_Musgrave,NA,NA,-23.884943,152.4136075,GPS EcoRRAP sites,6,5-Aug,4.2,CBLM_FL1S_P1,CBLM_FL1S_P1
2591,ECO03,Seriatopora hystrix,Shys,2,5,2023,Lady_Musgrave,NA,NA,-23.884943,152.4136075,GPS EcoRRAP sites,6,5-Aug,4.2,CBLM_FL1S_P1,CBLM_FL1S_P1
2592,ECO03,Seriatopora hystrix,Shys,2,5,2023,Lady_Musgrave,NA,NA,-23.884943,152.4136075,GPS EcoRRAP sites,6,5-Aug,4.2,CBLM_FL1S_P1,CBLM_FL1S_P1
2593,ECO03,Seriatopora hystrix,Shys,2,5,2023,Lady_Musgrave,NA,NA,-23.884943,152.4136075,GPS EcoRRAP sites,6,5-Aug,4.2,CBLM_FL1S_P1,CBLM_FL1S_P1
2594,ECO03,Porites massive,Pmas,2,5,2023,Lady_Musgrave,NA,NA,-23.884943,152.4136075,GPS EcoRRAP sites,6,5-Aug,4.2,CBLM_FL1S_P1,CBLM_FL1S_P1
2595,ECO03,Porites massive,Pmas,2,5,2023,Lady_Musgrave,NA,NA,-23.88506,152.4135875,GPS EcoRRAP sites,6,5-Aug,4,CBLM_FL1S_P2,CBLM_FL1S_P2
2596,ECO03,Seriatopora hystrix,Shys,2,5,2023,Lady_Musgrave,NA,NA,-23.88506,152.4135875,GPS EcoRRAP sites,6,5-Aug,4,CBLM_FL1S_P2,CBLM_FL1S_P2
2597,ECO03,Seriatopora hystrix,Shys,2,5,2023,Lady_Musgrave,NA,NA,-23.88506,152.4135875,GPS EcoRRAP sites,6,5-Aug,4,CBLM_FL1S_P2,CBLM_FL1S_P2
2598,ECO03,Seriatopora hystrix,Shys,2,5,2023,Lady_Musgrave,NA,NA,-23.88506,152.4135875,GPS EcoRRAP sites,6,5-Aug,4,CBLM_FL1S_P2,CBLM_FL1S_P2
2599,ECO03,Porites massive,Pmas,2,5,2023,Lady_Musgrave,NA,NA,-23.88506,152.4135875,GPS EcoRRAP sites,6,5-Aug,4,CBLM_FL1S_P2,CBLM_FL1S_P2
2600,ECO03,Seriatopora hystrix,Shys,2,5,2023,Lady_Musgrave,NA,NA,-23.88506,152.4135875,GPS EcoRRAP sites,6,5-Aug,4,CBLM_FL1S_P2,CBLM_FL1S_P2
2601,ECO03,Seriatopora hystrix,Shys,2,5,2023,Lady_Musgrave,NA,NA,-23.88506,152.4135875,GPS EcoRRAP sites,6,5-Aug,4,CBLM_FL1S_P2,CBLM_FL1S_P2
2602,ECO03,Porites massive,Pmas,2,5,2023,Lady_Musgrave,NA,NA,-23.8852145,152.413594,GPS EcoRRAP sites,6,5-Aug,5.1,CBLM_FL1S_P3,CBLM_FL1S_P3
2603,ECO03,Seriatopora hystrix,Shys,2,5,2023,Lady_Musgrave,NA,NA,-23.8852145,152.413594,GPS EcoRRAP sites,6,5-Aug,5.1,CBLM_FL1S_P3,CBLM_FL1S_P3
2604,ECO03,Seriatopora hystrix,Shys,2,5,2023,Lady_Musgrave,NA,NA,-23.8852145,152.413594,GPS EcoRRAP sites,6,5-Aug,5.1,CBLM_FL1S_P3,CBLM_FL1S_P3
2605,ECO03,Porites massive,Pmas,2,5,2023,Lady_Musgrave,NA,NA,-23.8852145,152.413594,GPS EcoRRAP sites,6,5-Aug,5.1,CBLM_FL1S_P3,CBLM_FL1S_P3
2606,ECO03,Seriatopora hystrix,Shys,2,5,2023,Lady_Musgrave,NA,NA,-23.8853215,152.413674,GPS EcoRRAP sites,6,5-Aug,4.9,CBLM_FL1S_P4,CBLM_FL1S_P4
2607,ECO03,Seriatopora hystrix,Shys,2,5,2023,Lady_Musgrave,NA,NA,-23.8853215,152.413674,GPS EcoRRAP sites,6,5-Aug,4.9,CBLM_FL1S_P4,CBLM_FL1S_P4
2608,ECO03,Seriatopora hystrix,Shys,2,5,2023,Lady_Musgrave,NA,NA,-23.8853215,152.413674,GPS EcoRRAP sites,6,5-Aug,4.9,CBLM_FL1S_P4,CBLM_FL1S_P4
2609,ECO03,Seriatopora hystrix,Shys,2,5,2023,Lady_Musgrave,NA,NA,-23.8853215,152.413674,GPS EcoRRAP sites,6,5-Aug,4.9,CBLM_FL1S_P4,CBLM_FL1S_P4
2610,ECO03,Pachyseris speciosa,Pspe,2,5,2023,Lady_Musgrave,NA,NA,-23.8853215,152.413674,GPS EcoRRAP sites,6,5-Aug,4.9,CBLM_FL1S_P4,CBLM_FL1S_P4
2611,ECO03,Porites australiensis,Paus,2,5,2023,Lady_Musgrave,NA,NA,-23.88506,152.4135875,GPS EcoRRAP sites,6,5-Aug,4,CBLM_FL1S_P2,CBLM_FL1S_P2
2612,ECO03,Porites australiensis,Paus,2,5,2023,Lady_Musgrave,NA,NA,-23.8943095,152.404054,GPS EcoRRAP sites,6,5-Aug,4.5,CBLM_BA2S_P2,CBLM_BA2S_P2
2613,ECO03,Porites solida,Psol,2,5,2023,Lady_Musgrave,NA,NA,-23.8944175,152.403762,GPS EcoRRAP sites,6,5-Aug,5.6,CBLM_BA2S_P3,CBLM_BA2S_P3
2614,ECO03,Porites australiensis,Paus,2,5,2023,Lady_Musgrave,NA,NA,-23.8944175,152.403762,GPS EcoRRAP sites,6,5-Aug,5.6,CBLM_BA2S_P3,CBLM_BA2S_P3
2615,ECO03,Porites rus,Prus,2,5,2023,Lady_Musgrave,NA,NA,-23.8944175,152.403762,GPS EcoRRAP sites,6,5-Aug,5.6,CBLM_BA2S_P3,CBLM_BA2S_P3
2616,ECO03,Porites australiensis,Paus,2,5,2023,Lady_Musgrave,NA,NA,-23.8944175,152.403762,GPS EcoRRAP sites,6,5-Aug,5.6,CBLM_BA2S_P3,CBLM_BA2S_P3
2617,ECO03,Seriatopora hystrix,Shys,2,5,2023,Lady_Musgrave,NA,NA,-23.8944175,152.403762,GPS EcoRRAP sites,6,5-Aug,5.6,CBLM_BA2S_P3,CBLM_BA2S_P3
2618,ECO03,Porites australiensis,Paus,2,5,2023,Lady_Musgrave,NA,NA,-23.8945,152.403644,GPS EcoRRAP sites,6,5-Aug,4.4,CBLM_BA2S_P4,CBLM_BA2S_P4
2619,ECO03,Seriatopora hystrix,Shys,2,5,2023,Lady_Musgrave,NA,NA,-23.8945,152.403644,GPS EcoRRAP sites,6,5-Aug,4.4,CBLM_BA2S_P4,CBLM_BA2S_P4
2620,ECO03,Porites australiensis,Paus,2,5,2023,Lady_Musgrave,NA,NA,-23.8945,152.403644,GPS EcoRRAP sites,6,5-Aug,4.4,CBLM_BA2S_P4,CBLM_BA2S_P4
2621,ECO03,Seriatopora hystrix,Shys,3,5,2023,Lady_Musgrave,NA,NA,-23.8962565,152.413664,GPS EcoRRAP sites,6,5-Aug,4.3,CBLM_LA1S_P1,CBLM_LA1S_P1
2622,ECO03,Seriatopora hystrix,Shys,3,5,2023,Lady_Musgrave,NA,NA,-23.8962565,152.413664,GPS EcoRRAP sites,6,5-Aug,4.3,CBLM_LA1S_P1,CBLM_LA1S_P1
2623,ECO03,Porites massive,Pmas,3,5,2023,Lady_Musgrave,NA,NA,-23.8962565,152.413664,GPS EcoRRAP sites,6,5-Aug,4.3,CBLM_LA1S_P1,CBLM_LA1S_P1
2624,ECO03,Seriatopora hystrix,Shys,3,5,2023,Lady_Musgrave,NA,NA,-23.8962565,152.413664,GPS EcoRRAP sites,6,5-Aug,4.3,CBLM_LA1S_P1,CBLM_LA1S_P1
2625,ECO03,,,3,5,2023,Lady_Musgrave,NA,NA,-23.8962565,152.413664,GPS EcoRRAP sites,6,5-Aug,4.3,CBLM_LA1S_P1,CBLM_LA1S_P1
2626,ECO03,Porites massive,Pmas,3,5,2023,Lady_Musgrave,NA,NA,-23.8962565,152.413664,GPS EcoRRAP sites,6,5-Aug,4.3,CBLM_LA1S_P1,CBLM_LA1S_P1
2627,ECO03,Porites massive,Pmas,3,5,2023,Lady_Musgrave,NA,NA,-23.8962565,152.413664,GPS EcoRRAP sites,6,5-Aug,4.3,CBLM_LA1S_P1,CBLM_LA1S_P1
2628,ECO03,Seriatopora hystrix,Shys,3,5,2023,Lady_Musgrave,NA,NA,-23.8962565,152.413664,GPS EcoRRAP sites,6,5-Aug,4.3,CBLM_LA1S_P1,CBLM_LA1S_P1
2629,ECO03,Seriatopora hystrix,Shys,3,5,2023,Lady_Musgrave,NA,NA,-23.896318,152.4138515,GPS EcoRRAP sites,6,5-Aug,4.5,CBLM_LA1S_P2,CBLM_LA1S_P2
2630,ECO03,Seriatopora hystrix,Shys,3,5,2023,Lady_Musgrave,NA,NA,-23.896318,152.4138515,GPS EcoRRAP sites,6,5-Aug,4.5,CBLM_LA1S_P2,CBLM_LA1S_P2
2631,ECO03,Seriatopora hystrix,Shys,3,5,2023,Lady_Musgrave,NA,NA,-23.896318,152.4138515,GPS EcoRRAP sites,6,5-Aug,4.5,CBLM_LA1S_P2,CBLM_LA1S_P2
2632,ECO03,Seriatopora hystrix,Shys,3,5,2023,Lady_Musgrave,NA,NA,-23.896318,152.4138515,GPS EcoRRAP sites,6,5-Aug,4.5,CBLM_LA1S_P2,CBLM_LA1S_P2
2633,ECO03,Seriatopora hystrix,Shys,3,5,2023,Lady_Musgrave,NA,NA,-23.896318,152.4138515,GPS EcoRRAP sites,6,5-Aug,4.5,CBLM_LA1S_P2,CBLM_LA1S_P2
2634,ECO03,Seriatopora hystrix,Shys,3,5,2023,Lady_Musgrave,NA,NA,-23.8963465,152.414007,GPS EcoRRAP sites,6,5-Aug,4.5,CBLM_LA1S_P3,CBLM_LA1S_P3
2635,ECO03,Seriatopora hystrix,Shys,3,5,2023,Lady_Musgrave,NA,NA,-23.8963465,152.414007,GPS EcoRRAP sites,6,5-Aug,4.5,CBLM_LA1S_P3,CBLM_LA1S_P3
2636,ECO03,Seriatopora hystrix,Shys,3,5,2023,Lady_Musgrave,NA,NA,-23.8963465,152.414007,GPS EcoRRAP sites,6,5-Aug,4.5,CBLM_LA1S_P3,CBLM_LA1S_P3
2637,ECO03,Seriatopora hystrix,Shys,3,5,2023,Lady_Musgrave,NA,NA,-23.8963465,152.414007,GPS EcoRRAP sites,6,5-Aug,4.5,CBLM_LA1S_P3,CBLM_LA1S_P3
2638,ECO03,Seriatopora hystrix,Shys,3,5,2023,Lady_Musgrave,NA,NA,-23.8960755,152.414039,GPS EcoRRAP sites,6,5-Aug,3.1,CBLM_LA1S_P4,CBLM_LA1S_P4
2639,ECO03,Seriatopora hystrix,Shys,3,5,2023,Lady_Musgrave,NA,NA,-23.8960755,152.414039,GPS EcoRRAP sites,6,5-Aug,3.1,CBLM_LA1S_P4,CBLM_LA1S_P4
2640,ECO03,Seriatopora hystrix,Shys,3,5,2023,Lady_Musgrave,NA,NA,-23.8960755,152.414039,GPS EcoRRAP sites,6,5-Aug,3.1,CBLM_LA1S_P4,CBLM_LA1S_P4
2641,ECO03,Seriatopora hystrix,Shys,3,5,2023,Lady_Musgrave,NA,NA,-23.8960755,152.414039,GPS EcoRRAP sites,6,5-Aug,3.1,CBLM_LA1S_P4,CBLM_LA1S_P4
2642,ECO03,Seriatopora hystrix,Shys,3,5,2023,Lady_Musgrave,NA,NA,-23.900174,152.3936205,GPS EcoRRAP sites,6,5-Aug,4.7,CBLM_BA1S_P1,CBLM_BA1S_P1
2643,ECO03,Seriatopora hystrix,Shys,3,5,2023,Lady_Musgrave,NA,NA,-23.900253,152.393555,GPS EcoRRAP sites,6,5-Aug,4.3,CBLM_BA1S_P2,CBLM_BA1S_P2
2644,ECO03,Seriatopora hystrix,Shys,3,5,2023,Lady_Musgrave,NA,NA,-23.900253,152.393555,GPS EcoRRAP sites,6,5-Aug,4.3,CBLM_BA1S_P2,CBLM_BA1S_P2
2645,ECO03,Seriatopora hystrix,Shys,3,5,2023,Lady_Musgrave,NA,NA,-23.90031025,152.3934798,GPS EcoRRAP sites,10,5-Aug,3.85,CBLM_BA1S_P23,CBLM_BA1S_P23
2646,ECO03,Seriatopora hystrix,Shys,3,5,2023,Lady_Musgrave,NA,NA,-23.9003675,152.3934045,GPS EcoRRAP sites,6,5-Aug,3.4,CBLM_BA1S_P3,CBLM_BA1S_P3
2647,ECO03,Seriatopora hystrix,Shys,3,5,2023,Lady_Musgrave,NA,NA,-23.9003675,152.3934045,GPS EcoRRAP sites,6,5-Aug,3.4,CBLM_BA1S_P3,CBLM_BA1S_P3
2648,ECO03,Seriatopora hystrix,Shys,3,5,2023,Lady_Musgrave,NA,NA,-23.9003675,152.3934045,GPS EcoRRAP sites,6,5-Aug,3.4,CBLM_BA1S_P3,CBLM_BA1S_P3
2649,ECO03,Seriatopora hystrix,Shys,3,5,2023,Lady_Musgrave,NA,NA,-23.9003675,152.3934045,GPS EcoRRAP sites,6,5-Aug,3.4,CBLM_BA1S_P3,CBLM_BA1S_P3
2650,ECO03,Seriatopora hystrix,Shys,3,5,2023,Lady_Musgrave,NA,NA,-23.9004655,152.393308,GPS EcoRRAP sites,6,5-Aug,4,CBLM_BA1S_P4,CBLM_BA1S_P4
2651,ECO03,Seriatopora hystrix,Shys,3,5,2023,Lady_Musgrave,NA,NA,-23.9004655,152.393308,GPS EcoRRAP sites,6,5-Aug,4,CBLM_BA1S_P4,CBLM_BA1S_P4
2652,ECO03,Seriatopora hystrix,Shys,3,5,2023,Lady_Musgrave,NA,NA,-23.9004655,152.393308,GPS EcoRRAP sites,6,5-Aug,4,CBLM_BA1S_P4,CBLM_BA1S_P4
2653,ECO03,Seriatopora hystrix,Shys,3,5,2023,Lady_Musgrave,NA,NA,-23.90031025,152.3934798,GPS EcoRRAP sites,10,5-Aug,3.85,CBLM_BA1S_P23,CBLM_BA1S_P23
2654,ECO03,Seriatopora hystrix,Shys,3,5,2023,Lady_Musgrave,NA,NA,-23.90031025,152.3934798,GPS EcoRRAP sites,10,5-Aug,3.85,CBLM_BA1S_P23,CBLM_BA1S_P23
2655,ECO03,Seriatopora hystrix,Shys,3,5,2023,Lady_Musgrave,NA,NA,-23.90031025,152.3934798,GPS EcoRRAP sites,10,5-Aug,3.85,CBLM_BA1S_P23,CBLM_BA1S_P23
2656,ECO03,Seriatopora hystrix,Shys,3,5,2023,Lady_Musgrave,NA,NA,-23.900174,152.3936205,GPS EcoRRAP sites,6,5-Aug,4.7,CBLM_BA1S_P1,CBLM_BA1S_P1
2657,ECO03,Seriatopora hystrix,Shys,4,5,2023,Heron,NA,NA,-23.4720845,151.977962,GPS EcoRRAP sites,6,Oct-15,11.6,CBHE_FR1D_P2,CBHE_FR1D_P2
2658,ECO03,Seriatopora hystrix,Shys,4,5,2023,Heron,NA,NA,-23.4720845,151.977962,GPS EcoRRAP sites,6,Oct-15,11.6,CBHE_FR1D_P2,CBHE_FR1D_P2
2659,ECO03,Seriatopora hystrix,Shys,4,5,2023,Heron,NA,NA,-23.4720845,151.977962,GPS EcoRRAP sites,6,Oct-15,11.6,CBHE_FR1D_P2,CBHE_FR1D_P2
2660,ECO03,Porites massive,Pmas,4,5,2023,Heron,NA,NA,-23.4720845,151.977962,GPS EcoRRAP sites,6,Oct-15,11.6,CBHE_FR1D_P2,CBHE_FR1D_P2
2661,ECO03,Porites massive,Pmas,4,5,2023,Heron,NA,NA,-23.4720845,151.977962,GPS EcoRRAP sites,6,Oct-15,11.6,CBHE_FR1D_P2,CBHE_FR1D_P2
2662,ECO03,Porites massive,Pmas,4,5,2023,Heron,NA,NA,-23.472098,151.977937,GPS EcoRRAP sites,30,Oct-15,11.8,CBHE_FR1D_P3,CBHE_FR1D_P3
2663,ECO03,Seriatopora hystrix,Shys,4,5,2023,Heron,NA,NA,-23.472098,151.977937,GPS EcoRRAP sites,30,Oct-15,11.8,CBHE_FR1D_P3,CBHE_FR1D_P3
2664,ECO03,Seriatopora hystrix,Shys,4,5,2023,Heron,NA,NA,-23.472098,151.977937,GPS EcoRRAP sites,30,Oct-15,11.8,CBHE_FR1D_P3,CBHE_FR1D_P3
2665,ECO03,Seriatopora hystrix,Shys,4,5,2023,Heron,NA,NA,-23.472098,151.977937,GPS EcoRRAP sites,30,Oct-15,11.8,CBHE_FR1D_P3,CBHE_FR1D_P3
2666,ECO03,Seriatopora hystrix,Shys,4,5,2023,Heron,NA,NA,-23.472098,151.977937,GPS EcoRRAP sites,30,Oct-15,11.8,CBHE_FR1D_P3,CBHE_FR1D_P3
2667,ECO03,Porites massive,Pmas,4,5,2023,Heron,NA,NA,-23.4720925,151.978211,GPS EcoRRAP sites,6,Oct-15,11.4,CBHE_FR1D_P4,CBHE_FR1D_P4
2668,ECO03,Porites massive,Pmas,4,5,2023,Heron,NA,NA,-23.4720925,151.978211,GPS EcoRRAP sites,6,Oct-15,11.4,CBHE_FR1D_P4,CBHE_FR1D_P4
2669,ECO03,Seriatopora hystrix,Shys,4,5,2023,Heron,NA,NA,-23.4720925,151.978211,GPS EcoRRAP sites,6,Oct-15,11.4,CBHE_FR1D_P4,CBHE_FR1D_P4
2700,ECO03,Seriatopora hystrix,Shys,4,5,2023,Heron,NA,NA,-23.4720925,151.978211,GPS EcoRRAP sites,6,Oct-15,11.4,CBHE_FR1D_P4,CBHE_FR1D_P4
2701,ECO03,Seriatopora hystrix,Shys,5,5,2023,Heron,NA,NA,-23.4708128,151.9507523,GPS EcoRRAP sites,6,Oct-15,11.2,CBHE_FR2D_P1,CBHE_FR2D_P1
2702,ECO03,Seriatopora hystrix,Shys,5,5,2023,Heron,NA,NA,-23.4708128,151.9507523,GPS EcoRRAP sites,6,Oct-15,11.2,CBHE_FR2D_P1,CBHE_FR2D_P1
2703,ECO03,Seriatopora hystrix,Shys,5,5,2023,Heron,NA,NA,-23.4708128,151.9507523,GPS EcoRRAP sites,6,Oct-15,11.2,CBHE_FR2D_P1,CBHE_FR2D_P1
2704,ECO03,Seriatopora hystrix,Shys,5,5,2023,Heron,NA,NA,-23.47084618,151.9509202,GPS EcoRRAP sites,6,Oct-15,11.8,CBHE_FR2D_P2,CBHE_FR2D_P2
2705,ECO03,Seriatopora hystrix,Shys,5,5,2023,Heron,NA,NA,-23.47084618,151.9509202,GPS EcoRRAP sites,6,Oct-15,11.8,CBHE_FR2D_P2,CBHE_FR2D_P2
2706,ECO03,Seriatopora hystrix,Shys,5,5,2023,Heron,NA,NA,-23.47084618,151.9509202,GPS EcoRRAP sites,6,Oct-15,11.8,CBHE_FR2D_P2,CBHE_FR2D_P2
2707,ECO03,Porites massive,Pmas,5,5,2023,Heron,NA,NA,-23.47084618,151.9509202,GPS EcoRRAP sites,6,Oct-15,11.8,CBHE_FR2D_P2,CBHE_FR2D_P2
2708,ECO03,Porites massive,Pmas,5,5,2023,Heron,NA,NA,-23.47086716,151.9512024,GPS EcoRRAP sites,10,Oct-15,11.6,CBHE_FR2D_P3,CBHE_FR2D_P3
2709,ECO03,Seriatopora hystrix,Shys,5,5,2023,Heron,NA,NA,-23.47086716,151.9512024,GPS EcoRRAP sites,10,Oct-15,11.6,CBHE_FR2D_P3,CBHE_FR2D_P3
2710,ECO03,Seriatopora hystrix,Shys,5,5,2023,Heron,NA,NA,-23.47086716,151.9512024,GPS EcoRRAP sites,10,Oct-15,11.6,CBHE_FR2D_P3,CBHE_FR2D_P3
2711,ECO03,Porites massive,Pmas,5,5,2023,Heron,NA,NA,-23.47086716,151.9512024,GPS EcoRRAP sites,10,Oct-15,11.6,CBHE_FR2D_P3,CBHE_FR2D_P3
2712,ECO03,Seriatopora hystrix,Shys,5,5,2023,Heron,NA,NA,-23.47086716,151.9512024,GPS EcoRRAP sites,10,Oct-15,11.6,CBHE_FR2D_P3,CBHE_FR2D_P3
2713,ECO03,Porites massive,Pmas,5,5,2023,Heron,NA,NA,-23.47086716,151.9512024,GPS EcoRRAP sites,10,Oct-15,11.6,CBHE_FR2D_P3,CBHE_FR2D_P3
2714,ECO03,Porites massive,Pmas,5,5,2023,Heron,NA,NA,-23.47086716,151.9512024,GPS EcoRRAP sites,10,Oct-15,11.6,CBHE_FR2D_P3,CBHE_FR2D_P3
2715,ECO03,Seriatopora hystrix,Shys,5,5,2023,Heron,NA,NA,-23.47086716,151.9512024,GPS EcoRRAP sites,10,Oct-15,11.6,CBHE_FR2D_P3,CBHE_FR2D_P3
2716,ECO03,Porites massive,Pmas,5,5,2023,Heron,NA,NA,-23.4708662,151.9513931,GPS EcoRRAP sites,6,Oct-15,10.4,CBHE_FR2D_P4,CBHE_FR2D_P4
2717,ECO03,Seriatopora hystrix,Shys,5,5,2023,Heron,NA,NA,-23.4708662,151.9513931,GPS EcoRRAP sites,6,Oct-15,10.4,CBHE_FR2D_P4,CBHE_FR2D_P4
2718,ECO03,Seriatopora hystrix,Shys,5,5,2023,Heron,NA,NA,-23.4708662,151.9513931,GPS EcoRRAP sites,6,Oct-15,10.4,CBHE_FR2D_P4,CBHE_FR2D_P4
2719,ECO03,Porites massive,Pmas,5,5,2023,Heron,NA,NA,-23.4708662,151.9513931,GPS EcoRRAP sites,6,Oct-15,10.4,CBHE_FR2D_P4,CBHE_FR2D_P4
2720,ECO03,Seriatopora hystrix,Shys,5,5,2023,Heron,NA,NA,-23.47042275,151.9508896,GPS EcoRRAP sites,6,Oct-15,5.3,CBHE_FR2S_P2,CBHE_FR2S_P2
2721,ECO03,Seriatopora hystrix,Shys,5,5,2023,Heron,NA,NA,-23.4704876,151.9510498,GPS EcoRRAP sites,6,Oct-15,5.3,CBHE_FR2S_P3,CBHE_FR2S_P3
2722,ECO03,Seriatopora hystrix,Shys,5,5,2023,Heron,NA,NA,-23.4704876,151.9510498,GPS EcoRRAP sites,6,Oct-15,5.3,CBHE_FR2S_P3,CBHE_FR2S_P3
2723,ECO03,Seriatopora hystrix,Shys,5,5,2023,Heron,NA,NA,-23.4704876,151.9510498,GPS EcoRRAP sites,6,Oct-15,5.3,CBHE_FR2S_P3,CBHE_FR2S_P3
2724,ECO03,Seriatopora hystrix,Shys,5,5,2023,Heron,NA,NA,-23.4704876,151.9510498,GPS EcoRRAP sites,6,Oct-15,5.3,CBHE_FR2S_P3,CBHE_FR2S_P3
2725,ECO03,Seriatopora hystrix,Shys,5,5,2023,Heron,NA,NA,-23.47050095,151.9511948,GPS EcoRRAP sites,6,Oct-15,5.6,CBHE_FR2S_P4,CBHE_FR2S_P4
2726,ECO03,Porites massive,Pmas,5,5,2023,Heron,NA,NA,-23.47050095,151.9511948,GPS EcoRRAP sites,6,Oct-15,5.6,CBHE_FR2S_P4,CBHE_FR2S_P4
2727,ECO03,Seriatopora hystrix,Shys,5,5,2023,Heron,NA,NA,-23.47050095,151.9511948,GPS EcoRRAP sites,6,Oct-15,5.6,CBHE_FR2S_P4,CBHE_FR2S_P4
2728,ECO03,Seriatopora hystrix,Shys,5,5,2023,Heron,NA,NA,-23.47050095,151.9511948,GPS EcoRRAP sites,6,Oct-15,5.6,CBHE_FR2S_P4,CBHE_FR2S_P4
2729,ECO03,Seriatopora hystrix,Shys,5,5,2023,Heron,NA,NA,-23.47050095,151.9511948,GPS EcoRRAP sites,6,Oct-15,5.6,CBHE_FR2S_P4,CBHE_FR2S_P4
2730,ECO03,Seriatopora hystrix,Shys,5,5,2023,Heron,NA,NA,-23.433933,151.9212005,GPS EcoRRAP sites,6,5-Oct,4.1,CBHE_BA2S_P1,CBHE_BA2S_P1
2731,ECO03,Seriatopora hystrix,Shys,5,5,2023,Heron,NA,NA,-23.433933,151.9212005,GPS EcoRRAP sites,6,5-Oct,4.1,CBHE_BA2S_P1,CBHE_BA2S_P1
2732,ECO03,Seriatopora hystrix,Shys,5,5,2023,Heron,NA,NA,-23.433933,151.9212005,GPS EcoRRAP sites,6,5-Oct,4.1,CBHE_BA2S_P1,CBHE_BA2S_P1
2733,ECO03,Seriatopora hystrix,Shys,5,5,2023,Heron,NA,NA,-23.433933,151.9212005,GPS EcoRRAP sites,6,5-Oct,4.1,CBHE_BA2S_P1,CBHE_BA2S_P1
2734,ECO03,Seriatopora hystrix,Shys,5,5,2023,Heron,NA,NA,-23.433991,151.9210255,GPS EcoRRAP sites,6,5-Oct,4.3,CBHE_BA2S_P2,CBHE_BA2S_P2
2735,ECO03,Porites massive,Pmas,5,5,2023,Heron,NA,NA,-23.433991,151.9210255,GPS EcoRRAP sites,6,5-Oct,4.3,CBHE_BA2S_P2,CBHE_BA2S_P2
2736,ECO03,Seriatopora hystrix,Shys,5,5,2023,Heron,NA,NA,-23.433991,151.9210255,GPS EcoRRAP sites,6,5-Oct,4.3,CBHE_BA2S_P2,CBHE_BA2S_P2
2737,ECO03,Seriatopora hystrix,Shys,5,5,2023,Heron,NA,NA,-23.433991,151.9210255,GPS EcoRRAP sites,6,5-Oct,4.3,CBHE_BA2S_P2,CBHE_BA2S_P2
2738,ECO03,Seriatopora hystrix,Shys,5,5,2023,Heron,NA,NA,-23.433933,151.9212005,GPS EcoRRAP sites,6,5-Oct,4.1,CBHE_BA2S_P1,CBHE_BA2S_P1
2739,ECO03,,,5,5,2023,Heron,NA,NA,-23.433982,151.920934,GPS EcoRRAP sites,60,5-Oct,4,CBHE_BA2S,CBHE_BA2S
2740,ECO03,Seriatopora hystrix,Shys,5,5,2023,Heron,NA,NA,-23.4340225,151.9208295,GPS EcoRRAP sites,6,5-Oct,3.8,CBHE_BA2S_P3,CBHE_BA2S_P3
2741,ECO03,Seriatopora hystrix,Shys,5,5,2023,Heron,NA,NA,-23.4340225,151.9208295,GPS EcoRRAP sites,6,5-Oct,3.8,CBHE_BA2S_P3,CBHE_BA2S_P3
2742,ECO03,Porites massive,Pmas,5,5,2023,Heron,NA,NA,-23.4340225,151.9208295,GPS EcoRRAP sites,6,5-Oct,3.8,CBHE_BA2S_P3,CBHE_BA2S_P3
2743,ECO03,Seriatopora hystrix,Shys,5,5,2023,Heron,NA,NA,-23.4340225,151.9208295,GPS EcoRRAP sites,6,5-Oct,3.8,CBHE_BA2S_P3,CBHE_BA2S_P3
2744,ECO03,Seriatopora hystrix,Shys,5,5,2023,Heron,NA,NA,-23.4340385,151.920667,GPS EcoRRAP sites,6,5-Oct,3.9,CBHE_BA2S_P4,CBHE_BA2S_P4
2745,ECO03,Seriatopora hystrix,Shys,5,5,2023,Heron,NA,NA,-23.4340385,151.920667,GPS EcoRRAP sites,6,5-Oct,3.9,CBHE_BA2S_P4,CBHE_BA2S_P4
2746,ECO03,Seriatopora hystrix,Shys,5,5,2023,Heron,NA,NA,-23.4340385,151.920667,GPS EcoRRAP sites,6,5-Oct,3.9,CBHE_BA2S_P4,CBHE_BA2S_P4
2747,ECO03,Seriatopora hystrix,Shys,5,5,2023,Heron,NA,NA,-23.4340385,151.920667,GPS EcoRRAP sites,6,5-Oct,3.9,CBHE_BA2S_P4,CBHE_BA2S_P4
2748,ECO03,Seriatopora hystrix,Shys,5,5,2023,Heron,NA,NA,-23.4340385,151.920667,GPS EcoRRAP sites,6,5-Oct,3.9,CBHE_BA2S_P4,CBHE_BA2S_P4
2749,ECO03,Seriatopora hystrix,Shys,5,5,2023,Heron,NA,NA,-23.433991,151.9210255,GPS EcoRRAP sites,6,5-Oct,4.3,CBHE_BA2S_P2,CBHE_BA2S_P2
2750,ECO03,Seriatopora hystrix,Shys,5,5,2023,Heron,NA,NA,-23.433991,151.9210255,GPS EcoRRAP sites,6,5-Oct,4.3,CBHE_BA2S_P2,CBHE_BA2S_P2
2751,ECO03,Seriatopora hystrix,Shys,6,5,2023,Heron,NA,NA,-23.428403,151.952614,GPS EcoRRAP sites,6,5-Oct,5.1,CBHE_BA1S_P1,CBHE_BA1S_P1
2752,ECO03,Seriatopora hystrix,Shys,6,5,2023,Heron,NA,NA,-23.428403,151.952614,GPS EcoRRAP sites,6,5-Oct,5.1,CBHE_BA1S_P1,CBHE_BA1S_P1
2753,ECO03,Seriatopora hystrix,Shys,6,5,2023,Heron,NA,NA,-23.428403,151.952614,GPS EcoRRAP sites,6,5-Oct,5.1,CBHE_BA1S_P1,CBHE_BA1S_P1
2754,ECO03,Seriatopora hystrix,Shys,6,5,2023,Heron,NA,NA,-23.428403,151.952614,GPS EcoRRAP sites,6,5-Oct,5.1,CBHE_BA1S_P1,CBHE_BA1S_P1
2755,ECO03,Seriatopora hystrix,Shys,6,5,2023,Heron,NA,NA,-23.428403,151.952614,GPS EcoRRAP sites,6,5-Oct,5.1,CBHE_BA1S_P1,CBHE_BA1S_P1
2756,ECO03,Seriatopora hystrix,Shys,6,5,2023,Heron,NA,NA,-23.428454,151.9524855,GPS EcoRRAP sites,6,5-Oct,4.8,CBHE_BA1S_P2,CBHE_BA1S_P2
2757,ECO03,Seriatopora hystrix,Shys,6,5,2023,Heron,NA,NA,-23.4284645,151.9522105,GPS EcoRRAP sites,6,5-Oct,5,CBHE_BA1S_P4,CBHE_BA1S_P4
2758,ECO03,Seriatopora hystrix,Shys,6,5,2023,Heron,NA,NA,-23.43400975,151.920533,GPS EcoRRAP sites,10,Oct-15,10.5,CBHE_BA2D_P12,CBHE_BA2D_P12
2759,ECO03,Seriatopora hystrix,Shys,6,5,2023,Heron,NA,NA,-23.43400975,151.920533,GPS EcoRRAP sites,10,Oct-15,10.5,CBHE_BA2D_P12,CBHE_BA2D_P12
2760,ECO03,Seriatopora hystrix,Shys,6,5,2023,Heron,NA,NA,-23.43400975,151.920533,GPS EcoRRAP sites,10,Oct-15,10.5,CBHE_BA2D_P12,CBHE_BA2D_P12
2761,ECO03,Seriatopora hystrix,Shys,6,5,2023,Heron,NA,NA,-23.4340395,151.920592,GPS EcoRRAP sites,6,Oct-15,10.5,CBHE_BA2D_P1,CBHE_BA2D_P1
2762,ECO03,Seriatopora hystrix,Shys,6,5,2023,Heron,NA,NA,-23.4340395,151.920592,GPS EcoRRAP sites,6,Oct-15,10.5,CBHE_BA2D_P1,CBHE_BA2D_P1
2763,ECO03,Seriatopora hystrix,Shys,6,5,2023,Heron,NA,NA,-23.43398,151.920474,GPS EcoRRAP sites,6,Oct-15,10.5,CBHE_BA2D_P2,CBHE_BA2D_P2
2764,ECO03,Seriatopora hystrix,Shys,6,5,2023,Heron,NA,NA,-23.43398,151.920474,GPS EcoRRAP sites,6,Oct-15,10.5,CBHE_BA2D_P2,CBHE_BA2D_P2
2765,ECO03,Seriatopora hystrix,Shys,6,5,2023,Heron,NA,NA,-23.43398,151.920474,GPS EcoRRAP sites,6,Oct-15,10.5,CBHE_BA2D_P2,CBHE_BA2D_P2
2766,ECO03,Seriatopora hystrix,Shys,6,5,2023,Heron,NA,NA,-23.434007,151.920339,GPS EcoRRAP sites,6,Oct-15,10.4,CBHE_BA2D_P3,CBHE_BA2D_P3
2767,ECO03,Seriatopora hystrix,Shys,6,5,2023,Heron,NA,NA,-23.434007,151.920339,GPS EcoRRAP sites,6,Oct-15,10.4,CBHE_BA2D_P3,CBHE_BA2D_P3
2768,ECO03,Porites massive,Pmas,6,5,2023,Heron,NA,NA,-23.434007,151.920339,GPS EcoRRAP sites,6,Oct-15,10.4,CBHE_BA2D_P3,CBHE_BA2D_P3
2769,ECO03,Porites massive,Pmas,6,5,2023,Heron,NA,NA,-23.434092,151.9200315,GPS EcoRRAP sites,6,Oct-15,10.1,CBHE_BA2D_P4,CBHE_BA2D_P4
2770,ECO03,Seriatopora hystrix,Shys,6,5,2023,Heron,NA,NA,-23.434092,151.9200315,GPS EcoRRAP sites,6,Oct-15,10.1,CBHE_BA2D_P4,CBHE_BA2D_P4
2771,ECO03,Seriatopora hystrix,Shys,6,5,2023,Heron,NA,NA,-23.434092,151.9200315,GPS EcoRRAP sites,6,Oct-15,10.1,CBHE_BA2D_P4,CBHE_BA2D_P4
2772,ECO03,Seriatopora hystrix,Shys,6,5,2023,Heron,NA,NA,-23.434092,151.9200315,GPS EcoRRAP sites,6,Oct-15,10.1,CBHE_BA2D_P4,CBHE_BA2D_P4
2773,ECO03,Seriatopora hystrix,Shys,6,5,2023,Heron,NA,NA,-23.434092,151.9200315,GPS EcoRRAP sites,6,Oct-15,10.1,CBHE_BA2D_P4,CBHE_BA2D_P4
2774,ECO03,Seriatopora hystrix,Shys,6,5,2023,Heron,NA,NA,-23.434092,151.9200315,GPS EcoRRAP sites,6,Oct-15,10.1,CBHE_BA2D_P4,CBHE_BA2D_P4
2775,ECO03,Seriatopora hystrix,Shys,6,5,2023,Heron,NA,NA,-23.428454,151.9524855,GPS EcoRRAP sites,6,5-Oct,4.8,CBHE_BA1S_P2,CBHE_BA1S_P2
2776,ECO03,Seriatopora hystrix,Shys,6,5,2023,Heron,NA,NA,-23.4284495,151.952358,GPS EcoRRAP sites,6,5-Oct,4,CBHE_BA1S_P3,CBHE_BA1S_P3
2777,ECO03,Seriatopora hystrix,Shys,6,5,2023,Heron,NA,NA,-23.4284495,151.952358,GPS EcoRRAP sites,6,5-Oct,4,CBHE_BA1S_P3,CBHE_BA1S_P3
2778,ECO03,Seriatopora hystrix,Shys,6,5,2023,Heron,NA,NA,-23.4284495,151.952358,GPS EcoRRAP sites,6,5-Oct,4,CBHE_BA1S_P3,CBHE_BA1S_P3
2779,ECO03,Seriatopora hystrix,Shys,6,5,2023,Heron,NA,NA,-23.4284495,151.952358,GPS EcoRRAP sites,6,5-Oct,4,CBHE_BA1S_P3,CBHE_BA1S_P3
2780,ECO03,Seriatopora hystrix,Shys,6,5,2023,Heron,NA,NA,-23.4284495,151.952358,GPS EcoRRAP sites,6,5-Oct,4,CBHE_BA1S_P3,CBHE_BA1S_P3
2781,ECO03,Seriatopora hystrix,Shys,6,5,2023,Heron,NA,NA,-23.4284645,151.9522105,GPS EcoRRAP sites,6,5-Oct,5,CBHE_BA1S_P4,CBHE_BA1S_P4
2782,ECO03,Seriatopora hystrix,Shys,6,5,2023,Heron,NA,NA,-23.4284645,151.9522105,GPS EcoRRAP sites,6,5-Oct,5,CBHE_BA1S_P4,CBHE_BA1S_P4
2783,ECO03,Seriatopora hystrix,Shys,6,5,2023,Heron,NA,NA,-23.4284645,151.9522105,GPS EcoRRAP sites,6,5-Oct,5,CBHE_BA1S_P4,CBHE_BA1S_P4
2784,ECO03,Seriatopora hystrix,Shys,6,5,2023,Heron,NA,NA,-23.4284645,151.9522105,GPS EcoRRAP sites,6,5-Oct,5,CBHE_BA1S_P4,CBHE_BA1S_P4
2785,ECO03,Porites massive,Pmas,6,5,2023,Heron,NA,NA,-23.4284645,151.9522105,GPS EcoRRAP sites,6,5-Oct,5,CBHE_BA1S_P4,CBHE_BA1S_P4
2786,ECO03,Seriatopora hystrix,Shys,6,5,2023,Heron,NA,NA,-23.4284645,151.9522105,GPS EcoRRAP sites,6,5-Oct,5,CBHE_BA1S_P4,CBHE_BA1S_P4
2787,ECO03,Porites massive,Pmas,7,5,2023,Heron,NA,NA,-23.454011,151.968531,GPS EcoRRAP sites,6,5-Oct,0.3,CBHE_LA1S_P1,CBHE_LA1S_P1
2788,ECO03,Porites massive,Pmas,7,5,2023,Heron,NA,NA,-23.454011,151.968531,GPS EcoRRAP sites,6,5-Oct,0.3,CBHE_LA1S_P1,CBHE_LA1S_P1
2789,ECO03,Porites massive,Pmas,7,5,2023,Heron,NA,NA,-23.454011,151.968531,GPS EcoRRAP sites,6,5-Oct,0.3,CBHE_LA1S_P1,CBHE_LA1S_P1
2790,ECO03,Porites massive,Pmas,7,5,2023,Heron,NA,NA,-23.454011,151.968531,GPS EcoRRAP sites,6,5-Oct,0.3,CBHE_LA1S_P1,CBHE_LA1S_P1
2791,ECO03,Porites massive,Pmas,7,5,2023,Heron,NA,NA,-23.454011,151.968531,GPS EcoRRAP sites,6,5-Oct,0.3,CBHE_LA1S_P1,CBHE_LA1S_P1
2792,ECO03,Porites massive,Pmas,7,5,2023,Heron,NA,NA,-23.453994,151.968625,GPS EcoRRAP sites,6,5-Oct,0.5,CBHE_LA1S_P2,CBHE_LA1S_P2
2793,ECO03,Porites massive,Pmas,7,5,2023,Heron,NA,NA,-23.453994,151.968625,GPS EcoRRAP sites,6,5-Oct,0.5,CBHE_LA1S_P2,CBHE_LA1S_P2
2794,ECO03,Porites massive,Pmas,7,5,2023,Heron,NA,NA,-23.453994,151.968625,GPS EcoRRAP sites,6,5-Oct,0.5,CBHE_LA1S_P2,CBHE_LA1S_P2
2795,ECO03,Porites massive,Pmas,7,5,2023,Heron,NA,NA,-23.453994,151.968625,GPS EcoRRAP sites,6,5-Oct,0.5,CBHE_LA1S_P2,CBHE_LA1S_P2
2796,ECO03,Porites massive,Pmas,7,5,2023,Heron,NA,NA,-23.4539295,151.968631,GPS EcoRRAP sites,6,5-Oct,1.2,CBHE_LA1S_P3,CBHE_LA1S_P3
2797,ECO03,Porites massive,Pmas,7,5,2023,Heron,NA,NA,-23.4539295,151.968631,GPS EcoRRAP sites,6,5-Oct,1.2,CBHE_LA1S_P3,CBHE_LA1S_P3
2798,ECO03,Porites massive,Pmas,7,5,2023,Heron,NA,NA,-23.4539295,151.968631,GPS EcoRRAP sites,6,5-Oct,1.2,CBHE_LA1S_P3,CBHE_LA1S_P3
2799,ECO03,Porites massive,Pmas,7,5,2023,Heron,NA,NA,-23.4539235,151.9684755,GPS EcoRRAP sites,6,5-Oct,0.6,CBHE_LA1S_P4,CBHE_LA1S_P4
2800,ECO03,Seriatopora hystrix,Shys,7,5,2023,Heron,NA,NA,-23.4539235,151.9684755,GPS EcoRRAP sites,6,5-Oct,0.6,CBHE_LA1S_P4,CBHE_LA1S_P4
2670,ECO03,Porites massive,Pmas,7,5,2023,Heron,NA,NA,-23.4539235,151.9684755,GPS EcoRRAP sites,6,5-Oct,0.6,CBHE_LA1S_P4,CBHE_LA1S_P4
2671,ECO03,Porites massive,Pmas,7,5,2023,Heron,NA,NA,-23.4539235,151.9684755,GPS EcoRRAP sites,6,5-Oct,0.6,CBHE_LA1S_P4,CBHE_LA1S_P4
2672,ECO03,Seriatopora hystrix,Shys,7,5,2023,Heron,NA,NA,-23.4719785,151.9776975,GPS EcoRRAP sites,6,5-Oct,6.1,CBHE_FR1S_P2,CBHE_FR1S_P2
2673,ECO03,Seriatopora hystrix,Shys,7,5,2023,Heron,NA,NA,-23.4719785,151.9776975,GPS EcoRRAP sites,6,5-Oct,6.1,CBHE_FR1S_P2,CBHE_FR1S_P2
2674,ECO03,Porites massive,Pmas,7,5,2023,Heron,NA,NA,-23.4719785,151.9776975,GPS EcoRRAP sites,6,5-Oct,6.1,CBHE_FR1S_P2,CBHE_FR1S_P2
2675,ECO03,Porites massive,Pmas,7,5,2023,Heron,NA,NA,-23.4719785,151.9776975,GPS EcoRRAP sites,6,5-Oct,6.1,CBHE_FR1S_P2,CBHE_FR1S_P2
2676,ECO03,Seriatopora hystrix,Shys,7,5,2023,Heron,NA,NA,-23.4719785,151.9776975,GPS EcoRRAP sites,6,5-Oct,6.1,CBHE_FR1S_P2,CBHE_FR1S_P2
2677,ECO03,Seriatopora hystrix,Shys,7,5,2023,Heron,NA,NA,-23.4720295,151.9775415,GPS EcoRRAP sites,6,5-Oct,6.2,CBHE_FR1S_P1,CBHE_FR1S_P1
2678,ECO03,Seriatopora hystrix,Shys,7,5,2023,Heron,NA,NA,-23.4720295,151.9775415,GPS EcoRRAP sites,6,5-Oct,6.2,CBHE_FR1S_P1,CBHE_FR1S_P1
2679,ECO03,Seriatopora hystrix,Shys,7,5,2023,Heron,NA,NA,-23.4720295,151.9775415,GPS EcoRRAP sites,6,5-Oct,6.2,CBHE_FR1S_P1,CBHE_FR1S_P1
2680,ECO03,Seriatopora hystrix,Shys,7,5,2023,Heron,NA,NA,-23.4720295,151.9775415,GPS EcoRRAP sites,6,5-Oct,6.2,CBHE_FR1S_P1,CBHE_FR1S_P1
2681,ECO03,Seriatopora hystrix,Shys,7,5,2023,Heron,NA,NA,-23.4720295,151.9775415,GPS EcoRRAP sites,6,5-Oct,6.2,CBHE_FR1S_P1,CBHE_FR1S_P1
2682,ECO03,Seriatopora hystrix,Shys,7,5,2023,Heron,NA,NA,-23.4719215,151.9778785,GPS EcoRRAP sites,6,5-Oct,5.9,CBHE_FR1S_P3,CBHE_FR1S_P3
2683,ECO03,Seriatopora hystrix,Shys,7,5,2023,Heron,NA,NA,-23.4719215,151.9778785,GPS EcoRRAP sites,6,5-Oct,5.9,CBHE_FR1S_P3,CBHE_FR1S_P3
2684,ECO03,Seriatopora hystrix,Shys,7,5,2023,Heron,NA,NA,-23.4719215,151.9778785,GPS EcoRRAP sites,6,5-Oct,5.9,CBHE_FR1S_P3,CBHE_FR1S_P3
2685,ECO03,Porites massive,Pmas,7,5,2023,Heron,NA,NA,-23.4719215,151.9778785,GPS EcoRRAP sites,6,5-Oct,5.9,CBHE_FR1S_P3,CBHE_FR1S_P3
2686,ECO03,Seriatopora hystrix,Shys,7,5,2023,Heron,NA,NA,-23.4719215,151.9778785,GPS EcoRRAP sites,6,5-Oct,5.9,CBHE_FR1S_P3,CBHE_FR1S_P3
2687,ECO03,Seriatopora hystrix,Shys,7,5,2023,Heron,NA,NA,-23.471902,151.977954,GPS EcoRRAP sites,10,5-Oct,5.7,CBHE_FR1S_P4,CBHE_FR1S_P4
2688,ECO03,Seriatopora hystrix,Shys,7,5,2023,Heron,NA,NA,-23.471902,151.977954,GPS EcoRRAP sites,10,5-Oct,5.7,CBHE_FR1S_P4,CBHE_FR1S_P4
2689,ECO03,Seriatopora hystrix,Shys,7,5,2023,Heron,NA,NA,-23.471902,151.977954,GPS EcoRRAP sites,10,5-Oct,5.7,CBHE_FR1S_P4,CBHE_FR1S_P4
2690,ECO03,Seriatopora hystrix,Shys,7,5,2023,Heron,NA,NA,-23.471902,151.977954,GPS EcoRRAP sites,10,5-Oct,5.7,CBHE_FR1S_P4,CBHE_FR1S_P4
2691,ECO03,Seriatopora hystrix,Shys,7,5,2023,Heron,NA,NA,-23.471902,151.977954,GPS EcoRRAP sites,10,5-Oct,5.7,CBHE_FR1S_P4,CBHE_FR1S_P4
2692,ECO03,Seriatopora hystrix,Shys,7,5,2023,Heron,NA,NA,-23.471902,151.977954,GPS EcoRRAP sites,10,5-Oct,5.7,CBHE_FR1S_P4,CBHE_FR1S_P4
2693,ECO03,Seriatopora hystrix,Shys,7,5,2023,Heron,NA,NA,-23.4563285,151.9257705,GPS EcoRRAP sites,6,5-Oct,5.3,CBHE_FL1S_P4,CBHE_FL1S_P4
2694,ECO03,Porites massive,Pmas,7,5,2023,Heron,NA,NA,-23.4563285,151.9257705,GPS EcoRRAP sites,6,5-Oct,5.3,CBHE_FL1S_P4,CBHE_FL1S_P4
2695,ECO03,Seriatopora hystrix,Shys,7,5,2023,Heron,NA,NA,-23.4563285,151.9257705,GPS EcoRRAP sites,6,5-Oct,5.3,CBHE_FL1S_P4,CBHE_FL1S_P4
2696,ECO03,Porites massive,Pmas,7,5,2023,Heron,NA,NA,-23.4563285,151.9257705,GPS EcoRRAP sites,6,5-Oct,5.3,CBHE_FL1S_P4,CBHE_FL1S_P4
2697,ECO03,Seriatopora hystrix,Shys,7,5,2023,Heron,NA,NA,-23.4563285,151.9257705,GPS EcoRRAP sites,6,5-Oct,5.3,CBHE_FL1S_P4,CBHE_FL1S_P4
2698,ECO03,Seriatopora hystrix,Shys,7,5,2023,Heron,NA,NA,-23.4561805,151.925674,GPS EcoRRAP sites,6,5-Oct,4.6,CBHE_FL1S_P3,CBHE_FL1S_P3
2699,ECO03,Seriatopora hystrix,Shys,7,5,2023,Heron,NA,NA,-23.4561805,151.925674,GPS EcoRRAP sites,6,5-Oct,4.6,CBHE_FL1S_P3,CBHE_FL1S_P3
2801,ECO03,Seriatopora hystrix,Shys,7,5,2023,Heron,NA,NA,-23.4561805,151.925674,GPS EcoRRAP sites,6,5-Oct,4.6,CBHE_FL1S_P3,CBHE_FL1S_P3
2802,ECO03,Seriatopora hystrix,Shys,7,5,2023,Heron,NA,NA,-23.4561805,151.925674,GPS EcoRRAP sites,6,5-Oct,4.6,CBHE_FL1S_P3,CBHE_FL1S_P3
2803,ECO03,Seriatopora hystrix,Shys,7,5,2023,Heron,NA,NA,-23.4561095,151.925544,GPS EcoRRAP sites,6,5-Oct,3.7,CBHE_FL1S_P2,CBHE_FL1S_P2
2804,ECO03,Seriatopora hystrix,Shys,7,5,2023,Heron,NA,NA,-23.4561095,151.925544,GPS EcoRRAP sites,6,5-Oct,3.7,CBHE_FL1S_P2,CBHE_FL1S_P2
2805,ECO03,Seriatopora hystrix,Shys,7,5,2023,Heron,NA,NA,-23.4561095,151.925544,GPS EcoRRAP sites,6,5-Oct,3.7,CBHE_FL1S_P2,CBHE_FL1S_P2
2806,ECO03,Seriatopora hystrix,Shys,7,5,2023,Heron,NA,NA,-23.456009,151.925543,GPS EcoRRAP sites,6,5-Oct,3.6,CBHE_FL1S_P1,CBHE_FL1S_P1
2807,ECO03,Seriatopora hystrix,Shys,7,5,2023,Heron,NA,NA,-23.456009,151.925543,GPS EcoRRAP sites,6,5-Oct,3.6,CBHE_FL1S_P1,CBHE_FL1S_P1
2808,ECO03,Seriatopora hystrix,Shys,7,5,2023,Heron,NA,NA,-23.456009,151.925543,GPS EcoRRAP sites,6,5-Oct,3.6,CBHE_FL1S_P1,CBHE_FL1S_P1
2809,ECO03,Seriatopora hystrix,Shys,7,5,2023,Heron,NA,NA,-23.456009,151.925543,GPS EcoRRAP sites,6,5-Oct,3.6,CBHE_FL1S_P1,CBHE_FL1S_P1
2810,ECO03,Seriatopora hystrix,Shys,7,5,2023,Heron,NA,NA,-23.456009,151.925543,GPS EcoRRAP sites,6,5-Oct,3.6,CBHE_FL1S_P1,CBHE_FL1S_P1
2811,ECO03,Seriatopora hystrix,Shys,8,5,2023,Heron,NA,NA,-23.4280415,151.9524235,GPS EcoRRAP sites,6,Oct-15,11.7,CBHE_BA1D_P1,CBHE_BA1D_P1
2812,ECO03,Seriatopora hystrix,Shys,8,5,2023,Heron,NA,NA,-23.4280415,151.9524235,GPS EcoRRAP sites,6,Oct-15,11.7,CBHE_BA1D_P1,CBHE_BA1D_P1
2813,ECO03,Seriatopora hystrix,Shys,8,5,2023,Heron,NA,NA,-23.4280535,151.952309,GPS EcoRRAP sites,6,Oct-15,11.7,CBHE_BA1D_P2,CBHE_BA1D_P2
2814,ECO03,Seriatopora hystrix,Shys,8,5,2023,Heron,NA,NA,-23.4280535,151.952309,GPS EcoRRAP sites,6,Oct-15,11.7,CBHE_BA1D_P2,CBHE_BA1D_P2
2815,ECO03,Porites massive,Pmas,8,5,2023,Heron,NA,NA,-23.4280535,151.952309,GPS EcoRRAP sites,6,Oct-15,11.7,CBHE_BA1D_P2,CBHE_BA1D_P2
2816,ECO03,Seriatopora hystrix,Shys,8,5,2023,Heron,NA,NA,-23.4280535,151.952309,GPS EcoRRAP sites,6,Oct-15,11.7,CBHE_BA1D_P2,CBHE_BA1D_P2
2817,ECO03,Seriatopora hystrix,Shys,8,5,2023,Heron,NA,NA,-23.428095,151.952179,GPS EcoRRAP sites,6,Oct-15,11.3,CBHE_BA1D_P3,CBHE_BA1D_P3
2818,ECO03,Seriatopora hystrix,Shys,8,5,2023,Heron,NA,NA,-23.428095,151.952179,GPS EcoRRAP sites,6,Oct-15,11.3,CBHE_BA1D_P3,CBHE_BA1D_P3
2819,ECO03,Seriatopora hystrix,Shys,8,5,2023,Heron,NA,NA,-23.428095,151.952179,GPS EcoRRAP sites,6,Oct-15,11.3,CBHE_BA1D_P3,CBHE_BA1D_P3
2820,ECO03,Seriatopora hystrix,Shys,8,5,2023,Heron,NA,NA,-23.428095,151.952179,GPS EcoRRAP sites,6,Oct-15,11.3,CBHE_BA1D_P3,CBHE_BA1D_P3
2821,ECO03,Seriatopora hystrix,Shys,8,5,2023,Heron,NA,NA,-23.4281955,151.95204,GPS EcoRRAP sites,6,Oct-15,11.7,CBHE_BA1D_P4,CBHE_BA1D_P4
2822,ECO03,Seriatopora hystrix,Shys,8,5,2023,Heron,NA,NA,-23.4281955,151.95204,GPS EcoRRAP sites,6,Oct-15,11.7,CBHE_BA1D_P4,CBHE_BA1D_P4
2823,ECO03,Seriatopora hystrix,Shys,8,5,2023,Heron,NA,NA,-23.4281955,151.95204,GPS EcoRRAP sites,6,Oct-15,11.7,CBHE_BA1D_P4,CBHE_BA1D_P4
2824,ECO03,Porites lobata,Plob,9,5,2023,Middle,NA,NA,-23.162169,150.920964,GPS EcoRRAP sites,6,5-Oct,4.5,KEMD_BA1S_P1,KEMD_BA1S_P1
2825,ECO03,Porites lobata,Plob,9,5,2023,Middle,NA,NA,-23.162169,150.920964,GPS EcoRRAP sites,6,5-Oct,4.5,KEMD_BA1S_P1,KEMD_BA1S_P1
2826,ECO03,Porites lobata,Plob,9,5,2023,Middle,NA,NA,-23.162055,150.920875,GPS EcoRRAP sites,6,5-Oct,4.3,KEMD_BA1S_P2,KEMD_BA1S_P2
2827,ECO03,Porites lobata,Plob,9,5,2023,Middle,NA,NA,-23.161835,150.920675,GPS EcoRRAP sites,6,5-Oct,2.9,KEMD_BA1S_P4,KEMD_BA1S_P4
2828,ECO03,Porites lobata,Plob,9,5,2023,Middle,NA,NA,-23.161835,150.920675,GPS EcoRRAP sites,6,5-Oct,2.9,KEMD_BA1S_P4,KEMD_BA1S_P4
2829,ECO03,Porites massive,Pmas,10,5,2023,North_Keppel,NA,NA,-23.0852885,150.898866,GPS EcoRRAP sites,6,5-Oct,3,KENK_FL1S_P1,KENK_FL1S_P1
2830,ECO03,Pocillopora damicornis,Pdam,10,5,2023,North_Keppel,NA,NA,-23.0852885,150.898866,GPS EcoRRAP sites,6,5-Oct,3,KENK_FL1S_P1,KENK_FL1S_P1
2831,ECO03,Pocillopora damicornis,Pdam,11,5,2023,North_Keppel,NA,NA,-23.084151,150.8855545,GPS EcoRRAP sites,6,5-Oct,1.8,KENK_BA1S_P1,KENK_BA1S_P1
2832,ECO03,Pocillopora damicornis,Pdam,11,5,2023,North_Keppel,NA,NA,-23.0842695,150.885426,GPS EcoRRAP sites,6,5-Oct,2.3,KENK_BA1S_P2,KENK_BA1S_P2
2833,ECO03,Porites massive,Pmas,11,5,2023,North_Keppel,NA,NA,-23.0842695,150.885426,GPS EcoRRAP sites,6,5-Oct,2.3,KENK_BA1S_P2,KENK_BA1S_P2
2834,ECO03,Porites massive,Pmas,11,5,2023,North_Keppel,NA,NA,-23.0843315,150.885426,GPS EcoRRAP sites,6,5-Oct,1.9,KENK_BA1S_P3,KENK_BA1S_P3
2835,ECO03,Porites massive,Pmas,11,5,2023,North_Keppel,NA,NA,-23.0843315,150.885426,GPS EcoRRAP sites,6,5-Oct,1.9,KENK_BA1S_P3,KENK_BA1S_P3
2836,ECO03,Pocillopora damicornis,Pdam,11,5,2023,North_Keppel,NA,NA,-23.0843315,150.885426,GPS EcoRRAP sites,6,5-Oct,1.9,KENK_BA1S_P3,KENK_BA1S_P3
2837,ECO03,Pocillopora damicornis,Pdam,11,5,2023,North_Keppel,NA,NA,-23.0843315,150.885426,GPS EcoRRAP sites,6,5-Oct,1.9,KENK_BA1S_P3,KENK_BA1S_P3
2838,ECO03,Pocillopora damicornis,Pdam,11,5,2023,North_Keppel,NA,NA,-23.0843315,150.885426,GPS EcoRRAP sites,6,5-Oct,1.9,KENK_BA1S_P3,KENK_BA1S_P3
2839,ECO03,Pocillopora damicornis,Pdam,11,5,2023,North_Keppel,NA,NA,-23.0843315,150.885426,GPS EcoRRAP sites,6,5-Oct,1.9,KENK_BA1S_P3,KENK_BA1S_P3
2840,ECO03,Porites massive,Pmas,11,5,2023,North_Keppel,NA,NA,-23.08438575,150.8854493,GPS EcoRRAP sites,10,5-Oct,2.05,KENK_BA1S_P34,KENK_BA1S_P34
2841,ECO03,Pocillopora damicornis,Pdam,11,5,2023,North_Keppel,NA,NA,-23.08444,150.8854725,GPS EcoRRAP sites,6,5-Oct,2.2,KENK_BA1S_P4,KENK_BA1S_P4
2842,ECO03,Pocillopora damicornis,Pdam,11,5,2023,North_Keppel,NA,NA,-23.08444,150.8854725,GPS EcoRRAP sites,6,5-Oct,2.2,KENK_BA1S_P4,KENK_BA1S_P4
2843,ECO03,Pocillopora damicornis,Pdam,11,5,2023,North_Keppel,NA,NA,-23.08444,150.8854725,GPS EcoRRAP sites,6,5-Oct,2.2,KENK_BA1S_P4,KENK_BA1S_P4
2844,ECO03,Pocillopora damicornis,Pdam,12,5,2023,North_Keppel,NA,NA,-23.08444,150.8854725,GPS EcoRRAP sites,6,5-Oct,2.2,KENK_BA1S_P4,KENK_BA1S_P4
2845,ECO03,Pocillopora damicornis,Pdam,12,5,2023,North_Keppel,NA,NA,-23.150475,150.903145,GPS EcoRRAP sites,6,5-Oct,3,KEML_BA1S_P1,KEML_BA1S_P1
2846,ECO03,Pocillopora damicornis,Pdam,12,5,2023,North_Keppel,NA,NA,-23.150475,150.903145,GPS EcoRRAP sites,6,5-Oct,3,KEML_BA1S_P1,KEML_BA1S_P1
2847,ECO03,Pocillopora damicornis,Pdam,12,5,2023,North_Keppel,NA,NA,-23.150475,150.903145,GPS EcoRRAP sites,6,5-Oct,3,KEML_BA1S_P1,KEML_BA1S_P1
2848,ECO03,Pocillopora damicornis,Pdam,12,5,2023,North_Keppel,NA,NA,-23.15051,150.90305,GPS EcoRRAP sites,6,5-Oct,2.8,KEML_BA1S_P2,KEML_BA1S_P2
2849,ECO03,Pocillopora damicornis,Pdam,12,5,2023,North_Keppel,NA,NA,-23.15051,150.90305,GPS EcoRRAP sites,6,5-Oct,2.8,KEML_BA1S_P2,KEML_BA1S_P2
2850,ECO03,Pocillopora damicornis,Pdam,12,5,2023,North_Keppel,NA,NA,-23.15051,150.90305,GPS EcoRRAP sites,6,5-Oct,2.8,KEML_BA1S_P2,KEML_BA1S_P2
2851,ECO03,Pocillopora damicornis,Pdam,12,5,2023,North_Keppel,NA,NA,-23.15051,150.90305,GPS EcoRRAP sites,6,5-Oct,2.8,KEML_BA1S_P2,KEML_BA1S_P2
2852,ECO03,Pocillopora damicornis,Pdam,12,5,2023,North_Keppel,NA,NA,-23.15051,150.90305,GPS EcoRRAP sites,6,5-Oct,2.8,KEML_BA1S_P2,KEML_BA1S_P2
2853,ECO03,Pocillopora damicornis,Pdam,13,5,2023,North_Keppel,NA,NA,-23.2015605,150.966428,GPS EcoRRAP sites,6,5-Oct,4.8,KEHW_BA1S_P1,KEHW_BA1S_P1
2854,ECO03,Pocillopora damicornis,Pdam,13,5,2023,North_Keppel,NA,NA,-23.2015605,150.966428,GPS EcoRRAP sites,6,5-Oct,4.8,KEHW_BA1S_P1,KEHW_BA1S_P1
2855,ECO03,Pocillopora damicornis,Pdam,13,5,2023,North_Keppel,NA,NA,-23.2015605,150.966428,GPS EcoRRAP sites,6,5-Oct,4.8,KEHW_BA1S_P1,KEHW_BA1S_P1
2856,ECO03,Pocillopora damicornis,Pdam,13,5,2023,North_Keppel,NA,NA,-23.2015605,150.966428,GPS EcoRRAP sites,6,5-Oct,4.8,KEHW_BA1S_P1,KEHW_BA1S_P1
2857,ECO03,Pocillopora damicornis,Pdam,13,5,2023,North_Keppel,NA,NA,-23.2015605,150.966428,GPS EcoRRAP sites,6,5-Oct,4.8,KEHW_BA1S_P1,KEHW_BA1S_P1
2858,ECO03,Pocillopora damicornis,Pdam,13,5,2023,North_Keppel,NA,NA,-23.2015605,150.966428,GPS EcoRRAP sites,6,5-Oct,4.8,KEHW_BA1S_P1,KEHW_BA1S_P1
2859,ECO03,Pocillopora damicornis,Pdam,13,5,2023,North_Keppel,NA,NA,-23.2016865,150.9665035,GPS EcoRRAP sites,6,5-Oct,4.4,KEHW_BA1S_P2,KEHW_BA1S_P2
2860,ECO03,Pocillopora damicornis,Pdam,13,5,2023,North_Keppel,NA,NA,-23.2016865,150.9665035,GPS EcoRRAP sites,6,5-Oct,4.4,KEHW_BA1S_P2,KEHW_BA1S_P2
2861,ECO03,Pocillopora damicornis,Pdam,13,5,2023,North_Keppel,NA,NA,-23.2016865,150.9665035,GPS EcoRRAP sites,6,5-Oct,4.4,KEHW_BA1S_P2,KEHW_BA1S_P2
2862,ECO03,Pocillopora damicornis,Pdam,13,5,2023,North_Keppel,NA,NA,-23.2016865,150.9665035,GPS EcoRRAP sites,6,5-Oct,4.4,KEHW_BA1S_P2,KEHW_BA1S_P2
2863,ECO03,Pocillopora damicornis,Pdam,13,5,2023,North_Keppel,NA,NA,-23.2016865,150.9665035,GPS EcoRRAP sites,6,5-Oct,4.4,KEHW_BA1S_P2,KEHW_BA1S_P2
2864,ECO03,Pocillopora damicornis,Pdam,13,5,2023,North_Keppel,NA,NA,-23.2016865,150.9665035,GPS EcoRRAP sites,6,5-Oct,4.4,KEHW_BA1S_P2,KEHW_BA1S_P2
2865,ECO03,Pocillopora damicornis,Pdam,13,5,2023,North_Keppel,NA,NA,-23.2016865,150.9665035,GPS EcoRRAP sites,6,5-Oct,4.4,KEHW_BA1S_P2,KEHW_BA1S_P2
2866,ECO03,Pocillopora damicornis,Pdam,13,5,2023,North_Keppel,NA,NA,-23.2017915,150.9666105,GPS EcoRRAP sites,6,5-Oct,4.5,KEHW_BA1S_P3,KEHW_BA1S_P3
2867,ECO03,Pocillopora damicornis,Pdam,13,5,2023,North_Keppel,NA,NA,-23.2017915,150.9666105,GPS EcoRRAP sites,6,5-Oct,4.5,KEHW_BA1S_P3,KEHW_BA1S_P3
2868,ECO03,Pocillopora damicornis,Pdam,13,5,2023,North_Keppel,NA,NA,-23.2017915,150.9666105,GPS EcoRRAP sites,6,5-Oct,4.5,KEHW_BA1S_P3,KEHW_BA1S_P3
2869,ECO03,Pocillopora damicornis,Pdam,13,5,2023,North_Keppel,NA,NA,-23.2021985,150.9667775,GPS EcoRRAP sites,6,5-Oct,3.6,KEHW_BA1S_P4,KEHW_BA1S_P4
2870,ECO03,Pocillopora damicornis,Pdam,13,5,2023,North_Keppel,NA,NA,-23.2021985,150.9667775,GPS EcoRRAP sites,6,5-Oct,3.6,KEHW_BA1S_P4,KEHW_BA1S_P4
2871,ECO03,Pocillopora damicornis,Pdam,13,5,2023,North_Keppel,NA,NA,-23.2021985,150.9667775,GPS EcoRRAP sites,6,5-Oct,3.6,KEHW_BA1S_P4,KEHW_BA1S_P4
2872,ECO03,Pocillopora damicornis,Pdam,14,5,2023,North_Keppel,NA,NA,-23.1963115,150.936706,GPS EcoRRAP sites,6,5-Oct,2.2,KEGK_BA1S_P1,KEGK_BA1S_P1
2873,ECO03,Pocillopora damicornis,Pdam,14,5,2023,North_Keppel,NA,NA,-23.1963115,150.936706,GPS EcoRRAP sites,6,5-Oct,2.2,KEGK_BA1S_P1,KEGK_BA1S_P1
2874,ECO03,Pocillopora damicornis,Pdam,14,5,2023,North_Keppel,NA,NA,-23.1963115,150.936706,GPS EcoRRAP sites,6,5-Oct,2.2,KEGK_BA1S_P1,KEGK_BA1S_P1
2875,ECO03,Pocillopora damicornis,Pdam,14,5,2023,North_Keppel,NA,NA,-23.1963115,150.936706,GPS EcoRRAP sites,6,5-Oct,2.2,KEGK_BA1S_P1,KEGK_BA1S_P1
2876,ECO03,Pocillopora damicornis,Pdam,14,5,2023,North_Keppel,NA,NA,-23.1963115,150.936706,GPS EcoRRAP sites,6,5-Oct,2.2,KEGK_BA1S_P1,KEGK_BA1S_P1
2877,ECO03,Pocillopora damicornis,Pdam,14,5,2023,North_Keppel,NA,NA,-23.19646,150.9367595,GPS EcoRRAP sites,6,5-Oct,2.5,KEGK_BA1S_P2,KEGK_BA1S_P2
2878,ECO03,Pocillopora damicornis,Pdam,14,5,2023,North_Keppel,NA,NA,-23.19646,150.9367595,GPS EcoRRAP sites,6,5-Oct,2.5,KEGK_BA1S_P2,KEGK_BA1S_P2
2879,ECO03,Pocillopora damicornis,Pdam,14,5,2023,North_Keppel,NA,NA,-23.19646,150.9367595,GPS EcoRRAP sites,6,5-Oct,2.5,KEGK_BA1S_P2,KEGK_BA1S_P2
2880,ECO03,Pocillopora damicornis,Pdam,14,5,2023,North_Keppel,NA,NA,-23.196646,150.936854,GPS EcoRRAP sites,6,5-Oct,2.9,KEGK_BA1S_P3,KEGK_BA1S_P3
2881,ECO03,Pocillopora damicornis,Pdam,14,5,2023,North_Keppel,NA,NA,-23.196646,150.936854,GPS EcoRRAP sites,6,5-Oct,2.9,KEGK_BA1S_P3,KEGK_BA1S_P3
2882,ECO03,Porites massive,Pmas,14,5,2023,North_Keppel,NA,NA,-23.196646,150.936854,GPS EcoRRAP sites,6,5-Oct,2.9,KEGK_BA1S_P3,KEGK_BA1S_P3
2883,ECO03,Pocillopora damicornis,Pdam,14,5,2023,North_Keppel,NA,NA,-23.196646,150.936854,GPS EcoRRAP sites,6,5-Oct,2.9,KEGK_BA1S_P3,KEGK_BA1S_P3
2884,ECO03,Pocillopora damicornis,Pdam,14,5,2023,North_Keppel,NA,NA,-23.1967785,150.936948,GPS EcoRRAP sites,6,5-Oct,3,KEGK_BA1S_P4,KEGK_BA1S_P4
2885,ECO03,Pocillopora damicornis,Pdam,14,5,2023,North_Keppel,NA,NA,-23.1967785,150.936948,GPS EcoRRAP sites,6,5-Oct,3,KEGK_BA1S_P4,KEGK_BA1S_P4
2886,ECO03,Porites massive,Pmas,14,5,2023,North_Keppel,NA,NA,-23.1967785,150.936948,GPS EcoRRAP sites,6,5-Oct,3,KEGK_BA1S_P4,KEGK_BA1S_P4
2887,ECO03,Pocillopora damicornis,Pdam,14,5,2023,North_Keppel,NA,NA,-23.1967785,150.936948,GPS EcoRRAP sites,6,5-Oct,3,KEGK_BA1S_P4,KEGK_BA1S_P4
2888,ECO03,Porites massive,Pmas,14,5,2023,North_Keppel,NA,NA,-23.1967785,150.936948,GPS EcoRRAP sites,6,5-Oct,3,KEGK_BA1S_P4,KEGK_BA1S_P4
2889,ECO03,Porites massive,Pmas,14,5,2023,North_Keppel,NA,NA,-23.1967785,150.936948,GPS EcoRRAP sites,6,5-Oct,3,KEGK_BA1S_P4,KEGK_BA1S_P4
2890,ECO03,Seriatopora hystrix,Shys,16,9,2023,Lizard_Island,-14.667794,145.441894,-14.667794,145.441894,,60,6,4.8,ONLI_BA2S_P4,ONLI_BA2S_P4
2891,ECO03,Seriatopora hystrix,Shys,16,9,2023,Lizard_Island,-14.667794,145.441894,-14.667794,145.441894,,60,6,4.8,ONLI_BA2S_P4,ONLI_BA2S_P4
2892,ECO03,Seriatopora hystrix,Shys,16,9,2023,Lizard_Island,-14.667794,145.441894,-14.667794,145.441894,,60,6,4.8,ONLI_BA2S_P4,ONLI_BA2S_P4
2893,ECO03,Seriatopora hystrix,Shys,16,9,2023,Lizard_Island,-14.667794,145.441894,-14.667794,145.441894,,30,6,2.1,ONLI_BA2S_P2,ONLI_BA2S_P2
2894,ECO03,Pachyseris rugosa,Prug,16,9,2023,Lizard_Island,-14.667794,145.441894,-14.667794,145.441894,,60,6,2,ONLI_BA2S_P1,ONLI_BA2S_P1
2895,ECO03,TBD,TBD,16,9,2023,Lizard_Island,-14.667794,145.441894,-14.667794,145.441894,,60,6,2,ONLI_BA2S_P1,ONLI_BA2S_P1
2896,ECO03,Pachyseris speciosa,Pspe,16,9,2023,Lizard_Island,-14.650714,145.450096,-14.650714,145.450096,,60,6,4.7,ONLI_BA1S_P1,ONLI_BA1S_P1
2897,ECO03,Pachyseris speciosa,Pspe,16,9,2023,Lizard_Island,-14.650714,145.450096,-14.650714,145.450096,,30,6,4.3,ONLI_BA1S_P3,ONLI_BA1S_P3
2898,ECO03,Pachyseris speciosa,Pspe,16,9,2023,Lizard_Island,-14.650714,145.450096,-14.650714,145.450096,,60,6,4.7,ONLI_BA1S_P1,ONLI_BA1S_P1
2899,ECO03,Pachyseris speciosa,Pspe,16,9,2023,Lizard_Island,-14.650714,145.450096,-14.650714,145.450096,,30,6,4.3,ONLI_BA1S_P3,ONLI_BA1S_P3
2900,ECO03,Pachyseris speciosa,Pspe,16,9,2023,Lizard_Island,-14.650714,145.450096,-14.650714,145.450096,,60,6,4.9,ONLI_BA1S_P4,ONLI_BA1S_P4
2901,ECO03,Pachyseris speciosa,Pspe,16,9,2023,Lizard_Island,-14.650714,145.450096,-14.650714,145.450096,,60,6,4.9,ONLI_BA1S_P4,ONLI_BA1S_P4
2902,ECO03,Pachyseris speciosa,Pspe,16,9,2023,Lizard_Island,-14.650714,145.450096,-14.650714,145.450096,,60,6,4.9,ONLI_BA1S_P4,ONLI_BA1S_P4
2903,ECO03,Pachyseris speciosa,Pspe,16,9,2023,Lizard_Island,-14.650714,145.450096,-14.650714,145.450096,,60,6,4.9,ONLI_BA1S_P4,ONLI_BA1S_P4
2904,ECO03,Pachyseris speciosa,Pspe,16,9,2023,Lizard_Island,-14.650714,145.450096,-14.650714,145.450096,,60,6,4.9,ONLI_BA1S_P4,ONLI_BA1S_P4
2905,ECO03,Pachyseris speciosa,Pspe,16,9,2023,Lizard_Island,-14.650714,145.450096,-14.650714,145.450096,,60,6,4.4,ONLI_BA1S,ONLI_BA1S
2906,ECO03,Pachyseris speciosa,Pspe,16,9,2023,Lizard_Island,-14.650714,145.450096,-14.650714,145.450096,,30,6,3.7,ONLI_BA1S_P2,ONLI_BA1S_P2
2907,ECO03,Pachyseris speciosa,Pspe,17,9,2023,Lizard_Island,-14.650725,145.450216,-14.650714,145.450096,,30,12,3.7,ONLI_BA1S_P2,ONLI_BA1S_P2
2908,ECO03,Pachyseris speciosa,Pspe,17,9,2023,Lizard_Island,-14.650725,145.450216,-14.650714,145.450096,,30,12,3.7,ONLI_BA1S_P2,ONLI_BA1S_P2
2909,ECO03,Pachyseris speciosa,Pspe,17,9,2023,Lizard_Island,-14.650725,145.450216,-14.650714,145.450096,,60,12,4.7,ONLI_BA1S_P1,ONLI_BA1S_P1
2910,ECO03,Pachyseris speciosa,Pspe,17,9,2023,Lizard_Island,-14.650725,145.450216,-14.650714,145.450096,,30,12,4.3,ONLI_BA1S_P3,ONLI_BA1S_P3
2911,ECO03,Pachyseris speciosa,Pspe,17,9,2023,Lizard_Island,-14.650725,145.450216,-14.650714,145.450096,,30,12,3.7,ONLI_BA1S_P2,ONLI_BA1S_P2
2912,ECO03,Pocillopora acuta,Pacu,17,9,2023,Lizard_Island,-14.650725,145.450216,-14.650714,145.450096,,60,12,4.7,ONLI_BA1S_P1,ONLI_BA1S_P1
2913,ECO03,Pachyseris speciosa,Pspe,17,9,2023,Lizard_Island,-14.650725,145.450216,-14.650714,145.450096,,30,12,4.3,ONLI_BA1S_P3,ONLI_BA1S_P3
2914,ECO03,Pachyseris speciosa,Pspe,17,9,2023,Lizard_Island,-14.650725,145.450216,-14.650714,145.450096,,30,12,4.3,ONLI_BA1S_P3,ONLI_BA1S_P3
2915,ECO03,Pachyseris speciosa,Pspe,17,9,2023,Lizard_Island,-14.687707,145.465276,-14.6878365,145.465296,,6,6,3.8,ONLI_LA1S_P3,ONLI_LA1S_P3
2916,ECO03,Pachyseris speciosa,Pspe,17,9,2023,Lizard_Island,-14.687707,145.465276,-14.6879075,145.465401,,6,6,4.1,ONLI_LA1S_P4,ONLI_LA1S_P4
2917,ECO03,Seriatopora hystrix,Shys,17,9,2023,Lizard_Island,-14.687707,145.465276,-14.6875135,145.4651275,,6,6,3.4,ONLI_LA1S_P1,ONLI_LA1S_P1
2918,ECO03,Pachyseris speciosa,Pspe,17,9,2023,Lizard_Island,-14.687707,145.465276,-14.6875135,145.4651275,,6,6,3.4,ONLI_LA1S_P1,ONLI_LA1S_P1
2919,ECO03,Seriatopora hystrix,Shys,17,9,2023,Lizard_Island,-14.687707,145.465276,-14.6878365,145.465296,,6,6,3.8,ONLI_LA1S_P3,ONLI_LA1S_P3
2920,ECO03,Seriatopora hystrix,Shys,17,9,2023,Lizard_Island,-14.687707,145.465276,-14.6879075,145.465401,,6,6,4.1,ONLI_LA1S_P4,ONLI_LA1S_P4
2921,ECO03,Pachyseris speciosa,Pspe,16,9,2023,Lizard_Island,-14.650714,145.450096,-14.650714,145.450096,,30,6,4.3,ONLI_BA1S_P3,ONLI_BA1S_P3
2922,ECO03,Pachyseris speciosa,Pspe,18,9,2023,Lizard_Island,-14.698098,145.445447,-14.6980275,145.4453655,,6,7,3.8,ONLI_FL1S_P2,ONLI_FL1S_P2
2923,ECO03,Seriatopora hystrix,Shys,18,9,2023,Lizard_Island,-14.6835,145.450361,-14.6835,145.450361,,30,2,NA,ONLI_LO1S_P3,ONLI_LO1S_P3
2924,ECO03,Seriatopora hystrix,Shys,18,9,2023,Lizard_Island,-14.6835,145.450361,-14.6835,145.450361,,30,2,NA,ONLI_LO1S_P3,ONLI_LO1S_P3
2925,ECO03,Seriatopora hystrix,Shys,18,9,2023,Lizard_Island,-14.6835,145.450361,-14.6835,145.450361,,60,2,NA,ONLI_LO1S_P1,ONLI_LO1S_P1
2926,ECO03,Seriatopora hystrix,Shys,18,9,2023,Lizard_Island,-14.6835,145.450361,-14.6835,145.450361,,60,2,NA,ONLI_LO1S_P4,ONLI_LO1S_P4
2927,ECO03,Seriatopora hystrix,Shys,19,9,2023,Lizard_Island,-14.6835,145.450361,-14.6835,145.450361,,60,2,NA,ONLI_LO1S_P4,ONLI_LO1S_P4
2928,ECO03,Seriatopora hystrix,Shys,19,9,2023,Lizard_Island,-14.646028,145.453583,-14.646028,145.453583,,30,10,NA,ONLI_NP1D_P2,ONLI_NP1D_P2
2929,ECO03,Pachyseris speciosa,Pspe,19,9,2023,Lizard_Island,-14.646028,145.453583,-14.646028,145.453583,,30,10,NA,ONLI_NP1D_P2,ONLI_NP1D_P2
2930,ECO03,Pachyseris speciosa,Pspe,19,9,2023,Lizard_Island,-14.646028,145.453583,-14.646028,145.453583,,30,10,NA,ONLI_NP1D_P2,ONLI_NP1D_P2
2931,ECO03,Pachyseris speciosa,Pspe,19,9,2023,Lizard_Island,-14.646028,145.453583,-14.646028,145.453583,,30,10,NA,ONLI_NP1D_P2,ONLI_NP1D_P2
2932,ECO03,Pachyseris speciosa,Pspe,19,9,2023,Lizard_Island,-14.646028,145.453583,-14.646028,145.453583,,60,10,NA,ONLI_NP1D_P1,ONLI_NP1D_P1
2933,ECO03,Pachyseris speciosa,Pspe,19,9,2023,Lizard_Island,-14.646028,145.453583,-14.646028,145.453583,,60,10,NA,ONLI_NP1D_P1,ONLI_NP1D_P1
2934,ECO03,Pachyseris speciosa,Pspe,19,9,2023,Lizard_Island,-14.646028,145.453583,-14.646028,145.453583,,60,10,NA,ONLI_NP1D_P1,ONLI_NP1D_P1
2935,ECO03,Seriatopora hystrix,Shys,19,9,2023,Lizard_Island,-14.646083,145.45375,-14.646083,145.45375,,60,5,NA,ONLI_NP1S,ONLI_NP1S
2936,ECO03,Pachyseris speciosa,Pspe,19,9,2023,Lizard_Island,-14.663694,145.451111,-14.663694,145.451111,,60,5,NA,ONLI_CG1S_P4,ONLI_CG1S_P4
2937,ECO03,Pachyseris speciosa,Pspe,19,9,2023,Lizard_Island,-14.663694,145.451111,-14.663694,145.451111,,60,5,NA,ONLI_CG1S_P4,ONLI_CG1S_P4
2938,ECO03,Pachyseris speciosa,Pspe,19,9,2023,Lizard_Island,-14.663694,145.451111,-14.663694,145.451111,,60,5,NA,ONLI_CG1S_P4,ONLI_CG1S_P4
2939,ECO03,Pachyseris speciosa,Pspe,19,9,2023,Lizard_Island,-14.663694,145.451111,-14.663694,145.451111,,60,5,NA,ONLI_CG1S_P4,ONLI_CG1S_P4
2940,ECO03,Pachyseris speciosa,Pspe,19,9,2023,Lizard_Island,-14.663694,145.451111,-14.663694,145.451111,,30,5,NA,ONLI_CG1S_P2,ONLI_CG1S_P2
2941,ECO03,Pachyseris speciosa,Pspe,19,9,2023,Lizard_Island,-14.663694,145.451111,-14.663694,145.451111,,30,5,NA,ONLI_CG1S_P3,ONLI_CG1S_P3
2942,ECO03,Pachyseris speciosa,Pspe,19,9,2023,Lizard_Island,-14.663694,145.451111,-14.663694,145.451111,,30,5,NA,ONLI_CG1S_P2,ONLI_CG1S_P2
2943,ECO03,Pachyseris speciosa,Pspe,19,9,2023,Lizard_Island,-14.663694,145.451111,-14.663694,145.451111,,30,5,NA,ONLI_CG1S_P2,ONLI_CG1S_P2
2944,ECO03,Pachyseris speciosa,Pspe,19,9,2023,Lizard_Island,-14.663694,145.451111,-14.663694,145.451111,,30,5,NA,ONLI_CG1S_P2,ONLI_CG1S_P2
2945,ECO03,Pachyseris speciosa,Pspe,19,9,2023,Lizard_Island,-14.663694,145.451111,-14.663694,145.451111,,60,5,NA,ONLI_CG1S_P1,ONLI_CG1S_P1
2946,ECO03,Seriatopora hystrix,Shys,20,9,2023,Lizard_Island,-14.684389,145.44,-14.684389,145.44,,60,5,NA,ONLI_BV1S_P4,ONLI_BV1S_P4
2947,ECO03,Seriatopora hystrix,Shys,20,9,2023,Lizard_Island,-14.684389,145.44,-14.684389,145.44,,60,5,NA,ONLI_BV1S_P4,ONLI_BV1S_P4
2948,ECO03,Seriatopora hystrix,Shys,20,9,2023,Lizard_Island,-14.684389,145.44,-14.684389,145.44,,60,5,NA,ONLI_BV1S_P4,ONLI_BV1S_P4
2949,ECO03,Seriatopora hystrix,Shys,20,9,2023,Lizard_Island,-14.684389,145.44,-14.684389,145.44,,60,5,NA,ONLI_BV1S_P4,ONLI_BV1S_P4
2950,ECO03,Seriatopora hystrix,Shys,20,9,2023,Lizard_Island,-14.684389,145.44,-14.684389,145.44,,30,5,NA,ONLI_BV1S_P3,ONLI_BV1S_P3
2951,ECO03,Seriatopora hystrix,Shys,20,9,2023,Lizard_Island,-14.684389,145.44,-14.684389,145.44,,30,5,NA,ONLI_BV1S_P3,ONLI_BV1S_P3
2952,ECO03,Seriatopora hystrix,Shys,20,9,2023,Lizard_Island,-14.684389,145.44,-14.684389,145.44,,30,5,NA,ONLI_BV1S_P3,ONLI_BV1S_P3
2953,ECO03,Seriatopora hystrix,Shys,20,9,2023,Lizard_Island,-14.684389,145.44,-14.684389,145.44,,30,5,NA,ONLI_BV1S_P3,ONLI_BV1S_P3
2954,ECO03,Seriatopora hystrix,Shys,20,9,2023,Lizard_Island,-14.684389,145.44,-14.684389,145.44,,30,5,NA,ONLI_BV1S_P3,ONLI_BV1S_P3
2955,ECO03,Seriatopora hystrix,Shys,20,9,2023,Lizard_Island,-14.684389,145.44,-14.684389,145.44,,30,5,NA,ONLI_BV1S_P3,ONLI_BV1S_P3
2956,ECO03,Seriatopora hystrix,Shys,20,9,2023,Lizard_Island,-14.684389,145.44,-14.684389,145.44,,30,5,NA,ONLI_BV1S_P3,ONLI_BV1S_P3
2957,ECO03,Seriatopora hystrix,Shys,20,9,2023,Lizard_Island,-14.684389,145.44,-14.684389,145.44,,30,5,NA,ONLI_BV1S_P3,ONLI_BV1S_P3
2958,ECO03,Seriatopora hystrix,Shys,20,9,2023,Lizard_Island,-14.684389,145.44,-14.684389,145.44,,30,5,NA,ONLI_BV1S_P2,ONLI_BV1S_P2
2959,ECO03,Seriatopora hystrix,Shys,20,9,2023,Lizard_Island,-14.684389,145.44,-14.684389,145.44,,30,5,NA,ONLI_BV1S_P2,ONLI_BV1S_P2
2960,ECO03,Seriatopora hystrix,Shys,20,9,2023,Lizard_Island,-14.684389,145.44,-14.684389,145.44,,30,5,NA,ONLI_BV1S_P2,ONLI_BV1S_P2
2961,ECO03,Seriatopora hystrix,Shys,20,9,2023,Lizard_Island,-14.684389,145.44,-14.684389,145.44,,60,5,NA,ONLI_BV1S_P1,ONLI_BV1S_P1
2962,ECO03,Seriatopora hystrix,Shys,20,9,2023,Lizard_Island,-14.684389,145.44,-14.684389,145.44,,60,5,NA,ONLI_BV1S_P1,ONLI_BV1S_P1
2963,ECO03,Seriatopora hystrix,Shys,20,9,2023,Lizard_Island,-14.684389,145.44,-14.684389,145.44,,60,5,NA,ONLI_BV1S_P1,ONLI_BV1S_P1
2964,ECO03,Seriatopora hystrix,Shys,20,9,2023,Lizard_Island,-14.684389,145.44,-14.684389,145.44,,60,5,NA,ONLI_BV1S_P1,ONLI_BV1S_P1
2965,ECO03,Seriatopora hystrix,Shys,20,9,2023,Lizard_Island,-14.684389,145.44,-14.684389,145.44,,60,5,NA,ONLI_BV1S_P1,ONLI_BV1S_P1
2966,ECO03,Seriatopora hystrix,Shys,21,9,2023,Lizard_Island,-14.679194,145.443583,-14.679194,145.443583,,60,5,NA,ONLI_RB1S_P1,ONLI_RB1S_P1
2967,ECO03,Seriatopora hystrix,Shys,21,9,2023,Lizard_Island,-14.679194,145.443583,-14.679194,145.443583,,60,5,NA,ONLI_RB1S_P1,ONLI_RB1S_P1
2968,ECO03,Seriatopora hystrix,Shys,21,9,2023,Lizard_Island,-14.679194,145.443583,-14.679194,145.443583,,60,5,NA,ONLI_RB1S_P1,ONLI_RB1S_P1
2969,ECO03,Seriatopora hystrix,Shys,21,9,2023,Lizard_Island,-14.679194,145.443583,-14.679194,145.443583,,60,5,NA,ONLI_RB1S_P1,ONLI_RB1S_P1
2970,ECO03,Seriatopora hystrix,Shys,21,9,2023,Lizard_Island,-14.679194,145.443583,-14.679194,145.443583,,60,5,NA,ONLI_RB1S_P1,ONLI_RB1S_P1
2971,ECO03,Pachyseris speciosa,Pspe,21,9,2023,Lizard_Island,-14.679194,145.443583,-14.679194,145.443583,,60,5,NA,ONLI_RB1S_P1,ONLI_RB1S_P1
2972,ECO03,Pachyseris speciosa,Pspe,21,9,2023,Lizard_Island,-14.679194,145.443583,-14.679194,145.443583,,30,5,NA,ONLI_RB1S_P2,ONLI_RB1S_P2
2973,ECO03,Pachyseris speciosa,Pspe,21,9,2023,Lizard_Island,-14.679194,145.443583,-14.679194,145.443583,,30,5,NA,ONLI_RB1S_P2,ONLI_RB1S_P2
2974,ECO03,Pachyseris speciosa,Pspe,21,9,2023,Lizard_Island,-14.679194,145.443583,-14.679194,145.443583,,30,5,NA,ONLI_RB1S_P2,ONLI_RB1S_P2
2975,ECO03,Pachyseris speciosa,Pspe,21,9,2023,Lizard_Island,-14.679194,145.443583,-14.679194,145.443583,,30,5,NA,ONLI_RB1S_P2,ONLI_RB1S_P2
2976,ECO03,Pachyseris speciosa,Pspe,21,9,2023,Lizard_Island,-14.679194,145.443583,-14.679194,145.443583,,30,5,NA,ONLI_RB1S_P3,ONLI_RB1S_P3
2977,ECO03,Pachyseris speciosa,Pspe,21,9,2023,Lizard_Island,-14.679194,145.443583,-14.679194,145.443583,,30,5,NA,ONLI_RB1S_P3,ONLI_RB1S_P3
2978,ECO03,Pachyseris speciosa,Pspe,21,9,2023,Lizard_Island,-14.679194,145.443583,-14.679194,145.443583,,30,5,NA,ONLI_RB1S_P3,ONLI_RB1S_P3
2979,ECO03,Seriatopora hystrix,Shys,21,9,2023,Lizard_Island,-14.679194,145.443583,-14.679194,145.443583,,30,5,NA,ONLI_RB1S_P3,ONLI_RB1S_P3
2980,ECO03,Seriatopora hystrix,Shys,21,9,2023,Lizard_Island,-14.679194,145.443583,-14.679194,145.443583,,30,5,NA,ONLI_RB1S_P3,ONLI_RB1S_P3
2981,ECO03,Pachyseris speciosa,Pspe,21,9,2023,Lizard_Island,-14.679194,145.443583,-14.679194,145.443583,,30,5,NA,ONLI_RB1S_P3,ONLI_RB1S_P3
2982,ECO03,Seriatopora hystrix,Shys,21,9,2023,Lizard_Island,-14.679194,145.443583,-14.679194,145.443583,,60,5,NA,ONLI_RB1S_P4,ONLI_RB1S_P4
2983,ECO03,Seriatopora hystrix,Shys,21,9,2023,Lizard_Island,-14.679194,145.443583,-14.679194,145.443583,,60,5,NA,ONLI_RB1S_P4,ONLI_RB1S_P4
2984,ECO03,Seriatopora hystrix,Shys,21,9,2023,Lizard_Island,-14.679194,145.443583,-14.679194,145.443583,,60,5,NA,ONLI_RB1S_P4,ONLI_RB1S_P4
2985,ECO03,Pachyseris speciosa,Pspe,21,9,2023,Lizard_Island,-14.679194,145.443583,-14.679194,145.443583,,60,5,NA,ONLI_RB1S_P4,ONLI_RB1S_P4
2986,ECO03,Seriatopora hystrix,Shys,21,9,2023,Lizard_Island,-14.679194,145.443583,-14.679194,145.443583,,60,5,NA,ONLI_RB1S,ONLI_RB1S
2987,ECO03,Seriatopora hystrix,Shys,21,9,2023,Lizard_Island,-14.686861,145.454972,-14.686861,145.454972,,60,5,NA,ONLI_LA2S_P1,ONLI_LA2S_P1
2988,ECO03,Seriatopora hystrix,Shys,21,9,2023,Lizard_Island,-14.686861,145.454972,-14.686861,145.454972,,60,5,NA,ONLI_LA2S_P1,ONLI_LA2S_P1
2989,ECO03,Seriatopora hystrix,Shys,21,9,2023,Lizard_Island,-14.686861,145.454972,-14.686861,145.454972,,60,5,NA,ONLI_LA2S_P1,ONLI_LA2S_P1
2990,ECO03,Seriatopora hystrix,Shys,21,9,2023,Lizard_Island,-14.686861,145.454972,-14.686861,145.454972,,60,5,NA,ONLI_LA2S_P1,ONLI_LA2S_P1
2991,ECO03,Seriatopora hystrix,Shys,21,9,2023,Lizard_Island,-14.686861,145.454972,-14.686861,145.454972,,60,5,NA,ONLI_LA2S_P1,ONLI_LA2S_P1
2992,ECO03,Seriatopora hystrix,Shys,21,9,2023,Lizard_Island,-14.686861,145.454972,-14.686861,145.454972,,60,5,NA,ONLI_LA2S_P1,ONLI_LA2S_P1
2993,ECO03,Seriatopora hystrix,Shys,21,9,2023,Lizard_Island,-14.686861,145.454972,-14.686861,145.454972,,30,5,NA,ONLI_LA2S_P2,ONLI_LA2S_P2
2994,ECO03,Seriatopora hystrix,Shys,21,9,2023,Lizard_Island,-14.686861,145.454972,-14.686861,145.454972,,30,5,NA,ONLI_LA2S_P2,ONLI_LA2S_P2
2995,ECO03,Seriatopora hystrix,Shys,21,9,2023,Lizard_Island,-14.686861,145.454972,-14.686861,145.454972,,30,5,NA,ONLI_LA2S_P3,ONLI_LA2S_P3
2996,ECO03,Seriatopora hystrix,Shys,21,9,2023,Lizard_Island,-14.686861,145.454972,-14.686861,145.454972,,30,5,NA,ONLI_LA2S_P3,ONLI_LA2S_P3
2997,ECO03,Seriatopora hystrix,Shys,21,9,2023,Lizard_Island,-14.686861,145.454972,-14.686861,145.454972,,30,5,NA,ONLI_LA2S_P3,ONLI_LA2S_P3
2998,ECO03,Seriatopora hystrix,Shys,21,9,2023,Lizard_Island,-14.686861,145.454972,-14.686861,145.454972,,60,5,NA,ONLI_LA2S_P4,ONLI_LA2S_P4
2999,ECO03,Seriatopora hystrix,Shys,21,9,2023,Lizard_Island,-14.686861,145.454972,-14.686861,145.454972,,60,5,NA,ONLI_LA2S_P4,ONLI_LA2S_P4
3000,ECO03,Seriatopora hystrix,Shys,21,9,2023,Lizard_Island,-14.686861,145.454972,-14.686861,145.454972,,60,5,NA,ONLI_LA2S_P4,ONLI_LA2S_P4
3001,ECO03,Seriatopora hystrix,Shys,22,9,2023,Lizard_Island,-14.685111,145.466972,-14.685111,145.466972,,60,5,NA,ONLI_TA1S_P1,ONLI_TA1S_P1
3002,ECO03,Seriatopora hystrix,Shys,22,9,2023,Lizard_Island,-14.685111,145.466972,-14.685111,145.466972,,60,5,NA,ONLI_TA1S_P1,ONLI_TA1S_P1
3003,ECO03,Seriatopora hystrix,Shys,22,9,2023,Lizard_Island,-14.685111,145.466972,-14.685111,145.466972,,60,5,NA,ONLI_TA1S_P1,ONLI_TA1S_P1
3004,ECO03,Seriatopora hystrix,Shys,22,9,2023,Lizard_Island,-14.685111,145.466972,-14.685111,145.466972,,60,5,NA,ONLI_TA1S_P1,ONLI_TA1S_P1
3005,ECO03,Seriatopora hystrix,Shys,22,9,2023,Lizard_Island,-14.685111,145.466972,-14.685111,145.466972,,60,5,NA,ONLI_TA1S_P1,ONLI_TA1S_P1
3006,ECO03,Seriatopora hystrix,Shys,22,9,2023,Lizard_Island,-14.685111,145.466972,-14.685111,145.466972,,60,5,NA,ONLI_TA1S_P1,ONLI_TA1S_P1
3007,ECO03,Seriatopora hystrix,Shys,22,9,2023,Lizard_Island,-14.685111,145.466972,-14.685111,145.466972,,60,5,NA,ONLI_TA1S_P1,ONLI_TA1S_P1
3008,ECO03,Seriatopora hystrix,Shys,22,9,2023,Lizard_Island,-14.685111,145.466972,-14.685111,145.466972,,60,5,NA,ONLI_TA1S_P1,ONLI_TA1S_P1
3009,ECO03,Seriatopora hystrix,Shys,22,9,2023,Lizard_Island,-14.685111,145.466972,-14.685111,145.466972,,30,5,NA,ONLI_TA1S_P2,ONLI_TA1S_P2
3010,ECO03,Seriatopora hystrix,Shys,22,9,2023,Lizard_Island,-14.685111,145.466972,-14.685111,145.466972,,30,5,NA,ONLI_TA1S_P2,ONLI_TA1S_P2
3011,ECO03,Seriatopora hystrix,Shys,22,9,2023,Lizard_Island,-14.685111,145.466972,-14.685111,145.466972,,30,5,NA,ONLI_TA1S_P2,ONLI_TA1S_P2
3012,ECO03,Seriatopora hystrix,Shys,22,9,2023,Lizard_Island,-14.685111,145.466972,-14.685111,145.466972,,30,5,NA,ONLI_TA1S_P2,ONLI_TA1S_P2
3013,ECO03,Seriatopora hystrix,Shys,22,9,2023,Lizard_Island,-14.685111,145.466972,-14.685111,145.466972,,30,5,NA,ONLI_TA1S_P2,ONLI_TA1S_P2
3014,ECO03,Seriatopora hystrix,Shys,22,9,2023,Lizard_Island,-14.685111,145.466972,-14.685111,145.466972,,30,5,NA,ONLI_TA1S_P2,ONLI_TA1S_P2
3015,ECO03,Seriatopora hystrix,Shys,22,9,2023,Lizard_Island,-14.685111,145.466972,-14.685111,145.466972,,60,5,NA,ONLI_TA1S_P4,ONLI_TA1S_P4
3016,ECO03,Seriatopora hystrix,Shys,22,9,2023,Lizard_Island,-14.685111,145.466972,-14.685111,145.466972,,60,5,NA,ONLI_TA1S_P4,ONLI_TA1S_P4
3017,ECO03,Seriatopora hystrix,Shys,22,9,2023,Lizard_Island,-14.696806,145.449889,-14.696806,145.449889,,60,5,NA,ONLI_PA1S_P4,ONLI_PA1S_P4
3018,ECO03,Seriatopora hystrix,Shys,22,9,2023,Lizard_Island,-14.696806,145.449889,-14.696806,145.449889,,60,5,NA,ONLI_PA1S_P4,ONLI_PA1S_P4
3019,ECO03,Seriatopora hystrix,Shys,22,9,2023,Lizard_Island,-14.696806,145.449889,-14.696806,145.449889,,60,5,NA,ONLI_PA1S_P4,ONLI_PA1S_P4
3020,ECO03,Seriatopora hystrix,Shys,22,9,2023,Lizard_Island,-14.696806,145.449889,-14.696806,145.449889,,60,5,NA,ONLI_PA1S_P4,ONLI_PA1S_P4
3021,ECO03,Seriatopora hystrix,Shys,22,9,2023,Lizard_Island,-14.696806,145.449889,-14.696806,145.449889,,60,5,NA,ONLI_PA1S_P4,ONLI_PA1S_P4
3022,ECO03,Seriatopora hystrix,Shys,22,9,2023,Lizard_Island,-14.696806,145.449889,-14.696806,145.449889,,60,5,NA,ONLI_PA1S_P4,ONLI_PA1S_P4
3023,ECO03,Seriatopora hystrix,Shys,22,9,2023,Lizard_Island,-14.696806,145.449889,-14.696806,145.449889,,20,5,NA,ONLI_PA1S_P23,ONLI_PA1S_P23
3024,ECO03,Seriatopora hystrix,Shys,22,9,2023,Lizard_Island,-14.696806,145.449889,-14.696806,145.449889,,20,5,NA,ONLI_PA1S_P23,ONLI_PA1S_P23
3025,ECO03,Seriatopora hystrix,Shys,22,9,2023,Lizard_Island,-14.696806,145.449889,-14.696806,145.449889,,30,5,NA,ONLI_PA1S_P2,ONLI_PA1S_P2
3026,ECO03,Seriatopora hystrix,Shys,22,9,2023,Lizard_Island,-14.696806,145.449889,-14.696806,145.449889,,60,5,NA,ONLI_PA1S_P1,ONLI_PA1S_P1
3027,ECO03,Seriatopora hystrix,Shys,22,9,2023,Lizard_Island,-14.696806,145.449889,-14.696806,145.449889,,60,5,NA,ONLI_PA1S_P1,ONLI_PA1S_P1
3028,ECO03,Seriatopora hystrix,Shys,23,9,2023,Lizard_Island,-14.658139,145.451583,-14.658139,145.451583,,60,5,NA,ONLI_CN1S_P4,ONLI_CN1S_P4
3029,ECO03,Pachyseris speciosa,Pspe,23,9,2023,Lizard_Island,-14.658139,145.451583,-14.658139,145.451583,,30,5,NA,ONLI_CN1S_P3,ONLI_CN1S_P3
3030,ECO03,Pachyseris speciosa,Pspe,23,9,2023,Lizard_Island,-14.658139,145.451583,-14.658139,145.451583,,30,5,NA,ONLI_CN1S_P2,ONLI_CN1S_P2
3031,ECO03,Seriatopora hystrix,Shys,23,9,2023,Lizard_Island,-14.658139,145.451583,-14.658139,145.451583,,60,5,NA,ONLI_CN1S_P1,ONLI_CN1S_P1
3032,ECO03,Seriatopora hystrix,Shys,23,9,2023,Lizard_Island,-14.658139,145.451583,-14.658139,145.451583,,60,5,NA,ONLI_CN1S_P1,ONLI_CN1S_P1
3033,ECO03,Seriatopora hystrix,Shys,23,9,2023,Lizard_Island,-14.658139,145.451583,-14.658139,145.451583,,60,5,NA,ONLI_CN1S_P1,ONLI_CN1S_P1
3034,ECO03,Seriatopora hystrix,Shys,23,9,2023,Lizard_Island,-14.658139,145.451583,-14.658139,145.451583,,60,5,NA,ONLI_CN1S,ONLI_CN1S
Ahya_16a,ECT1,A. hyacinthus,Ahya,19,1,2021,Reef21-550,-21.96286719,152.3072212,-21.96286719,152.3072212,colony GPS,10,2.8,-0.2,NA,Ahya_16a
Ahya_17a,ECT1,A. hyacinthus,Ahya,19,1,2021,Reef21-550,-21.96286744,152.3072024,-21.96286744,152.3072024,colony GPS,10,7.8,4.8,NA,Ahya_17a
Ahya_18a,ECT1,A. hyacinthus,Ahya,19,1,2021,Reef21-550,-21.96288337,152.3072124,-21.96288337,152.3072124,colony GPS,10,5.2,2.2,NA,Ahya_18a
Ahya_19a,ECT1,A. hyacinthus,Ahya,19,1,2021,Reef21-550,-21.9628806,152.3072144,-21.9628806,152.3072144,colony GPS,10,3.2,0.2,NA,Ahya_19a
Ahya_1a,ECT1,A. hyacinthus,Ahya,19,1,2021,Reef21-550,-21.96280047,152.3074841,-21.96280047,152.3074841,colony GPS,10,5.6,3.5,NA,Ahya_1a
Ahya_20a,ECT1,A. hyacinthus,Ahya,19,1,2021,Reef21-550,-21.96291732,152.3072255,-21.96291732,152.3072255,colony GPS,10,3.7,0.7,NA,Ahya_20a
Ahya_21a,ECT1,A. hyacinthus,Ahya,19,1,2021,Reef21-550,-21.9629252,152.307218,-21.9629252,152.307218,colony GPS,10,5.4,2.4,NA,Ahya_21a
Ahya_22a,ECT1,A. hyacinthus,Ahya,19,1,2021,Reef21-550,-21.96292494,152.3072086,-21.96292494,152.3072086,colony GPS,10,4.4,1.4,NA,Ahya_22a
Ahya_23a,ECT1,A. hyacinthus,Ahya,19,1,2021,Reef21-550,-21.96292897,152.3072169,-21.96292897,152.3072169,colony GPS,10,5.2,2.2,NA,Ahya_23a
Ahya_24a,ECT1,A. hyacinthus,Ahya,19,1,2021,Reef21-550,-21.96295755,152.3072373,-21.96295755,152.3072373,colony GPS,10,6.2,3.3,NA,Ahya_24a
Ahya_25a,ECT1,A. hyacinthus,Ahya,19,1,2021,Reef21-550,-21.96295403,152.3072329,-21.96295403,152.3072329,colony GPS,10,6,3.1,NA,Ahya_25a
Ahya_26a,ECT1,A. hyacinthus,Ahya,19,1,2021,Reef21-550,-21.96296694,152.3072792,-21.96296694,152.3072792,colony GPS,10,5.4,2.5,NA,Ahya_26a
Ahya_27a,ECT1,A. hyacinthus,Ahya,19,1,2021,Reef21-550,-21.96296794,152.3072757,-21.96296794,152.3072757,colony GPS,10,4.1,1.2,NA,Ahya_27a
Ahya_28a,ECT1,A. hyacinthus,Ahya,19,1,2021,Reef21-550,-21.96297389,152.3072719,-21.96297389,152.3072719,colony GPS,10,4.6,1.8,NA,Ahya_28a
Ahya_29a,ECT1,A. hyacinthus,Ahya,19,1,2021,Reef21-550,-21.96297641,152.3072649,-21.96297641,152.3072649,colony GPS,10,3.3,0.5,NA,Ahya_29a
Ahya_2a,ECT1,A. hyacinthus,Ahya,19,1,2021,Reef21-550,-21.9628112,152.3074771,-21.9628112,152.3074771,colony GPS,10,5.4,3.2,NA,Ahya_2a
Ahya_30a,ECT1,A. hyacinthus,Ahya,19,1,2021,Reef21-550,-21.96297792,152.3072644,-21.96297792,152.3072644,colony GPS,10,3.3,0.5,NA,Ahya_30a
Ahya_31a,ECT1,A. hyacinthus,Ahya,19,1,2021,Reef21-550,-21.96297674,152.3072568,-21.96297674,152.3072568,colony GPS,10,1.2,-1.6,NA,Ahya_31a
Ahya_32a,ECT1,A. hyacinthus,Ahya,19,1,2021,Reef21-550,-21.96297968,152.3072604,-21.96297968,152.3072604,colony GPS,10,1.3,-1.5,NA,Ahya_32a
Ahya_33a,ECT1,A. hyacinthus,Ahya,19,1,2021,Reef21-550,-21.96296987,152.3072471,-21.96296987,152.3072471,colony GPS,10,1.1,-1.7,NA,Ahya_33a
Ahya_3a,ECT1,A. hyacinthus,Ahya,19,1,2021,Reef21-550,-21.96281531,152.3074759,-21.96281531,152.3074759,colony GPS,10,4.5,2.2,NA,Ahya_3a
Ahya_4a,ECT1,A. hyacinthus,Ahya,19,1,2021,Reef21-550,-21.96281732,152.3074827,-21.96281732,152.3074827,colony GPS,10,5.9,3.6,NA,Ahya_4a
Ahya_5a,ECT1,A. hyacinthus,Ahya,19,1,2021,Reef21-550,-21.96281682,152.3074778,-21.96281682,152.3074778,colony GPS,10,5,2.7,NA,Ahya_5a
Ahya_6a,ECT1,A. hyacinthus,Ahya,19,1,2021,Reef21-550,-21.9628195,152.307478,-21.9628195,152.307478,colony GPS,10,5,2.7,NA,Ahya_6a
Ahya_7a,ECT1,A. hyacinthus,Ahya,19,1,2021,Reef21-550,-21.96282235,152.3074738,-21.96282235,152.3074738,colony GPS,10,3.3,0.9,NA,Ahya_7a
Ahya_8a,ECT1,A. hyacinthus,Ahya,19,1,2021,Reef21-550,-21.96282637,152.3074762,-21.96282637,152.3074762,colony GPS,10,3.3,0.9,NA,Ahya_8a
Ahya_9a,ECT1,A. hyacinthus,Ahya,19,1,2021,Reef21-550,-21.96282411,152.3074752,-21.96282411,152.3074752,colony GPS,10,2.8,0.4,NA,Ahya_9a
Ahya_10a,ECT1,A. hyacinthus,Ahya,20,1,2021,Reef21-550,-21.95539883,152.2969731,-21.95539883,152.2969731,colony GPS,10,1,-1.8,NA,Ahya_10a
Ahya_11a,ECT1,A. hyacinthus,Ahya,20,1,2021,Reef21-550,-21.95540839,152.2969889,-21.95540839,152.2969889,colony GPS,10,1,-1.8,NA,Ahya_11a
Ahya_12a,ECT1,A. hyacinthus,Ahya,20,1,2021,Reef21-550,-21.95560763,152.2969331,-21.95560763,152.2969331,colony GPS,10,1.8,-1,NA,Ahya_12a
Ahya_13a,ECT1,A. hyacinthus,Ahya,20,1,2021,Reef21-550,-21.95577669,152.296778,-21.95577669,152.296778,colony GPS,10,1.2,-1.6,NA,Ahya_13a
Ahya_14a,ECT1,A. hyacinthus,Ahya,20,1,2021,Reef21-550,-21.95580762,152.2967776,-21.95580762,152.2967776,colony GPS,10,2,-0.8,NA,Ahya_14a
Ahya_15a,ECT1,A. hyacinthus,Ahya,20,1,2021,Reef21-550,-21.95582304,152.2968107,-21.95582304,152.2968107,colony GPS,10,1,-1.8,NA,Ahya_15a
Ahya_34a,ECT1,A. hyacinthus,Ahya,20,1,2021,Reef21-550,-21.9558999,152.2968738,-21.9558999,152.2968738,colony GPS,10,1.2,-1.6,NA,Ahya_34a
Ahya_35a,ECT1,A. hyacinthus,Ahya,20,1,2021,Reef21-550,-21.95601197,152.2968814,-21.95601197,152.2968814,colony GPS,10,1.2,-1.6,NA,Ahya_35a
Ahya_36a,ECT1,A. hyacinthus,Ahya,20,1,2021,Reef21-550,-21.95617022,152.2967376,-21.95617022,152.2967376,colony GPS,10,1.2,-1.6,NA,Ahya_36a
Ahya_37a,ECT1,A. hyacinthus,Ahya,20,1,2021,Reef21-550,-21.95621942,152.2967232,-21.95621942,152.2967232,colony GPS,10,1.2,-1.6,NA,Ahya_37a
Ahya_47a,ECT1,A. hyacinthus,Ahya,20,1,2021,Reef21-550,-21.95513204,152.2968582,-21.95513204,152.2968582,colony GPS,10,2,-0.9,NA,Ahya_47a
Ahya_48a,ECT1,A. hyacinthus,Ahya,20,1,2021,Reef21-550,-21.9546624,152.2972206,-21.9546624,152.2972206,colony GPS,10,1.2,-1.6,NA,Ahya_48a
Ahya_49a,ECT1,A. hyacinthus,Ahya,20,1,2021,Reef21-550,-21.95462669,152.2971707,-21.95462669,152.2971707,colony GPS,10,1.5,-1.3,NA,Ahya_49a
Ahya_50a,ECT1,A. hyacinthus,Ahya,20,1,2021,Reef21-550,-21.95452242,152.2971737,-21.95452242,152.2971737,colony GPS,10,1.2,-1.6,NA,Ahya_50a
Ahya_38a,ECT1,A. hyacinthus,Ahya,21,1,2021,East_Cay,-21.47282342,152.5609202,-21.47282342,152.5609202,colony GPS,10,~<2,-0.5,NA,Ahya_38a
Ahya_39a,ECT1,A. hyacinthus,Ahya,21,1,2021,East_Cay,-21.47304855,152.5609273,-21.47304855,152.5609273,colony GPS,10,~<2,-0.5,NA,Ahya_39a
Ahya_40a,ECT1,A. hyacinthus,Ahya,21,1,2021,East_Cay,-21.47309214,152.5610289,-21.47309214,152.5610289,colony GPS,10,~<2,-0.5,NA,Ahya_40a
Ahya_41a,ECT1,A. hyacinthus,Ahya,21,1,2021,East_Cay,-21.47313128,152.560947,-21.47313128,152.560947,colony GPS,10,~<2,-0.5,NA,Ahya_41a
Ahya_42a,ECT1,A. hyacinthus,Ahya,21,1,2021,East_Cay,-21.47311921,152.5610228,-21.47311921,152.5610228,colony GPS,10,~<2,-0.5,NA,Ahya_42a
Ahya_43a,ECT1,A. hyacinthus,Ahya,21,1,2021,East_Cay,-21.47306297,152.5609181,-21.47306297,152.5609181,colony GPS,10,~<2,-0.5,NA,Ahya_43a
Ahya_44a,ECT1,A. hyacinthus,Ahya,21,1,2021,East_Cay,-21.47307848,152.5609108,-21.47307848,152.5609108,colony GPS,10,~<2,-0.5,NA,Ahya_44a
Ahya_45a,ECT1,A. hyacinthus,Ahya,21,1,2021,East_Cay,-21.47393762,152.5611744,-21.47393762,152.5611744,colony GPS,10,~<2,-0.5,NA,Ahya_45a
Ahya_51a,ECT1,A. hyacinthus,Ahya,21,1,2021,East_Cay,-21.47414323,152.56197,-21.47414323,152.56197,colony GPS,10,~<2,-0.5,NA,Ahya_51a
Ahya_52a,ECT1,A. hyacinthus,Ahya,22,1,2021,East_Cay,-21.4713337,152.5650215,-21.4713337,152.5650215,colony GPS,10,~2.5-3.5,1.1,NA,Ahya_52a
Ahya_53a,ECT1,A. hyacinthus,Ahya,22,1,2021,East_Cay,-21.47045393,152.5653714,-21.47045393,152.5653714,colony GPS,10,~2.5-3.5,1.2,NA,Ahya_53a
Ahya_54a,ECT1,A. hyacinthus,Ahya,22,1,2021,East_Cay,-21.47011573,152.5653786,-21.47011573,152.5653786,colony GPS,10,~2.5-3.5,1.2,NA,Ahya_54a
Ahya_55a,ECT1,A. hyacinthus,Ahya,22,1,2021,East_Cay,-21.46932581,152.5643821,-21.46932581,152.5643821,colony GPS,10,~5,3,NA,Ahya_55a
Ahya_56a,ECT1,A. hyacinthus,Ahya,22,1,2021,East_Cay,-21.46919229,152.564365,-21.46919229,152.564365,colony GPS,10,~5,3,NA,Ahya_56a
Ahya_57a,ECT1,A. hyacinthus,Ahya,22,1,2021,East_Cay,-21.46934174,152.5639749,-21.46934174,152.5639749,colony GPS,10,~5,3.1,NA,Ahya_57a
Ahya_58a,ECT1,A. hyacinthus,Ahya,22,1,2021,East_Cay,-21.46945029,152.5641416,-21.46945029,152.5641416,colony GPS,10,~5,3.1,NA,Ahya_58a
Ahya_59a,ECT1,A. hyacinthus,Ahya,22,1,2021,East_Cay,-21.46940771,152.5635042,-21.46940771,152.5635042,colony GPS,10,~5,3.1,NA,Ahya_59a
Ahya_60a,ECT1,A. hyacinthus,Ahya,22,1,2021,East_Cay,-21.46969671,152.5626694,-21.46969671,152.5626694,colony GPS,10,~5,3,NA,Ahya_60a
Ahya_61a,ECT1,A. hyacinthus,Ahya,22,1,2021,East_Cay,-21.46962371,152.5622835,-21.46962371,152.5622835,colony GPS,10,~5,3,NA,Ahya_61a
Ahya_67a,ECT1,A. hyacinthus,Ahya,22,1,2021,East_Cay,-21.47008237,152.5652048,-21.47008237,152.5652048,colony GPS,10,~2.5-3.5,1,NA,Ahya_67a
Ahya_68a,ECT1,A. hyacinthus,Ahya,22,1,2021,East_Cay,-21.470135,152.5653938,-21.470135,152.5653938,colony GPS,10,~2.5-3.5,1,NA,Ahya_68a
Ahya_69a,ECT1,A. hyacinthus,Ahya,22,1,2021,East_Cay,-21.47028998,152.5652801,-21.47028998,152.5652801,colony GPS,10,~2.5-3.5,1.2,NA,Ahya_69a
Ahya_70a,ECT1,A. hyacinthus,Ahya,22,1,2021,East_Cay,-21.47047782,152.5653211,-21.47047782,152.5653211,colony GPS,10,~2.5-3.5,1.3,NA,Ahya_70a
Ahya_71a,ECT1,A. hyacinthus,Ahya,22,1,2021,East_Cay,-21.47067765,152.5653065,-21.47067765,152.5653065,colony GPS,10,~2.5-3.5,1.2,NA,Ahya_71a
Ahya_72a,ECT1,A. hyacinthus,Ahya,22,1,2021,East_Cay,-21.4699677,152.5649253,-21.4699677,152.5649253,colony GPS,10,~2.5-3.5,1.2,NA,Ahya_72a
Ahya_73a,ECT1,A. hyacinthus,Ahya,22,1,2021,East_Cay,-21.47001984,152.5649245,-21.47001984,152.5649245,colony GPS,10,~2.5-3.5,1.2,NA,Ahya_73a
Ahya_74a,ECT1,A. hyacinthus,Ahya,22,1,2021,East_Cay,-21.47007499,152.5651091,-21.47007499,152.5651091,colony GPS,10,~2.5-3.5,1.2,NA,Ahya_74a
Ahya_75a,ECT1,A. hyacinthus,Ahya,22,1,2021,East_Cay,-21.47008899,152.5651574,-21.47008899,152.5651574,colony GPS,10,~2.5-3.5,1.1,NA,Ahya_75a
Ahya_81a,ECT1,A. hyacinthus,Ahya,22,1,2021,East_Cay,-21.46981163,152.5618594,-21.46981163,152.5618594,colony GPS,10,~3,1.1,NA,Ahya_81a
Ahya_82a,ECT1,A. hyacinthus,Ahya,22,1,2021,East_Cay,-21.4701397,152.5614906,-21.4701397,152.5614906,colony GPS,10,~3,1.1,NA,Ahya_82a
Ahya_83a,ECT1,A. hyacinthus,Ahya,22,1,2021,East_Cay,-21.47025185,152.5616974,-21.47025185,152.5616974,colony GPS,10,~3,1.1,NA,Ahya_83a
Ahya_84a,ECT1,A. hyacinthus,Ahya,22,1,2021,East_Cay,-21.47034539,152.5614061,-21.47034539,152.5614061,colony GPS,10,~3,1.1,NA,Ahya_84a
Ahya_85a,ECT1,A. hyacinthus,Ahya,22,1,2021,East_Cay,-21.47048956,152.5616477,-21.47048956,152.5616477,colony GPS,10,~3,1.1,NA,Ahya_85a
Ahya_100a,ECT1,A. hyacinthus,Ahya,25,1,2021,Lady_Musgrave,-23.90718265,152.3868982,-23.90718265,152.3868982,colony GPS,10,2.8,1.1,NA,Ahya_100a
Ahya_101a,ECT1,A. hyacinthus,Ahya,25,1,2021,Lady_Musgrave,-23.90718332,152.3868906,-23.90718332,152.3868906,colony GPS,10,3,1.3,NA,Ahya_101a
Ahya_102a,ECT1,A. hyacinthus,Ahya,25,1,2021,Lady_Musgrave,-23.90717134,152.3868998,-23.90717134,152.3868998,colony GPS,10,3.1,1.4,NA,Ahya_102a
Ahya_103a,ECT1,A. hyacinthus,Ahya,25,1,2021,Lady_Musgrave,-23.90710185,152.3869429,-23.90710185,152.3869429,colony GPS,10,1.5,-0.1,NA,Ahya_103a
Ahya_104a,ECT1,A. hyacinthus,Ahya,25,1,2021,Lady_Musgrave,-23.90709305,152.3869322,-23.90709305,152.3869322,colony GPS,10,3.2,1.6,NA,Ahya_104a
Ahya_105a,ECT1,A. hyacinthus,Ahya,25,1,2021,Lady_Musgrave,-23.90711107,152.3869396,-23.90711107,152.3869396,colony GPS,10,7,5.5,NA,Ahya_105a
Ahya_106a,ECT1,A. hyacinthus,Ahya,25,1,2021,Lady_Musgrave,-23.90711007,152.3869808,-23.90711007,152.3869808,colony GPS,10,3,1.5,NA,Ahya_106a
Ahya_107a,ECT1,A. hyacinthus,Ahya,25,1,2021,Lady_Musgrave,-23.90711091,152.3869516,-23.90711091,152.3869516,colony GPS,10,2.4,0.9,NA,Ahya_107a
Ahya_108a,ECT1,A. hyacinthus,Ahya,25,1,2021,Lady_Musgrave,NA,NA,NA,NA,no GPS or TBC,10,5.3,4.4,NA,Ahya_108a
Ahya_109a,ECT1,A. hyacinthus,Ahya,25,1,2021,Lady_Musgrave,NA,NA,NA,NA,no GPS or TBC,10,1.4,0.4,NA,Ahya_109a
Ahya_110a,ECT1,A. hyacinthus,Ahya,25,1,2021,Lady_Musgrave,NA,NA,NA,NA,no GPS or TBC,10,1.6,0.6,NA,Ahya_110a
Ahya_111a,ECT1,A. hyacinthus,Ahya,25,1,2021,Lady_Musgrave,NA,NA,NA,NA,no GPS or TBC,10,2.1,1.1,NA,Ahya_111a
Ahya_112a,ECT1,A. hyacinthus,Ahya,25,1,2021,Lady_Musgrave,NA,NA,NA,NA,no GPS or TBC,10,1.2,0.2,NA,Ahya_112a
Ahya_113a,ECT1,A. hyacinthus,Ahya,25,1,2021,Lady_Musgrave,NA,NA,NA,NA,no GPS or TBC,10,1,0,NA,Ahya_113a
Ahya_114a,ECT1,A. hyacinthus,Ahya,25,1,2021,Lady_Musgrave,NA,NA,NA,NA,no GPS or TBC,10,1.7,0.7,NA,Ahya_114a
Ahya_115a,ECT1,A. hyacinthus,Ahya,25,1,2021,Lady_Musgrave,NA,NA,NA,NA,no GPS or TBC,10,2.1,1.1,NA,Ahya_115a
Ahya_116a,ECT1,A. hyacinthus,Ahya,25,1,2021,Lady_Musgrave,NA,NA,NA,NA,no GPS or TBC,10,1.4,0.4,NA,Ahya_116a
Ahya_117a,ECT1,A. hyacinthus,Ahya,25,1,2021,Lady_Musgrave,NA,NA,NA,NA,no GPS or TBC,10,2.1,1,NA,Ahya_117a
Ahya_118a,ECT1,A. hyacinthus,Ahya,25,1,2021,Lady_Musgrave,NA,NA,NA,NA,no GPS or TBC,10,2.9,1.8,NA,Ahya_118a
Ahya_119a,ECT1,A. hyacinthus,Ahya,25,1,2021,Lady_Musgrave,NA,NA,NA,NA,no GPS or TBC,10,3.8,2.7,NA,Ahya_119a
Ahya_120a,ECT1,A. hyacinthus,Ahya,25,1,2021,Lady_Musgrave,NA,NA,NA,NA,no GPS or TBC,10,3.5,2.4,NA,Ahya_120a
Ahya_76a,ECT1,A. hyacinthus,Ahya,25,1,2021,Lady_Musgrave,-23.90722322,152.386869,-23.90722322,152.386869,colony GPS,10,5,3.1,NA,Ahya_76a
Ahya_77a,ECT1,A. hyacinthus,Ahya,25,1,2021,Lady_Musgrave,-23.90719078,152.3869172,-23.90719078,152.3869172,colony GPS,10,3.2,1.4,NA,Ahya_77a
Ahya_78a,ECT1,A. hyacinthus,Ahya,25,1,2021,Lady_Musgrave,-23.907185,152.3869209,-23.907185,152.3869209,colony GPS,10,2.7,0.9,NA,Ahya_78a
Ahya_79a,ECT1,A. hyacinthus,Ahya,25,1,2021,Lady_Musgrave,-23.90718978,152.3869184,-23.90718978,152.3869184,colony GPS,10,3.1,1.3,NA,Ahya_79a
Ahya_80a,ECT1,A. hyacinthus,Ahya,25,1,2021,Lady_Musgrave,-23.90720135,152.3869153,-23.90720135,152.3869153,colony GPS,10,2.8,1,NA,Ahya_80a
Ahya_95a,ECT1,A. hyacinthus,Ahya,25,1,2021,Lady_Musgrave,-23.90722037,152.3868893,-23.90722037,152.3868893,colony GPS,10,2.4,0.6,NA,Ahya_95a
Ahya_96a,ECT1,A. hyacinthus,Ahya,25,1,2021,Lady_Musgrave,-23.90723865,152.3868959,-23.90723865,152.3868959,colony GPS,10,3,1.2,NA,Ahya_96a
Ahya_97a,ECT1,A. hyacinthus,Ahya,25,1,2021,Lady_Musgrave,-23.90720923,152.3869045,-23.90720923,152.3869045,colony GPS,10,3,1.3,NA,Ahya_97a
Ahya_98a,ECT1,A. hyacinthus,Ahya,25,1,2021,Lady_Musgrave,-23.90721786,152.3869001,-23.90721786,152.3869001,colony GPS,10,3,1.3,NA,Ahya_98a
Ahya_99a,ECT1,A. hyacinthus,Ahya,25,1,2021,Lady_Musgrave,-23.90718517,152.386885,-23.90718517,152.386885,colony GPS,10,3.1,1.4,NA,Ahya_99a
Ahya_121a,ECT1,A. hyacinthus,Ahya,26,1,2021,Sykes,-23.4554565,152.0317466,-23.4554565,152.0317466,colony GPS,10,1.6,0.1,NA,Ahya_121a
Ahya_122a,ECT1,A. hyacinthus,Ahya,26,1,2021,Sykes,-23.45547401,152.0317511,-23.45547401,152.0317511,colony GPS,10,1.9,0.4,NA,Ahya_122a
Ahya_123a,ECT1,A. hyacinthus,Ahya,26,1,2021,Sykes,-23.4554782,152.0317544,-23.4554782,152.0317544,colony GPS,10,1.1,-0.4,NA,Ahya_123a
Ahya_124a,ECT1,A. hyacinthus,Ahya,26,1,2021,Sykes,-23.45547024,152.0317458,-23.45547024,152.0317458,colony GPS,10,2.6,1.2,NA,Ahya_124a
Ahya_125a,ECT1,A. hyacinthus,Ahya,26,1,2021,Sykes,-23.45548064,152.0317515,-23.45548064,152.0317515,colony GPS,10,3.3,2,NA,Ahya_125a
Ahya_126a,ECT1,A. hyacinthus,Ahya,26,1,2021,Sykes,-23.45545809,152.0317526,-23.45545809,152.0317526,colony GPS,10,4.3,1.9,NA,Ahya_126a
Ahya_127a,ECT1,A. hyacinthus,Ahya,26,1,2021,Sykes,-23.44699287,152.0252817,-23.44699287,152.0252817,colony GPS,10,4.2,1.9,NA,Ahya_127a
Ahya_128a,ECT1,A. hyacinthus,Ahya,26,1,2021,Sykes,-23.44692581,152.0248448,-23.44692581,152.0248448,colony GPS,10,4.2,1.9,NA,Ahya_128a
Ahya_129a,ECT1,A. hyacinthus,Ahya,26,1,2021,Sykes,-23.44634537,152.0247279,-23.44634537,152.0247279,colony GPS,10,4.7,2.4,NA,Ahya_129a
Ahya_130a,ECT1,A. hyacinthus,Ahya,26,1,2021,Sykes,-23.44639742,152.0250007,-23.44639742,152.0250007,colony GPS,10,4.9,2.7,NA,Ahya_130a
Ahya_131a,ECT1,A. hyacinthus,Ahya,26,1,2021,Sykes,-23.4463944,152.0249662,-23.4463944,152.0249662,colony GPS,10,4.9,2.7,NA,Ahya_131a
Ahya_132a,ECT1,A. hyacinthus,Ahya,26,1,2021,Sykes,-23.44598511,152.024682,-23.44598511,152.024682,colony GPS,10,2.3,1,NA,Ahya_132a
Ahya_133a,ECT1,A. hyacinthus,Ahya,26,1,2021,Sykes,-23.44596022,152.0248452,-23.44596022,152.0248452,colony GPS,10,2.3,1,NA,Ahya_133a
Ahya_134a,ECT1,A. hyacinthus,Ahya,26,1,2021,Sykes,-23.44506721,152.0246271,-23.44506721,152.0246271,colony GPS,10,2.2,1,NA,Ahya_134a
Ahya_135a,ECT1,A. hyacinthus,Ahya,26,1,2021,Sykes,-23.4445845,152.0248315,-23.4445845,152.0248315,colony GPS,10,2,0.9,NA,Ahya_135a
Ahya_141a,ECT1,A. hyacinthus,Ahya,26,1,2021,Sykes,-23.44506537,152.0249004,-23.44506537,152.0249004,colony GPS,10,2,0.9,NA,Ahya_141a
Ahya_142a,ECT1,A. hyacinthus,Ahya,26,1,2021,Sykes,-23.44501046,152.0248745,-23.44501046,152.0248745,colony GPS,10,1.5,0.4,NA,Ahya_142a
Ahya_143a,ECT1,A. hyacinthus,Ahya,26,1,2021,Sykes,-23.44448031,152.0247039,-23.44448031,152.0247039,colony GPS,10,1.7,0.7,NA,Ahya_143a
Ahya_144a,ECT1,A. hyacinthus,Ahya,26,1,2021,Sykes,-23.44464317,152.0246978,-23.44464317,152.0246978,colony GPS,10,2.3,1.3,NA,Ahya_144a
Ahya_145a,ECT1,A. hyacinthus,Ahya,26,1,2021,Sykes,-23.44428878,152.0246376,-23.44428878,152.0246376,colony GPS,10,1.1,0.1,NA,Ahya_145a
Ahya_150a,ECT1,A. hyacinthus,Ahya,26,1,2021,Sykes,-23.43943499,152.0253063,-23.43943499,152.0253063,colony GPS,10,1.6,0.7,NA,Ahya_150a
Ahya_151a,ECT1,A. hyacinthus,Ahya,26,1,2021,Sykes,-23.4397706,152.0247726,-23.4397706,152.0247726,colony GPS,10,1.6,0.6,NA,Ahya_151a
Ahya_152a,ECT1,A. hyacinthus,Ahya,26,1,2021,Sykes,-23.43988493,152.0246003,-23.43988493,152.0246003,colony GPS,10,1.5,0.5,NA,Ahya_152a
Ahya_153a,ECT1,A. hyacinthus,Ahya,26,1,2021,Sykes,-23.44084566,152.0257815,-23.44084566,152.0257815,colony GPS,10,1.3,0.3,NA,Ahya_153a
Ahya_154a,ECT1,A. hyacinthus,Ahya,26,1,2021,Sykes,-23.4413205,152.0257062,-23.4413205,152.0257062,colony GPS,10,1.1,0,NA,Ahya_154a
Ahya_155a,ECT1,A. hyacinthus,Ahya,26,1,2021,Sykes,-23.4412894,152.0250264,-23.4412894,152.0250264,colony GPS,10,1.5,0.4,NA,Ahya_155a
Ahya_156a,ECT1,A. hyacinthus,Ahya,26,1,2021,Sykes,-23.44164094,152.0246668,-23.44164094,152.0246668,colony GPS,10,1.5,0.4,NA,Ahya_156a
Ahya_157a,ECT1,A. hyacinthus,Ahya,26,1,2021,Sykes,-23.44165234,152.0251309,-23.44165234,152.0251309,colony GPS,10,1,-0.2,NA,Ahya_157a
Ahya_158a,ECT1,A. hyacinthus,Ahya,26,1,2021,Sykes,-23.44179408,152.0252545,-23.44179408,152.0252545,colony GPS,10,1.3,0.1,NA,Ahya_158a
Ahya_159a,ECT1,A. hyacinthus,Ahya,26,1,2021,Sykes,-23.44231241,152.0248098,-23.44231241,152.0248098,colony GPS,10,2.3,1.1,NA,Ahya_159a
Ahya_160a,ECT1,A. hyacinthus,Ahya,26,1,2021,Sykes,-23.44262598,152.0238483,-23.44262598,152.0238483,colony GPS,10,2.5,1.2,NA,Ahya_160a
Ahya_161a,ECT1,A. hyacinthus,Ahya,26,1,2021,Sykes,-23.44345009,152.0241756,-23.44345009,152.0241756,colony GPS,10,2.4,1.1,NA,Ahya_161a
Ahya_10b,ECT1,A. hyacinthus,Ahya,19,3,2021,Hicks,-14.47368407,145.504462,-14.47368407,145.504462,colony GPS,10,2.2,1.1,NA,Ahya_10b
Ahya_11b,ECT1,A. hyacinthus,Ahya,19,3,2021,Hicks,-14.47375062,145.5043475,-14.47375062,145.5043475,colony GPS,10,1.9,0.8,NA,Ahya_11b
Ahya_12b,ECT1,A. hyacinthus,Ahya,19,3,2021,Hicks,-14.47381935,145.5042618,-14.47381935,145.5042618,colony GPS,10,4.3,3.2,NA,Ahya_12b
Ahya_13b,ECT1,A. hyacinthus,Ahya,19,3,2021,Hicks,-14.47390568,145.5041231,-14.47390568,145.5041231,colony GPS,10,2.8,1.7,NA,Ahya_13b
Ahya_14b,ECT1,A. hyacinthus,Ahya,19,3,2021,Hicks,-14.47397668,145.5040518,-14.47397668,145.5040518,colony GPS,10,3.5,2.4,NA,Ahya_14b
Ahya_15b,ECT1,A. hyacinthus,Ahya,19,3,2021,Hicks,-14.47396805,145.5040515,-14.47396805,145.5040515,colony GPS,10,3.7,2.6,NA,Ahya_15b
Ahya_16b,ECT1,A. hyacinthus,Ahya,19,3,2021,Hicks,-14.47404055,145.5039838,-14.47404055,145.5039838,colony GPS,10,4.8,3.7,NA,Ahya_16b
Ahya_17b,ECT1,A. hyacinthus,Ahya,19,3,2021,Hicks,-14.47406813,145.5039478,-14.47406813,145.5039478,colony GPS,10,4.3,3.2,NA,Ahya_17b
Ahya_18b,ECT1,A. hyacinthus,Ahya,19,3,2021,Hicks,-14.47411087,145.5038803,-14.47411087,145.5038803,colony GPS,10,3.2,2.1,NA,Ahya_18b
Ahya_19b,ECT1,A. hyacinthus,Ahya,19,3,2021,Hicks,-14.47413677,145.5038358,-14.47413677,145.5038358,colony GPS,10,3,1.9,NA,Ahya_19b
Ahya_1b,ECT1,A. hyacinthus,Ahya,19,3,2021,Hicks,-14.4295427,145.4505575,-14.4295427,145.4505575,colony GPS,10,1.7,0.2,NA,Ahya_1b
Ahya_20b,ECT1,A. hyacinthus,Ahya,19,3,2021,Hicks,-14.47423476,145.5037072,-14.47423476,145.5037072,colony GPS,10,3.1,2.1,NA,Ahya_20b
Ahya_2b,ECT1,A. hyacinthus,Ahya,19,3,2021,Hicks,-14.42957648,145.4506239,-14.42957648,145.4506239,colony GPS,10,1.3,-0.2,NA,Ahya_2b
Ahya_3b,ECT1,A. hyacinthus,Ahya,19,3,2021,Hicks,-14.42905328,145.4509223,-14.42905328,145.4509223,colony GPS,10,3.4,1.9,NA,Ahya_3b
Ahya_4b,ECT1,A. hyacinthus,Ahya,19,3,2021,Hicks,-14.42899436,145.4512097,-14.42899436,145.4512097,colony GPS,10,3.7,2.2,NA,Ahya_4b
Ahya_5b,ECT1,A. hyacinthus,Ahya,19,3,2021,Hicks,-14.4289765,145.4512073,-14.4289765,145.4512073,colony GPS,10,3.6,2.1,NA,Ahya_5b
Ahya_6b,ECT1,A. hyacinthus,Ahya,19,3,2021,Hicks,-14.42887978,145.451713,-14.42887978,145.451713,colony GPS,10,2.7,1.2,NA,Ahya_6b
Ahya_7b,ECT1,A. hyacinthus,Ahya,19,3,2021,Hicks,-14.42893015,145.4520797,-14.42893015,145.4520797,colony GPS,10,2.8,1.4,NA,Ahya_7b
Ahya_8b,ECT1,A. hyacinthus,Ahya,19,3,2021,Hicks,-14.47358801,145.5046293,-14.47358801,145.5046293,colony GPS,10,1.9,0.8,NA,Ahya_8b
Ahya_9b,ECT1,A. hyacinthus,Ahya,19,3,2021,Hicks,-14.47367895,145.5044997,-14.47367895,145.5044997,colony GPS,10,3.5,2.4,NA,Ahya_9b
Ahya_21b,ECT1,A. hyacinthus,Ahya,20,3,2021,Hicks,-14.47425638,145.5036686,-14.47425638,145.5036686,colony GPS,10,3.6,2.1,NA,Ahya_21b
Ahya_22b,ECT1,A. hyacinthus,Ahya,20,3,2021,Hicks,-14.47428186,145.5036204,-14.47428186,145.5036204,colony GPS,10,4,2.5,NA,Ahya_22b
Ahya_23b,ECT1,A. hyacinthus,Ahya,20,3,2021,Hicks,-14.47438924,145.5034631,-14.47438924,145.5034631,colony GPS,10,2.6,1.1,NA,Ahya_23b
Ahya_24b,ECT1,A. hyacinthus,Ahya,20,3,2021,Hicks,-14.47447498,145.5033838,-14.47447498,145.5033838,colony GPS,10,3,1.5,NA,Ahya_24b
Ahya_25b,ECT1,A. hyacinthus,Ahya,20,3,2021,Hicks,-14.47448001,145.5033776,-14.47448001,145.5033776,colony GPS,10,3.2,1.7,NA,Ahya_25b
Ahya_26b,ECT1,A. hyacinthus,Ahya,20,3,2021,Hicks,-14.4745272,145.5033099,-14.4745272,145.5033099,colony GPS,10,2.7,1.2,NA,Ahya_26b
Ahya_27b,ECT1,A. hyacinthus,Ahya,20,3,2021,Hicks,-14.47457892,145.5033001,-14.47457892,145.5033001,colony GPS,10,4.8,3.3,NA,Ahya_27b
Ahya_28b,ECT1,A. hyacinthus,Ahya,20,3,2021,Hicks,-14.47464027,145.5032676,-14.47464027,145.5032676,colony GPS,10,4.6,3.1,NA,Ahya_28b
Ahya_29b,ECT1,A. hyacinthus,Ahya,20,3,2021,Hicks,-14.474651,145.5032643,-14.474651,145.5032643,colony GPS,10,4.5,3,NA,Ahya_29b
Ahya_30b,ECT1,A. hyacinthus,Ahya,20,3,2021,Hicks,-14.47467707,145.5032157,-14.47467707,145.5032157,colony GPS,10,4.5,3,NA,Ahya_30b
Ahya_31b,ECT1,A. hyacinthus,Ahya,20,3,2021,Hicks,-14.47470171,145.503171,-14.47470171,145.503171,colony GPS,10,4.4,2.9,NA,Ahya_31b
Ahya_32b,ECT1,A. hyacinthus,Ahya,20,3,2021,Hicks,-14.47473994,145.5031248,-14.47473994,145.5031248,colony GPS,10,4.9,3.4,NA,Ahya_32b
Ahya_33b,ECT1,A. hyacinthus,Ahya,20,3,2021,Hicks,-14.47479056,145.5029511,-14.47479056,145.5029511,colony GPS,10,3.8,2.3,NA,Ahya_33b
Ahya_34b,ECT1,A. hyacinthus,Ahya,20,3,2021,Hicks,-14.47485753,145.5028835,-14.47485753,145.5028835,colony GPS,10,4.4,2.9,NA,Ahya_34b
Ahya_35b,ECT1,A. hyacinthus,Ahya,20,3,2021,Hicks,-14.47487027,145.502861,-14.47487027,145.502861,colony GPS,10,4.6,3.1,NA,Ahya_35b
Ahya_36b,ECT1,A. hyacinthus,Ahya,20,3,2021,Hicks,-14.47496147,145.5026533,-14.47496147,145.5026533,colony GPS,10,4.4,2.9,NA,Ahya_36b
Ahya_37b,ECT1,A. hyacinthus,Ahya,20,3,2021,Hicks,-14.47504621,145.5025375,-14.47504621,145.5025375,colony GPS,10,3.8,2.3,NA,Ahya_37b
Ahya_38b,ECT1,A. hyacinthus,Ahya,20,3,2021,Hicks,-14.47507236,145.5024813,-14.47507236,145.5024813,colony GPS,10,3.9,2.7,NA,Ahya_38b
Ahya_39b,ECT1,A. hyacinthus,Ahya,20,3,2021,Hicks,-14.47504512,145.5024632,-14.47504512,145.5024632,colony GPS,10,3.4,2.2,NA,Ahya_39b
Ahya_40b,ECT1,A. hyacinthus,Ahya,20,3,2021,Hicks,-14.47506272,145.5024348,-14.47506272,145.5024348,colony GPS,10,3.3,2.1,NA,Ahya_40b
Ahya_41b,ECT1,A. hyacinthus,Ahya,20,3,2021,Hicks,-14.4751157,145.5024132,-14.4751157,145.5024132,colony GPS,10,3.1,1.9,NA,Ahya_41b
Ahya_42b,ECT1,A. hyacinthus,Ahya,20,3,2021,Hicks,-14.47512022,145.5023274,-14.47512022,145.5023274,colony GPS,10,1.8,0.7,NA,Ahya_42b
Ahya_43b,ECT1,A. hyacinthus,Ahya,20,3,2021,Hicks,-14.47510731,145.5023146,-14.47510731,145.5023146,colony GPS,10,2.5,1.4,NA,Ahya_43b
Ahya_B1,ECT1,A. hyacinthus,Ahya,21,3,2021,North_Direction,-14.74247,145.51225,-14.74247,145.51225,colony GPS,10,1.3,0.1,NA,Ahya_B1
Ahya_B10,ECT1,A. hyacinthus,Ahya,21,3,2021,North_Direction,-14.74256,145.5123,-14.74256,145.5123,colony GPS,10,1.2,0,NA,Ahya_B10
Ahya_B11,ECT1,A. hyacinthus,Ahya,21,3,2021,North_Direction,-14.74256,145.51229,-14.74256,145.51229,colony GPS,10,1.3,0.1,NA,Ahya_B11
Ahya_B12,ECT1,A. hyacinthus,Ahya,21,3,2021,North_Direction,-14.74256,145.5123,-14.74256,145.5123,colony GPS,10,1.4,0.2,NA,Ahya_B12
Ahya_B13,ECT1,A. hyacinthus,Ahya,21,3,2021,North_Direction,-14.74254,145.51232,-14.74254,145.51232,colony GPS,10,1.4,0.2,NA,Ahya_B13
Ahya_B14,ECT1,A. hyacinthus,Ahya,21,3,2021,North_Direction,-14.74255,145.51233,-14.74255,145.51233,colony GPS,10,1.3,0.1,NA,Ahya_B14
Ahya_B15,ECT1,A. hyacinthus,Ahya,21,3,2021,North_Direction,-14.74255,145.51231,-14.74255,145.51231,colony GPS,10,1.5,0.3,NA,Ahya_B15
Ahya_B16,ECT1,A. hyacinthus,Ahya,21,3,2021,North_Direction,-14.74255,145.51231,-14.74255,145.51231,colony GPS,10,1.2,0,NA,Ahya_B16
Ahya_B17,ECT1,A. hyacinthus,Ahya,21,3,2021,North_Direction,-14.74252,145.51236,-14.74252,145.51236,colony GPS,10,1.2,0,NA,Ahya_B17
Ahya_B18,ECT1,A. hyacinthus,Ahya,21,3,2021,North_Direction,-14.74253,145.51235,-14.74253,145.51235,colony GPS,10,1.2,-0.1,NA,Ahya_B18
Ahya_B19,ECT1,A. hyacinthus,Ahya,21,3,2021,North_Direction,-14.74252,145.51233,-14.74252,145.51233,colony GPS,10,1.2,-0.1,NA,Ahya_B19
Ahya_B2,ECT1,A. hyacinthus,Ahya,21,3,2021,North_Direction,-14.74249,145.51226,-14.74249,145.51226,colony GPS,10,1.2,0,NA,Ahya_B2
Ahya_B20,ECT1,A. hyacinthus,Ahya,21,3,2021,North_Direction,-14.74254,145.51234,-14.74254,145.51234,colony GPS,10,1.2,-0.1,NA,Ahya_B20
Ahya_B21,ECT1,A. hyacinthus,Ahya,21,3,2021,North_Direction,-14.74257,145.51234,-14.74257,145.51234,colony GPS,10,1.6,0.3,NA,Ahya_B21
Ahya_B22,ECT1,A. hyacinthus,Ahya,21,3,2021,North_Direction,-14.74258,145.51235,-14.74258,145.51235,colony GPS,10,1.4,0.1,NA,Ahya_B22
Ahya_B23,ECT1,A. hyacinthus,Ahya,21,3,2021,North_Direction,-14.74258,145.51238,-14.74258,145.51238,colony GPS,10,1.6,0.3,NA,Ahya_B23
Ahya_B24,ECT1,A. hyacinthus,Ahya,21,3,2021,North_Direction,-14.74257,145.51245,-14.74257,145.51245,colony GPS,10,1.5,0.2,NA,Ahya_B24
Ahya_B25,ECT1,A. hyacinthus,Ahya,21,3,2021,North_Direction,-14.74261,145.51238,-14.74261,145.51238,colony GPS,10,1.6,0.3,NA,Ahya_B25
Ahya_B26,ECT1,A. hyacinthus,Ahya,21,3,2021,North_Direction,-14.7426,145.51238,-14.7426,145.51238,colony GPS,10,1.7,0.4,NA,Ahya_B26
Ahya_B27,ECT1,A. hyacinthus,Ahya,21,3,2021,North_Direction,-14.7426,145.51237,-14.7426,145.51237,colony GPS,10,1.4,0.1,NA,Ahya_B27
Ahya_B28,ECT1,A. hyacinthus,Ahya,21,3,2021,North_Direction,-14.74261,145.51237,-14.74261,145.51237,colony GPS,10,1.4,0.1,NA,Ahya_B28
Ahya_B29,ECT1,A. hyacinthus,Ahya,21,3,2021,North_Direction,-14.74263,145.51237,-14.74263,145.51237,colony GPS,10,1.4,0.1,NA,Ahya_B29
Ahya_B3,ECT1,A. hyacinthus,Ahya,21,3,2021,North_Direction,-14.74249,145.51226,-14.74249,145.51226,colony GPS,10,1.3,0.1,NA,Ahya_B3
Ahya_B30,ECT1,A. hyacinthus,Ahya,21,3,2021,North_Direction,-14.74264,145.51237,-14.74264,145.51237,colony GPS,10,1.6,0.3,NA,Ahya_B30
Ahya_B31,ECT1,A. hyacinthus,Ahya,21,3,2021,North_Direction,-14.74265,145.51237,-14.74265,145.51237,colony GPS,10,1.4,0.1,NA,Ahya_B31
Ahya_B32,ECT1,A. hyacinthus,Ahya,21,3,2021,North_Direction,-14.74259,145.51234,-14.74259,145.51234,colony GPS,10,1.5,0.2,NA,Ahya_B32
Ahya_B33,ECT1,A. hyacinthus,Ahya,21,3,2021,North_Direction,-14.74263,145.51238,-14.74263,145.51238,colony GPS,10,1.6,0.3,NA,Ahya_B33
Ahya_B34,ECT1,A. hyacinthus,Ahya,21,3,2021,North_Direction,-14.74263,145.51238,-14.74263,145.51238,colony GPS,10,1.3,0,NA,Ahya_B34
Ahya_B35,ECT1,A. hyacinthus,Ahya,21,3,2021,North_Direction,-14.74261,145.5124,-14.74261,145.5124,colony GPS,10,1.5,0.2,NA,Ahya_B35
Ahya_B36,ECT1,A. hyacinthus,Ahya,21,3,2021,North_Direction,-14.74262,145.5124,-14.74262,145.5124,colony GPS,10,1.5,0.2,NA,Ahya_B36
Ahya_B37,ECT1,A. hyacinthus,Ahya,21,3,2021,North_Direction,-14.74262,145.5124,-14.74262,145.5124,colony GPS,10,1.4,0.1,NA,Ahya_B37
Ahya_B38,ECT1,A. hyacinthus,Ahya,21,3,2021,North_Direction,-14.74262,145.5124,-14.74262,145.5124,colony GPS,10,1.4,0.1,NA,Ahya_B38
Ahya_B39,ECT1,A. hyacinthus,Ahya,21,3,2021,North_Direction,-14.74262,145.51246,-14.74262,145.51246,colony GPS,10,1.4,0.1,NA,Ahya_B39
Ahya_B4,ECT1,A. hyacinthus,Ahya,21,3,2021,North_Direction,-14.74249,145.51227,-14.74249,145.51227,colony GPS,10,1.2,0,NA,Ahya_B4
Ahya_B40,ECT1,A. hyacinthus,Ahya,21,3,2021,North_Direction,-14.74263,145.51248,-14.74263,145.51248,colony GPS,10,1.4,0.1,NA,Ahya_B40
Ahya_B5,ECT1,A. hyacinthus,Ahya,21,3,2021,North_Direction,-14.74249,145.51229,-14.74249,145.51229,colony GPS,10,1.4,0.2,NA,Ahya_B5
Ahya_B6,ECT1,A. hyacinthus,Ahya,21,3,2021,North_Direction,-14.74252,145.51229,-14.74252,145.51229,colony GPS,10,1.4,0.2,NA,Ahya_B6
Ahya_B7,ECT1,A. hyacinthus,Ahya,21,3,2021,North_Direction,-14.74252,145.5123,-14.74252,145.5123,colony GPS,10,1.4,0.2,NA,Ahya_B7
Ahya_B8,ECT1,A. hyacinthus,Ahya,21,3,2021,North_Direction,-14.74255,145.51229,-14.74255,145.51229,colony GPS,10,1.3,0.1,NA,Ahya_B8
Ahya_B9,ECT1,A. hyacinthus,Ahya,21,3,2021,North_Direction,-14.74255,145.51229,-14.74255,145.51229,colony GPS,10,1.3,0.1,NA,Ahya_B9
Ahya_44b,ECT1,A. hyacinthus,Ahya,22,3,2021,North_Direction,-14.7423653,145.5123142,-14.7423653,145.5123142,colony GPS,10,1.7,-0.2,NA,Ahya_44b
Ahya_45b,ECT1,A. hyacinthus,Ahya,22,3,2021,North_Direction,-14.74240403,145.5123213,-14.74240403,145.5123213,colony GPS,10,1.9,0,NA,Ahya_45b
Ahya_46,ECT1,A. hyacinthus,Ahya,22,3,2021,North_Direction,-14.74240378,145.5123154,-14.74240378,145.5123154,colony GPS,10,2.2,0.4,NA,Ahya_46
Ahya_47b,ECT1,A. hyacinthus,Ahya,22,3,2021,North_Direction,-14.74248223,145.5123608,-14.74248223,145.5123608,colony GPS,10,2.4,0.6,NA,Ahya_47b
Ahya_48b,ECT1,A. hyacinthus,Ahya,22,3,2021,North_Direction,-14.74248969,145.5125315,-14.74248969,145.5125315,colony GPS,10,1.8,0,NA,Ahya_48b
Ahya_49b,ECT1,A. hyacinthus,Ahya,22,3,2021,North_Direction,-14.74254543,145.5126457,-14.74254543,145.5126457,colony GPS,10,2,0.2,NA,Ahya_49b
Ahya_50b,ECT1,A. hyacinthus,Ahya,22,3,2021,North_Direction,-14.7427191,145.5125236,-14.7427191,145.5125236,colony GPS,10,1.7,0,NA,Ahya_50b
Ahya_51b,ECT1,A. hyacinthus,Ahya,22,3,2021,North_Direction,-14.7426787,145.5125182,-14.7426787,145.5125182,colony GPS,10,1.6,-0.1,NA,Ahya_51b
Ahya_52b,ECT1,A. hyacinthus,Ahya,22,3,2021,North_Direction,-14.74268172,145.5125342,-14.74268172,145.5125342,colony GPS,10,1.8,0.1,NA,Ahya_52b
Ahya_53b,ECT1,A. hyacinthus,Ahya,22,3,2021,North_Direction,-14.74273461,145.5124882,-14.74273461,145.5124882,colony GPS,10,1.8,0.1,NA,Ahya_53b
Ahya_54b,ECT1,A. hyacinthus,Ahya,22,3,2021,North_Direction,-14.74274928,145.5124824,-14.74274928,145.5124824,colony GPS,10,1.8,0.1,NA,Ahya_54b
Ahya_55b,ECT1,A. hyacinthus,Ahya,22,3,2021,North_Direction,-14.74278566,145.512503,-14.74278566,145.512503,colony GPS,10,1.6,-0.1,NA,Ahya_55b
Ahya_56b,ECT1,A. hyacinthus,Ahya,22,3,2021,North_Direction,-14.74282622,145.5125197,-14.74282622,145.5125197,colony GPS,10,1.7,0.1,NA,Ahya_56b
Ahya_57b,ECT1,A. hyacinthus,Ahya,22,3,2021,North_Direction,-14.74285606,145.5124947,-14.74285606,145.5124947,colony GPS,10,1.6,0,NA,Ahya_57b
Ahya_58b,ECT1,A. hyacinthus,Ahya,22,3,2021,North_Direction,-14.74283854,145.5126526,-14.74283854,145.5126526,colony GPS,10,1.7,0.1,NA,Ahya_58b
Ahya_59b,ECT1,A. hyacinthus,Ahya,22,3,2021,North_Direction,-14.74283846,145.5126495,-14.74283846,145.5126495,colony GPS,10,1.7,0.1,NA,Ahya_59b
Ahya_60b,ECT1,A. hyacinthus,Ahya,22,3,2021,North_Direction,-14.74293058,145.5127109,-14.74293058,145.5127109,colony GPS,10,2.2,0.6,NA,Ahya_60b
Ahya_61b,ECT1,A. hyacinthus,Ahya,22,3,2021,North_Direction,-14.74294759,145.5129375,-14.74294759,145.5129375,colony GPS,10,2.3,1.2,NA,Ahya_61b
Ahya_62,ECT1,A. hyacinthus,Ahya,22,3,2021,North_Direction,-14.74295866,145.5129679,-14.74295866,145.5129679,colony GPS,10,1.8,0.6,NA,Ahya_62
Ahya_63,ECT1,A. hyacinthus,Ahya,22,3,2021,North_Direction,-14.74296897,145.5129756,-14.74296897,145.5129756,colony GPS,10,1.3,0.1,NA,Ahya_63
Ahya_64,ECT1,A. hyacinthus,Ahya,22,3,2021,North_Direction,-14.74299084,145.5129556,-14.74299084,145.5129556,colony GPS,10,1.5,0.3,NA,Ahya_64
Ahya_65,ECT1,A. hyacinthus,Ahya,22,3,2021,North_Direction,-14.74306452,145.5129246,-14.74306452,145.5129246,colony GPS,10,1.3,0.1,NA,Ahya_65
Ahya_66,ECT1,A. hyacinthus,Ahya,22,3,2021,North_Direction,-14.74308849,145.5128912,-14.74308849,145.5128912,colony GPS,10,1.5,0.3,NA,Ahya_66
Ahya_67b,ECT1,A. hyacinthus,Ahya,22,3,2021,North_Direction,-14.74307081,145.5130658,-14.74307081,145.5130658,colony GPS,10,1.5,0.3,NA,Ahya_67b
Ahya_68b,ECT1,A. hyacinthus,Ahya,22,3,2021,North_Direction,-14.74333936,145.5131797,-14.74333936,145.5131797,colony GPS,10,1.6,0.4,NA,Ahya_68b
Ahya_69b,ECT1,A. hyacinthus,Ahya,22,3,2021,North_Direction,-14.74339569,145.5132492,-14.74339569,145.5132492,colony GPS,10,1.2,0,NA,Ahya_69b
Ahya_70b,ECT1,A. hyacinthus,Ahya,22,3,2021,North_Direction,-14.74336929,145.5132594,-14.74336929,145.5132594,colony GPS,10,1.5,0.2,NA,Ahya_70b
Ahya_71b,ECT1,A. hyacinthus,Ahya,22,3,2021,North_Direction,-14.74336199,145.5132533,-14.74336199,145.5132533,colony GPS,10,1.2,-0.1,NA,Ahya_71b
Ahya_72b,ECT1,A. hyacinthus,Ahya,22,3,2021,North_Direction,-14.74335043,145.5132808,-14.74335043,145.5132808,colony GPS,10,1.4,0.1,NA,Ahya_72b
Ahya_73b,ECT1,A. hyacinthus,Ahya,23,3,2021,North_Direction,-14.74239699,145.5121812,-14.74239699,145.5121812,colony GPS,10,1.4,0.3,NA,Ahya_73b
Ahya_74b,ECT1,A. hyacinthus,Ahya,23,3,2021,North_Direction,-14.74241878,145.5121353,-14.74241878,145.5121353,colony GPS,10,1.5,0.4,NA,Ahya_74b
Ahya_75b,ECT1,A. hyacinthus,Ahya,23,3,2021,North_Direction,-14.7424083,145.5121015,-14.7424083,145.5121015,colony GPS,10,1.4,0.3,NA,Ahya_75b
Ahya_76b,ECT1,A. hyacinthus,Ahya,23,3,2021,North_Direction,-14.74238383,145.5120494,-14.74238383,145.5120494,colony GPS,10,1.3,0.1,NA,Ahya_76b
Ahya_77b,ECT1,A. hyacinthus,Ahya,23,3,2021,North_Direction,-14.74234208,145.5120157,-14.74234208,145.5120157,colony GPS,10,1.7,0.5,NA,Ahya_77b
Ahya_78b,ECT1,A. hyacinthus,Ahya,23,3,2021,North_Direction,-14.7421581,145.5117952,-14.7421581,145.5117952,colony GPS,10,1.4,0.2,NA,Ahya_78b
Ahya_79b,ECT1,A. hyacinthus,Ahya,23,3,2021,North_Direction,-14.74214553,145.5116461,-14.74214553,145.5116461,colony GPS,10,2.1,0.9,NA,Ahya_79b
Ahya_80b,ECT1,A. hyacinthus,Ahya,23,3,2021,North_Direction,-14.74217537,145.5116169,-14.74217537,145.5116169,colony GPS,10,0.8,-0.4,NA,Ahya_80b
Ahya_81b,ECT1,A. hyacinthus,Ahya,23,3,2021,North_Direction,-14.74220982,145.5115903,-14.74220982,145.5115903,colony GPS,10,1.1,-0.1,NA,Ahya_81b
Ahya_82b,ECT1,A. hyacinthus,Ahya,23,3,2021,North_Direction,-14.74221694,145.511577,-14.74221694,145.511577,colony GPS,10,1,-0.2,NA,Ahya_82b
Ahya_83b,ECT1,A. hyacinthus,Ahya,23,3,2021,North_Direction,-14.7422524,145.51159,-14.7422524,145.51159,colony GPS,10,1.1,-0.1,NA,Ahya_83b
Ahya_84b,ECT1,A. hyacinthus,Ahya,23,3,2021,North_Direction,-14.74225299,145.5115953,-14.74225299,145.5115953,colony GPS,10,1,-0.2,NA,Ahya_84b
Ahya_85,ECT1,A. hyacinthus,Ahya,23,3,2021,North_Direction,-14.74225734,145.5116133,-14.74225734,145.5116133,colony GPS,10,1,-0.3,NA,Ahya_85
Ahya_86,ECT1,A. hyacinthus,Ahya,23,3,2021,North_Direction,-14.74229506,145.5115744,-14.74229506,145.5115744,colony GPS,10,1,-0.3,NA,Ahya_86
Ahya_87,ECT1,A. hyacinthus,Ahya,23,3,2021,North_Direction,-14.74229179,145.5115843,-14.74229179,145.5115843,colony GPS,10,1.2,-0.1,NA,Ahya_87
Ahya_88,ECT1,A. hyacinthus,Ahya,23,3,2021,North_Direction,-14.74232163,145.5115359,-14.74232163,145.5115359,colony GPS,10,1.2,-0.1,NA,Ahya_88
Ahya_89,ECT1,A. hyacinthus,Ahya,23,3,2021,North_Direction,-14.74227193,145.5114833,-14.74227193,145.5114833,colony GPS,10,1.1,-0.2,NA,Ahya_89
Ahya_90,ECT1,A. hyacinthus,Ahya,23,3,2021,North_Direction,-14.74227377,145.5114273,-14.74227377,145.5114273,colony GPS,10,1.3,0,NA,Ahya_90
Ahya_91,ECT1,A. hyacinthus,Ahya,23,3,2021,North_Direction,-14.74223589,145.5113843,-14.74223589,145.5113843,colony GPS,10,2.1,0.8,NA,Ahya_91
Ahya_92,ECT1,A. hyacinthus,Ahya,23,3,2021,North_Direction,-14.74222164,145.5113739,-14.74222164,145.5113739,colony GPS,10,2.3,1,NA,Ahya_92
Ahya_93,ECT1,A. hyacinthus,Ahya,23,3,2021,North_Direction,-14.74221108,145.5113548,-14.74221108,145.5113548,colony GPS,10,1.4,0.1,NA,Ahya_93
Ahya_94,ECT1,A. hyacinthus,Ahya,23,3,2021,North_Direction,-14.74222608,145.5113428,-14.74222608,145.5113428,colony GPS,10,1.3,-0.1,NA,Ahya_94
Ahya_95b,ECT1,A. hyacinthus,Ahya,23,3,2021,North_Direction,-14.74222289,145.5113193,-14.74222289,145.5113193,colony GPS,10,1,-0.4,NA,Ahya_95b
Ahya_96b,ECT1,A. hyacinthus,Ahya,23,3,2021,North_Direction,-14.74214729,145.5113578,-14.74214729,145.5113578,colony GPS,10,1.6,0.2,NA,Ahya_96b
Ahya_B41,ECT1,A. hyacinthus,Ahya,24,3,2021,North_Direction,-14.74339,145.51333,-14.74339,145.51333,colony GPS,10,1.5,0.2,NA,Ahya_B41
Ahya_B42,ECT1,A. hyacinthus,Ahya,24,3,2021,North_Direction,-14.7421,145.51219,-14.7421,145.51219,colony GPS,10,1.6,0.3,NA,Ahya_B42
Ahya_B43,ECT1,A. hyacinthus,Ahya,24,3,2021,North_Direction,-14.74251,145.51217,-14.74251,145.51217,colony GPS,10,1.6,0.3,NA,Ahya_B43
Ahya_B44,ECT1,A. hyacinthus,Ahya,24,3,2021,North_Direction,-14.74252,145.51215,-14.74252,145.51215,colony GPS,10,1.5,0.2,NA,Ahya_B44
Ahya_B45,ECT1,A. hyacinthus,Ahya,24,3,2021,North_Direction,-14.74255,145.51205,-14.74255,145.51205,colony GPS,10,1.5,0.2,NA,Ahya_B45
Ahya_B46,ECT1,A. hyacinthus,Ahya,24,3,2021,North_Direction,-14.74255,145.51204,-14.74255,145.51204,colony GPS,10,1.5,0.2,NA,Ahya_B46
Ahya_B47,ECT1,A. hyacinthus,Ahya,24,3,2021,North_Direction,-14.74254,145.51203,-14.74254,145.51203,colony GPS,10,1.4,0.1,NA,Ahya_B47
Ahya_B48,ECT1,A. hyacinthus,Ahya,24,3,2021,North_Direction,-14.74254,145.51205,-14.74254,145.51205,colony GPS,10,1.5,0.2,NA,Ahya_B48
Ahya_B49,ECT1,A. hyacinthus,Ahya,24,3,2021,North_Direction,-14.74244,145.51204,-14.74244,145.51204,colony GPS,10,1.9,0.6,NA,Ahya_B49
Ahya_B50,ECT1,A. hyacinthus,Ahya,24,3,2021,North_Direction,-14.74239,145.51208,-14.74239,145.51208,colony GPS,10,1.6,0.3,NA,Ahya_B50
Ahya_B51,ECT1,A. hyacinthus,Ahya,24,3,2021,North_Direction,-14.7424,145.51207,-14.7424,145.51207,colony GPS,10,1.5,0.2,NA,Ahya_B51
Ahya_B52,ECT1,A. hyacinthus,Ahya,24,3,2021,North_Direction,-14.7424,145.51202,-14.7424,145.51202,colony GPS,10,1.6,0.3,NA,Ahya_B52
Ahya_B53,ECT1,A. hyacinthus,Ahya,24,3,2021,North_Direction,-14.74238,145.51195,-14.74238,145.51195,colony GPS,10,1.6,0.3,NA,Ahya_B53
Ahya_B54,ECT1,A. hyacinthus,Ahya,24,3,2021,North_Direction,-14.74236,145.51193,-14.74236,145.51193,colony GPS,10,1.6,0.3,NA,Ahya_B54
Ahya_B55,ECT1,A. hyacinthus,Ahya,24,3,2021,North_Direction,-14.74232,145.51176,-14.74232,145.51176,colony GPS,10,1.5,0.2,NA,Ahya_B55
Ahya_B56,ECT1,A. hyacinthus,Ahya,24,3,2021,North_Direction,-14.74225,145.51168,-14.74225,145.51168,colony GPS,10,1.3,0,NA,Ahya_B56
Ahya_B57,ECT1,A. hyacinthus,Ahya,24,3,2021,North_Direction,-14.74224,145.51166,-14.74224,145.51166,colony GPS,10,1.4,0.2,NA,Ahya_B57
Ahya_B58,ECT1,A. hyacinthus,Ahya,24,3,2021,North_Direction,-14.74217,145.51167,-14.74217,145.51167,colony GPS,10,1.4,0.2,NA,Ahya_B58
Ahya_B59,ECT1,A. hyacinthus,Ahya,24,3,2021,North_Direction,-14.7422,145.51182,-14.7422,145.51182,colony GPS,10,1.8,0.6,NA,Ahya_B59
Ahya_B60,ECT1,A. hyacinthus,Ahya,24,3,2021,North_Direction,-14.74239,145.51207,-14.74239,145.51207,colony GPS,10,1.4,0.2,NA,Ahya_B60
Ahya_100b,ECT1,A. hyacinthus,Ahya,25,3,2021,No_Name,-14.65088219,145.6385087,-14.65088219,145.6385087,colony GPS,10,2.3,0.2,NA,Ahya_100b
Ahya_101b,ECT1,A. hyacinthus,Ahya,25,3,2021,No_Name,-14.65092226,145.6384919,-14.65092226,145.6384919,colony GPS,10,2.1,0,NA,Ahya_101b
Ahya_102b,ECT1,A. hyacinthus,Ahya,25,3,2021,No_Name,-14.65098512,145.6384826,-14.65098512,145.6384826,colony GPS,10,2.6,0.7,NA,Ahya_102b
Ahya_103b,ECT1,A. hyacinthus,Ahya,25,3,2021,No_Name,-14.65098856,145.6384714,-14.65098856,145.6384714,colony GPS,10,2,0,NA,Ahya_103b
Ahya_104b,ECT1,A. hyacinthus,Ahya,25,3,2021,No_Name,-14.65095445,145.6384332,-14.65095445,145.6384332,colony GPS,10,2,0,NA,Ahya_104b
Ahya_105b,ECT1,A. hyacinthus,Ahya,25,3,2021,No_Name,-14.65096434,145.6384742,-14.65096434,145.6384742,colony GPS,10,2.9,0.9,NA,Ahya_105b
Ahya_106b,ECT1,A. hyacinthus,Ahya,25,3,2021,No_Name,-14.65101538,145.6384382,-14.65101538,145.6384382,colony GPS,10,2.6,0.7,NA,Ahya_106b
Ahya_107b,ECT1,A. hyacinthus,Ahya,25,3,2021,No_Name,-14.65099091,145.6384361,-14.65099091,145.6384361,colony GPS,10,2,0.1,NA,Ahya_107b
Ahya_108b,ECT1,A. hyacinthus,Ahya,25,3,2021,No_Name,-14.6509723,145.6384345,-14.6509723,145.6384345,colony GPS,10,1.9,0,NA,Ahya_108b
Ahya_109b,ECT1,A. hyacinthus,Ahya,25,3,2021,No_Name,-14.65097532,145.6384242,-14.65097532,145.6384242,colony GPS,10,1.9,0,NA,Ahya_109b
Ahya_110b,ECT1,A. hyacinthus,Ahya,25,3,2021,No_Name,-14.65099636,145.6383884,-14.65099636,145.6383884,colony GPS,10,1.8,-0.1,NA,Ahya_110b
Ahya_111b,ECT1,A. hyacinthus,Ahya,25,3,2021,No_Name,-14.65101689,145.6383799,-14.65101689,145.6383799,colony GPS,10,2.3,0.5,NA,Ahya_111b
Ahya_112b,ECT1,A. hyacinthus,Ahya,25,3,2021,No_Name,-14.65102888,145.6383849,-14.65102888,145.6383849,colony GPS,10,3.8,1.9,NA,Ahya_112b
Ahya_113b,ECT1,A. hyacinthus,Ahya,25,3,2021,No_Name,-14.65105872,145.638374,-14.65105872,145.638374,colony GPS,10,3.4,1.6,NA,Ahya_113b
Ahya_114b,ECT1,A. hyacinthus,Ahya,25,3,2021,No_Name,-14.65103206,145.6383295,-14.65103206,145.6383295,colony GPS,10,1.8,0,NA,Ahya_114b
Ahya_115b,ECT1,A. hyacinthus,Ahya,25,3,2021,No_Name,-14.65103407,145.638288,-14.65103407,145.638288,colony GPS,10,1.7,-0.1,NA,Ahya_115b
Ahya_116b,ECT1,A. hyacinthus,Ahya,25,3,2021,No_Name,-14.65096258,145.63834,-14.65096258,145.63834,colony GPS,10,1.7,0,NA,Ahya_116b
Ahya_117b,ECT1,A. hyacinthus,Ahya,25,3,2021,No_Name,-14.65092159,145.6383108,-14.65092159,145.6383108,colony GPS,10,2,0.3,NA,Ahya_117b
Ahya_118b,ECT1,A. hyacinthus,Ahya,25,3,2021,No_Name,-14.65088965,145.638275,-14.65088965,145.638275,colony GPS,10,1.9,0.2,NA,Ahya_118b
Ahya_119b,ECT1,A. hyacinthus,Ahya,25,3,2021,No_Name,-14.65087457,145.6382488,-14.65087457,145.6382488,colony GPS,10,1.9,0.3,NA,Ahya_119b
Ahya_120b,ECT1,A. hyacinthus,Ahya,25,3,2021,No_Name,-14.65076476,145.6383714,-14.65076476,145.6383714,colony GPS,10,1.6,0,NA,Ahya_120b
Ahya_121b,ECT1,A. hyacinthus,Ahya,25,3,2021,No_Name,-14.65091765,145.6392311,-14.65091765,145.6392311,colony GPS,10,1.2,0.1,NA,Ahya_121b
Ahya_122b,ECT1,A. hyacinthus,Ahya,25,3,2021,No_Name,-14.65083861,145.6392903,-14.65083861,145.6392903,colony GPS,10,0.9,-0.2,NA,Ahya_122b
Ahya_123b,ECT1,A. hyacinthus,Ahya,25,3,2021,No_Name,-14.65086895,145.6383494,-14.65086895,145.6383494,colony GPS,10,1.2,-0.2,NA,Ahya_123b
Ahya_124b,ECT1,A. hyacinthus,Ahya,25,3,2021,No_Name,-14.65082461,145.638413,-14.65082461,145.638413,colony GPS,10,1.3,-0.1,NA,Ahya_124b
Ahya_125b,ECT1,A. hyacinthus,Ahya,25,3,2021,No_Name,-14.65088815,145.6384346,-14.65088815,145.6384346,colony GPS,10,1.4,0,NA,Ahya_125b
Ahya_126b,ECT1,A. hyacinthus,Ahya,25,3,2021,No_Name,-14.65090424,145.6384812,-14.65090424,145.6384812,colony GPS,10,1.4,0,NA,Ahya_126b
Ahya_127b,ECT1,A. hyacinthus,Ahya,25,3,2021,No_Name,-14.65086241,145.6383748,-14.65086241,145.6383748,colony GPS,10,2.3,0.8,NA,Ahya_127b
Ahya_128b,ECT1,A. hyacinthus,Ahya,25,3,2021,No_Name,-14.65098873,145.6384038,-14.65098873,145.6384038,colony GPS,10,1.3,-0.2,NA,Ahya_128b
Ahya_129b,ECT1,A. hyacinthus,Ahya,25,3,2021,No_Name,-14.65098387,145.6383354,-14.65098387,145.6383354,colony GPS,10,1.2,-0.3,NA,Ahya_129b
Ahya_130b,ECT1,A. hyacinthus,Ahya,25,3,2021,No_Name,-14.65086769,145.6383056,-14.65086769,145.6383056,colony GPS,10,1.4,-0.1,NA,Ahya_130b
Ahya_97b,ECT1,A. hyacinthus,Ahya,25,3,2021,No_Name,-14.65082838,145.6385369,-14.65082838,145.6385369,colony GPS,10,3.6,1.4,NA,Ahya_97b
Ahya_98b,ECT1,A. hyacinthus,Ahya,25,3,2021,No_Name,-14.65083743,145.6385368,-14.65083743,145.6385368,colony GPS,10,3.6,1.5,NA,Ahya_98b
Ahya_99b,ECT1,A. hyacinthus,Ahya,25,3,2021,No_Name,-14.65088421,145.6385167,-14.65088421,145.6385167,colony GPS,10,2.4,0.3,NA,Ahya_99b
Ahya_131b,ECT1,A. hyacinthus,Ahya,27,3,2021,Martin,-14.78004187,145.3588496,-14.78004187,145.3588496,colony GPS,10,2.8,0.1,NA,Ahya_131b
Ahya_132b,ECT1,A. hyacinthus,Ahya,27,3,2021,Martin,-14.78005218,145.3587015,-14.78005218,145.3587015,colony GPS,10,3.4,0.8,NA,Ahya_132b
Ahya_133b,ECT1,A. hyacinthus,Ahya,27,3,2021,Martin,-14.77995889,145.3587718,-14.77995889,145.3587718,colony GPS,10,3.4,0.8,NA,Ahya_133b
Ahya_134b,ECT1,A. hyacinthus,Ahya,27,3,2021,Martin,-14.78001639,145.3588786,-14.78001639,145.3588786,colony GPS,10,3.4,0.8,NA,Ahya_134b
Ahya_135,ECT1,A. hyacinthus,Ahya,27,3,2021,Martin,-14.77995504,145.3589369,-14.77995504,145.3589369,colony GPS,10,2.6,0,NA,Ahya_135
Ahya_136,ECT1,A. hyacinthus,Ahya,27,3,2021,Martin,-14.7799231,145.3588682,-14.7799231,145.3588682,colony GPS,10,2.6,0,NA,Ahya_136
Ahya_137,ECT1,A. hyacinthus,Ahya,27,3,2021,Martin,-14.77987801,145.3588843,-14.77987801,145.3588843,colony GPS,10,2.7,0.1,NA,Ahya_137
Ahya_138,ECT1,A. hyacinthus,Ahya,27,3,2021,Martin,-14.7799366,145.3590635,-14.7799366,145.3590635,colony GPS,10,3.6,1.1,NA,Ahya_138
Ahya_139,ECT1,A. hyacinthus,Ahya,27,3,2021,Martin,-14.78002327,145.3590894,-14.78002327,145.3590894,colony GPS,10,3.7,1.2,NA,Ahya_139
Ahya_140,ECT1,A. hyacinthus,Ahya,27,3,2021,Martin,-14.78012754,145.3593483,-14.78012754,145.3593483,colony GPS,10,4.4,1.9,NA,Ahya_140
Ahya_141b,ECT1,A. hyacinthus,Ahya,27,3,2021,Martin,-14.78000206,145.3593995,-14.78000206,145.3593995,colony GPS,10,4.3,1.8,NA,Ahya_141b
Ahya_142b,ECT1,A. hyacinthus,Ahya,27,3,2021,Martin,-14.77992855,145.3593156,-14.77992855,145.3593156,colony GPS,10,3.5,1.1,NA,Ahya_142b
Ahya_143b,ECT1,A. hyacinthus,Ahya,27,3,2021,Martin,-14.77992696,145.3592377,-14.77992696,145.3592377,colony GPS,10,3,0.6,NA,Ahya_143b
Ahya_144b,ECT1,A. hyacinthus,Ahya,27,3,2021,Martin,-14.77987382,145.3592046,-14.77987382,145.3592046,colony GPS,10,2.4,0,NA,Ahya_144b
Ahya_145b,ECT1,A. hyacinthus,Ahya,27,3,2021,Martin,-14.77980886,145.3591423,-14.77980886,145.3591423,colony GPS,10,2.4,0,NA,Ahya_145b
Ahya_146,ECT1,A. hyacinthus,Ahya,27,3,2021,Martin,-14.77981514,145.3591928,-14.77981514,145.3591928,colony GPS,10,2.5,0.2,NA,Ahya_146
Ahya_147,ECT1,A. hyacinthus,Ahya,27,3,2021,Martin,-14.77981707,145.3592987,-14.77981707,145.3592987,colony GPS,10,3,0.7,NA,Ahya_147
Ahya_148,ECT1,A. hyacinthus,Ahya,27,3,2021,Martin,-14.77986418,145.3593209,-14.77986418,145.3593209,colony GPS,10,3.3,1,NA,Ahya_148
Ahya_149,ECT1,A. hyacinthus,Ahya,27,3,2021,Martin,-14.77978648,145.3594006,-14.77978648,145.3594006,colony GPS,10,2.5,0.2,NA,Ahya_149
Ahya_150b,ECT1,A. hyacinthus,Ahya,27,3,2021,Martin,-14.77975328,145.3594316,-14.77975328,145.3594316,colony GPS,10,2.4,0.2,NA,Ahya_150b
Ahya_151b,ECT1,A. hyacinthus,Ahya,27,3,2021,Martin,-14.77974775,145.3595074,-14.77974775,145.3595074,colony GPS,10,3.2,1,NA,Ahya_151b
Ahya_152b,ECT1,A. hyacinthus,Ahya,27,3,2021,Martin,-14.77974088,145.359632,-14.77974088,145.359632,colony GPS,10,3.1,0.9,NA,Ahya_152b
Ahya_153b,ECT1,A. hyacinthus,Ahya,27,3,2021,Martin,-14.77953334,145.3605418,-14.77953334,145.3605418,colony GPS,10,3,2.4,NA,Ahya_153b
Ahya_154b,ECT1,A. hyacinthus,Ahya,27,3,2021,Martin,-14.77910587,145.3608177,-14.77910587,145.3608177,colony GPS,10,1.3,0.7,NA,Ahya_154b
Ahya_155b,ECT1,A. hyacinthus,Ahya,27,3,2021,Martin,-14.77906303,145.3607222,-14.77906303,145.3607222,colony GPS,10,1,0.4,NA,Ahya_155b
Ahya_156b,ECT1,A. hyacinthus,Ahya,27,3,2021,Martin,-14.77942522,145.3602739,-14.77942522,145.3602739,colony GPS,10,1.2,0.6,NA,Ahya_156b
Ahya_157b,ECT1,A. hyacinthus,Ahya,27,3,2021,Martin,-14.77937635,145.3601987,-14.77937635,145.3601987,colony GPS,10,0.8,0.2,NA,Ahya_157b
Ahya_158b,ECT1,A. hyacinthus,Ahya,27,3,2021,Martin,-14.77942924,145.3601277,-14.77942924,145.3601277,colony GPS,10,1,0.4,NA,Ahya_158b
Ahya_159b,ECT1,A. hyacinthus,Ahya,27,3,2021,Martin,-14.7795978,145.3599456,-14.7795978,145.3599456,colony GPS,10,0.6,0,NA,Ahya_159b
Ahya_160b,ECT1,A. hyacinthus,Ahya,27,3,2021,Martin,-14.77965991,145.359936,-14.77965991,145.359936,colony GPS,10,1.4,0.7,NA,Ahya_160b
Ahya_161b,ECT1,A. hyacinthus,Ahya,29,3,2021,St_Crispin,-16.0734935,145.8430163,-16.0734935,145.8430163,colony GPS,10,1.3,-0.3,NA,Ahya_161b
Ahya_162,ECT1,A. hyacinthus,Ahya,29,3,2021,St_Crispin,-16.07349828,145.8430294,-16.07349828,145.8430294,colony GPS,10,1.3,-0.3,NA,Ahya_162
Ahya_163,ECT1,A. hyacinthus,Ahya,29,3,2021,St_Crispin,-16.07351429,145.8430737,-16.07351429,145.8430737,colony GPS,10,0.7,-0.9,NA,Ahya_163
Ahya_164,ECT1,A. hyacinthus,Ahya,29,3,2021,St_Crispin,-16.07340641,145.8430096,-16.07340641,145.8430096,colony GPS,10,1.9,0.4,NA,Ahya_164
Ahya_165,ECT1,A. hyacinthus,Ahya,29,3,2021,St_Crispin,-16.07330273,145.8429848,-16.07330273,145.8429848,colony GPS,10,1,-0.5,NA,Ahya_165
Ahya_166,ECT1,A. hyacinthus,Ahya,29,3,2021,St_Crispin,-16.07324783,145.8429452,-16.07324783,145.8429452,colony GPS,10,1,-0.5,NA,Ahya_166
Ahya_167,ECT1,A. hyacinthus,Ahya,29,3,2021,St_Crispin,-16.07324188,145.8429434,-16.07324188,145.8429434,colony GPS,10,1,-0.5,NA,Ahya_167
Ahya_168,ECT1,A. hyacinthus,Ahya,29,3,2021,St_Crispin,-16.07321673,145.8429342,-16.07321673,145.8429342,colony GPS,10,1.2,-0.2,NA,Ahya_168
Ahya_169,ECT1,A. hyacinthus,Ahya,29,3,2021,St_Crispin,-16.07319318,145.8429512,-16.07319318,145.8429512,colony GPS,10,1.2,-0.2,NA,Ahya_169
Ahya_170,ECT1,A. hyacinthus,Ahya,29,3,2021,St_Crispin,-16.07317641,145.8430138,-16.07317641,145.8430138,colony GPS,10,1.2,-0.2,NA,Ahya_170
Ahya_171,ECT1,A. hyacinthus,Ahya,29,3,2021,St_Crispin,-16.07315353,145.8430248,-16.07315353,145.8430248,colony GPS,10,1,-0.3,NA,Ahya_171
Ahya_172,ECT1,A. hyacinthus,Ahya,29,3,2021,St_Crispin,-16.07310374,145.843032,-16.07310374,145.843032,colony GPS,10,1,-0.3,NA,Ahya_172
Ahya_173,ECT1,A. hyacinthus,Ahya,29,3,2021,St_Crispin,-16.07307122,145.8430844,-16.07307122,145.8430844,colony GPS,10,0.7,-0.6,NA,Ahya_173
Ahya_174,ECT1,A. hyacinthus,Ahya,29,3,2021,St_Crispin,-16.07305228,145.8431096,-16.07305228,145.8431096,colony GPS,10,2.4,1.2,NA,Ahya_174
Ahya_175,ECT1,A. hyacinthus,Ahya,29,3,2021,St_Crispin,-16.07355176,145.8429891,-16.07355176,145.8429891,colony GPS,10,2.2,1,NA,Ahya_175
Ahya_176,ECT1,A. hyacinthus,Ahya,29,3,2021,St_Crispin,-16.0736111,145.8430347,-16.0736111,145.8430347,colony GPS,10,1.3,0.2,NA,Ahya_176
Ahya_177,ECT1,A. hyacinthus,Ahya,29,3,2021,St_Crispin,-16.07365284,145.8430915,-16.07365284,145.8430915,colony GPS,10,1,-0.1,NA,Ahya_177
Ahya_178,ECT1,A. hyacinthus,Ahya,29,3,2021,St_Crispin,-16.07367841,145.8431075,-16.07367841,145.8431075,colony GPS,10,1.6,0.5,NA,Ahya_178
Ahya_179,ECT1,A. hyacinthus,Ahya,29,3,2021,St_Crispin,-16.07379416,145.8432,-16.07379416,145.8432,colony GPS,10,1.8,0.7,NA,Ahya_179
Ahya_180,ECT1,A. hyacinthus,Ahya,29,3,2021,St_Crispin,-16.07378569,145.8432073,-16.07378569,145.8432073,colony GPS,10,1.1,0.1,NA,Ahya_180
Ahya_181,ECT1,A. hyacinthus,Ahya,29,3,2021,St_Crispin,-16.07384898,145.8432433,-16.07384898,145.8432433,colony GPS,10,1.6,0.6,NA,Ahya_181
Ahya_182,ECT1,A. hyacinthus,Ahya,29,3,2021,St_Crispin,-16.07383749,145.8432769,-16.07383749,145.8432769,colony GPS,10,0.6,-0.4,NA,Ahya_182
Ahya_183,ECT1,A. hyacinthus,Ahya,29,3,2021,St_Crispin,-16.07381579,145.8432878,-16.07381579,145.8432878,colony GPS,10,1,0,NA,Ahya_183
Ahya_184,ECT1,A. hyacinthus,Ahya,29,3,2021,St_Crispin,-16.07381587,145.8434483,-16.07381587,145.8434483,colony GPS,10,0.6,-0.3,NA,Ahya_184
Ahya_185,ECT1,A. hyacinthus,Ahya,29,3,2021,St_Crispin,-16.07385091,145.843494,-16.07385091,145.843494,colony GPS,10,1,0.1,NA,Ahya_185
Ahya_186,ECT1,A. hyacinthus,Ahya,29,3,2021,St_Crispin,-16.07385367,145.8435996,-16.07385367,145.8435996,colony GPS,10,0.5,-0.3,NA,Ahya_186
Ahya_187,ECT1,A. hyacinthus,Ahya,29,3,2021,St_Crispin,-16.07382576,145.8436393,-16.07382576,145.8436393,colony GPS,10,0.5,-0.3,NA,Ahya_187
Ahya_188,ECT1,A. hyacinthus,Ahya,11,4,2021,Kelso,-18.42340616,146.9843048,-18.42340616,146.9843048,colony GPS,10,2.1,1.1,NA,Ahya_188
Ahya_189,ECT1,A. hyacinthus,Ahya,11,4,2021,Kelso,-18.42365216,146.9843686,-18.42365216,146.9843686,colony GPS,10,2.8,1.8,NA,Ahya_189
Ahya_190,ECT1,A. hyacinthus,Ahya,11,4,2021,Kelso,-18.42389708,146.9842961,-18.42389708,146.9842961,colony GPS,10,2.1,1.1,NA,Ahya_190
Ahya_191,ECT1,A. hyacinthus,Ahya,11,4,2021,Kelso,-18.42405181,146.9842974,-18.42405181,146.9842974,colony GPS,10,2.1,1.1,NA,Ahya_191
Ahya_192,ECT1,A. hyacinthus,Ahya,11,4,2021,Kelso,-18.424069,146.9843132,-18.424069,146.9843132,colony GPS,10,2.3,1.3,NA,Ahya_192
Ahya_193,ECT1,A. hyacinthus,Ahya,11,4,2021,Kelso,-18.42410395,146.9843036,-18.42410395,146.9843036,colony GPS,10,2.1,1.1,NA,Ahya_193
Ahya_194,ECT1,A. hyacinthus,Ahya,11,4,2021,Kelso,-18.4233821,146.9853064,-18.4233821,146.9853064,colony GPS,10,2.2,1.3,NA,Ahya_194
Ahya_195,ECT1,A. hyacinthus,Ahya,11,4,2021,Kelso,-18.42330264,146.985242,-18.42330264,146.985242,colony GPS,10,2.2,1.3,NA,Ahya_195
Ahya_196,ECT1,A. hyacinthus,Ahya,11,4,2021,Kelso,-18.42325914,146.985202,-18.42325914,146.985202,colony GPS,10,2.2,1.3,NA,Ahya_196
Ahya_197,ECT1,A. hyacinthus,Ahya,11,4,2021,Kelso,-18.4232334,146.9852099,-18.4232334,146.9852099,colony GPS,10,3.2,2.3,NA,Ahya_197
Ahya_198,ECT1,A. hyacinthus,Ahya,11,4,2021,Kelso,-18.42311606,146.985167,-18.42311606,146.985167,colony GPS,10,3,2.1,NA,Ahya_198
Ahya_199,ECT1,A. hyacinthus,Ahya,11,4,2021,Kelso,-18.42364454,146.9855722,-18.42364454,146.9855722,colony GPS,10,3,2.2,NA,Ahya_199
Ahya_200,ECT1,A. hyacinthus,Ahya,11,4,2021,Kelso,-18.42369047,146.985667,-18.42369047,146.985667,colony GPS,10,3,2.2,NA,Ahya_200
Ahya_201,ECT1,A. hyacinthus,Ahya,11,4,2021,Kelso,-18.4235318,146.9858669,-18.4235318,146.9858669,colony GPS,10,3.1,2.3,NA,Ahya_201
Ahya_202,ECT1,A. hyacinthus,Ahya,11,4,2021,Kelso,-18.42345661,146.986001,-18.42345661,146.986001,colony GPS,10,3.2,2.4,NA,Ahya_202
Ahya_203,ECT1,A. hyacinthus,Ahya,11,4,2021,Kelso,-18.4235598,146.9861253,-18.4235598,146.9861253,colony GPS,10,3.4,2.6,NA,Ahya_203
Ahya_204,ECT1,A. hyacinthus,Ahya,11,4,2021,Kelso,-18.42359274,146.98615,-18.42359274,146.98615,colony GPS,10,3.4,2.6,NA,Ahya_204
Ahya_205,ECT1,A. hyacinthus,Ahya,11,4,2021,Kelso,-18.42411409,146.9855136,-18.42411409,146.9855136,colony GPS,10,2.5,2.1,NA,Ahya_205
Ahya_206,ECT1,A. hyacinthus,Ahya,11,4,2021,Kelso,-18.42422113,146.9854621,-18.42422113,146.9854621,colony GPS,10,2.2,1.8,NA,Ahya_206
Ahya_207,ECT1,A. hyacinthus,Ahya,11,4,2021,Kelso,-18.42418693,146.9854149,-18.42418693,146.9854149,colony GPS,10,2.4,2,NA,Ahya_207
Ahya_208,ECT1,A. hyacinthus,Ahya,11,4,2021,Kelso,-18.42415717,146.9853551,-18.42415717,146.9853551,colony GPS,10,2.8,2.4,NA,Ahya_208
Ahya_209,ECT1,A. hyacinthus,Ahya,11,4,2021,Kelso,-18.4242472,146.9853203,-18.4242472,146.9853203,colony GPS,10,3.1,2.7,NA,Ahya_209
Ahya_210,ECT1,A. hyacinthus,Ahya,11,4,2021,Kelso,-18.42425373,146.9855098,-18.42425373,146.9855098,colony GPS,10,2.4,2,NA,Ahya_210
Ahya_211,ECT1,A. hyacinthus,Ahya,11,4,2021,Kelso,-18.42390236,146.9857243,-18.42390236,146.9857243,colony GPS,10,2.4,2,NA,Ahya_211
Ahya_212,ECT1,A. hyacinthus,Ahya,11,4,2021,Kelso,-18.42394377,146.9857738,-18.42394377,146.9857738,colony GPS,10,2.6,2.2,NA,Ahya_212
Ahya_213,ECT1,A. hyacinthus,Ahya,11,4,2021,Kelso,-18.42380757,146.9857477,-18.42380757,146.9857477,colony GPS,10,3.2,2.8,NA,Ahya_213
Ahya_214,ECT1,A. hyacinthus,Ahya,11,4,2021,Kelso,-18.42344446,146.9860042,-18.42344446,146.9860042,colony GPS,10,1.5,1.1,NA,Ahya_214
Ahya_215,ECT1,A. hyacinthus,Ahya,11,4,2021,Kelso,-18.42344865,146.9860694,-18.42344865,146.9860694,colony GPS,10,2,1.6,NA,Ahya_215
Ahya_216,ECT1,A. hyacinthus,Ahya,11,4,2021,Kelso,-18.4237597,146.9865089,-18.4237597,146.9865089,colony GPS,10,1.8,1.4,NA,Ahya_216
Ahya_217,ECT1,A. hyacinthus,Ahya,11,4,2021,Kelso,-18.42376666,146.9865154,-18.42376666,146.9865154,colony GPS,10,1.8,1.4,NA,Ahya_217
Ahya_218,ECT1,A. hyacinthus,Ahya,11,4,2021,Kelso,-18.42394461,146.9865131,-18.42394461,146.9865131,colony GPS,10,1.8,1.4,NA,Ahya_218
Ahya_219,ECT1,A. hyacinthus,Ahya,11,4,2021,Kelso,-18.42409347,146.9865317,-18.42409347,146.9865317,colony GPS,10,1.6,1.2,NA,Ahya_219
Ahya_220,ECT1,A. hyacinthus,Ahya,11,4,2021,Kelso,-18.4241125,146.9865726,-18.4241125,146.9865726,colony GPS,10,1.7,1.3,NA,Ahya_220
Ahya_221,ECT1,A. hyacinthus,Ahya,12,4,2021,Pelorus,-18.5577974,146.5031428,-18.5577974,146.5031428,colony GPS,10,3.8,0.8,NA,Ahya_221
Ahya_222,ECT1,A. hyacinthus,Ahya,12,4,2021,Pelorus,-18.5577798,146.5031201,-18.5577798,146.5031201,colony GPS,10,3.4,0.4,NA,Ahya_222
Ahya_223,ECT1,A. hyacinthus,Ahya,12,4,2021,Pelorus,-18.55757117,146.5032075,-18.55757117,146.5032075,colony GPS,10,2,-1,NA,Ahya_223
Ahya_224,ECT1,A. hyacinthus,Ahya,12,4,2021,Pelorus,-18.55753513,146.5031803,-18.55753513,146.5031803,colony GPS,10,1.2,-1.8,NA,Ahya_224
Ahya_225,ECT1,A. hyacinthus,Ahya,12,4,2021,Pelorus,-18.55761258,146.5031081,-18.55761258,146.5031081,colony GPS,10,1.9,-1,NA,Ahya_225
Ahya_226,ECT1,A. hyacinthus,Ahya,12,4,2021,Pelorus,-18.55767318,146.5030875,-18.55767318,146.5030875,colony GPS,10,3.1,0.2,NA,Ahya_226
Ahya_227,ECT1,A. hyacinthus,Ahya,12,4,2021,Pelorus,-18.55773889,146.5030962,-18.55773889,146.5030962,colony GPS,10,3.8,0.9,NA,Ahya_227
Ahya_228,ECT1,A. hyacinthus,Ahya,12,4,2021,Pelorus,-18.55778474,146.5030888,-18.55778474,146.5030888,colony GPS,10,3.1,0.2,NA,Ahya_228
Ahya_229,ECT1,A. hyacinthus,Ahya,12,4,2021,Pelorus,-18.55784182,146.5029394,-18.55784182,146.5029394,colony GPS,10,2.4,-0.5,NA,Ahya_229
Ahya_230,ECT1,A. hyacinthus,Ahya,12,4,2021,Pelorus,-18.55832102,146.5026978,-18.55832102,146.5026978,colony GPS,10,4.9,2,NA,Ahya_230
Ahya_231,ECT1,A. hyacinthus,Ahya,12,4,2021,Pelorus,-18.55843593,146.5026139,-18.55843593,146.5026139,colony GPS,10,4.1,1.2,NA,Ahya_231
Ahya_232,ECT1,A. hyacinthus,Ahya,12,4,2021,Pelorus,-18.558462,146.5025805,-18.558462,146.5025805,colony GPS,10,4.1,1.2,NA,Ahya_232
Ahya_233,ECT1,A. hyacinthus,Ahya,12,4,2021,Pelorus,-18.55845982,146.50255,-18.55845982,146.50255,colony GPS,10,4.5,1.7,NA,Ahya_233
Ahya_234,ECT1,A. hyacinthus,Ahya,12,4,2021,Pelorus,-18.55848681,146.5025548,-18.55848681,146.5025548,colony GPS,10,3.4,0.6,NA,Ahya_234
Ahya_235,ECT1,A. hyacinthus,Ahya,12,4,2021,Pelorus,-18.55849863,146.5025097,-18.55849863,146.5025097,colony GPS,10,3.6,0.8,NA,Ahya_235
Ahya_236,ECT1,A. hyacinthus,Ahya,12,4,2021,Pelorus,-18.55855018,146.5024511,-18.55855018,146.5024511,colony GPS,10,3.8,1,NA,Ahya_236
Ahya_237,ECT1,A. hyacinthus,Ahya,12,4,2021,Pelorus,-18.55858387,146.5024405,-18.55858387,146.5024405,colony GPS,10,3.5,0.7,NA,Ahya_237
Ahya_238,ECT1,A. hyacinthus,Ahya,12,4,2021,Pelorus,-18.55869208,146.5023038,-18.55869208,146.5023038,colony GPS,10,3.1,0.3,NA,Ahya_238
Ahya_239,ECT1,A. hyacinthus,Ahya,12,4,2021,Pelorus,-18.55867985,146.502264,-18.55867985,146.502264,colony GPS,10,3,0.2,NA,Ahya_239
Ahya_240,ECT1,A. hyacinthus,Ahya,12,4,2021,Pelorus,-18.55998063,146.5013112,-18.55998063,146.5013112,colony GPS,10,2.3,0.3,NA,Ahya_240
Ahya_241,ECT1,A. hyacinthus,Ahya,12,4,2021,Pelorus,-18.55987846,146.5013549,-18.55987846,146.5013549,colony GPS,10,2.5,0.6,NA,Ahya_241
Ahya_242,ECT1,A. hyacinthus,Ahya,12,4,2021,Pelorus,-18.55982875,146.5014096,-18.55982875,146.5014096,colony GPS,10,1.7,-0.2,NA,Ahya_242
Ahya_243,ECT1,A. hyacinthus,Ahya,12,4,2021,Pelorus,-18.55978441,146.5015324,-18.55978441,146.5015324,colony GPS,10,2.8,0.9,NA,Ahya_243
Ahya_244,ECT1,A. hyacinthus,Ahya,12,4,2021,Pelorus,-18.55968257,146.5015261,-18.55968257,146.5015261,colony GPS,10,1.7,-0.2,NA,Ahya_244
Ahya_245,ECT1,A. hyacinthus,Ahya,12,4,2021,Pelorus,-18.55946657,146.5017308,-18.55946657,146.5017308,colony GPS,10,2.8,0.9,NA,Ahya_245
Ahya_246,ECT1,A. hyacinthus,Ahya,12,4,2021,Pelorus,-18.559454,146.5017586,-18.559454,146.5017586,colony GPS,10,2.7,0.9,NA,Ahya_246
Ahya_247,ECT1,A. hyacinthus,Ahya,12,4,2021,Pelorus,-18.55941603,146.5017588,-18.55941603,146.5017588,colony GPS,10,2.6,0.8,NA,Ahya_247
Ahya_248,ECT1,A. hyacinthus,Ahya,12,4,2021,Pelorus,-18.55940606,146.5017665,-18.55940606,146.5017665,colony GPS,10,2.2,0.4,NA,Ahya_248
Ahya_249,ECT1,A. hyacinthus,Ahya,12,4,2021,Pelorus,-18.55940052,146.5017839,-18.55940052,146.5017839,colony GPS,10,2.6,0.8,NA,Ahya_249
Ahya_250,ECT1,A. hyacinthus,Ahya,12,4,2021,Pelorus,-18.5593996,146.5017904,-18.5593996,146.5017904,colony GPS,10,2.7,0.9,NA,Ahya_250
Ahya_251,ECT1,A. hyacinthus,Ahya,15,4,2021,St_Crispin,-16.0729332,145.8435142,-16.0729332,145.8435142,colony GPS,10,1.8,0.6,NA,Ahya_251
Ahya_252,ECT1,A. hyacinthus,Ahya,15,4,2021,St_Crispin,-16.0729572,145.8439105,-16.0729572,145.8439105,colony GPS,10,0.7,-0.5,NA,Ahya_252
Ahya_253,ECT1,A. hyacinthus,Ahya,15,4,2021,St_Crispin,-16.0729762,145.8439944,-16.0729762,145.8439944,colony GPS,10,0.9,-0.3,NA,Ahya_253
Ahya_254,ECT1,A. hyacinthus,Ahya,15,4,2021,St_Crispin,-16.0729821,145.8441059,-16.0729821,145.8441059,colony GPS,10,0.9,-0.3,NA,Ahya_254
Ahya_255,ECT1,A. hyacinthus,Ahya,15,4,2021,St_Crispin,-16.07579945,145.8423555,-16.07579945,145.8423555,colony GPS,10,0.8,-0.4,NA,Ahya_255
Ahya_256,ECT1,A. hyacinthus,Ahya,15,4,2021,St_Crispin,-16.07348596,145.8428662,-16.07348596,145.8428662,colony GPS,10,0.8,-0.3,NA,Ahya_256
Ahya_257,ECT1,A. hyacinthus,Ahya,15,4,2021,St_Crispin,-16.07304591,145.8430149,-16.07304591,145.8430149,colony GPS,10,0.9,-0.2,NA,Ahya_257
Ahya_258,ECT1,A. hyacinthus,Ahya,15,4,2021,St_Crispin,-16.07300442,145.8431185,-16.07300442,145.8431185,colony GPS,10,0.8,-0.3,NA,Ahya_258
Ahya_259,ECT1,A. hyacinthus,Ahya,15,4,2021,St_Crispin,-16.07288514,145.8432222,-16.07288514,145.8432222,colony GPS,10,0.9,-0.2,NA,Ahya_259
Ahya_260,ECT1,A. hyacinthus,Ahya,15,4,2021,St_Crispin,-16.07293317,145.8435142,-16.07293317,145.8435142,colony GPS,10,1.2,0.1,NA,Ahya_260
Ahya_261,ECT1,A. hyacinthus,Ahya,15,4,2021,St_Crispin,-16.07370087,145.8431521,-16.07370087,145.8431521,colony GPS,10,0.9,-0.1,NA,Ahya_261
Ahya_262,ECT1,A. hyacinthus,Ahya,15,4,2021,St_Crispin,-16.07383104,145.8430894,-16.07383104,145.8430894,colony GPS,10,1,0,NA,Ahya_262
Ahya_263,ECT1,A. hyacinthus,Ahya,15,4,2021,St_Crispin,-16.0740829,145.844343,-16.0740829,145.844343,colony GPS,10,0.8,-0.2,NA,Ahya_263
Ahya_264,ECT1,A. hyacinthus,Ahya,15,4,2021,St_Crispin,-16.073932,145.8440081,-16.073932,145.8440081,colony GPS,10,0.7,-0.3,NA,Ahya_264
Ahya_265,ECT1,A. hyacinthus,Ahya,15,4,2021,St_Crispin,-16.073917,145.8440104,-16.073917,145.8440104,colony GPS,10,0.8,-0.2,NA,Ahya_265
Ahya_266,ECT1,A. hyacinthus,Ahya,15,4,2021,St_Crispin,-16.0737839,145.8439742,-16.0737839,145.8439742,colony GPS,10,0.9,-0.1,NA,Ahya_266
Ahya_267,ECT1,A. hyacinthus,Ahya,15,4,2021,St_Crispin,-16.0748859,145.8430532,-16.0748859,145.8430532,colony GPS,10,0.9,-0.2,NA,Ahya_267
Ahya_268,ECT1,A. hyacinthus,Ahya,16,4,2021,Mackay,-16.03843468,145.6515371,-16.03843468,145.6515371,colony GPS,10,2,0.1,NA,Ahya_268
Ahya_269,ECT1,A. hyacinthus,Ahya,16,4,2021,Mackay,-16.03837106,145.6515141,-16.03837106,145.6515141,colony GPS,10,2,0.1,NA,Ahya_269
Ahya_270,ECT1,A. hyacinthus,Ahya,16,4,2021,Mackay,-16.03828113,145.6516184,-16.03828113,145.6516184,colony GPS,10,1.5,-0.4,NA,Ahya_270
Ahya_271,ECT1,A. hyacinthus,Ahya,16,4,2021,Mackay,-16.03818188,145.6517298,-16.03818188,145.6517298,colony GPS,10,1.4,-0.5,NA,Ahya_271
Ahya_272,ECT1,A. hyacinthus,Ahya,16,4,2021,Mackay,-16.03816705,145.6517438,-16.03816705,145.6517438,colony GPS,10,2,0.1,NA,Ahya_272
Ahya_273,ECT1,A. hyacinthus,Ahya,16,4,2021,Mackay,-16.03816428,145.6517593,-16.03816428,145.6517593,colony GPS,10,1.4,-0.5,NA,Ahya_273
Ahya_274,ECT1,A. hyacinthus,Ahya,16,4,2021,Mackay,-16.03817233,145.6517735,-16.03817233,145.6517735,colony GPS,10,1.5,-0.4,NA,Ahya_274
Ahya_275,ECT1,A. hyacinthus,Ahya,16,4,2021,Mackay,-16.03821063,145.6518355,-16.03821063,145.6518355,colony GPS,10,1.6,-0.3,NA,Ahya_275
Ahya_276,ECT1,A. hyacinthus,Ahya,16,4,2021,Mackay,-16.03816143,145.6518095,-16.03816143,145.6518095,colony GPS,10,1.6,-0.3,NA,Ahya_276
Ahya_277,ECT1,A. hyacinthus,Ahya,16,4,2021,Mackay,-16.03818507,145.6518647,-16.03818507,145.6518647,colony GPS,10,1.5,-0.4,NA,Ahya_277
Ahya_278,ECT1,A. hyacinthus,Ahya,16,4,2021,Mackay,-16.03825422,145.6518467,-16.03825422,145.6518467,colony GPS,10,2.4,0.5,NA,Ahya_278
Ahya_279,ECT1,A. hyacinthus,Ahya,16,4,2021,Mackay,-16.03817233,145.6518975,-16.03817233,145.6518975,colony GPS,10,1.9,0.1,NA,Ahya_279
Ahya_280,ECT1,A. hyacinthus,Ahya,16,4,2021,Mackay,-16.03823947,145.6519349,-16.03823947,145.6519349,colony GPS,10,1.7,-0.1,NA,Ahya_280
Ahya_281,ECT1,A. hyacinthus,Ahya,16,4,2021,Mackay,-16.03826235,145.6519396,-16.03826235,145.6519396,colony GPS,10,1.5,-0.3,NA,Ahya_281
Ahya_282,ECT1,A. hyacinthus,Ahya,16,4,2021,Mackay,-16.03819295,145.6519614,-16.03819295,145.6519614,colony GPS,10,1.1,-0.7,NA,Ahya_282
Ahya_283,ECT1,A. hyacinthus,Ahya,16,4,2021,Mackay,-16.03826746,145.6520017,-16.03826746,145.6520017,colony GPS,10,1.7,-0.1,NA,Ahya_283
Ahya_284,ECT1,A. hyacinthus,Ahya,16,4,2021,Mackay,-16.0383491,145.6520631,-16.0383491,145.6520631,colony GPS,10,1.5,-0.3,NA,Ahya_284
Ahya_285,ECT1,A. hyacinthus,Ahya,16,4,2021,Mackay,-16.03824089,145.6520632,-16.03824089,145.6520632,colony GPS,10,1.3,-0.5,NA,Ahya_285
Ahya_286,ECT1,A. hyacinthus,Ahya,16,4,2021,Mackay,-16.03820728,145.6521056,-16.03820728,145.6521056,colony GPS,10,1.8,0,NA,Ahya_286
Ahya_287,ECT1,A. hyacinthus,Ahya,16,4,2021,Mackay,-16.03820284,145.6521111,-16.03820284,145.6521111,colony GPS,10,2.4,0.6,NA,Ahya_287
Ahya_288,ECT1,A. hyacinthus,Ahya,16,4,2021,Mackay,-16.03817753,145.6521141,-16.03817753,145.6521141,colony GPS,10,2.2,0.4,NA,Ahya_288
Ahya_289,ECT1,A. hyacinthus,Ahya,16,4,2021,Mackay,-16.03817912,145.6521183,-16.03817912,145.6521183,colony GPS,10,1.3,-0.5,NA,Ahya_289
Ahya_290,ECT1,A. hyacinthus,Ahya,16,4,2021,Mackay,-16.03819052,145.6521654,-16.03819052,145.6521654,colony GPS,10,1.2,-0.6,NA,Ahya_290
Ahya_291,ECT1,A. hyacinthus,Ahya,16,4,2021,Mackay,-16.03820452,145.6522014,-16.03820452,145.6522014,colony GPS,10,1,-0.5,NA,Ahya_291
Ahya_292,ECT1,A. hyacinthus,Ahya,16,4,2021,Mackay,-16.0382103,145.652194,-16.0382103,145.652194,colony GPS,10,1,-0.5,NA,Ahya_292
Ahya_293,ECT1,A. hyacinthus,Ahya,16,4,2021,Mackay,-16.03825456,145.6522173,-16.03825456,145.6522173,colony GPS,10,1.3,-0.2,NA,Ahya_293
Ahya_294,ECT1,A. hyacinthus,Ahya,16,4,2021,Mackay,-16.03826604,145.6522356,-16.03826604,145.6522356,colony GPS,10,2,0.5,NA,Ahya_294
Ahya_295,ECT1,A. hyacinthus,Ahya,16,4,2021,Mackay,-16.03828188,145.652303,-16.03828188,145.652303,colony GPS,10,1.3,-0.2,NA,Ahya_295
Ahya_296,ECT1,A. hyacinthus,Ahya,16,4,2021,Mackay,-16.03832932,145.6523507,-16.03832932,145.6523507,colony GPS,10,1.5,0,NA,Ahya_296
Ahya_297,ECT1,A. hyacinthus,Ahya,16,4,2021,Mackay,-16.03833578,145.6524616,-16.03833578,145.6524616,colony GPS,10,1.1,-0.4,NA,Ahya_297
Ahya_298,ECT1,A. hyacinthus,Ahya,16,4,2021,Mackay,-16.03839411,145.6524814,-16.03839411,145.6524814,colony GPS,10,1.4,-0.1,NA,Ahya_298
Ahya_299,ECT1,A. hyacinthus,Ahya,16,4,2021,Mackay,-16.0385071,145.6528322,-16.0385071,145.6528322,colony GPS,10,1,-0.5,NA,Ahya_299
Ahya_300,ECT1,A. hyacinthus,Ahya,16,4,2021,Mackay,-16.03854071,145.6527676,-16.03854071,145.6527676,colony GPS,10,1,-0.5,NA,Ahya_300
Ahya_301,ECT1,A. hyacinthus,Ahya,20,4,2021,Chicken,-18.67043057,147.7064718,-18.67043057,147.7064718,colony GPS,10,3,1.7,NA,Ahya_301
Ahya_302,ECT1,A. hyacinthus,Ahya,20,4,2021,Chicken,-18.6701584,147.7067162,-18.6701584,147.7067162,colony GPS,10,2.3,1,NA,Ahya_302
Ahya_303,ECT1,A. hyacinthus,Ahya,20,4,2021,Chicken,-18.67010065,147.7067622,-18.67010065,147.7067622,colony GPS,10,2.5,1.2,NA,Ahya_303
Ahya_304,ECT1,A. hyacinthus,Ahya,20,4,2021,Chicken,-18.67010409,147.7072681,-18.67010409,147.7072681,colony GPS,10,1.6,0.3,NA,Ahya_304
Ahya_305,ECT1,A. hyacinthus,Ahya,20,4,2021,Chicken,-18.67005237,147.7073453,-18.67005237,147.7073453,colony GPS,10,1.6,0.3,NA,Ahya_305
Ahya_306,ECT1,A. hyacinthus,Ahya,20,4,2021,Chicken,-18.6700367,147.707332,-18.6700367,147.707332,colony GPS,10,1,-0.2,NA,Ahya_306
Ahya_307,ECT1,A. hyacinthus,Ahya,20,4,2021,Chicken,-18.66996872,147.7072862,-18.66996872,147.7072862,colony GPS,10,1.2,0,NA,Ahya_307
Ahya_308,ECT1,A. hyacinthus,Ahya,20,4,2021,Chicken,-18.66993377,147.7072742,-18.66993377,147.7072742,colony GPS,10,1,-0.2,NA,Ahya_308
Ahya_309,ECT1,A. hyacinthus,Ahya,20,4,2021,Chicken,-18.66995489,147.7072745,-18.66995489,147.7072745,colony GPS,10,1.7,0.5,NA,Ahya_309
Ahya_310,ECT1,A. hyacinthus,Ahya,20,4,2021,Chicken,-18.66983738,147.7071141,-18.66983738,147.7071141,colony GPS,10,1.5,0.3,NA,Ahya_310
Ahya_311,ECT1,A. hyacinthus,Ahya,20,4,2021,Chicken,-18.66999999,147.7067157,-18.66999999,147.7067157,colony GPS,10,0.9,-0.3,NA,Ahya_311
Ahya_312,ECT1,A. hyacinthus,Ahya,20,4,2021,Chicken,-18.67000443,147.706693,-18.67000443,147.706693,colony GPS,10,0.9,-0.3,NA,Ahya_312
Ahya_313,ECT1,A. hyacinthus,Ahya,20,4,2021,Chicken,-18.67008221,147.7066505,-18.67008221,147.7066505,colony GPS,10,1.4,0.2,NA,Ahya_313
Ahya_314,ECT1,A. hyacinthus,Ahya,20,4,2021,Chicken,-18.67010317,147.7066174,-18.67010317,147.7066174,colony GPS,10,0.8,-0.4,NA,Ahya_314
Ahya_315,ECT1,A. hyacinthus,Ahya,20,4,2021,Chicken,-18.67004734,147.7065373,-18.67004734,147.7065373,colony GPS,10,0.7,-0.5,NA,Ahya_315
Ahya_316,ECT1,A. hyacinthus,Ahya,20,4,2021,Chicken,-18.67007819,147.7064511,-18.67007819,147.7064511,colony GPS,10,0.7,-0.5,NA,Ahya_316
Ahya_317,ECT1,A. hyacinthus,Ahya,20,4,2021,Chicken,-18.67007861,147.7064041,-18.67007861,147.7064041,colony GPS,10,1.2,0,NA,Ahya_317
Ahya_318,ECT1,A. hyacinthus,Ahya,20,4,2021,Chicken,-18.67018204,147.7063997,-18.67018204,147.7063997,colony GPS,10,0.9,-0.3,NA,Ahya_318
Ahya_319,ECT1,A. hyacinthus,Ahya,20,4,2021,Chicken,-18.6705081,147.7063129,-18.6705081,147.7063129,colony GPS,10,0.9,-0.2,NA,Ahya_319
Ahya_320,ECT1,A. hyacinthus,Ahya,20,4,2021,Chicken,-18.67041858,147.7063558,-18.67041858,147.7063558,colony GPS,10,1,-0.1,NA,Ahya_320
Ahya_321,ECT1,A. hyacinthus,Ahya,20,4,2021,Chicken,-18.67034658,147.7063874,-18.67034658,147.7063874,colony GPS,10,1.5,0.4,NA,Ahya_321
Ahya_322,ECT1,A. hyacinthus,Ahya,20,4,2021,Chicken,-18.67035991,147.7064092,-18.67035991,147.7064092,colony GPS,10,0.9,-0.2,NA,Ahya_322
Ahya_323,ECT1,A. hyacinthus,Ahya,20,4,2021,Chicken,-18.67030023,147.7064108,-18.67030023,147.7064108,colony GPS,10,1,-0.1,NA,Ahya_323
Ahya_324,ECT1,A. hyacinthus,Ahya,20,4,2021,Chicken,-18.67025857,147.7063633,-18.67025857,147.7063633,colony GPS,10,1,-0.1,NA,Ahya_324
Ahya_325,ECT1,A. hyacinthus,Ahya,20,4,2021,Chicken,-18.6700657,147.706381,-18.6700657,147.706381,colony GPS,10,2.3,1.2,NA,Ahya_325
Ahya_326,ECT1,A. hyacinthus,Ahya,20,4,2021,Chicken,-18.66994676,147.7061994,-18.66994676,147.7061994,colony GPS,10,0.9,-0.2,NA,Ahya_326
Ahya_327,ECT1,A. hyacinthus,Ahya,20,4,2021,Chicken,-18.66993134,147.7061432,-18.66993134,147.7061432,colony GPS,10,0.9,-0.2,NA,Ahya_327
Ahya_328,ECT1,A. hyacinthus,Ahya,20,4,2021,Chicken,-18.66983931,147.7060978,-18.66983931,147.7060978,colony GPS,10,0.9,-0.2,NA,Ahya_328
Ahya_329,ECT1,A. hyacinthus,Ahya,20,4,2021,Chicken,-18.66980813,147.7061156,-18.66980813,147.7061156,colony GPS,10,0.8,-0.3,NA,Ahya_329
Ahya_330,ECT1,A. hyacinthus,Ahya,20,4,2021,Chicken,-18.66981802,147.7061793,-18.66981802,147.7061793,colony GPS,10,0.8,-0.3,NA,Ahya_330
Ahya_331,ECT1,A. hyacinthus,Ahya,21,4,2021,Davies,-18.82576995,147.6264861,-18.82576995,147.6264861,colony GPS,10,1,-0.4,NA,Ahya_331
Ahya_332,ECT1,A. hyacinthus,Ahya,21,4,2021,Davies,-18.82570289,147.6265722,-18.82570289,147.6265722,colony GPS,10,1.6,0.2,NA,Ahya_332
Ahya_333,ECT1,A. hyacinthus,Ahya,21,4,2021,Davies,-18.82567682,147.6264331,-18.82567682,147.6264331,colony GPS,10,1.2,-0.1,NA,Ahya_333
Ahya_334,ECT1,A. hyacinthus,Ahya,21,4,2021,Davies,-18.82562092,147.6266302,-18.82562092,147.6266302,colony GPS,10,1.2,-0.1,NA,Ahya_334
Ahya_335,ECT1,A. hyacinthus,Ahya,21,4,2021,Davies,-18.82565117,147.6266666,-18.82565117,147.6266666,colony GPS,10,1.5,0.2,NA,Ahya_335
Ahya_336,ECT1,A. hyacinthus,Ahya,21,4,2021,Davies,-18.82561999,147.6266616,-18.82561999,147.6266616,colony GPS,10,1.1,-0.2,NA,Ahya_336
Ahya_337,ECT1,A. hyacinthus,Ahya,21,4,2021,Davies,-18.82559761,147.6266398,-18.82559761,147.6266398,colony GPS,10,1.3,0,NA,Ahya_337
Ahya_338,ECT1,A. hyacinthus,Ahya,21,4,2021,Davies,-18.8255599,147.6266382,-18.8255599,147.6266382,colony GPS,10,1.1,-0.2,NA,Ahya_338
Ahya_339,ECT1,A. hyacinthus,Ahya,21,4,2021,Davies,-18.82548773,147.6265585,-18.82548773,147.6265585,colony GPS,10,1.3,0,NA,Ahya_339
Ahya_340,ECT1,A. hyacinthus,Ahya,21,4,2021,Davies,-18.82548689,147.6265579,-18.82548689,147.6265579,colony GPS,10,1.2,-0.1,NA,Ahya_340
Ahya_341,ECT1,A. hyacinthus,Ahya,21,4,2021,Davies,-18.82547365,147.6265724,-18.82547365,147.6265724,colony GPS,10,1.6,0.4,NA,Ahya_341
Ahya_342,ECT1,A. hyacinthus,Ahya,21,4,2021,Davies,-18.82545504,147.6265292,-18.82545504,147.6265292,colony GPS,10,1.2,0,NA,Ahya_342
Ahya_343,ECT1,A. hyacinthus,Ahya,21,4,2021,Davies,-18.82543249,147.6266186,-18.82543249,147.6266186,colony GPS,10,1,-0.2,NA,Ahya_343
Ahya_344,ECT1,A. hyacinthus,Ahya,21,4,2021,Davies,-18.82552419,147.6267356,-18.82552419,147.6267356,colony GPS,10,1.2,0,NA,Ahya_344
Ahya_345,ECT1,A. hyacinthus,Ahya,21,4,2021,Davies,-18.82553106,147.6267352,-18.82553106,147.6267352,colony GPS,10,1.1,-0.1,NA,Ahya_345
Ahya_346,ECT1,A. hyacinthus,Ahya,21,4,2021,Davies,-18.82549116,147.6267391,-18.82549116,147.6267391,colony GPS,10,1.2,0,NA,Ahya_346
Ahya_347,ECT1,A. hyacinthus,Ahya,21,4,2021,Davies,-18.82544867,147.6267423,-18.82544867,147.6267423,colony GPS,10,1.1,-0.1,NA,Ahya_347
Ahya_348,ECT1,A. hyacinthus,Ahya,21,4,2021,Davies,-18.8254314,147.6267185,-18.8254314,147.6267185,colony GPS,10,0.9,-0.3,NA,Ahya_348
Ahya_349,ECT1,A. hyacinthus,Ahya,21,4,2021,Davies,-18.82540433,147.6267076,-18.82540433,147.6267076,colony GPS,10,0.9,-0.3,NA,Ahya_349
Ahya_350,ECT1,A. hyacinthus,Ahya,21,4,2021,Davies,-18.8253822,147.6267019,-18.8253822,147.6267019,colony GPS,10,1,-0.2,NA,Ahya_350
Ahya_351,ECT1,A. hyacinthus,Ahya,21,4,2021,Davies,-18.82554523,147.626808,-18.82554523,147.626808,colony GPS,10,1,-0.1,NA,Ahya_351
Ahya_352,ECT1,A. hyacinthus,Ahya,21,4,2021,Davies,-18.82538228,147.6267284,-18.82538228,147.6267284,colony GPS,10,1.2,0.1,NA,Ahya_352
Ahya_353,ECT1,A. hyacinthus,Ahya,21,4,2021,Davies,-18.82540223,147.6267524,-18.82540223,147.6267524,colony GPS,10,0.9,-0.2,NA,Ahya_353
Ahya_354,ECT1,A. hyacinthus,Ahya,21,4,2021,Davies,-18.82545881,147.6267491,-18.82545881,147.6267491,colony GPS,10,1,-0.1,NA,Ahya_354
Ahya_355,ECT1,A. hyacinthus,Ahya,21,4,2021,Davies,-18.82545336,147.6268257,-18.82545336,147.6268257,colony GPS,10,0.9,-0.2,NA,Ahya_355
Ahya_356,ECT1,A. hyacinthus,Ahya,21,4,2021,Davies,-18.82546484,147.6268599,-18.82546484,147.6268599,colony GPS,10,1,-0.1,NA,Ahya_356
Ahya_357,ECT1,A. hyacinthus,Ahya,21,4,2021,Davies,-18.82547993,147.6268779,-18.82547993,147.6268779,colony GPS,10,1,-0.1,NA,Ahya_357
Ahya_358,ECT1,A. hyacinthus,Ahya,21,4,2021,Davies,-18.82549762,147.6269171,-18.82549762,147.6269171,colony GPS,10,0.9,-0.2,NA,Ahya_358
Ahya_359,ECT1,A. hyacinthus,Ahya,21,4,2021,Davies,-18.82548119,147.6268675,-18.82548119,147.6268675,colony GPS,10,0.9,-0.2,NA,Ahya_359
Ahya_360,ECT1,A. hyacinthus,Ahya,21,4,2021,Davies,-18.82544758,147.6268708,-18.82544758,147.6268708,colony GPS,10,0.9,-0.2,NA,Ahya_360
Ahya_361,ECT1,A. hyacinthus,Ahya,6,5,2021,Fitzroy_Island,-16.94063701,145.9948087,-16.94063701,145.9948087,colony GPS,10,3.2,1.4,NA,Ahya_361
Ahya_362,ECT1,A. hyacinthus,Ahya,6,5,2021,Fitzroy_Island,-16.94058697,145.9947788,-16.94058697,145.9947788,colony GPS,10,4,2.2,NA,Ahya_362
Ahya_363,ECT1,A. hyacinthus,Ahya,6,5,2021,Fitzroy_Island,-16.94054145,145.9947606,-16.94054145,145.9947606,colony GPS,10,3.8,2,NA,Ahya_363
Ahya_364,ECT1,A. hyacinthus,Ahya,6,5,2021,Fitzroy_Island,-16.9405205,145.994654,-16.9405205,145.994654,colony GPS,10,2.7,0.9,NA,Ahya_364
Ahya_365,ECT1,A. hyacinthus,Ahya,6,5,2021,Fitzroy_Island,-16.9405459,145.9945824,-16.9405459,145.9945824,colony GPS,10,1.8,0.1,NA,Ahya_365
Ahya_366,ECT1,A. hyacinthus,Ahya,6,5,2021,Fitzroy_Island,-16.94067632,145.9946248,-16.94067632,145.9946248,colony GPS,10,3.5,2.1,NA,Ahya_366
Ahya_367,ECT1,A. hyacinthus,Ahya,6,5,2021,Fitzroy_Island,-16.94073239,145.9945433,-16.94073239,145.9945433,colony GPS,10,2.6,1.2,NA,Ahya_367
Ahya_368,ECT1,A. hyacinthus,Ahya,6,5,2021,Fitzroy_Island,-16.94328032,145.9913964,-16.94328032,145.9913964,colony GPS,10,3.7,2.9,NA,Ahya_368
Ahya_369,ECT1,A. hyacinthus,Ahya,6,5,2021,Fitzroy_Island,-16.94326599,145.9914029,-16.94326599,145.9914029,colony GPS,10,3.6,2.8,NA,Ahya_369
Ahya_370,ECT1,A. hyacinthus,Ahya,6,5,2021,Fitzroy_Island,-16.94324613,145.9914126,-16.94324613,145.9914126,colony GPS,10,2.5,1.7,NA,Ahya_370
Ahya_371,ECT1,A. hyacinthus,Ahya,6,5,2021,Fitzroy_Island,-16.94321788,145.9914582,-16.94321788,145.9914582,colony GPS,10,3.1,2.3,NA,Ahya_371
Ahya_372,ECT1,A. hyacinthus,Ahya,6,5,2021,Fitzroy_Island,-16.94319927,145.9914014,-16.94319927,145.9914014,colony GPS,10,2.6,1.9,NA,Ahya_372
Ahya_373,ECT1,A. hyacinthus,Ahya,6,5,2021,Fitzroy_Island,-16.94319701,145.9916391,-16.94319701,145.9916391,colony GPS,10,3.7,3,NA,Ahya_373
Ahya_374,ECT1,A. hyacinthus,Ahya,6,5,2021,Fitzroy_Island,-16.94313766,145.9920085,-16.94313766,145.9920085,colony GPS,10,3.8,3.1,NA,Ahya_374
Ahya_375,ECT1,A. hyacinthus,Ahya,7,5,2021,Moore,-16.8456656,146.2316663,-16.8456656,146.2316663,colony GPS,10,4.5,2.2,NA,Ahya_375
Ahya_376,ECT1,A. hyacinthus,Ahya,7,5,2021,Moore,-16.84565856,146.2316635,-16.84565856,146.2316635,colony GPS,10,3.9,1.6,NA,Ahya_376
Ahya_377,ECT1,A. hyacinthus,Ahya,7,5,2021,Moore,-16.84567776,146.2316621,-16.84567776,146.2316621,colony GPS,10,4,1.7,NA,Ahya_377
Ahya_378,ECT1,A. hyacinthus,Ahya,7,5,2021,Moore,-16.84568765,146.2316663,-16.84568765,146.2316663,colony GPS,10,3.8,1.6,NA,Ahya_378
Ahya_379,ECT1,A. hyacinthus,Ahya,7,5,2021,Moore,-16.84569184,146.2316815,-16.84569184,146.2316815,colony GPS,10,3.7,1.5,NA,Ahya_379
Ahya_380,ECT1,A. hyacinthus,Ahya,7,5,2021,Moore,-16.84571799,146.2316679,-16.84571799,146.2316679,colony GPS,10,3.6,1.4,NA,Ahya_380
Ahya_381,ECT1,A. hyacinthus,Ahya,7,5,2021,Moore,-16.84574506,146.2316953,-16.84574506,146.2316953,colony GPS,10,3.1,0.9,NA,Ahya_381
Ahya_382,ECT1,A. hyacinthus,Ahya,7,5,2021,Moore,-16.84572528,146.2316915,-16.84572528,146.2316915,colony GPS,10,3.7,1.5,NA,Ahya_382
Ahya_383,ECT1,A. hyacinthus,Ahya,7,5,2021,Moore,-16.84574883,146.2317189,-16.84574883,146.2317189,colony GPS,10,3.7,1.5,NA,Ahya_383
Ahya_384,ECT1,A. hyacinthus,Ahya,7,5,2021,Moore,-16.84574473,146.2316865,-16.84574473,146.2316865,colony GPS,10,2.3,0.2,NA,Ahya_384
Ahya_385,ECT1,A. hyacinthus,Ahya,7,5,2021,Moore,-16.84578077,146.2316703,-16.84578077,146.2316703,colony GPS,10,3.2,1.1,NA,Ahya_385
Ahya_386,ECT1,A. hyacinthus,Ahya,7,5,2021,Moore,-16.84581086,146.2316883,-16.84581086,146.2316883,colony GPS,10,2.5,0.4,NA,Ahya_386
Ahya_387,ECT1,A. hyacinthus,Ahya,7,5,2021,Moore,-16.84582846,146.2317312,-16.84582846,146.2317312,colony GPS,10,3.4,1.3,NA,Ahya_387
Ahya_388,ECT1,A. hyacinthus,Ahya,7,5,2021,Moore,-16.8458288,146.231748,-16.8458288,146.231748,colony GPS,10,3.4,1.3,NA,Ahya_388
Ahya_389,ECT1,A. hyacinthus,Ahya,7,5,2021,Moore,-16.84585864,146.231786,-16.84585864,146.231786,colony GPS,10,3.1,1,NA,Ahya_389
Ahya_390,ECT1,A. hyacinthus,Ahya,7,5,2021,Moore,-16.84586082,146.2317608,-16.84586082,146.2317608,colony GPS,10,2.2,0.1,NA,Ahya_390
Ahya_391,ECT1,A. hyacinthus,Ahya,7,5,2021,Moore,-16.84586082,146.2317249,-16.84586082,146.2317249,colony GPS,10,2.2,0.2,NA,Ahya_391
Ahya_392,ECT1,A. hyacinthus,Ahya,7,5,2021,Moore,-16.84586191,146.2317218,-16.84586191,146.2317218,colony GPS,10,2,0,NA,Ahya_392
Ahya_393,ECT1,A. hyacinthus,Ahya,7,5,2021,Moore,-16.8458951,146.2317456,-16.8458951,146.2317456,colony GPS,10,3,1,NA,Ahya_393
Ahya_394,ECT1,A. hyacinthus,Ahya,7,5,2021,Moore,-16.84588412,146.2317524,-16.84588412,146.2317524,colony GPS,10,3.5,1.5,NA,Ahya_394
Ahya_395,ECT1,A. hyacinthus,Ahya,7,5,2021,Moore,-16.84596844,146.2317637,-16.84596844,146.2317637,colony GPS,10,2.2,0.2,NA,Ahya_395
Ahya_396,ECT1,A. hyacinthus,Ahya,7,5,2021,Moore,-16.84598579,146.2318663,-16.84598579,146.2318663,colony GPS,10,2.8,0.9,NA,Ahya_396
Ahya_397,ECT1,A. hyacinthus,Ahya,7,5,2021,Moore,-16.84593684,146.2318091,-16.84593684,146.2318091,colony GPS,10,3.2,1.3,NA,Ahya_397
Ahya_398,ECT1,A. hyacinthus,Ahya,7,5,2021,Moore,-16.84591463,146.2317948,-16.84591463,146.2317948,colony GPS,10,3.4,1.5,NA,Ahya_398
Ahya_399,ECT1,A. hyacinthus,Ahya,7,5,2021,Moore,-16.84581287,146.2317432,-16.84581287,146.2317432,colony GPS,10,3,1.2,NA,Ahya_399
Ahya_400,ECT1,A. hyacinthus,Ahya,7,5,2021,Moore,-16.84571883,146.2317389,-16.84571883,146.2317389,colony GPS,10,4,2.2,NA,Ahya_400
Ahya_401,ECT1,A. hyacinthus,Ahya,7,5,2021,Moore,-16.84574246,146.2320411,-16.84574246,146.2320411,colony GPS,10,4.8,3.8,NA,Ahya_401
Ahya_402,ECT1,A. hyacinthus,Ahya,7,5,2021,Moore,-16.84581983,146.2320809,-16.84581983,146.2320809,colony GPS,10,4.6,3.6,NA,Ahya_402
Ahya_403,ECT1,A. hyacinthus,Ahya,7,5,2021,Moore,-16.84584288,146.2320987,-16.84584288,146.2320987,colony GPS,10,3.9,2.9,NA,Ahya_403
Ahya_404,ECT1,A. hyacinthus,Ahya,7,5,2021,Moore,-16.84586274,146.2320855,-16.84586274,146.2320855,colony GPS,10,4,3,NA,Ahya_404
Ahya_405,ECT1,A. hyacinthus,Ahya,7,5,2021,Moore,-16.84588705,146.2321108,-16.84588705,146.2321108,colony GPS,10,4,3,NA,Ahya_405
Ahya_406,ECT1,A. hyacinthus,Ahya,7,5,2021,Moore,-16.84587733,146.2321133,-16.84587733,146.2321133,colony GPS,10,2.6,1.5,NA,Ahya_406
Ahya_407,ECT1,A. hyacinthus,Ahya,7,5,2021,Moore,-16.84593349,146.2321319,-16.84593349,146.2321319,colony GPS,10,3,1.9,NA,Ahya_407
Ahya_408,ECT1,A. hyacinthus,Ahya,7,5,2021,Moore,-16.84595168,146.232164,-16.84595168,146.232164,colony GPS,10,3.3,2.2,NA,Ahya_408
Ahya_409,ECT1,A. hyacinthus,Ahya,7,5,2021,Moore,-16.84600105,146.2321476,-16.84600105,146.2321476,colony GPS,10,3.1,2,NA,Ahya_409
Ahya_410,ECT1,A. hyacinthus,Ahya,7,5,2021,Moore,-16.84601806,146.2321974,-16.84601806,146.2321974,colony GPS,10,2,0.9,NA,Ahya_410
Ahya_411,ECT1,A. hyacinthus,Ahya,7,5,2021,Moore,-16.84600146,146.2321551,-16.84600146,146.2321551,colony GPS,10,3.2,2,NA,Ahya_411
Ahya_412,ECT1,A. hyacinthus,Ahya,7,5,2021,Moore,-16.84606827,146.2322668,-16.84606827,146.2322668,colony GPS,10,4.1,2.9,NA,Ahya_412
Ahya_413,ECT1,A. hyacinthus,Ahya,7,5,2021,Moore,-16.84608109,146.2323077,-16.84608109,146.2323077,colony GPS,10,5.8,4.6,NA,Ahya_413
Ahya_414,ECT1,A. hyacinthus,Ahya,7,5,2021,Moore,-16.84608294,146.2323796,-16.84608294,146.2323796,colony GPS,10,2.5,1.3,NA,Ahya_414
Ahya_415,ECT1,A. hyacinthus,Ahya,7,5,2021,Moore,-16.84615687,146.2323497,-16.84615687,146.2323497,colony GPS,10,2.7,1.5,NA,Ahya_415
Ahya_416,ECT1,A. hyacinthus,Ahya,7,5,2021,Moore,-16.84617732,146.2323427,-16.84617732,146.2323427,colony GPS,10,3.3,2.1,NA,Ahya_416
Ahya_417,ECT1,A. hyacinthus,Ahya,7,5,2021,Moore,-16.84608151,146.2322638,-16.84608151,146.2322638,colony GPS,10,2,0.7,NA,Ahya_417
Ahya_418,ECT1,A. hyacinthus,Ahya,7,5,2021,Moore,-16.84605125,146.2322283,-16.84605125,146.2322283,colony GPS,10,2,0.7,NA,Ahya_418
Ahya_419,ECT1,A. hyacinthus,Ahya,7,5,2021,Moore,-16.84606383,146.232218,-16.84606383,146.232218,colony GPS,10,1.6,0.3,NA,Ahya_419
Ahya_420,ECT1,A. hyacinthus,Ahya,7,5,2021,Moore,-16.84604002,146.2321926,-16.84604002,146.2321926,colony GPS,10,1.8,0.5,NA,Ahya_420
Ahya_421,ECT1,A. hyacinthus,Ahya,7,5,2021,Moore,-16.84601814,146.2321845,-16.84601814,146.2321845,colony GPS,10,2.7,1.3,NA,Ahya_421
Ahya_422,ECT1,A. hyacinthus,Ahya,7,5,2021,Moore,-16.84601295,146.2321752,-16.84601295,146.2321752,colony GPS,10,3.3,1.9,NA,Ahya_422
Ahya_423,ECT1,A. hyacinthus,Ahya,7,5,2021,Moore,-16.84599811,146.2321678,-16.84599811,146.2321678,colony GPS,10,3.9,2.5,NA,Ahya_423
Ahya_424,ECT1,A. hyacinthus,Ahya,7,5,2021,Moore,-16.84599828,146.2321704,-16.84599828,146.2321704,colony GPS,10,4.2,2.8,NA,Ahya_424
Ahya_425,ECT1,A. hyacinthus,Ahya,7,5,2021,Moore,-16.84595637,146.2321841,-16.84595637,146.2321841,colony GPS,10,5,3.5,NA,Ahya_425
Aspat_426,ECT1,A. spathulata,Aspat,28,2,2022,Hicks,-14.475094,145.502542,-14.475094,145.502542,colony GPS,10,5.6,3.2,NA,Aspat_426
Aspat_427,ECT1,A. spathulata,Aspat,28,2,2022,Hicks,-14.475117,145.502517,-14.475117,145.502517,colony GPS,10,5.8,3.4,NA,Aspat_427
Aspat_428,ECT1,A. spathulata,Aspat,28,2,2022,Hicks,-14.47508,145.502557,-14.47508,145.502557,colony GPS,10,4.4,2.1,NA,Aspat_428
Aspat_429,ECT1,A. spathulata,Aspat,28,2,2022,Hicks,-14.475055,145.502585,-14.475055,145.502585,colony GPS,10,6.3,4,NA,Aspat_429
Aspat_430,ECT1,A. spathulata,Aspat,28,2,2022,Hicks,-14.47508,145.50259,-14.47508,145.50259,colony GPS,10,6.4,4.1,NA,Aspat_430
Aspat_431,ECT1,A. spathulata,Aspat,28,2,2022,Hicks,-14.475049,145.502616,-14.475049,145.502616,colony GPS,10,5.4,3.1,NA,Aspat_431
Aspat_432,ECT1,A. spathulata,Aspat,28,2,2022,Hicks,-14.475019,145.502648,-14.475019,145.502648,colony GPS,10,4.5,2.2,NA,Aspat_432
Aspat_433,ECT1,A. spathulata,Aspat,28,2,2022,Hicks,-14.475007,145.502672,-14.475007,145.502672,colony GPS,10,4.7,2.4,NA,Aspat_433
Aspat_434,ECT1,A. spathulata,Aspat,28,2,2022,Hicks,-14.474992,145.502678,-14.474992,145.502678,colony GPS,10,4.4,2.2,NA,Aspat_434
Aspat_435,ECT1,A. spathulata,Aspat,28,2,2022,Hicks,-14.474981,145.502698,-14.474981,145.502698,colony GPS,10,5.2,3,NA,Aspat_435
Aspat_436,ECT1,A. spathulata,Aspat,28,2,2022,Hicks,-14.474986,145.502689,-14.474986,145.502689,colony GPS,10,4.4,2.2,NA,Aspat_436
Aspat_437,ECT1,A. spathulata,Aspat,28,2,2022,Hicks,-14.47497,145.502715,-14.47497,145.502715,colony GPS,10,4.4,2.2,NA,Aspat_437
Aspat_438,ECT1,A. spathulata,Aspat,28,2,2022,Hicks,-14.474966,145.502713,-14.474966,145.502713,colony GPS,10,4.4,2.2,NA,Aspat_438
Aspat_439,ECT1,A. spathulata,Aspat,28,2,2022,Hicks,-14.474964,145.502743,-14.474964,145.502743,colony GPS,10,3.8,1.6,NA,Aspat_439
Aspat_440,ECT1,A. spathulata,Aspat,28,2,2022,Hicks,-14.474921,145.50275,-14.474921,145.50275,colony GPS,10,2.2,1.1,NA,Aspat_440
Aspat_441,ECT1,A. spathulata,Aspat,28,2,2022,Hicks,-14.474892,145.502861,-14.474892,145.502861,colony GPS,10,3,1.9,NA,Aspat_441
Aspat_442,ECT1,A. spathulata,Aspat,28,2,2022,Hicks,-14.47489,145.502862,-14.47489,145.502862,colony GPS,10,3.1,2,NA,Aspat_442
Aspat_443,ECT1,A. spathulata,Aspat,28,2,2022,Hicks,-14.474887,145.502864,-14.474887,145.502864,colony GPS,10,3.8,2.7,NA,Aspat_443
Aspat_444,ECT1,A. spathulata,Aspat,28,2,2022,Hicks,-14.474895,145.502881,-14.474895,145.502881,colony GPS,10,4.3,3.3,NA,Aspat_444
Aspat_445,ECT1,A. spathulata,Aspat,28,2,2022,Hicks,-14.474842,145.502893,-14.474842,145.502893,colony GPS,10,2.2,1.2,NA,Aspat_445
Aspat_446,ECT1,A. spathulata,Aspat,28,2,2022,Hicks,-14.474864,145.50289,-14.474864,145.50289,colony GPS,10,2.2,1.2,NA,Aspat_446
Aspat_447,ECT1,A. spathulata,Aspat,28,2,2022,Hicks,-14.474907,145.502798,-14.474907,145.502798,colony GPS,10,3,2,NA,Aspat_447
Aspat_448,ECT1,A. spathulata,Aspat,28,2,2022,Hicks,-14.474994,145.502743,-14.474994,145.502743,colony GPS,10,2.9,1.9,NA,Aspat_448
Aspat_449,ECT1,A. spathulata,Aspat,28,2,2022,Hicks,-14.474852,145.502929,-14.474852,145.502929,colony GPS,10,3.5,2.5,NA,Aspat_449
Aspat_450,ECT1,A. spathulata,Aspat,28,2,2022,Hicks,-14.474892,145.502936,-14.474892,145.502936,colony GPS,10,3.5,2.6,NA,Aspat_450
Aspat_451,ECT1,A. spathulata,Aspat,28,2,2022,Hicks,-14.474847,145.502957,-14.474847,145.502957,colony GPS,10,3.1,2.2,NA,Aspat_451
Aspat_452,ECT1,A. spathulata,Aspat,28,2,2022,Hicks,-14.474843,145.502958,-14.474843,145.502958,colony GPS,10,2.6,1.7,NA,Aspat_452
Aspat_453,ECT1,A. spathulata,Aspat,28,2,2022,Hicks,-14.474845,145.502953,-14.474845,145.502953,colony GPS,10,3.3,2.4,NA,Aspat_453
Aspat_454,ECT1,A. spathulata,Aspat,28,2,2022,Hicks,-14.474847,145.502942,-14.474847,145.502942,colony GPS,10,3.1,2.2,NA,Aspat_454
Aspat_455,ECT1,A. spathulata,Aspat,28,2,2022,Hicks,-14.474828,145.502991,-14.474828,145.502991,colony GPS,10,3.5,2.7,NA,Aspat_455
Aspat_456,ECT1,A. spathulata,Aspat,28,2,2022,Hicks,-14.474808,145.50302,-14.474808,145.50302,colony GPS,10,3.9,3.1,NA,Aspat_456
Aspat_457,ECT1,A. spathulata,Aspat,28,2,2022,Hicks,-14.474835,145.502969,-14.474835,145.502969,colony GPS,10,4,3.2,NA,Aspat_457
Aspat_458,ECT1,A. spathulata,Aspat,28,2,2022,Hicks,-14.474766,145.503105,-14.474766,145.503105,colony GPS,10,4,3.2,NA,Aspat_458
Aspat_459,ECT1,A. spathulata,Aspat,28,2,2022,Hicks,-14.474748,145.503075,-14.474748,145.503075,colony GPS,10,5,4.2,NA,Aspat_459
Aspat_460,ECT1,A. spathulata,Aspat,28,2,2022,Hicks,-14.474749,145.503085,-14.474749,145.503085,colony GPS,10,5.5,4.7,NA,Aspat_460
Aspat_461,ECT1,A. spathulata,Aspat,28,2,2022,Hicks,-14.474809,145.503184,-14.474809,145.503184,colony GPS,10,2.5,1.7,NA,Aspat_461
Aspat_462,ECT1,A. spathulata,Aspat,28,2,2022,Hicks,-14.474723,145.503195,-14.474723,145.503195,colony GPS,10,2.7,1.9,NA,Aspat_462
Aspat_463,ECT1,A. spathulata,Aspat,28,2,2022,Hicks,-14.474719,145.503195,-14.474719,145.503195,colony GPS,10,2.5,1.7,NA,Aspat_463
Aspat_464,ECT1,A. spathulata,Aspat,28,2,2022,Hicks,-14.474705,145.503209,-14.474705,145.503209,colony GPS,10,3.3,2.5,NA,Aspat_464
Aspat_465,ECT1,A. spathulata,Aspat,28,2,2022,Hicks,-14.474696,145.503218,-14.474696,145.503218,colony GPS,10,3.4,2.7,NA,Aspat_465
Aspat_466,ECT1,A. spathulata,Aspat,28,2,2022,Hicks,-14.474672,145.503206,-14.474672,145.503206,colony GPS,10,2.9,2.2,NA,Aspat_466
Aspat_467,ECT1,A. spathulata,Aspat,28,2,2022,Hicks,-14.474653,145.503232,-14.474653,145.503232,colony GPS,10,1.9,1.2,NA,Aspat_467
Aspat_468,ECT1,A. spathulata,Aspat,28,2,2022,Hicks,-14.47463,145.503245,-14.47463,145.503245,colony GPS,10,2.1,1.4,NA,Aspat_468
Aspat_469,ECT1,A. spathulata,Aspat,28,2,2022,Hicks,-14.47459,145.503324,-14.47459,145.503324,colony GPS,10,3.5,2.8,NA,Aspat_469
Aspat_470,ECT1,A. spathulata,Aspat,28,2,2022,Hicks,-14.474526,145.503397,-14.474526,145.503397,colony GPS,10,3.2,2.5,NA,Aspat_470
Aspat_471,ECT1,A. spathulata,Aspat,28,2,2022,Hicks,-14.475238,145.502408,-14.475238,145.502408,colony GPS,10,5.3,4.2,NA,Aspat_471
Aspat_472,ECT1,A. spathulata,Aspat,28,2,2022,Hicks,-14.47519,145.50252,-14.47519,145.50252,colony GPS,10,3.4,2.3,NA,Aspat_472
Aspat_473,ECT1,A. spathulata,Aspat,28,2,2022,Hicks,-14.475204,145.502346,-14.475204,145.502346,colony GPS,10,2.9,1.9,NA,Aspat_473
Aspat_474,ECT1,A. spathulata,Aspat,28,2,2022,Hicks,-14.475189,145.502344,-14.475189,145.502344,colony GPS,10,2.4,1.4,NA,Aspat_474
Aspat_475,ECT1,A. spathulata,Aspat,28,2,2022,Hicks,-14.475177,145.502318,-14.475177,145.502318,colony GPS,10,2.2,1.2,NA,Aspat_475
Aspat_476,ECT1,A. spathulata,Aspat,28,2,2022,Hicks,-14.475156,145.502336,-14.475156,145.502336,colony GPS,10,1.7,0.7,NA,Aspat_476
Aspat_477,ECT1,A. spathulata,Aspat,28,2,2022,Hicks,-14.475121,145.502382,-14.475121,145.502382,colony GPS,10,2,1.1,NA,Aspat_477
Aspat_478,ECT1,A. spathulata,Aspat,28,2,2022,Hicks,-14.475097,145.50239,-14.475097,145.50239,colony GPS,10,1.8,0.9,NA,Aspat_478
Aspat_479,ECT1,A. spathulata,Aspat,28,2,2022,Hicks,-14.475095,145.50239,-14.475095,145.50239,colony GPS,10,1.8,0.9,NA,Aspat_479
Aspat_480,ECT1,A. spathulata,Aspat,28,2,2022,Hicks,-14.475091,145.50239,-14.475091,145.50239,colony GPS,10,1.8,0.9,NA,Aspat_480
Aspat_481,ECT1,A. spathulata,Aspat,28,2,2022,Hicks,-14.475091,145.502401,-14.475091,145.502401,colony GPS,10,1.6,0.7,NA,Aspat_481
Aspat_482,ECT1,A. spathulata,Aspat,28,2,2022,Hicks,-14.475091,145.502397,-14.475091,145.502397,colony GPS,10,1.9,1,NA,Aspat_482
Aspat_483,ECT1,A. spathulata,Aspat,28,2,2022,Hicks,-14.475075,145.502415,-14.475075,145.502415,colony GPS,10,1.6,0.8,NA,Aspat_483
Aspat_484,ECT1,A. spathulata,Aspat,28,2,2022,Hicks,-14.47505,145.502455,-14.47505,145.502455,colony GPS,10,1.6,0.8,NA,Aspat_484
Aspat_485,ECT1,A. spathulata,Aspat,28,2,2022,Hicks,-14.475059,145.502503,-14.475059,145.502503,colony GPS,10,2.4,1.6,NA,Aspat_485
Aspat_486,ECT1,A. spathulata,Aspat,28,2,2022,Hicks,-14.47505,145.502527,-14.47505,145.502527,colony GPS,10,1.9,1.1,NA,Aspat_486
Aspat_487,ECT1,A. spathulata,Aspat,1,3,2022,North_Direction,-14.743066,145.513041,-14.743066,145.513041,colony GPS,10,2.5,-0.4,NA,Aspat_487
Aspat_488,ECT1,A. spathulata,Aspat,1,3,2022,North_Direction,-14.743046,145.513023,-14.743046,145.513023,colony GPS,10,2.7,-0.2,NA,Aspat_488
Aspat_489,ECT1,A. spathulata,Aspat,1,3,2022,North_Direction,-14.743032,145.513015,-14.743032,145.513015,colony GPS,10,2.6,-0.3,NA,Aspat_489
Aspat_490,ECT1,A. spathulata,Aspat,1,3,2022,North_Direction,-14.743023,145.513008,-14.743023,145.513008,colony GPS,10,2.5,-0.4,NA,Aspat_490
Aspat_491,ECT1,A. spathulata,Aspat,1,3,2022,North_Direction,-14.743038,145.512998,-14.743038,145.512998,colony GPS,10,2.6,-0.3,NA,Aspat_491
Aspat_492,ECT1,A. spathulata,Aspat,1,3,2022,North_Direction,-14.743062,145.512984,-14.743062,145.512984,colony GPS,10,2.8,-0.1,NA,Aspat_492
Aspat_493,ECT1,A. spathulata,Aspat,1,3,2022,North_Direction,-14.743056,145.512981,-14.743056,145.512981,colony GPS,10,2.7,-0.2,NA,Aspat_493
Aspat_494,ECT1,A. spathulata,Aspat,1,3,2022,North_Direction,-14.74306,145.512953,-14.74306,145.512953,colony GPS,10,2.8,0,NA,Aspat_494
Aspat_495,ECT1,A. spathulata,Aspat,1,3,2022,North_Direction,-14.74306,145.512942,-14.74306,145.512942,colony GPS,10,2.7,-0.1,NA,Aspat_495
Aspat_496,ECT1,A. spathulata,Aspat,1,3,2022,North_Direction,-14.743054,145.512918,-14.743054,145.512918,colony GPS,10,2.5,-0.3,NA,Aspat_496
Aspat_497,ECT1,A. spathulata,Aspat,1,3,2022,North_Direction,-14.74305,145.512921,-14.74305,145.512921,colony GPS,10,2.5,-0.3,NA,Aspat_497
Aspat_498,ECT1,A. spathulata,Aspat,1,3,2022,North_Direction,-14.743048,145.51292,-14.743048,145.51292,colony GPS,10,2.5,-0.3,NA,Aspat_498
Aspat_499,ECT1,A. spathulata,Aspat,1,3,2022,North_Direction,-14.743046,145.512901,-14.743046,145.512901,colony GPS,10,2.2,-0.6,NA,Aspat_499
Aspat_500,ECT1,A. spathulata,Aspat,1,3,2022,North_Direction,-14.74304,145.5129,-14.74304,145.5129,colony GPS,10,2.3,-0.5,NA,Aspat_500
Aspat_501,ECT1,A. spathulata,Aspat,1,3,2022,North_Direction,-14.743037,145.512892,-14.743037,145.512892,colony GPS,10,2.2,-0.6,NA,Aspat_501
Aspat_502,ECT1,A. spathulata,Aspat,1,3,2022,North_Direction,-14.743027,145.512894,-14.743027,145.512894,colony GPS,10,2.1,-0.6,NA,Aspat_502
Aspat_503,ECT1,A. spathulata,Aspat,1,3,2022,North_Direction,-14.743039,145.512869,-14.743039,145.512869,colony GPS,10,2.2,-0.5,NA,Aspat_503
Aspat_504,ECT1,A. spathulata,Aspat,1,3,2022,North_Direction,-14.743048,145.512853,-14.743048,145.512853,colony GPS,10,2.1,-0.6,NA,Aspat_504
Aspat_505,ECT1,A. spathulata,Aspat,1,3,2022,North_Direction,-14.743058,145.51286,-14.743058,145.51286,colony GPS,10,2.1,-0.6,NA,Aspat_505
Aspat_506,ECT1,A. spathulata,Aspat,1,3,2022,North_Direction,-14.743062,145.512844,-14.743062,145.512844,colony GPS,10,2,-0.7,NA,Aspat_506
Aspat_507,ECT1,A. spathulata,Aspat,1,3,2022,North_Direction,-14.743045,145.512839,-14.743045,145.512839,colony GPS,10,2.1,-0.6,NA,Aspat_507
Aspat_508,ECT1,A. spathulata,Aspat,1,3,2022,North_Direction,-14.743032,145.51283,-14.743032,145.51283,colony GPS,10,2.1,-0.5,NA,Aspat_508
Aspat_509,ECT1,A. spathulata,Aspat,1,3,2022,North_Direction,-14.743068,145.512805,-14.743068,145.512805,colony GPS,10,2.3,-0.3,NA,Aspat_509
Aspat_510,ECT1,A. spathulata,Aspat,1,3,2022,North_Direction,-14.743065,145.512805,-14.743065,145.512805,colony GPS,10,2.3,-0.3,NA,Aspat_510
Aspat_511,ECT1,A. spathulata,Aspat,1,3,2022,North_Direction,-14.743092,145.512784,-14.743092,145.512784,colony GPS,10,1.9,0.1,NA,Aspat_511
Aspat_512,ECT1,A. spathulata,Aspat,1,3,2022,North_Direction,-14.743105,145.512795,-14.743105,145.512795,colony GPS,10,1.6,-0.2,NA,Aspat_512
Aspat_513,ECT1,A. spathulata,Aspat,1,3,2022,North_Direction,-14.743101,145.512791,-14.743101,145.512791,colony GPS,10,1.6,-0.2,NA,Aspat_513
Aspat_514,ECT1,A. spathulata,Aspat,1,3,2022,North_Direction,-14.743095,145.512795,-14.743095,145.512795,colony GPS,10,1.6,-0.2,NA,Aspat_514
Aspat_515,ECT1,A. spathulata,Aspat,1,3,2022,North_Direction,-14.743104,145.512806,-14.743104,145.512806,colony GPS,10,1.4,-0.4,NA,Aspat_515
Aspat_516,ECT1,A. spathulata,Aspat,1,3,2022,North_Direction,-14.743098,145.512783,-14.743098,145.512783,colony GPS,10,1.6,-0.1,NA,Aspat_516
Aspat_517,ECT1,A. spathulata,Aspat,1,3,2022,North_Direction,-14.743088,145.51276,-14.743088,145.51276,colony GPS,10,1.6,-0.1,NA,Aspat_517
Aspat_518,ECT1,A. spathulata,Aspat,1,3,2022,North_Direction,-14.743077,145.512762,-14.743077,145.512762,colony GPS,10,1.6,-0.1,NA,Aspat_518
Aspat_519,ECT1,A. spathulata,Aspat,1,3,2022,North_Direction,-14.743071,145.512765,-14.743071,145.512765,colony GPS,10,1.6,0,NA,Aspat_519
Aspat_520,ECT1,A. spathulata,Aspat,1,3,2022,North_Direction,-14.74307,145.512767,-14.74307,145.512767,colony GPS,10,1.5,-0.1,NA,Aspat_520
Aspat_521,ECT1,A. spathulata,Aspat,1,3,2022,North_Direction,-14.743059,145.512738,-14.743059,145.512738,colony GPS,10,1.5,-0.1,NA,Aspat_521
Aspat_522,ECT1,A. spathulata,Aspat,1,3,2022,North_Direction,-14.743048,145.512718,-14.743048,145.512718,colony GPS,10,1.5,-0.1,NA,Aspat_522
Aspat_523,ECT1,A. spathulata,Aspat,1,3,2022,North_Direction,-14.743031,145.512716,-14.743031,145.512716,colony GPS,10,1.5,0,NA,Aspat_523
Aspat_524,ECT1,A. spathulata,Aspat,1,3,2022,North_Direction,-14.743017,145.512709,-14.743017,145.512709,colony GPS,10,1.5,0,NA,Aspat_524
Aspat_525,ECT1,A. spathulata,Aspat,1,3,2022,North_Direction,-14.743028,145.512697,-14.743028,145.512697,colony GPS,10,1.4,-0.1,NA,Aspat_525
Aspat_526,ECT1,A. spathulata,Aspat,1,3,2022,North_Direction,-14.743028,145.512676,-14.743028,145.512676,colony GPS,10,1.5,0,NA,Aspat_526
Aspat_527,ECT1,A. spathulata,Aspat,1,3,2022,North_Direction,-14.743014,145.512681,-14.743014,145.512681,colony GPS,10,1.5,0.1,NA,Aspat_527
Aspat_528,ECT1,A. spathulata,Aspat,1,3,2022,North_Direction,-14.742999,145.512669,-14.742999,145.512669,colony GPS,10,1.4,0,NA,Aspat_528
Aspat_529,ECT1,A. spathulata,Aspat,1,3,2022,North_Direction,-14.742997,145.51267,-14.742997,145.51267,colony GPS,10,1.3,-0.1,NA,Aspat_529
Aspat_530,ECT1,A. spathulata,Aspat,1,3,2022,North_Direction,-14.742995,145.51267,-14.742995,145.51267,colony GPS,10,1.3,-0.1,NA,Aspat_530
Aspat_531,ECT1,A. spathulata,Aspat,1,3,2022,North_Direction,-14.742986,145.512671,-14.742986,145.512671,colony GPS,10,1.3,0,NA,Aspat_531
Aspat_532,ECT1,A. spathulata,Aspat,1,3,2022,North_Direction,-14.74299,145.512689,-14.74299,145.512689,colony GPS,10,1.3,0,NA,Aspat_532
Aspat_533,ECT1,A. spathulata,Aspat,1,3,2022,North_Direction,-14.742997,145.512697,-14.742997,145.512697,colony GPS,10,1.3,0,NA,Aspat_533
Aspat_534,ECT1,A. spathulata,Aspat,1,3,2022,North_Direction,-14.742994,145.512701,-14.742994,145.512701,colony GPS,10,1.2,0,NA,Aspat_534
Aspat_535,ECT1,A. spathulata,Aspat,1,3,2022,North_Direction,-14.742995,145.512713,-14.742995,145.512713,colony GPS,10,1.2,0,NA,Aspat_535
Aspat_536,ECT1,A. spathulata,Aspat,1,3,2022,North_Direction,-14.742985,145.512732,-14.742985,145.512732,colony GPS,10,1.1,-0.1,NA,Aspat_536
Aspat_537,ECT1,A. spathulata,Aspat,1,3,2022,North_Direction,-14.742987,145.512719,-14.742987,145.512719,colony GPS,10,1.1,-0.1,NA,Aspat_537
Aspat_538,ECT1,A. spathulata,Aspat,1,3,2022,North_Direction,-14.742969,145.512715,-14.742969,145.512715,colony GPS,10,0.9,-0.2,NA,Aspat_538
Aspat_539,ECT1,A. spathulata,Aspat,2,3,2022,Martin,-14.780084,145.358902,-14.780084,145.358902,colony GPS,10,4.1,1.2,NA,Aspat_539
Aspat_540,ECT1,A. spathulata,Aspat,2,3,2022,Martin,-14.780096,145.358857,-14.780096,145.358857,colony GPS,10,4,1.2,NA,Aspat_540
Aspat_541,ECT1,A. spathulata,Aspat,2,3,2022,Martin,-14.780078,145.358833,-14.780078,145.358833,colony GPS,10,4,1.2,NA,Aspat_541
Aspat_542,ECT1,A. spathulata,Aspat,2,3,2022,Martin,-14.780076,145.35883,-14.780076,145.35883,colony GPS,10,3.9,1.1,NA,Aspat_542
Aspat_543,ECT1,A. spathulata,Aspat,2,3,2022,Martin,-14.780058,145.358815,-14.780058,145.358815,colony GPS,10,3.8,1,NA,Aspat_543
Aspat_544,ECT1,A. spathulata,Aspat,2,3,2022,Martin,-14.78004,145.358834,-14.78004,145.358834,colony GPS,10,3,0.2,NA,Aspat_544
Aspat_545,ECT1,A. spathulata,Aspat,2,3,2022,Martin,-14.780114,145.358814,-14.780114,145.358814,colony GPS,10,3.3,0.5,NA,Aspat_545
Aspat_546,ECT1,A. spathulata,Aspat,2,3,2022,Martin,-14.779999,145.358772,-14.779999,145.358772,colony GPS,10,2.7,-0.1,NA,Aspat_546
Aspat_547,ECT1,A. spathulata,Aspat,2,3,2022,Martin,-14.780018,145.358709,-14.780018,145.358709,colony GPS,10,2.5,-0.2,NA,Aspat_547
Aspat_548,ECT1,A. spathulata,Aspat,2,3,2022,Martin,-14.779949,145.358759,-14.779949,145.358759,colony GPS,10,2.8,0.1,NA,Aspat_548
Aspat_549,ECT1,A. spathulata,Aspat,2,3,2022,Martin,-14.779982,145.358715,-14.779982,145.358715,colony GPS,10,3.3,0.6,NA,Aspat_549
Aspat_550,ECT1,A. spathulata,Aspat,2,3,2022,Martin,-14.780038,145.3587,-14.780038,145.3587,colony GPS,10,3.3,0.6,NA,Aspat_550
Aspat_551,ECT1,A. spathulata,Aspat,2,3,2022,Martin,-14.780039,145.358655,-14.780039,145.358655,colony GPS,10,2.9,0.2,NA,Aspat_551
Aspat_552,ECT1,A. spathulata,Aspat,2,3,2022,Martin,-14.780026,145.358649,-14.780026,145.358649,colony GPS,10,2.8,0.2,NA,Aspat_552
Aspat_553,ECT1,A. spathulata,Aspat,2,3,2022,Martin,-14.780017,145.358635,-14.780017,145.358635,colony GPS,10,2.9,0.3,NA,Aspat_553
Aspat_554,ECT1,A. spathulata,Aspat,2,3,2022,Martin,-14.780013,145.358643,-14.780013,145.358643,colony GPS,10,3.1,0.4,NA,Aspat_554
Aspat_555,ECT1,A. spathulata,Aspat,2,3,2022,Martin,-14.780008,145.35864,-14.780008,145.35864,colony GPS,10,3.8,1.2,NA,Aspat_555
Aspat_556,ECT1,A. spathulata,Aspat,2,3,2022,Martin,-14.779961,145.358646,-14.779961,145.358646,colony GPS,10,2.5,-0.1,NA,Aspat_556
Aspat_557,ECT1,A. spathulata,Aspat,2,3,2022,Martin,-14.779979,145.358622,-14.779979,145.358622,colony GPS,10,2.6,0,NA,Aspat_557
Aspat_558,ECT1,A. spathulata,Aspat,2,3,2022,Martin,-14.779981,145.358601,-14.779981,145.358601,colony GPS,10,2.5,0,NA,Aspat_558
Aspat_559,ECT1,A. spathulata,Aspat,2,3,2022,Martin,-14.780057,145.358544,-14.780057,145.358544,colony GPS,10,2.8,0.3,NA,Aspat_559
Aspat_560,ECT1,A. spathulata,Aspat,2,3,2022,Martin,-14.78007,145.358492,-14.78007,145.358492,colony GPS,10,3.2,0.7,NA,Aspat_560
Aspat_561,ECT1,A. spathulata,Aspat,2,3,2022,Martin,-14.780039,145.358513,-14.780039,145.358513,colony GPS,10,2.5,0,NA,Aspat_561
Aspat_562,ECT1,A. spathulata,Aspat,2,3,2022,Martin,-14.780029,145.358953,-14.780029,145.358953,colony GPS,10,1.9,0.9,NA,Aspat_562
Aspat_563,ECT1,A. spathulata,Aspat,2,3,2022,Martin,-14.779994,145.358974,-14.779994,145.358974,colony GPS,10,1.3,0.4,NA,Aspat_563
Aspat_564,ECT1,A. spathulata,Aspat,2,3,2022,Martin,-14.779973,145.359,-14.779973,145.359,colony GPS,10,1.3,0.4,NA,Aspat_564
Aspat_565,ECT1,A. spathulata,Aspat,2,3,2022,Martin,-14.779959,145.359026,-14.779959,145.359026,colony GPS,10,1.8,0.9,NA,Aspat_565
Aspat_566,ECT1,A. spathulata,Aspat,2,3,2022,Martin,-14.779941,145.359033,-14.779941,145.359033,colony GPS,10,1.6,0.7,NA,Aspat_566
Aspat_567,ECT1,A. spathulata,Aspat,2,3,2022,Martin,-14.779934,145.359128,-14.779934,145.359128,colony GPS,10,1.7,0.8,NA,Aspat_567
Aspat_568,ECT1,A. spathulata,Aspat,2,3,2022,Martin,-14.77992,145.359144,-14.77992,145.359144,colony GPS,10,1.3,0.4,NA,Aspat_568
Aspat_569,ECT1,A. spathulata,Aspat,2,3,2022,Martin,-14.7799,145.359159,-14.7799,145.359159,colony GPS,10,3.8,1,NA,Aspat_569
Aspat_570,ECT1,A. spathulata,Aspat,2,3,2022,Martin,-14.779861,145.359173,-14.779861,145.359173,colony GPS,10,3.6,0.8,NA,Aspat_570
Aspat_571,ECT1,A. spathulata,Aspat,2,3,2022,Martin,-14.779832,145.359245,-14.779832,145.359245,colony GPS,10,3.4,0.6,NA,Aspat_571
Aspat_572,ECT1,A. spathulata,Aspat,2,3,2022,Martin,-14.779848,145.359258,-14.779848,145.359258,colony GPS,10,3.3,0.5,NA,Aspat_572
Aspat_573,ECT1,A. spathulata,Aspat,2,3,2022,Martin,-14.779941,145.359297,-14.779941,145.359297,colony GPS,10,3.1,0.3,NA,Aspat_573
Aspat_574,ECT1,A. spathulata,Aspat,2,3,2022,Martin,-14.779897,145.359313,-14.779897,145.359313,colony GPS,10,3.3,0.5,NA,Aspat_574
Aspat_575,ECT1,A. spathulata,Aspat,2,3,2022,Martin,-14.779902,145.359313,-14.779902,145.359313,colony GPS,10,3.3,0.5,NA,Aspat_575
Aspat_576,ECT1,A. spathulata,Aspat,2,3,2022,Martin,-14.779885,145.359329,-14.779885,145.359329,colony GPS,10,3.1,0.3,NA,Aspat_576
Aspat_577,ECT1,A. spathulata,Aspat,2,3,2022,Martin,-14.779871,145.359357,-14.779871,145.359357,colony GPS,10,2.6,-0.2,NA,Aspat_577
Aspat_578,ECT1,A. spathulata,Aspat,2,3,2022,Martin,-14.779905,145.359415,-14.779905,145.359415,colony GPS,10,2.9,0.1,NA,Aspat_578
Aspat_579,ECT1,A. spathulata,Aspat,2,3,2022,Martin,-14.779903,145.359425,-14.779903,145.359425,colony GPS,10,3,0.3,NA,Aspat_579
Aspat_580,ECT1,A. spathulata,Aspat,2,3,2022,Martin,-14.779884,145.359423,-14.779884,145.359423,colony GPS,10,3.5,0.8,NA,Aspat_580
Aspat_581,ECT1,A. spathulata,Aspat,2,3,2022,Martin,-14.77984,145.359423,-14.77984,145.359423,colony GPS,10,3.4,0.7,NA,Aspat_581
Aspat_582,ECT1,A. spathulata,Aspat,2,3,2022,Martin,-14.779821,145.359473,-14.779821,145.359473,colony GPS,10,3.2,0.5,NA,Aspat_582
Aspat_583,ECT1,A. spathulata,Aspat,2,3,2022,Martin,-14.779762,145.359547,-14.779762,145.359547,colony GPS,10,3.6,0.9,NA,Aspat_583
Aspat_584,ECT1,A. spathulata,Aspat,2,3,2022,Martin,-14.779761,145.359572,-14.779761,145.359572,colony GPS,10,3.3,0.6,NA,Aspat_584
Aspat_585,ECT1,A. spathulata,Aspat,2,3,2022,Martin,-14.779699,145.359733,-14.779699,145.359733,colony GPS,10,3.7,1.1,NA,Aspat_585
Aspat_586,ECT1,A. spathulata,Aspat,2,3,2022,Martin,-14.780121,145.358541,-14.780121,145.358541,colony GPS,10,3.7,1.1,NA,Aspat_586
Aspat_587,ECT1,A. spathulata,Aspat,2,3,2022,Martin,-14.7801,145.358501,-14.7801,145.358501,colony GPS,10,3.5,0.9,NA,Aspat_587
Aspat_588,ECT1,A. spathulata,Aspat,2,3,2022,Martin,-14.780056,145.358422,-14.780056,145.358422,colony GPS,10,3.5,0.9,NA,Aspat_588
Aspat_589,ECT1,A. spathulata,Aspat,2,3,2022,Martin,-14.780109,145.358393,-14.780109,145.358393,colony GPS,10,3.4,0.8,NA,Aspat_589
Aspat_590,ECT1,A. spathulata,Aspat,2,3,2022,Martin,-14.780139,145.358351,-14.780139,145.358351,colony GPS,10,3.4,0.9,NA,Aspat_590
Aspat_591,ECT1,A. spathulata,Aspat,2,3,2022,Martin,-14.780142,145.358348,-14.780142,145.358348,colony GPS,10,3.3,0.8,NA,Aspat_591
Aspat_592,ECT1,A. spathulata,Aspat,2,3,2022,Martin,-14.780162,145.358309,-14.780162,145.358309,colony GPS,10,3.3,0.8,NA,Aspat_592
Aspat_593,ECT1,A. spathulata,Aspat,2,3,2022,Martin,-14.780093,145.358165,-14.780093,145.358165,colony GPS,10,1.6,0.8,NA,Aspat_593
Aspat_594,ECT1,A. spathulata,Aspat,2,3,2022,Martin,-14.780077,145.358147,-14.780077,145.358147,colony GPS,10,1.2,0.4,NA,Aspat_594
Aspat_595,ECT1,A. spathulata,Aspat,2,3,2022,Martin,-14.780078,145.358134,-14.780078,145.358134,colony GPS,10,1.5,0.7,NA,Aspat_595
Aspat_596,ECT1,A. spathulata,Aspat,2,3,2022,Martin,-14.780086,145.358066,-14.780086,145.358066,colony GPS,10,1.4,0.6,NA,Aspat_596
Aspat_597,ECT1,A. spathulata,Aspat,2,3,2022,Martin,-14.78007,145.358059,-14.78007,145.358059,colony GPS,10,1.2,0.4,NA,Aspat_597
Aspat_598,ECT1,A. spathulata,Aspat,2,3,2022,Martin,-14.780034,145.357997,-14.780034,145.357997,colony GPS,10,1,0.2,NA,Aspat_598
Aspat_599,ECT1,A. spathulata,Aspat,3,3,2022,No_Name,-14.651159,145.638351,-14.651159,145.638351,colony GPS,10,4.5,2,NA,Aspat_599
Aspat_600,ECT1,A. spathulata,Aspat,3,3,2022,No_Name,-14.651118,145.638346,-14.651118,145.638346,colony GPS,10,4.9,2.4,NA,Aspat_600
Aspat_601,ECT1,A. spathulata,Aspat,3,3,2022,No_Name,-14.651131,145.638398,-14.651131,145.638398,colony GPS,10,5.4,2.9,NA,Aspat_601
Aspat_602,ECT1,A. spathulata,Aspat,3,3,2022,No_Name,-14.651076,145.638429,-14.651076,145.638429,colony GPS,10,3.8,1.3,NA,Aspat_602
Aspat_603,ECT1,A. spathulata,Aspat,3,3,2022,No_Name,-14.651058,145.638442,-14.651058,145.638442,colony GPS,10,4.4,1.9,NA,Aspat_603
Aspat_604,ECT1,A. spathulata,Aspat,3,3,2022,No_Name,-14.651071,145.638462,-14.651071,145.638462,colony GPS,10,4.2,1.7,NA,Aspat_604
Aspat_605,ECT1,A. spathulata,Aspat,3,3,2022,No_Name,-14.651021,145.638478,-14.651021,145.638478,colony GPS,10,3.5,1,NA,Aspat_605
Aspat_606,ECT1,A. spathulata,Aspat,3,3,2022,No_Name,-14.651033,145.638499,-14.651033,145.638499,colony GPS,10,5.5,3,NA,Aspat_606
Aspat_607,ECT1,A. spathulata,Aspat,3,3,2022,No_Name,-14.650986,145.638495,-14.650986,145.638495,colony GPS,10,3.1,0.6,NA,Aspat_607
Aspat_608,ECT1,A. spathulata,Aspat,3,3,2022,No_Name,-14.650954,145.638451,-14.650954,145.638451,colony GPS,10,2.9,0.4,NA,Aspat_608
Aspat_609,ECT1,A. spathulata,Aspat,3,3,2022,No_Name,-14.650948,145.638461,-14.650948,145.638461,colony GPS,10,2.9,0.4,NA,Aspat_609
Aspat_610,ECT1,A. spathulata,Aspat,3,3,2022,No_Name,-14.650922,145.638477,-14.650922,145.638477,colony GPS,10,2.6,0.1,NA,Aspat_610
Aspat_611,ECT1,A. spathulata,Aspat,3,3,2022,No_Name,-14.65089,145.638455,-14.65089,145.638455,colony GPS,10,2.8,0.3,NA,Aspat_611
Aspat_612,ECT1,A. spathulata,Aspat,3,3,2022,No_Name,-14.650928,145.638471,-14.650928,145.638471,colony GPS,10,2.7,0.2,NA,Aspat_612
Aspat_613,ECT1,A. spathulata,Aspat,3,3,2022,No_Name,-14.650919,145.638458,-14.650919,145.638458,colony GPS,10,2.8,0.3,NA,Aspat_613
Aspat_614,ECT1,A. spathulata,Aspat,3,3,2022,No_Name,-14.650953,145.63847,-14.650953,145.63847,colony GPS,10,2.6,0.1,NA,Aspat_614
Aspat_615,ECT1,A. spathulata,Aspat,3,3,2022,No_Name,-14.650938,145.638409,-14.650938,145.638409,colony GPS,10,2.8,0.3,NA,Aspat_615
Aspat_616,ECT1,A. spathulata,Aspat,3,3,2022,No_Name,-14.650937,145.638408,-14.650937,145.638408,colony GPS,10,2.8,0.3,NA,Aspat_616
Aspat_617,ECT1,A. spathulata,Aspat,3,3,2022,No_Name,-14.65096,145.638414,-14.65096,145.638414,colony GPS,10,2.6,0.1,NA,Aspat_617
Aspat_618,ECT1,A. spathulata,Aspat,3,3,2022,No_Name,-14.650954,145.638411,-14.650954,145.638411,colony GPS,10,2.8,0.3,NA,Aspat_618
Aspat_619,ECT1,A. spathulata,Aspat,3,3,2022,No_Name,-14.650949,145.638396,-14.650949,145.638396,colony GPS,10,2.7,0.2,NA,Aspat_619
Aspat_620,ECT1,A. spathulata,Aspat,3,3,2022,No_Name,-14.650998,145.638434,-14.650998,145.638434,colony GPS,10,2.6,0.1,NA,Aspat_620
Aspat_621,ECT1,A. spathulata,Aspat,3,3,2022,No_Name,-14.650997,145.638415,-14.650997,145.638415,colony GPS,10,2.6,0.1,NA,Aspat_621
Aspat_622,ECT1,A. spathulata,Aspat,3,3,2022,No_Name,-14.651201,145.638293,-14.651201,145.638293,colony GPS,10,6,3.6,NA,Aspat_622
Aspat_623,ECT1,A. spathulata,Aspat,3,3,2022,No_Name,-14.6512,145.638224,-14.6512,145.638224,colony GPS,10,6,3.6,NA,Aspat_623
Aspat_624,ECT1,A. spathulata,Aspat,3,3,2022,No_Name,-14.651162,145.638217,-14.651162,145.638217,colony GPS,10,5.8,3.3,NA,Aspat_624
Aspat_625,ECT1,A. spathulata,Aspat,3,3,2022,No_Name,-14.651146,145.638232,-14.651146,145.638232,colony GPS,10,5.3,2.8,NA,Aspat_625
Aspat_626,ECT1,A. spathulata,Aspat,3,3,2022,No_Name,-14.651045,145.638315,-14.651045,145.638315,colony GPS,10,3.3,0.8,NA,Aspat_626
Aspat_627,ECT1,A. spathulata,Aspat,3,3,2022,No_Name,-14.651014,145.638331,-14.651014,145.638331,colony GPS,10,2.8,0.3,NA,Aspat_627
Aspat_628,ECT1,A. spathulata,Aspat,3,3,2022,No_Name,-14.650944,145.638312,-14.650944,145.638312,colony GPS,10,2.9,0.4,NA,Aspat_628
Aspat_629,ECT1,A. spathulata,Aspat,3,3,2022,No_Name,-14.650926,145.638278,-14.650926,145.638278,colony GPS,10,2.6,0.1,NA,Aspat_629
Aspat_630,ECT1,A. spathulata,Aspat,3,3,2022,No_Name,-14.650905,145.638249,-14.650905,145.638249,colony GPS,10,3,0.5,NA,Aspat_630
Aspat_631,ECT1,A. spathulata,Aspat,3,3,2022,No_Name,-14.650885,145.638248,-14.650885,145.638248,colony GPS,10,2.8,0.3,NA,Aspat_631
Aspat_632,ECT1,A. spathulata,Aspat,3,3,2022,No_Name,-14.65091,145.638211,-14.65091,145.638211,colony GPS,10,4,1.5,NA,Aspat_632
Aspat_633,ECT1,A. spathulata,Aspat,3,3,2022,No_Name,-14.650916,145.638216,-14.650916,145.638216,colony GPS,10,3.9,1.4,NA,Aspat_633
Aspat_634,ECT1,A. spathulata,Aspat,3,3,2022,No_Name,-14.650912,145.638227,-14.650912,145.638227,colony GPS,10,3.9,1.4,NA,Aspat_634
Aspat_635,ECT1,A. spathulata,Aspat,3,3,2022,No_Name,-14.650911,145.638238,-14.650911,145.638238,colony GPS,10,3,0.5,NA,Aspat_635
Aspat_636,ECT1,A. spathulata,Aspat,3,3,2022,No_Name,-14.65091,145.638233,-14.65091,145.638233,colony GPS,10,3,0.5,NA,Aspat_636
Aspat_637,ECT1,A. spathulata,Aspat,3,3,2022,No_Name,-14.65086,145.638305,-14.65086,145.638305,colony GPS,10,2.6,0.1,NA,Aspat_637
Aspat_638,ECT1,A. spathulata,Aspat,3,3,2022,No_Name,-14.650802,145.63836,-14.650802,145.63836,colony GPS,10,3.5,1,NA,Aspat_638
Aspat_639,ECT1,A. spathulata,Aspat,3,3,2022,No_Name,-14.650828,145.638419,-14.650828,145.638419,colony GPS,10,2.3,-0.2,NA,Aspat_639
Aspat_640,ECT1,A. spathulata,Aspat,3,3,2022,No_Name,-14.650853,145.638456,-14.650853,145.638456,colony GPS,10,2.5,0,NA,Aspat_640
Aspat_641,ECT1,A. spathulata,Aspat,3,3,2022,No_Name,-14.650855,145.638471,-14.650855,145.638471,colony GPS,10,2.8,0.3,NA,Aspat_641
Aspat_642,ECT1,A. spathulata,Aspat,3,3,2022,No_Name,-14.65088,145.638513,-14.65088,145.638513,colony GPS,10,3.1,0.6,NA,Aspat_642
Aspat_643,ECT1,A. spathulata,Aspat,3,3,2022,No_Name,-14.650851,145.638511,-14.650851,145.638511,colony GPS,10,4.2,1.7,NA,Aspat_643
Aspat_644,ECT1,A. spathulata,Aspat,3,3,2022,No_Name,-14.65106,145.638459,-14.65106,145.638459,colony GPS,10,3.8,1.3,NA,Aspat_644
Aspat_645,ECT1,A. spathulata,Aspat,3,3,2022,No_Name,-14.651079,145.638409,-14.651079,145.638409,colony GPS,10,3.2,0.7,NA,Aspat_645
Aspat_646,ECT1,A. spathulata,Aspat,3,3,2022,No_Name,-14.651089,145.638403,-14.651089,145.638403,colony GPS,10,3.1,0.6,NA,Aspat_646
Aspat_647,ECT1,A. spathulata,Aspat,3,3,2022,No_Name,-14.651097,145.638401,-14.651097,145.638401,colony GPS,10,3.4,0.9,NA,Aspat_647
Aspat_648,ECT1,A. spathulata,Aspat,3,3,2022,No_Name,-14.651094,145.638389,-14.651094,145.638389,colony GPS,10,4,1.5,NA,Aspat_648
Aspat_649,ECT1,A. spathulata,Aspat,3,3,2022,No_Name,-14.651103,145.638376,-14.651103,145.638376,colony GPS,10,3.7,1.2,NA,Aspat_649
Aspat_650,ECT1,A. spathulata,Aspat,3,3,2022,No_Name,-14.6511,145.638356,-14.6511,145.638356,colony GPS,10,4.4,1.9,NA,Aspat_650
Aspat_651,ECT1,A. spathulata,Aspat,3,3,2022,No_Name,-14.65113,145.63841,-14.65113,145.63841,colony GPS,10,5.9,3.4,NA,Aspat_651
Ahya_277_R2022,ECT1,A. hyacinthus,Ahya,4,3,2022,Mackay,-16.03818507,145.6518647,-16.03818507,145.6518647,colony GPS,10,0.6,-0.9,NA,Ahya_277_R2022
Ahya_278_R2022,ECT1,A. hyacinthus,Ahya,4,3,2022,Mackay,-16.03825422,145.6518467,-16.03825422,145.6518467,colony GPS,10,2.7,0,NA,Ahya_278_R2022
Ahya_280_R2022,ECT1,A. hyacinthus,Ahya,4,3,2022,Mackay,-16.03823947,145.6519349,-16.03823947,145.6519349,colony GPS,10,0.7,-1.1,NA,Ahya_280_R2022
Ahya_281_R2022,ECT1,A. hyacinthus,Ahya,4,3,2022,Mackay,-16.03826235,145.6519396,-16.03826235,145.6519396,colony GPS,10,2.1,-0.7,NA,Ahya_281_R2022
Ahya_284_R2022,ECT1,A. hyacinthus,Ahya,4,3,2022,Mackay,-16.0383491,145.6520631,-16.0383491,145.6520631,colony GPS,10,1.9,-0.9,NA,Ahya_284_R2022
Ahya_289_R2022,ECT1,A. hyacinthus,Ahya,4,3,2022,Mackay,-16.03817912,145.6521183,-16.03817912,145.6521183,colony GPS,10,0.6,-1.1,NA,Ahya_289_R2022
Ahya_291_R2022,ECT1,A. hyacinthus,Ahya,4,3,2022,Mackay,-16.03820452,145.6522014,-16.03820452,145.6522014,colony GPS,10,1.9,-1,NA,Ahya_291_R2022
Ahya_292_R2022,ECT1,A. hyacinthus,Ahya,4,3,2022,Mackay,-16.0382103,145.652194,-16.0382103,145.652194,colony GPS,10,2,-0.9,NA,Ahya_292_R2022
Ahya_294_R2022,ECT1,A. hyacinthus,Ahya,4,3,2022,Mackay,-16.03826604,145.6522356,-16.03826604,145.6522356,colony GPS,10,2.5,-0.4,NA,Ahya_294_R2022
Ahya_300_R2022,ECT1,A. hyacinthus,Ahya,4,3,2022,Mackay,-16.03854071,145.6527676,-16.03854071,145.6527676,colony GPS,10,0.8,-0.8,NA,Ahya_300_R2022
Ahya_787,ECT1,A. hyacinthus,Ahya,4,3,2022,Mackay,-16.03845555,145.6515125,-16.03845555,145.6515125,colony GPS,NA,2.3,-0.2,NA,Ahya_787
Ahya_788,ECT1,A. hyacinthus,Ahya,4,3,2022,Mackay,-16.03839244,145.6514789,-16.03839244,145.6514789,colony GPS,NA,2.2,-0.4,NA,Ahya_788
Ahya_789,ECT1,A. hyacinthus,Ahya,4,3,2022,Mackay,-16.03829345,145.651513,-16.03829345,145.651513,colony GPS,NA,2,-0.6,NA,Ahya_789
Ahya_790,ECT1,A. hyacinthus,Ahya,4,3,2022,Mackay,-16.0382973,145.6515919,-16.0382973,145.6515919,colony GPS,NA,2.3,-0.3,NA,Ahya_790
Ahya_791,ECT1,A. hyacinthus,Ahya,4,3,2022,Mackay,-16.03820896,145.6516917,-16.03820896,145.6516917,colony GPS,NA,2,-0.6,NA,Ahya_791
Ahya_792,ECT1,A. hyacinthus,Ahya,4,3,2022,Mackay,-16.03821072,145.6517553,-16.03821072,145.6517553,colony GPS,NA,1.8,-0.9,NA,Ahya_792
Ahya_793,ECT1,A. hyacinthus,Ahya,4,3,2022,Mackay,-16.03820401,145.6519852,-16.03820401,145.6519852,colony GPS,NA,2.8,0,NA,Ahya_793
Ahya_794,ECT1,A. hyacinthus,Ahya,4,3,2022,Mackay,-16.0382455,145.6518697,-16.0382455,145.6518697,colony GPS,NA,1.9,-0.9,NA,Ahya_794
Ahya_795,ECT1,A. hyacinthus,Ahya,4,3,2022,Mackay,-16.03821709,145.6518557,-16.03821709,145.6518557,colony GPS,NA,2.1,-0.7,NA,Ahya_795
Ahya_796,ECT1,A. hyacinthus,Ahya,4,3,2022,Mackay,-16.03826755,145.6520129,-16.03826755,145.6520129,colony GPS,NA,1.9,-0.9,NA,Ahya_796
Aspat_652,ECT1,A. spathulata,Aspat,4,3,2022,Mackay,-16.038632,145.651362,-16.038632,145.651362,colony GPS,10,2.5,0,NA,Aspat_652
Aspat_653,ECT1,A. spathulata,Aspat,4,3,2022,Mackay,-16.038646,145.651393,-16.038646,145.651393,colony GPS,10,2.3,-0.2,NA,Aspat_653
Aspat_654,ECT1,A. spathulata,Aspat,4,3,2022,Mackay,-16.038669,145.651398,-16.038669,145.651398,colony GPS,10,2.2,-0.4,NA,Aspat_654
Aspat_655,ECT1,A. spathulata,Aspat,4,3,2022,Mackay,-16.038696,145.651379,-16.038696,145.651379,colony GPS,10,2.2,-0.4,NA,Aspat_655
Aspat_656,ECT1,A. spathulata,Aspat,4,3,2022,Mackay,-16.03871,145.651384,-16.03871,145.651384,colony GPS,10,2.1,-0.5,NA,Aspat_656
Aspat_657,ECT1,A. spathulata,Aspat,4,3,2022,Mackay,-16.038723,145.651377,-16.038723,145.651377,colony GPS,10,2.3,-0.3,NA,Aspat_657
Aspat_658,ECT1,A. spathulata,Aspat,4,3,2022,Mackay,-16.038737,145.651368,-16.038737,145.651368,colony GPS,10,2.3,-0.3,NA,Aspat_658
Aspat_659,ECT1,A. spathulata,Aspat,4,3,2022,Mackay,-16.038754,145.651355,-16.038754,145.651355,colony GPS,10,2.4,-0.2,NA,Aspat_659
Aspat_660,ECT1,A. spathulata,Aspat,4,3,2022,Mackay,-16.038734,145.65131,-16.038734,145.65131,colony GPS,10,2.4,-0.2,NA,Aspat_660
Aspat_661,ECT1,A. spathulata,Aspat,4,3,2022,Mackay,-16.038726,145.651299,-16.038726,145.651299,colony GPS,10,2.2,-0.5,NA,Aspat_661
Aspat_662,ECT1,A. spathulata,Aspat,4,3,2022,Mackay,-16.038702,145.651301,-16.038702,145.651301,colony GPS,10,2.6,-0.1,NA,Aspat_662
Aspat_663,ECT1,A. spathulata,Aspat,4,3,2022,Mackay,-16.038701,145.651265,-16.038701,145.651265,colony GPS,10,3.2,0.5,NA,Aspat_663
Aspat_664,ECT1,A. spathulata,Aspat,4,3,2022,Mackay,-16.038695,145.651277,-16.038695,145.651277,colony GPS,10,3,0.3,NA,Aspat_664
Aspat_665,ECT1,A. spathulata,Aspat,4,3,2022,Mackay,-16.038721,145.651278,-16.038721,145.651278,colony GPS,10,2.5,-0.2,NA,Aspat_665
Aspat_666,ECT1,A. spathulata,Aspat,4,3,2022,Mackay,-16.03873,145.65128,-16.03873,145.65128,colony GPS,10,2.1,-0.6,NA,Aspat_666
Aspat_667,ECT1,A. spathulata,Aspat,4,3,2022,Mackay,-16.038732,145.651283,-16.038732,145.651283,colony GPS,10,2.4,-0.3,NA,Aspat_667
Aspat_668,ECT1,A. spathulata,Aspat,4,3,2022,Mackay,-16.038734,145.651261,-16.038734,145.651261,colony GPS,10,2.9,0.2,NA,Aspat_668
Aspat_669,ECT1,A. spathulata,Aspat,4,3,2022,Mackay,-16.038732,145.651241,-16.038732,145.651241,colony GPS,10,3.2,0.5,NA,Aspat_669
Aspat_670,ECT1,A. spathulata,Aspat,4,3,2022,Mackay,-16.038752,145.65123,-16.038752,145.65123,colony GPS,10,2.9,0.1,NA,Aspat_670
Aspat_671,ECT1,A. spathulata,Aspat,4,3,2022,Mackay,-16.038768,145.651189,-16.038768,145.651189,colony GPS,10,2.8,0,NA,Aspat_671
Aspat_672,ECT1,A. spathulata,Aspat,4,3,2022,Mackay,-16.038776,145.651205,-16.038776,145.651205,colony GPS,10,2.4,-0.4,NA,Aspat_672
Aspat_673,ECT1,A. spathulata,Aspat,4,3,2022,Mackay,-16.038794,145.651201,-16.038794,145.651201,colony GPS,10,2.5,-0.3,NA,Aspat_673
Aspat_674,ECT1,A. spathulata,Aspat,4,3,2022,Mackay,-16.038782,145.651236,-16.038782,145.651236,colony GPS,10,2.5,-0.3,NA,Aspat_674
Aspat_675,ECT1,A. spathulata,Aspat,4,3,2022,Mackay,-16.038773,145.65127,-16.038773,145.65127,colony GPS,10,2.3,-0.5,NA,Aspat_675
Aspat_676,ECT1,A. spathulata,Aspat,4,3,2022,Mackay,-16.03877,145.651254,-16.03877,145.651254,colony GPS,10,2.4,-0.4,NA,Aspat_676
Aspat_677,ECT1,A. spathulata,Aspat,4,3,2022,Mackay,-16.038773,145.65131,-16.038773,145.65131,colony GPS,10,2.3,-0.5,NA,Aspat_677
Aspat_678,ECT1,A. spathulata,Aspat,4,3,2022,Mackay,-16.038784,145.651278,-16.038784,145.651278,colony GPS,10,2.3,-0.5,NA,Aspat_678
Aspat_679,ECT1,A. spathulata,Aspat,4,3,2022,Mackay,-16.038811,145.651235,-16.038811,145.651235,colony GPS,10,2.4,-0.5,NA,Aspat_679
Aspat_680,ECT1,A. spathulata,Aspat,4,3,2022,Mackay,-16.038828,145.651238,-16.038828,145.651238,colony GPS,10,2.4,-0.5,NA,Aspat_680
Aspat_681,ECT1,A. spathulata,Aspat,4,3,2022,Mackay,-16.038837,145.651247,-16.038837,145.651247,colony GPS,10,2.5,-0.4,NA,Aspat_681
Aspat_682,ECT1,A. spathulata,Aspat,4,3,2022,Mackay,-16.038842,145.651248,-16.038842,145.651248,colony GPS,10,2.3,-0.6,NA,Aspat_682
Aspat_683,ECT1,A. spathulata,Aspat,4,3,2022,Mackay,-16.038856,145.65124,-16.038856,145.65124,colony GPS,10,2.4,-0.5,NA,Aspat_683
Aspat_684,ECT1,A. spathulata,Aspat,4,3,2022,Mackay,-16.038863,145.651225,-16.038863,145.651225,colony GPS,10,2.3,-0.6,NA,Aspat_684
Aspat_685,ECT1,A. spathulata,Aspat,4,3,2022,Mackay,-16.038867,145.651216,-16.038867,145.651216,colony GPS,10,2.4,-0.5,NA,Aspat_685
Aspat_686,ECT1,A. spathulata,Aspat,4,3,2022,Mackay,-16.038865,145.651194,-16.038865,145.651194,colony GPS,10,2.1,-0.8,NA,Aspat_686
Aspat_687,ECT1,A. spathulata,Aspat,4,3,2022,Mackay,-16.038871,145.651172,-16.038871,145.651172,colony GPS,10,2.2,-0.7,NA,Aspat_687
Aspat_688,ECT1,A. spathulata,Aspat,4,3,2022,Mackay,-16.038874,145.65117,-16.038874,145.65117,colony GPS,10,2,-0.9,NA,Aspat_688
Aspat_689,ECT1,A. spathulata,Aspat,4,3,2022,Mackay,-16.038878,145.651151,-16.038878,145.651151,colony GPS,10,2.3,-0.6,NA,Aspat_689
Aspat_690,ECT1,A. spathulata,Aspat,4,3,2022,Mackay,-16.038882,145.65113,-16.038882,145.65113,colony GPS,10,2.2,-0.7,NA,Aspat_690
Aspat_691,ECT1,A. spathulata,Aspat,4,3,2022,Mackay,-16.038896,145.651138,-16.038896,145.651138,colony GPS,10,2.1,-0.8,NA,Aspat_691
Aspat_692,ECT1,A. spathulata,Aspat,4,3,2022,Mackay,-16.038913,145.651157,-16.038913,145.651157,colony GPS,10,2.1,-0.8,NA,Aspat_692
Aspat_693,ECT1,A. spathulata,Aspat,4,3,2022,Mackay,-16.038921,145.651154,-16.038921,145.651154,colony GPS,10,2.3,-0.6,NA,Aspat_693
Aspat_694,ECT1,A. spathulata,Aspat,4,3,2022,Mackay,-16.038916,145.651136,-16.038916,145.651136,colony GPS,10,2,-0.9,NA,Aspat_694
Aspat_695,ECT1,A. spathulata,Aspat,4,3,2022,Mackay,-16.038918,145.651119,-16.038918,145.651119,colony GPS,10,2.1,-0.8,NA,Aspat_695
Aspat_696,ECT1,A. spathulata,Aspat,4,3,2022,Mackay,-16.03891,145.651106,-16.03891,145.651106,colony GPS,10,2.2,-0.7,NA,Aspat_696
Aspat_697,ECT1,A. spathulata,Aspat,4,3,2022,Mackay,-16.03864,145.651321,-16.03864,145.651321,colony GPS,10,1.8,0,NA,Aspat_697
Aspat_698,ECT1,A. spathulata,Aspat,4,3,2022,Mackay,-16.03868,145.651315,-16.03868,145.651315,colony GPS,10,1.5,-0.3,NA,Aspat_698
Aspat_699,ECT1,A. spathulata,Aspat,4,3,2022,Mackay,-16.038748,145.651243,-16.038748,145.651243,colony GPS,10,2.4,0.6,NA,Aspat_699
Aspat_700,ECT1,A. spathulata,Aspat,4,3,2022,Mackay,-16.038729,145.651233,-16.038729,145.651233,colony GPS,10,2.4,0.7,NA,Aspat_700
Aspat_701,ECT1,A. spathulata,Aspat,4,3,2022,Mackay,-16.038777,145.651192,-16.038777,145.651192,colony GPS,10,1.9,0.2,NA,Aspat_701
Aspat_702,ECT1,A. spathulata,Aspat,4,3,2022,Mackay,-16.038775,145.651189,-16.038775,145.651189,colony GPS,10,2.1,0.4,NA,Aspat_702
Aspat_703,ECT1,A. spathulata,Aspat,4,3,2022,Mackay,-16.03878,145.651111,-16.03878,145.651111,colony GPS,10,2.8,1.1,NA,Aspat_703
Aspat_704,ECT1,A. spathulata,Aspat,4,3,2022,Mackay,-16.038796,145.651102,-16.038796,145.651102,colony GPS,10,1.8,0.1,NA,Aspat_704
Aspat_705,ECT1,A. spathulata,Aspat,4,3,2022,Mackay,-16.03883,145.651114,-16.03883,145.651114,colony GPS,10,1.3,-0.3,NA,Aspat_705
Aspat_706,ECT1,A. spathulata,Aspat,4,3,2022,Mackay,-16.038872,145.651099,-16.038872,145.651099,colony GPS,10,1.5,-0.1,NA,Aspat_706
Aspat_707,ECT1,A. spathulata,Aspat,4,3,2022,Mackay,-16.03886,145.651099,-16.03886,145.651099,colony GPS,10,1.9,0.3,NA,Aspat_707
Aspat_708,ECT1,A. spathulata,Aspat,4,3,2022,Mackay,-16.038861,145.651089,-16.038861,145.651089,colony GPS,10,1.5,-0.1,NA,Aspat_708
Aspat_709,ECT1,A. spathulata,Aspat,4,3,2022,Mackay,-16.03887,145.651082,-16.03887,145.651082,colony GPS,10,2,0.4,NA,Aspat_709
Aspat_710,ECT1,A. spathulata,Aspat,4,3,2022,Mackay,-16.038871,145.651063,-16.038871,145.651063,colony GPS,10,2.3,0.8,NA,Aspat_710
Aspat_711,ECT1,A. spathulata,Aspat,4,3,2022,Mackay,-16.038926,145.651066,-16.038926,145.651066,colony GPS,10,1.7,0.2,NA,Aspat_711
Aspat_712,ECT1,A. spathulata,Aspat,5,3,2022,St_Crispin,-16.075005,145.844256,-16.075005,145.844256,colony GPS,10,2.4,0,NA,Aspat_712
Aspat_713,ECT1,A. spathulata,Aspat,5,3,2022,St_Crispin,-16.074997,145.844294,-16.074997,145.844294,colony GPS,10,2.2,-0.2,NA,Aspat_713
Aspat_714,ECT1,A. spathulata,Aspat,5,3,2022,St_Crispin,-16.075025,145.844333,-16.075025,145.844333,colony GPS,10,1.9,-0.5,NA,Aspat_714
Aspat_715,ECT1,A. spathulata,Aspat,5,3,2022,St_Crispin,-16.075047,145.844359,-16.075047,145.844359,colony GPS,10,1.9,-0.5,NA,Aspat_715
Aspat_716,ECT1,A. spathulata,Aspat,5,3,2022,St_Crispin,-16.075046,145.844377,-16.075046,145.844377,colony GPS,10,2,-0.4,NA,Aspat_716
Aspat_717,ECT1,A. spathulata,Aspat,5,3,2022,St_Crispin,-16.07507,145.844414,-16.07507,145.844414,colony GPS,10,1.8,-0.7,NA,Aspat_717
Aspat_718,ECT1,A. spathulata,Aspat,5,3,2022,St_Crispin,-16.075083,145.844422,-16.075083,145.844422,colony GPS,10,1.9,-0.6,NA,Aspat_718
Aspat_719,ECT1,A. spathulata,Aspat,5,3,2022,St_Crispin,-16.075094,145.844439,-16.075094,145.844439,colony GPS,10,1.8,-0.7,NA,Aspat_719
Aspat_720,ECT1,A. spathulata,Aspat,5,3,2022,St_Crispin,-16.075092,145.844421,-16.075092,145.844421,colony GPS,10,1.7,-0.8,NA,Aspat_720
Aspat_721,ECT1,A. spathulata,Aspat,5,3,2022,St_Crispin,-16.07511,145.844413,-16.07511,145.844413,colony GPS,10,2.1,-0.4,NA,Aspat_721
Aspat_722,ECT1,A. spathulata,Aspat,5,3,2022,St_Crispin,-16.075125,145.844392,-16.075125,145.844392,colony GPS,10,2,-0.5,NA,Aspat_722
Aspat_723,ECT1,A. spathulata,Aspat,5,3,2022,St_Crispin,-16.075131,145.844398,-16.075131,145.844398,colony GPS,10,2,-0.5,NA,Aspat_723
Aspat_724,ECT1,A. spathulata,Aspat,5,3,2022,St_Crispin,-16.075139,145.844392,-16.075139,145.844392,colony GPS,10,2.1,-0.4,NA,Aspat_724
Aspat_725,ECT1,A. spathulata,Aspat,5,3,2022,St_Crispin,-16.075197,145.844442,-16.075197,145.844442,colony GPS,10,2,-0.5,NA,Aspat_725
Aspat_726,ECT1,A. spathulata,Aspat,5,3,2022,St_Crispin,-16.075199,145.844456,-16.075199,145.844456,colony GPS,10,2,-0.6,NA,Aspat_726
Aspat_727,ECT1,A. spathulata,Aspat,5,3,2022,St_Crispin,-16.0752,145.844456,-16.0752,145.844456,colony GPS,10,2,-0.6,NA,Aspat_727
Aspat_728,ECT1,A. spathulata,Aspat,5,3,2022,St_Crispin,-16.075214,145.844475,-16.075214,145.844475,colony GPS,10,2.2,-0.4,NA,Aspat_728
Aspat_729,ECT1,A. spathulata,Aspat,5,3,2022,St_Crispin,-16.07523,145.844479,-16.07523,145.844479,colony GPS,10,2.1,-0.5,NA,Aspat_729
Aspat_730,ECT1,A. spathulata,Aspat,5,3,2022,St_Crispin,-16.07525,145.844473,-16.07525,145.844473,colony GPS,10,1.9,-0.7,NA,Aspat_730
Aspat_731,ECT1,A. spathulata,Aspat,5,3,2022,St_Crispin,-16.07525,145.844471,-16.07525,145.844471,colony GPS,10,2,-0.6,NA,Aspat_731
Aspat_732,ECT1,A. spathulata,Aspat,5,3,2022,St_Crispin,-16.075257,145.84445,-16.075257,145.84445,colony GPS,10,2.1,-0.5,NA,Aspat_732
Aspat_733,ECT1,A. spathulata,Aspat,5,3,2022,St_Crispin,-16.075291,145.844421,-16.075291,145.844421,colony GPS,10,2,-0.6,NA,Aspat_733
Aspat_734,ECT1,A. spathulata,Aspat,5,3,2022,St_Crispin,-16.075277,145.844403,-16.075277,145.844403,colony GPS,10,2.1,-0.5,NA,Aspat_734
Aspat_735,ECT1,A. spathulata,Aspat,5,3,2022,St_Crispin,-16.075248,145.84441,-16.075248,145.84441,colony GPS,10,1.9,-0.7,NA,Aspat_735
Aspat_736,ECT1,A. spathulata,Aspat,5,3,2022,St_Crispin,-16.075232,145.844359,-16.075232,145.844359,colony GPS,10,2.3,-0.3,NA,Aspat_736
Aspat_737,ECT1,A. spathulata,Aspat,5,3,2022,St_Crispin,-16.075242,145.844347,-16.075242,145.844347,colony GPS,10,2.1,-0.5,NA,Aspat_737
Aspat_738,ECT1,A. spathulata,Aspat,5,3,2022,St_Crispin,-16.07523,145.844334,-16.07523,145.844334,colony GPS,10,2.2,-0.4,NA,Aspat_738
Aspat_739,ECT1,A. spathulata,Aspat,5,3,2022,St_Crispin,-16.075254,145.844307,-16.075254,145.844307,colony GPS,10,2.2,-0.4,NA,Aspat_739
Aspat_740,ECT1,A. spathulata,Aspat,5,3,2022,St_Crispin,-16.075261,145.844333,-16.075261,145.844333,colony GPS,10,1.8,-0.8,NA,Aspat_740
Aspat_741,ECT1,A. spathulata,Aspat,5,3,2022,St_Crispin,-16.075279,145.844342,-16.075279,145.844342,colony GPS,10,1.9,-0.7,NA,Aspat_741
Aspat_742,ECT1,A. spathulata,Aspat,5,3,2022,St_Crispin,-16.075276,145.844343,-16.075276,145.844343,colony GPS,10,1.9,-0.7,NA,Aspat_742
Aspat_743,ECT1,A. spathulata,Aspat,5,3,2022,St_Crispin,-16.075287,145.844367,-16.075287,145.844367,colony GPS,10,1.8,-0.8,NA,Aspat_743
Aspat_744,ECT1,A. spathulata,Aspat,5,3,2022,St_Crispin,-16.075311,145.844421,-16.075311,145.844421,colony GPS,10,1.9,-0.7,NA,Aspat_744
Aspat_745,ECT1,A. spathulata,Aspat,5,3,2022,St_Crispin,-16.075321,145.844441,-16.075321,145.844441,colony GPS,10,1.8,-0.9,NA,Aspat_745
Aspat_746,ECT1,A. spathulata,Aspat,5,3,2022,St_Crispin,-16.075359,145.844379,-16.075359,145.844379,colony GPS,10,2,-0.7,NA,Aspat_746
Aspat_747,ECT1,A. spathulata,Aspat,5,3,2022,St_Crispin,-16.075394,145.84435,-16.075394,145.84435,colony GPS,10,1.9,-0.8,NA,Aspat_747
Aspat_748,ECT1,A. spathulata,Aspat,5,3,2022,St_Crispin,-16.075396,145.844331,-16.075396,145.844331,colony GPS,10,2,-0.7,NA,Aspat_748
Aspat_749,ECT1,A. spathulata,Aspat,5,3,2022,St_Crispin,-16.075392,145.844314,-16.075392,145.844314,colony GPS,10,2.1,-0.6,NA,Aspat_749
Aspat_750,ECT1,A. spathulata,Aspat,5,3,2022,St_Crispin,-16.075355,145.844308,-16.075355,145.844308,colony GPS,10,2.2,-0.5,NA,Aspat_750
Aspat_751,ECT1,A. spathulata,Aspat,5,3,2022,St_Crispin,-16.075353,145.844284,-16.075353,145.844284,colony GPS,10,2,-0.7,NA,Aspat_751
Aspat_752,ECT1,A. spathulata,Aspat,5,3,2022,St_Crispin,-16.072758,145.843531,-16.072758,145.843531,colony GPS,10,4.9,2.6,NA,Aspat_752
Aspat_753,ECT1,A. spathulata,Aspat,5,3,2022,St_Crispin,-16.072886,145.843642,-16.072886,145.843642,colony GPS,10,2.2,0,NA,Aspat_753
Aspat_754,ECT1,A. spathulata,Aspat,5,3,2022,St_Crispin,-16.072878,145.843691,-16.072878,145.843691,colony GPS,10,2.4,0.2,NA,Aspat_754
Aspat_755,ECT1,A. spathulata,Aspat,5,3,2022,St_Crispin,-16.072911,145.843722,-16.072911,145.843722,colony GPS,10,2.9,0.7,NA,Aspat_755
Aspat_756,ECT1,A. spathulata,Aspat,5,3,2022,St_Crispin,-16.072851,145.843767,-16.072851,145.843767,colony GPS,10,2.8,0.6,NA,Aspat_756
Aspat_757,ECT1,A. spathulata,Aspat,5,3,2022,St_Crispin,-16.072889,145.843762,-16.072889,145.843762,colony GPS,10,2.3,0.1,NA,Aspat_757
Aspat_758,ECT1,A. spathulata,Aspat,5,3,2022,St_Crispin,-16.072887,145.843795,-16.072887,145.843795,colony GPS,10,3.2,1,NA,Aspat_758
Aspat_759,ECT1,A. spathulata,Aspat,5,3,2022,St_Crispin,-16.072918,145.843817,-16.072918,145.843817,colony GPS,10,2,-0.2,NA,Aspat_759
Aspat_760,ECT1,A. spathulata,Aspat,5,3,2022,St_Crispin,-16.072888,145.84383,-16.072888,145.84383,colony GPS,10,3.2,1.1,NA,Aspat_760
Aspat_761,ECT1,A. spathulata,Aspat,5,3,2022,St_Crispin,-16.072879,145.84386,-16.072879,145.84386,colony GPS,10,3.4,1.3,NA,Aspat_761
Aspat_762,ECT1,A. spathulata,Aspat,5,3,2022,St_Crispin,-16.072872,145.843927,-16.072872,145.843927,colony GPS,10,4.2,2.1,NA,Aspat_762
Aspat_763,ECT1,A. spathulata,Aspat,5,3,2022,St_Crispin,-16.072912,145.843939,-16.072912,145.843939,colony GPS,10,2.6,0.5,NA,Aspat_763
Aspat_764,ECT1,A. spathulata,Aspat,5,3,2022,St_Crispin,-16.072899,145.843973,-16.072899,145.843973,colony GPS,10,3.3,1.3,NA,Aspat_764
Aspat_765,ECT1,A. spathulata,Aspat,5,3,2022,St_Crispin,-16.072892,145.844005,-16.072892,145.844005,colony GPS,10,3.7,1.7,NA,Aspat_765
Aspat_766,ECT1,A. spathulata,Aspat,5,3,2022,St_Crispin,-16.072796,145.844061,-16.072796,145.844061,colony GPS,10,4.5,2.5,NA,Aspat_766
Aspat_767,ECT1,A. spathulata,Aspat,5,3,2022,St_Crispin,-16.072758,145.844073,-16.072758,145.844073,colony GPS,10,5.4,3.5,NA,Aspat_767
Aspat_768,ECT1,A. spathulata,Aspat,5,3,2022,St_Crispin,-16.072748,145.844185,-16.072748,145.844185,colony GPS,10,4.6,2.8,NA,Aspat_768
Aspat_769,ECT1,A. spathulata,Aspat,5,3,2022,St_Crispin,-16.072776,145.844206,-16.072776,145.844206,colony GPS,10,4.4,2.6,NA,Aspat_769
Aspat_770,ECT1,A. spathulata,Aspat,5,3,2022,St_Crispin,-16.072792,145.84421,-16.072792,145.84421,colony GPS,10,4.2,2.5,NA,Aspat_770
Aspat_771,ECT1,A. spathulata,Aspat,5,3,2022,St_Crispin,-16.072831,145.84419,-16.072831,145.84419,colony GPS,10,4.1,2.4,NA,Aspat_771
Aspat_772,ECT1,A. spathulata,Aspat,6,3,2022,Fitzroy_Island,-16.93952,145.983204,-16.93952,145.983204,colony GPS,10,2.4,0.4,NA,Aspat_772
Aspat_773,ECT1,A. spathulata,Aspat,6,3,2022,Fitzroy_Island,-16.939483,145.983211,-16.939483,145.983211,colony GPS,10,2.3,0.3,NA,Aspat_773
Aspat_774,ECT1,A. spathulata,Aspat,6,3,2022,Fitzroy_Island,-16.939471,145.983233,-16.939471,145.983233,colony GPS,10,2.2,0.2,NA,Aspat_774
Aspat_775,ECT1,A. spathulata,Aspat,6,3,2022,Fitzroy_Island,-16.939455,145.983239,-16.939455,145.983239,colony GPS,10,1.9,-0.1,NA,Aspat_775
Aspat_776,ECT1,A. spathulata,Aspat,6,3,2022,Fitzroy_Island,-16.939429,145.983267,-16.939429,145.983267,colony GPS,10,2,0,NA,Aspat_776
Aspat_777,ECT1,A. spathulata,Aspat,6,3,2022,Fitzroy_Island,-16.93937,145.983326,-16.93937,145.983326,colony GPS,10,1.8,-0.2,NA,Aspat_777
Aspat_778,ECT1,A. spathulata,Aspat,6,3,2022,Fitzroy_Island,-16.939362,145.983304,-16.939362,145.983304,colony GPS,10,1.9,-0.1,NA,Aspat_778
Aspat_779,ECT1,A. spathulata,Aspat,6,3,2022,Fitzroy_Island,-16.939347,145.983298,-16.939347,145.983298,colony GPS,10,1.7,-0.3,NA,Aspat_779
Aspat_780,ECT1,A. spathulata,Aspat,6,3,2022,Fitzroy_Island,-16.939337,145.98332,-16.939337,145.98332,colony GPS,10,1.9,-0.1,NA,Aspat_780
Aspat_781,ECT1,A. spathulata,Aspat,6,3,2022,Fitzroy_Island,-16.939275,145.98328,-16.939275,145.98328,colony GPS,10,1.8,-0.2,NA,Aspat_781
Aspat_782,ECT1,A. spathulata,Aspat,6,3,2022,Fitzroy_Island,-16.93924,145.983299,-16.93924,145.983299,colony GPS,10,1.7,-0.3,NA,Aspat_782
Aspat_783,ECT1,A. spathulata,Aspat,6,3,2022,Fitzroy_Island,-16.939233,145.98334,-16.939233,145.98334,colony GPS,10,1.8,-0.2,NA,Aspat_783
Aspat_784,ECT1,A. spathulata,Aspat,6,3,2022,Fitzroy_Island,-16.939234,145.983341,-16.939234,145.983341,colony GPS,10,1.7,-0.3,NA,Aspat_784
Aspat_785,ECT1,A. spathulata,Aspat,6,3,2022,Fitzroy_Island,-16.939203,145.983349,-16.939203,145.983349,colony GPS,10,1.4,-0.6,NA,Aspat_785
Aspat_786,ECT1,A. spathulata,Aspat,6,3,2022,Fitzroy_Island,-16.939196,145.98334,-16.939196,145.98334,colony GPS,10,1.7,-0.3,NA,Aspat_786
Aspat_807,ECT1,A. spathulata,Aspat,6,3,2022,Fitzroy_Island,-16.939122,145.983319,-16.939122,145.983319,colony GPS,10,1.7,-0.3,NA,Aspat_807
Aspat_808,ECT1,A. spathulata,Aspat,6,3,2022,Fitzroy_Island,-16.939136,145.983263,-16.939136,145.983263,colony GPS,10,1.8,-0.2,NA,Aspat_808
Aspat_809,ECT1,A. spathulata,Aspat,6,3,2022,Fitzroy_Island,-16.939136,145.983175,-16.939136,145.983175,colony GPS,10,1.7,-0.3,NA,Aspat_809
Aspat_810,ECT1,A. spathulata,Aspat,6,3,2022,Fitzroy_Island,-16.939122,145.983147,-16.939122,145.983147,colony GPS,10,1.9,0,NA,Aspat_810
Aspat_811,ECT1,A. spathulata,Aspat,6,3,2022,Fitzroy_Island,-16.939105,145.983155,-16.939105,145.983155,colony GPS,10,1.8,-0.1,NA,Aspat_811
Aspat_812,ECT1,A. spathulata,Aspat,6,3,2022,Fitzroy_Island,-16.939077,145.983153,-16.939077,145.983153,colony GPS,10,1.7,-0.2,NA,Aspat_812
Aspat_813,ECT1,A. spathulata,Aspat,6,3,2022,Fitzroy_Island,-16.939057,145.983162,-16.939057,145.983162,colony GPS,10,1.8,-0.1,NA,Aspat_813
Aspat_814,ECT1,A. spathulata,Aspat,6,3,2022,Fitzroy_Island,-16.939078,145.983124,-16.939078,145.983124,colony GPS,10,1.8,-0.1,NA,Aspat_814
Aspat_815,ECT1,A. spathulata,Aspat,6,3,2022,Fitzroy_Island,-16.938937,145.983081,-16.938937,145.983081,colony GPS,10,1.9,0,NA,Aspat_815
Aspat_816,ECT1,A. spathulata,Aspat,6,3,2022,Fitzroy_Island,-16.938924,145.983063,-16.938924,145.983063,colony GPS,10,2,0.1,NA,Aspat_816
Aspat_817,ECT1,A. spathulata,Aspat,6,3,2022,Fitzroy_Island,-16.938927,145.983093,-16.938927,145.983093,colony GPS,10,1.9,0,NA,Aspat_817
Aspat_818,ECT1,A. spathulata,Aspat,6,3,2022,Fitzroy_Island,-16.938845,145.982958,-16.938845,145.982958,colony GPS,10,2,0.1,NA,Aspat_818
Aspat_819,ECT1,A. spathulata,Aspat,6,3,2022,Fitzroy_Island,-16.939251,145.983187,-16.939251,145.983187,colony GPS,10,1.7,-0.2,NA,Aspat_819
Aspat_820,ECT1,A. spathulata,Aspat,6,3,2022,Fitzroy_Island,-16.939306,145.983211,-16.939306,145.983211,colony GPS,10,1.9,0,NA,Aspat_820
Aspat_821,ECT1,A. spathulata,Aspat,6,3,2022,Fitzroy_Island,-16.939323,145.983237,-16.939323,145.983237,colony GPS,10,1.6,-0.3,NA,Aspat_821
Aspat_822,ECT1,A. spathulata,Aspat,6,3,2022,Fitzroy_Island,-16.939475,145.983145,-16.939475,145.983145,colony GPS,10,3,1,NA,Aspat_822
Aspat_823,ECT1,A. spathulata,Aspat,6,3,2022,Fitzroy_Island,-16.93941,145.983185,-16.93941,145.983185,colony GPS,10,2.3,0.3,NA,Aspat_823
Aspat_824,ECT1,A. spathulata,Aspat,6,3,2022,Fitzroy_Island,-16.939449,145.983199,-16.939449,145.983199,colony GPS,10,2.2,0.2,NA,Aspat_824
Aspat_825,ECT1,A. spathulata,Aspat,6,3,2022,Fitzroy_Island,-16.939279,145.983202,-16.939279,145.983202,colony GPS,10,1.8,-0.2,NA,Aspat_825
Aspat_826,ECT1,A. spathulata,Aspat,6,3,2022,Fitzroy_Island,-16.939263,145.983219,-16.939263,145.983219,colony GPS,10,1.8,-0.2,NA,Aspat_826
Aspat_827,ECT1,A. spathulata,Aspat,6,3,2022,Fitzroy_Island,-16.939238,145.983213,-16.939238,145.983213,colony GPS,10,2,0,NA,Aspat_827
Aspat_828,ECT1,A. spathulata,Aspat,6,3,2022,Fitzroy_Island,-16.939258,145.98321,-16.939258,145.98321,colony GPS,10,1.7,-0.3,NA,Aspat_828
Aspat_829,ECT1,A. spathulata,Aspat,6,3,2022,Fitzroy_Island,-16.939198,145.983105,-16.939198,145.983105,colony GPS,10,2.1,0.1,NA,Aspat_829
Aspat_830,ECT1,A. spathulata,Aspat,6,3,2022,Fitzroy_Island,-16.93916,145.983095,-16.93916,145.983095,colony GPS,10,2,0.1,NA,Aspat_830
Aspat_831,ECT1,A. spathulata,Aspat,6,3,2022,Fitzroy_Island,-16.939144,145.983059,-16.939144,145.983059,colony GPS,10,2.1,0.2,NA,Aspat_831
Aspat_832,ECT1,A. spathulata,Aspat,6,3,2022,Fitzroy_Island,-16.939042,145.982894,-16.939042,145.982894,colony GPS,10,3,1.1,NA,Aspat_832
Aspat_833,ECT1,A. spathulata,Aspat,6,3,2022,Fitzroy_Island,-16.938804,145.982816,-16.938804,145.982816,colony GPS,10,2.4,0.5,NA,Aspat_833
Aspat_834,ECT1,A. spathulata,Aspat,6,3,2022,Fitzroy_Island,-16.938401,145.982666,-16.938401,145.982666,colony GPS,10,2.2,0.3,NA,Aspat_834
Aspat_835,ECT1,A. spathulata,Aspat,6,3,2022,Fitzroy_Island,-16.938642,145.982775,-16.938642,145.982775,colony GPS,10,2.6,0.7,NA,Aspat_835
Aspat_836,ECT1,A. spathulata,Aspat,6,3,2022,Fitzroy_Island,-16.938811,145.982867,-16.938811,145.982867,colony GPS,10,2.6,0.7,NA,Aspat_836
Aspat_837,ECT1,A. spathulata,Aspat,6,3,2022,Fitzroy_Island,-16.938873,145.982921,-16.938873,145.982921,colony GPS,10,2.4,0.5,NA,Aspat_837
Aspat_838,ECT1,A. spathulata,Aspat,6,3,2022,Fitzroy_Island,-16.938875,145.982923,-16.938875,145.982923,colony GPS,10,2.4,0.5,NA,Aspat_838
Aspat_839,ECT1,A. spathulata,Aspat,6,3,2022,Fitzroy_Island,-16.938865,145.982925,-16.938865,145.982925,colony GPS,10,2.4,0.5,NA,Aspat_839
Aspat_840,ECT1,A. spathulata,Aspat,6,3,2022,Fitzroy_Island,-16.938909,145.982934,-16.938909,145.982934,colony GPS,10,2.4,0.6,NA,Aspat_840
Aspat_841,ECT1,A. spathulata,Aspat,6,3,2022,Fitzroy_Island,-16.939039,145.983021,-16.939039,145.983021,colony GPS,10,2,0.2,NA,Aspat_841
Aspat_842,ECT1,A. spathulata,Aspat,6,3,2022,Fitzroy_Island,-16.940768,145.994759,-16.940768,145.994759,colony GPS,10,3.3,2,NA,Aspat_842
Aspat_843,ECT1,A. spathulata,Aspat,6,3,2022,Fitzroy_Island,-16.940656,145.994752,-16.940656,145.994752,colony GPS,10,2.7,1.4,NA,Aspat_843
Aspat_844,ECT1,A. spathulata,Aspat,6,3,2022,Fitzroy_Island,-16.940642,145.994744,-16.940642,145.994744,colony GPS,10,2.7,1.4,NA,Aspat_844
Aspat_845,ECT1,A. spathulata,Aspat,6,3,2022,Fitzroy_Island,-16.94063,145.994743,-16.94063,145.994743,colony GPS,10,3,1.7,NA,Aspat_845
Aspat_846,ECT1,A. spathulata,Aspat,6,3,2022,Fitzroy_Island,-16.940557,145.994638,-16.940557,145.994638,colony GPS,10,2.2,0.9,NA,Aspat_846
Aspat_847,ECT1,A. spathulata,Aspat,6,3,2022,Fitzroy_Island,-16.940583,145.994583,-16.940583,145.994583,colony GPS,10,2.1,0.8,NA,Aspat_847
Aspat_848,ECT1,A. spathulata,Aspat,6,3,2022,Fitzroy_Island,-16.94059,145.994485,-16.94059,145.994485,colony GPS,10,2,0.7,NA,Aspat_848
Aspat_849,ECT1,A. spathulata,Aspat,6,3,2022,Fitzroy_Island,-16.940808,145.99445,-16.940808,145.99445,colony GPS,10,3,1.8,NA,Aspat_849
Aspat_850,ECT1,A. spathulata,Aspat,6,3,2022,Fitzroy_Island,-16.940902,145.994427,-16.940902,145.994427,colony GPS,10,2.9,1.7,NA,Aspat_850
Aspat_851,ECT1,A. spathulata,Aspat,6,3,2022,Fitzroy_Island,-16.940632,145.994726,-16.940632,145.994726,colony GPS,10,3.1,1.8,NA,Aspat_851
Aspat_852,ECT1,A. spathulata,Aspat,7,3,2022,Moore,-16.888619,146.18648,-16.888619,146.18648,colony GPS,10,2,0.2,NA,Aspat_852
Aspat_853,ECT1,A. spathulata,Aspat,7,3,2022,Moore,-16.888504,146.186709,-16.888504,146.186709,colony GPS,10,1.9,0.1,NA,Aspat_853
Aspat_854,ECT1,A. spathulata,Aspat,7,3,2022,Moore,-16.888576,146.186712,-16.888576,146.186712,colony GPS,10,2.3,0.5,NA,Aspat_854
Aspat_855,ECT1,A. spathulata,Aspat,7,3,2022,Moore,-16.888634,146.186724,-16.888634,146.186724,colony GPS,10,2.5,0.7,NA,Aspat_855
Aspat_856,ECT1,A. spathulata,Aspat,7,3,2022,Moore,-16.888691,146.186604,-16.888691,146.186604,colony GPS,10,2,0.2,NA,Aspat_856
Aspat_857,ECT1,A. spathulata,Aspat,7,3,2022,Moore,-16.887992,146.186714,-16.887992,146.186714,colony GPS,10,2.6,0.8,NA,Aspat_857
Aspat_858,ECT1,A. spathulata,Aspat,7,3,2022,Moore,-16.888025,146.186689,-16.888025,146.186689,colony GPS,10,2.4,0.6,NA,Aspat_858
Aspat_859,ECT1,A. spathulata,Aspat,7,3,2022,Moore,-16.887888,146.186621,-16.887888,146.186621,colony GPS,10,1.5,-0.3,NA,Aspat_859
Aspat_860,ECT1,A. spathulata,Aspat,7,3,2022,Moore,-16.887814,146.186658,-16.887814,146.186658,colony GPS,10,1.6,-0.2,NA,Aspat_860
Aspat_861,ECT1,A. spathulata,Aspat,7,3,2022,Moore,-16.887789,146.186643,-16.887789,146.186643,colony GPS,10,1.6,-0.2,NA,Aspat_861
Aspat_862,ECT1,A. spathulata,Aspat,7,3,2022,Moore,-16.887728,146.186711,-16.887728,146.186711,colony GPS,10,1.7,-0.1,NA,Aspat_862
Aspat_863,ECT1,A. spathulata,Aspat,7,3,2022,Moore,-16.887755,146.186773,-16.887755,146.186773,colony GPS,10,1.8,0,NA,Aspat_863
Aspat_864,ECT1,A. spathulata,Aspat,7,3,2022,Moore,-16.887708,146.18684,-16.887708,146.18684,colony GPS,10,2,0.2,NA,Aspat_864
Aspat_865,ECT1,A. spathulata,Aspat,7,3,2022,Moore,-16.887678,146.186839,-16.887678,146.186839,colony GPS,10,2.1,0.3,NA,Aspat_865
Aspat_866,ECT1,A. spathulata,Aspat,7,3,2022,Moore,-16.887667,146.186835,-16.887667,146.186835,colony GPS,10,2.2,0.4,NA,Aspat_866
Aspat_867,ECT1,A. spathulata,Aspat,7,3,2022,Moore,-16.887664,146.186789,-16.887664,146.186789,colony GPS,10,2.3,0.5,NA,Aspat_867
Aspat_868,ECT1,A. spathulata,Aspat,7,3,2022,Moore,-16.887656,146.186789,-16.887656,146.186789,colony GPS,10,2.2,0.4,NA,Aspat_868
Aspat_869,ECT1,A. spathulata,Aspat,7,3,2022,Moore,-16.887721,146.186724,-16.887721,146.186724,colony GPS,10,1.9,0.1,NA,Aspat_869
Aspat_870,ECT1,A. spathulata,Aspat,7,3,2022,Moore,-16.887564,146.186759,-16.887564,146.186759,colony GPS,10,1.9,0.1,NA,Aspat_870
Aspat_871,ECT1,A. spathulata,Aspat,7,3,2022,Moore,-16.887565,146.186765,-16.887565,146.186765,colony GPS,10,1.9,0.1,NA,Aspat_871
Aspat_872,ECT1,A. spathulata,Aspat,7,3,2022,Moore,-16.887557,146.18677,-16.887557,146.18677,colony GPS,10,1.9,0.1,NA,Aspat_872
Aspat_873,ECT1,A. spathulata,Aspat,7,3,2022,Moore,-16.887406,146.186893,-16.887406,146.186893,colony GPS,10,2.3,0.5,NA,Aspat_873
Aspat_874,ECT1,A. spathulata,Aspat,7,3,2022,Moore,-16.887387,146.186877,-16.887387,146.186877,colony GPS,10,2.2,0.4,NA,Aspat_874
Aspat_875,ECT1,A. spathulata,Aspat,7,3,2022,Moore,-16.887332,146.186948,-16.887332,146.186948,colony GPS,10,1.7,-0.1,NA,Aspat_875
Aspat_876,ECT1,A. spathulata,Aspat,7,3,2022,Moore,-16.887314,146.187,-16.887314,146.187,colony GPS,10,1.6,-0.2,NA,Aspat_876
Aspat_877,ECT1,A. spathulata,Aspat,7,3,2022,Moore,-16.887312,146.187022,-16.887312,146.187022,colony GPS,10,1.6,-0.2,NA,Aspat_877
Aspat_878,ECT1,A. spathulata,Aspat,7,3,2022,Moore,-16.887328,146.187033,-16.887328,146.187033,colony GPS,10,1.6,-0.2,NA,Aspat_878
Aspat_879,ECT1,A. spathulata,Aspat,7,3,2022,Moore,-16.887334,146.187053,-16.887334,146.187053,colony GPS,10,1.7,-0.1,NA,Aspat_879
Aspat_880,ECT1,A. spathulata,Aspat,7,3,2022,Moore,-16.887322,146.18706,-16.887322,146.18706,colony GPS,10,1.6,-0.2,NA,Aspat_880
Aspat_881,ECT1,A. spathulata,Aspat,7,3,2022,Moore,-16.88725,146.187073,-16.88725,146.187073,colony GPS,10,2.1,0.3,NA,Aspat_881
Aspat_882,ECT1,A. spathulata,Aspat,7,3,2022,Moore,-16.887853,146.186962,-16.887853,146.186962,colony GPS,10,1.6,0.2,NA,Aspat_882
Aspat_883,ECT1,A. spathulata,Aspat,7,3,2022,Moore,-16.887851,146.18693,-16.887851,146.18693,colony GPS,10,2,0.6,NA,Aspat_883
Aspat_884,ECT1,A. spathulata,Aspat,7,3,2022,Moore,-16.887904,146.186963,-16.887904,146.186963,colony GPS,10,1.5,0.1,NA,Aspat_884
Aspat_885,ECT1,A. spathulata,Aspat,7,3,2022,Moore,-16.887908,146.186996,-16.887908,146.186996,colony GPS,10,1.7,0.3,NA,Aspat_885
Aspat_886,ECT1,A. spathulata,Aspat,7,3,2022,Moore,-16.887784,146.186952,-16.887784,146.186952,colony GPS,10,2,0.6,NA,Aspat_886
Aspat_887,ECT1,A. spathulata,Aspat,7,3,2022,Moore,-16.887768,146.186918,-16.887768,146.186918,colony GPS,10,2,0.6,NA,Aspat_887
Aspat_888,ECT1,A. spathulata,Aspat,7,3,2022,Moore,-16.887695,146.186919,-16.887695,146.186919,colony GPS,10,2.4,1.1,NA,Aspat_888
Aspat_889,ECT1,A. spathulata,Aspat,7,3,2022,Moore,-16.887675,146.186921,-16.887675,146.186921,colony GPS,10,1.9,0.6,NA,Aspat_889
Aspat_890,ECT1,A. spathulata,Aspat,7,3,2022,Moore,-16.887684,146.186945,-16.887684,146.186945,colony GPS,10,2.1,0.8,NA,Aspat_890
Aspat_892,ECT1,A. spathulata,Aspat,7,3,2022,Moore,-16.887643,146.186928,-16.887643,146.186928,colony GPS,10,1.9,0.6,NA,Aspat_892
Aspat_893,ECT1,A. spathulata,Aspat,7,3,2022,Moore,-16.887726,146.186674,-16.887726,146.186674,colony GPS,10,1.5,0.2,NA,Aspat_893
Aspat_894,ECT1,A. spathulata,Aspat,7,3,2022,Moore,-16.887611,146.186684,-16.887611,146.186684,colony GPS,10,1.3,0,NA,Aspat_894
Aspat_895,ECT1,A. spathulata,Aspat,7,3,2022,Moore,-16.887427,146.186642,-16.887427,146.186642,colony GPS,10,1.2,-0.1,NA,Aspat_895
Aspat_896,ECT1,A. spathulata,Aspat,7,3,2022,Moore,-16.88796,146.186712,-16.88796,146.186712,colony GPS,10,1.4,0.1,NA,Aspat_896
Aspat_897,ECT1,A. spathulata,Aspat,8,3,2022,Pelorus,-18.558304,146.50286,-18.558304,146.50286,colony GPS,10,5.1,2.9,NA,Aspat_897
Aspat_898,ECT1,A. spathulata,Aspat,8,3,2022,Pelorus,-18.558395,146.502826,-18.558395,146.502826,colony GPS,10,5.3,3.1,NA,Aspat_898
Aspat_899,ECT1,A. spathulata,Aspat,8,3,2022,Pelorus,-18.558465,146.502773,-18.558465,146.502773,colony GPS,10,5.2,3,NA,Aspat_899
Aspat_900,ECT1,A. spathulata,Aspat,8,3,2022,Pelorus,-18.558513,146.502739,-18.558513,146.502739,colony GPS,10,5,2.8,NA,Aspat_900
Aspat_901,ECT1,A. spathulata,Aspat,8,3,2022,Pelorus,-18.558564,146.502705,-18.558564,146.502705,colony GPS,10,5.3,3.1,NA,Aspat_901
Aspat_902,ECT1,A. spathulata,Aspat,8,3,2022,Pelorus,-18.55828,146.502901,-18.55828,146.502901,colony GPS,10,4.7,2.5,NA,Aspat_902
Aspat_903,ECT1,A. spathulata,Aspat,8,3,2022,Pelorus,-18.558277,146.502918,-18.558277,146.502918,colony GPS,10,4.8,2.6,NA,Aspat_903
Aspat_904,ECT1,A. spathulata,Aspat,8,3,2022,Pelorus,-18.558428,146.502587,-18.558428,146.502587,colony GPS,10,4.1,1.9,NA,Aspat_904
Aspat_905,ECT1,A. spathulata,Aspat,8,3,2022,Pelorus,-18.558519,146.502621,-18.558519,146.502621,colony GPS,10,4.6,2.4,NA,Aspat_905
Aspat_906,ECT1,A. spathulata,Aspat,8,3,2022,Pelorus,-18.558531,146.502626,-18.558531,146.502626,colony GPS,10,4.9,2.7,NA,Aspat_906
Aspat_907,ECT1,A. spathulata,Aspat,8,3,2022,Pelorus,-18.558621,146.502593,-18.558621,146.502593,colony GPS,10,5.5,3.3,NA,Aspat_907
Aspat_908,ECT1,A. spathulata,Aspat,8,3,2022,Pelorus,-18.558617,146.502553,-18.558617,146.502553,colony GPS,10,5.1,2.9,NA,Aspat_908
Aspat_909,ECT1,A. spathulata,Aspat,8,3,2022,Pelorus,-18.558606,146.502556,-18.558606,146.502556,colony GPS,10,4.9,2.7,NA,Aspat_909
Aspat_910,ECT1,A. spathulata,Aspat,8,3,2022,Pelorus,-18.558614,146.502525,-18.558614,146.502525,colony GPS,10,4.7,2.5,NA,Aspat_910
Aspat_911,ECT1,A. spathulata,Aspat,8,3,2022,Pelorus,-18.558624,146.502464,-18.558624,146.502464,colony GPS,10,3.7,1.5,NA,Aspat_911
Aspat_912,ECT1,A. spathulata,Aspat,8,3,2022,Pelorus,-18.558131,146.502866,-18.558131,146.502866,colony GPS,10,4,1.8,NA,Aspat_912
Aspat_913,ECT1,A. spathulata,Aspat,8,3,2022,Pelorus,-18.558021,146.502882,-18.558021,146.502882,colony GPS,10,3.7,1.5,NA,Aspat_913
Aspat_914,ECT1,A. spathulata,Aspat,8,3,2022,Pelorus,-18.558024,146.502864,-18.558024,146.502864,colony GPS,10,2.9,0.7,NA,Aspat_914
Aspat_915,ECT1,A. spathulata,Aspat,8,3,2022,Pelorus,-18.558016,146.502857,-18.558016,146.502857,colony GPS,10,2.8,0.6,NA,Aspat_915
Aspat_916,ECT1,A. spathulata,Aspat,8,3,2022,Pelorus,-18.557986,146.502852,-18.557986,146.502852,colony GPS,10,4,1.8,NA,Aspat_916
Aspat_917,ECT1,A. spathulata,Aspat,8,3,2022,Pelorus,-18.557973,146.502883,-18.557973,146.502883,colony GPS,10,3.6,1.4,NA,Aspat_917
Aspat_918,ECT1,A. spathulata,Aspat,8,3,2022,Pelorus,-18.557895,146.502864,-18.557895,146.502864,colony GPS,10,2.3,0.1,NA,Aspat_918
Aspat_919,ECT1,A. spathulata,Aspat,8,3,2022,Pelorus,-18.558011,146.502738,-18.558011,146.502738,colony GPS,10,2.5,0.3,NA,Aspat_919
Aspat_920,ECT1,A. spathulata,Aspat,8,3,2022,Pelorus,-18.558072,146.502821,-18.558072,146.502821,colony GPS,10,4,1.8,NA,Aspat_920
Aspat_921,ECT1,A. spathulata,Aspat,8,3,2022,Pelorus,-18.558072,146.50284,-18.558072,146.50284,colony GPS,10,4.4,2.2,NA,Aspat_921
Aspat_922,ECT1,A. spathulata,Aspat,8,3,2022,Pelorus,-18.558089,146.502868,-18.558089,146.502868,colony GPS,10,4.4,2.2,NA,Aspat_922
Aspat_923,ECT1,A. spathulata,Aspat,8,3,2022,Pelorus,-18.558144,146.502875,-18.558144,146.502875,colony GPS,10,4.6,2.4,NA,Aspat_923
Aspat_924,ECT1,A. spathulata,Aspat,8,3,2022,Pelorus,-18.558152,146.502875,-18.558152,146.502875,colony GPS,10,4.7,2.5,NA,Aspat_924
Aspat_925,ECT1,A. spathulata,Aspat,8,3,2022,Pelorus,-18.558177,146.50289,-18.558177,146.50289,colony GPS,10,4.5,2.3,NA,Aspat_925
Aspat_926,ECT1,A. spathulata,Aspat,8,3,2022,Pelorus,-18.558192,146.502851,-18.558192,146.502851,colony GPS,10,4.7,2.5,NA,Aspat_926
Aspat_927,ECT1,A. spathulata,Aspat,8,3,2022,Pelorus,-18.558121,146.502804,-18.558121,146.502804,colony GPS,10,4.5,2.3,NA,Aspat_927
Aspat_928,ECT1,A. spathulata,Aspat,8,3,2022,Pelorus,-18.55812,146.502789,-18.55812,146.502789,colony GPS,10,4.1,1.9,NA,Aspat_928
Aspat_929,ECT1,A. spathulata,Aspat,8,3,2022,Pelorus,-18.558087,146.502789,-18.558087,146.502789,colony GPS,10,3.2,1,NA,Aspat_929
Aspat_930,ECT1,A. spathulata,Aspat,8,3,2022,Pelorus,-18.558121,146.502765,-18.558121,146.502765,colony GPS,10,3.6,1.4,NA,Aspat_930
Aspat_931,ECT1,A. spathulata,Aspat,8,3,2022,Pelorus,-18.558205,146.502776,-18.558205,146.502776,colony GPS,10,3.8,1.6,NA,Aspat_931
Aspat_932,ECT1,A. spathulata,Aspat,8,3,2022,Pelorus,-18.558242,146.502773,-18.558242,146.502773,colony GPS,10,4.4,2.2,NA,Aspat_932
Aspat_933,ECT1,A. spathulata,Aspat,8,3,2022,Pelorus,-18.558277,146.502732,-18.558277,146.502732,colony GPS,10,4.6,2.4,NA,Aspat_933
Aspat_934,ECT1,A. spathulata,Aspat,8,3,2022,Pelorus,-18.558363,146.502723,-18.558363,146.502723,colony GPS,10,4.6,2.4,NA,Aspat_934
Aspat_935,ECT1,A. spathulata,Aspat,8,3,2022,Pelorus,-18.558388,146.50272,-18.558388,146.50272,colony GPS,10,4.8,2.6,NA,Aspat_935
Aspat_936,ECT1,A. spathulata,Aspat,8,3,2022,Pelorus,-18.558438,146.502713,-18.558438,146.502713,colony GPS,10,5.2,3,NA,Aspat_936
Aspat_937,ECT1,A. spathulata,Aspat,8,3,2022,Pelorus,-18.558491,146.502692,-18.558491,146.502692,colony GPS,10,5.1,2.9,NA,Aspat_937
Aspat_938,ECT1,A. spathulata,Aspat,8,3,2022,Pelorus,-18.558456,146.502636,-18.558456,146.502636,colony GPS,10,4.4,2.2,NA,Aspat_938
Aspat_939,ECT1,A. spathulata,Aspat,8,3,2022,Pelorus,-18.558459,146.502608,-18.558459,146.502608,colony GPS,10,4.3,2.1,NA,Aspat_939
Aspat_940,ECT1,A. spathulata,Aspat,8,3,2022,Pelorus,-18.558463,146.502588,-18.558463,146.502588,colony GPS,10,4.1,1.9,NA,Aspat_940
Aspat_941,ECT1,A. spathulata,Aspat,8,3,2022,Pelorus,-18.558457,146.502575,-18.558457,146.502575,colony GPS,10,3.9,1.7,NA,Aspat_941
Aspat_942,ECT1,A. spathulata,Aspat,9,3,2022,Kelso,-18.423753,146.985555,-18.423753,146.985555,colony GPS,10,2.3,1.5,NA,Aspat_942
Aspat_943,ECT1,A. spathulata,Aspat,9,3,2022,Kelso,-18.423708,146.985631,-18.423708,146.985631,colony GPS,10,2.1,1.3,NA,Aspat_943
Aspat_944,ECT1,A. spathulata,Aspat,9,3,2022,Kelso,-18.423717,146.985672,-18.423717,146.985672,colony GPS,10,1.6,0.8,NA,Aspat_944
Aspat_945,ECT1,A. spathulata,Aspat,9,3,2022,Kelso,-18.423717,146.98572,-18.423717,146.98572,colony GPS,10,1.7,0.9,NA,Aspat_945
Aspat_946,ECT1,A. spathulata,Aspat,9,3,2022,Kelso,-18.423696,146.98571,-18.423696,146.98571,colony GPS,10,1.6,0.8,NA,Aspat_946
Aspat_947,ECT1,A. spathulata,Aspat,9,3,2022,Kelso,-18.423691,146.985726,-18.423691,146.985726,colony GPS,10,1.7,0.9,NA,Aspat_947
Aspat_948,ECT1,A. spathulata,Aspat,9,3,2022,Kelso,-18.423684,146.985709,-18.423684,146.985709,colony GPS,10,1.4,0.6,NA,Aspat_948
Aspat_949,ECT1,A. spathulata,Aspat,9,3,2022,Kelso,-18.423767,146.985506,-18.423767,146.985506,colony GPS,10,6.1,5.3,NA,Aspat_949
Aspat_950,ECT1,A. spathulata,Aspat,9,3,2022,Kelso,-18.423745,146.985502,-18.423745,146.985502,colony GPS,10,1.6,0.8,NA,Aspat_950
Aspat_951,ECT1,A. spathulata,Aspat,9,3,2022,Kelso,-18.423619,146.985512,-18.423619,146.985512,colony GPS,10,1.7,0.9,NA,Aspat_951
Aspat_952,ECT1,A. spathulata,Aspat,9,3,2022,Kelso,-18.423585,146.9855,-18.423585,146.9855,colony GPS,10,1.6,0.8,NA,Aspat_952
Aspat_953,ECT1,A. spathulata,Aspat,9,3,2022,Kelso,-18.42356,146.98547,-18.42356,146.98547,colony GPS,10,1.7,0.9,NA,Aspat_953
Aspat_954,ECT1,A. spathulata,Aspat,9,3,2022,Kelso,-18.423654,146.985455,-18.423654,146.985455,colony GPS,10,1.7,0.9,NA,Aspat_954
Aspat_955,ECT1,A. spathulata,Aspat,9,3,2022,Kelso,-18.423533,146.985435,-18.423533,146.985435,colony GPS,10,1.6,0.8,NA,Aspat_955
Aspat_957,ECT1,A. spathulata,Aspat,9,3,2022,Kelso,-18.423685,146.985695,-18.423685,146.985695,colony GPS,10,1.6,0.8,NA,Aspat_957
Aspat_958,ECT1,A. spathulata,Aspat,9,3,2022,Kelso,-18.423674,146.985703,-18.423674,146.985703,colony GPS,10,1.6,0.8,NA,Aspat_958
Aspat_959,ECT1,A. spathulata,Aspat,9,3,2022,Kelso,-18.423668,146.985723,-18.423668,146.985723,colony GPS,10,1.5,0.7,NA,Aspat_959
Aspat_960,ECT1,A. spathulata,Aspat,9,3,2022,Kelso,-18.423655,146.985745,-18.423655,146.985745,colony GPS,10,1.4,0.6,NA,Aspat_960
Aspat_961,ECT1,A. spathulata,Aspat,9,3,2022,Kelso,-18.423662,146.985764,-18.423662,146.985764,colony GPS,10,1.5,0.7,NA,Aspat_961
Aspat_962,ECT1,A. spathulata,Aspat,9,3,2022,Kelso,-18.423683,146.985753,-18.423683,146.985753,colony GPS,10,1.6,0.8,NA,Aspat_962
Aspat_963,ECT1,A. spathulata,Aspat,9,3,2022,Kelso,-18.423692,146.985758,-18.423692,146.985758,colony GPS,10,1.7,0.9,NA,Aspat_963
Aspat_964,ECT1,A. spathulata,Aspat,9,3,2022,Kelso,-18.42369,146.985788,-18.42369,146.985788,colony GPS,10,1.3,0.5,NA,Aspat_964
Aspat_965,ECT1,A. spathulata,Aspat,9,3,2022,Kelso,-18.423662,146.985794,-18.423662,146.985794,colony GPS,10,1.5,0.7,NA,Aspat_965
Aspat_966,ECT1,A. spathulata,Aspat,9,3,2022,Kelso,-18.423651,146.985782,-18.423651,146.985782,colony GPS,10,1.8,1.1,NA,Aspat_966
Aspat_967,ECT1,A. spathulata,Aspat,9,3,2022,Kelso,-18.423635,146.98576,-18.423635,146.98576,colony GPS,10,1.5,0.8,NA,Aspat_967
Aspat_968,ECT1,A. spathulata,Aspat,9,3,2022,Kelso,-18.4236,146.985772,-18.4236,146.985772,colony GPS,10,1.6,0.9,NA,Aspat_968
Aspat_969,ECT1,A. spathulata,Aspat,9,3,2022,Kelso,-18.42359,146.985776,-18.42359,146.985776,colony GPS,10,1.4,0.7,NA,Aspat_969
Aspat_970,ECT1,A. spathulata,Aspat,9,3,2022,Kelso,-18.423594,146.985813,-18.423594,146.985813,colony GPS,10,1.5,0.8,NA,Aspat_970
Aspat_971,ECT1,A. spathulata,Aspat,9,3,2022,Kelso,-18.423547,146.985886,-18.423547,146.985886,colony GPS,10,1.7,1,NA,Aspat_971
Aspat_972,ECT1,A. spathulata,Aspat,9,3,2022,Kelso,-18.423537,146.985415,-18.423537,146.985415,colony GPS,10,1.8,1,NA,Aspat_972
Aspat_973,ECT1,A. spathulata,Aspat,9,3,2022,Kelso,-18.423518,146.985415,-18.423518,146.985415,colony GPS,10,1.5,0.7,NA,Aspat_973
Aspat_974,ECT1,A. spathulata,Aspat,9,3,2022,Kelso,-18.423476,146.985313,-18.423476,146.985313,colony GPS,10,1.4,0.6,NA,Aspat_974
Aspat_975,ECT1,A. spathulata,Aspat,9,3,2022,Kelso,-18.423446,146.985313,-18.423446,146.985313,colony GPS,10,1.7,0.9,NA,Aspat_975
Aspat_976,ECT1,A. spathulata,Aspat,9,3,2022,Kelso,-18.423453,146.98532,-18.423453,146.98532,colony GPS,10,1.7,0.9,NA,Aspat_976
Aspat_977,ECT1,A. spathulata,Aspat,9,3,2022,Kelso,-18.423423,146.98532,-18.423423,146.98532,colony GPS,10,1.5,0.7,NA,Aspat_977
Aspat_978,ECT1,A. spathulata,Aspat,9,3,2022,Kelso,-18.423375,146.985339,-18.423375,146.985339,colony GPS,10,1.8,1,NA,Aspat_978
Aspat_979,ECT1,A. spathulata,Aspat,9,3,2022,Kelso,-18.42333,146.98538,-18.42333,146.98538,colony GPS,10,1.5,0.7,NA,Aspat_979
Aspat_980,ECT1,A. spathulata,Aspat,9,3,2022,Kelso,-18.423297,146.985356,-18.423297,146.985356,colony GPS,10,1.5,0.7,NA,Aspat_980
Aspat_981,ECT1,A. spathulata,Aspat,9,3,2022,Kelso,-18.423284,146.985361,-18.423284,146.985361,colony GPS,10,1.6,0.8,NA,Aspat_981
Aspat_982,ECT1,A. spathulata,Aspat,9,3,2022,Kelso,-18.423263,146.985365,-18.423263,146.985365,colony GPS,10,1.5,0.7,NA,Aspat_982
Aspat_983,ECT1,A. spathulata,Aspat,9,3,2022,Kelso,-18.423273,146.985349,-18.423273,146.985349,colony GPS,10,1.7,0.9,NA,Aspat_983
Aspat_984,ECT1,A. spathulata,Aspat,9,3,2022,Kelso,-18.423287,146.985282,-18.423287,146.985282,colony GPS,10,1.4,0.6,NA,Aspat_984
Aspat_985,ECT1,A. spathulata,Aspat,9,3,2022,Kelso,-18.423276,146.985239,-18.423276,146.985239,colony GPS,10,1.5,0.7,NA,Aspat_985
Aspat_986,ECT1,A. spathulata,Aspat,9,3,2022,Kelso,-18.42322,146.985198,-18.42322,146.985198,colony GPS,10,1.6,0.8,NA,Aspat_986
Ahya_301_R2022,ECT1,A. hyacinthus,Ahya,10,3,2022,Chicken,-18.67043057,147.7064718,-18.67043057,147.7064718,colony GPS,10,2.5,1.3,NA,Ahya_301_R2022
Ahya_302_R2022,ECT1,A. hyacinthus,Ahya,10,3,2022,Chicken,-18.6701584,147.7067162,-18.6701584,147.7067162,colony GPS,10,1.1,-0.1,NA,Ahya_302_R2022
Ahya_303_R2022,ECT1,A. hyacinthus,Ahya,10,3,2022,Chicken,-18.67010065,147.7067622,-18.67010065,147.7067622,colony GPS,10,1.2,0,NA,Ahya_303_R2022
Ahya_304_R2022,ECT1,A. hyacinthus,Ahya,10,3,2022,Chicken,-18.67010409,147.7072681,-18.67010409,147.7072681,colony GPS,10,0.8,-0.4,NA,Ahya_304_R2022
Ahya_305_R2022,ECT1,A. hyacinthus,Ahya,10,3,2022,Chicken,-18.67005237,147.7073453,-18.67005237,147.7073453,colony GPS,10,0.7,-0.5,NA,Ahya_305_R2022
Ahya_307_R2022,ECT1,A. hyacinthus,Ahya,10,3,2022,Chicken,-18.66996872,147.7072862,-18.66996872,147.7072862,colony GPS,10,0.8,-0.4,NA,Ahya_307_R2022
Ahya_309_R2022,ECT1,A. hyacinthus,Ahya,10,3,2022,Chicken,-18.66995489,147.7072745,-18.66995489,147.7072745,colony GPS,10,0.9,-0.3,NA,Ahya_309_R2022
Ahya_311_R2022,ECT1,A. hyacinthus,Ahya,10,3,2022,Chicken,-18.66999999,147.7067157,-18.66999999,147.7067157,colony GPS,10,0.7,-0.5,NA,Ahya_311_R2022
Ahya_312_R2022,ECT1,A. hyacinthus,Ahya,10,3,2022,Chicken,-18.67000443,147.706693,-18.67000443,147.706693,colony GPS,10,1,-0.2,NA,Ahya_312_R2022
Ahya_313_R2022,ECT1,A. hyacinthus,Ahya,10,3,2022,Chicken,-18.67008221,147.7066505,-18.67008221,147.7066505,colony GPS,10,1.2,0,NA,Ahya_313_R2022
Ahya_314_R2022,ECT1,A. hyacinthus,Ahya,10,3,2022,Chicken,-18.67010317,147.7066174,-18.67010317,147.7066174,colony GPS,10,0.7,-0.5,NA,Ahya_314_R2022
Ahya_315_R2022,ECT1,A. hyacinthus,Ahya,10,3,2022,Chicken,-18.67004734,147.7065373,-18.67004734,147.7065373,colony GPS,10,0.6,-0.6,NA,Ahya_315_R2022
Ahya_316_R2022,ECT1,A. hyacinthus,Ahya,10,3,2022,Chicken,-18.67007819,147.7064511,-18.67007819,147.7064511,colony GPS,10,0.7,-0.5,NA,Ahya_316_R2022
Ahya_317_R2022,ECT1,A. hyacinthus,Ahya,10,3,2022,Chicken,-18.67007861,147.7064041,-18.67007861,147.7064041,colony GPS,10,1,-0.2,NA,Ahya_317_R2022
Ahya_318_R2022,ECT1,A. hyacinthus,Ahya,10,3,2022,Chicken,-18.67018204,147.7063997,-18.67018204,147.7063997,colony GPS,10,1.1,-0.1,NA,Ahya_318_R2022
Ahya_319_R2022,ECT1,A. hyacinthus,Ahya,10,3,2022,Chicken,-18.6705081,147.7063129,-18.6705081,147.7063129,colony GPS,10,0.6,-0.6,NA,Ahya_319_R2022
Ahya_320_R2022,ECT1,A. hyacinthus,Ahya,10,3,2022,Chicken,-18.67041858,147.7063558,-18.67041858,147.7063558,colony GPS,10,0.7,-0.5,NA,Ahya_320_R2022
Ahya_323_R2022,ECT1,A. hyacinthus,Ahya,10,3,2022,Chicken,-18.67030023,147.7064108,-18.67030023,147.7064108,colony GPS,10,0.8,-0.4,NA,Ahya_323_R2022
Ahya_326_R2022,ECT1,A. hyacinthus,Ahya,10,3,2022,Chicken,-18.66994676,147.7061994,-18.66994676,147.7061994,colony GPS,10,1,-0.2,NA,Ahya_326_R2022
Ahya_328_R2022,ECT1,A. hyacinthus,Ahya,10,3,2022,Chicken,-18.66983931,147.7060978,-18.66983931,147.7060978,colony GPS,10,1,-0.2,NA,Ahya_328_R2022
Ahya_329_R2022,ECT1,A. hyacinthus,Ahya,10,3,2022,Chicken,-18.66980813,147.7061156,-18.66980813,147.7061156,colony GPS,10,1,-0.2,NA,Ahya_329_R2022
Aspat_1000,ECT1,A. spathulata,Aspat,10,3,2022,Chicken,-18.670069,147.707557,-18.670069,147.707557,colony GPS,10,2.9,1.3,NA,Aspat_1000
Aspat_1501,ECT1,A. spathulata,Aspat,10,3,2022,Chicken,-18.669954,147.707641,-18.669954,147.707641,colony GPS,10,3.5,1.9,NA,Aspat_1501
Aspat_1502,ECT1,A. spathulata,Aspat,10,3,2022,Chicken,-18.669934,147.707631,-18.669934,147.707631,colony GPS,10,2.9,1.3,NA,Aspat_1502
Aspat_1503,ECT1,A. spathulata,Aspat,10,3,2022,Chicken,-18.669915,147.707647,-18.669915,147.707647,colony GPS,10,2.3,0.7,NA,Aspat_1503
Aspat_1504,ECT1,A. spathulata,Aspat,10,3,2022,Chicken,-18.669891,147.70765,-18.669891,147.70765,colony GPS,10,2.2,0.6,NA,Aspat_1504
Aspat_1505,ECT1,A. spathulata,Aspat,10,3,2022,Chicken,-18.669833,147.707649,-18.669833,147.707649,colony GPS,10,2.9,1.3,NA,Aspat_1505
Aspat_1506,ECT1,A. spathulata,Aspat,10,3,2022,Chicken,-18.670243,147.707176,-18.670243,147.707176,colony GPS,10,4.9,3.1,NA,Aspat_1506
Aspat_1507,ECT1,A. spathulata,Aspat,10,3,2022,Chicken,-18.670177,147.707149,-18.670177,147.707149,colony GPS,10,4.8,3,NA,Aspat_1507
Aspat_1508,ECT1,A. spathulata,Aspat,10,3,2022,Chicken,-18.670196,147.707095,-18.670196,147.707095,colony GPS,10,6.4,4.6,NA,Aspat_1508
Aspat_1509,ECT1,A. spathulata,Aspat,10,3,2022,Chicken,-18.670143,147.707036,-18.670143,147.707036,colony GPS,10,6.1,4.3,NA,Aspat_1509
Aspat_1510,ECT1,A. spathulata,Aspat,10,3,2022,Chicken,-18.669605,147.706998,-18.669605,147.706998,colony GPS,10,3.3,1.5,NA,Aspat_1510
Aspat_1511,ECT1,A. spathulata,Aspat,10,3,2022,Chicken,-18.669619,147.70699,-18.669619,147.70699,colony GPS,10,3.4,1.6,NA,Aspat_1511
Aspat_1512,ECT1,A. spathulata,Aspat,10,3,2022,Chicken,-18.669588,147.706966,-18.669588,147.706966,colony GPS,10,1.9,0.1,NA,Aspat_1512
Aspat_1513,ECT1,A. spathulata,Aspat,10,3,2022,Chicken,-18.669571,147.7069,-18.669571,147.7069,colony GPS,10,1.5,-0.3,NA,Aspat_1513
Aspat_1514,ECT1,A. spathulata,Aspat,10,3,2022,Chicken,-18.66948,147.706859,-18.66948,147.706859,colony GPS,10,2,0.2,NA,Aspat_1514
Aspat_1515,ECT1,A. spathulata,Aspat,10,3,2022,Chicken,-18.669474,147.706875,-18.669474,147.706875,colony GPS,10,1.4,-0.4,NA,Aspat_1515
Aspat_1516,ECT1,A. spathulata,Aspat,10,3,2022,Chicken,-18.669426,147.706876,-18.669426,147.706876,colony GPS,10,1.3,-0.4,NA,Aspat_1516
Aspat_1517,ECT1,A. spathulata,Aspat,10,3,2022,Chicken,-18.669365,147.706865,-18.669365,147.706865,colony GPS,10,1.5,-0.2,NA,Aspat_1517
Aspat_1518,ECT1,A. spathulata,Aspat,10,3,2022,Chicken,-18.669363,147.70688,-18.669363,147.70688,colony GPS,10,1.4,-0.3,NA,Aspat_1518
Aspat_1519,ECT1,A. spathulata,Aspat,10,3,2022,Chicken,-18.669288,147.706917,-18.669288,147.706917,colony GPS,10,1.6,-0.1,NA,Aspat_1519
Aspat_1520,ECT1,A. spathulata,Aspat,10,3,2022,Chicken,-18.669297,147.706837,-18.669297,147.706837,colony GPS,10,1.6,-0.1,NA,Aspat_1520
Aspat_1521,ECT1,A. spathulata,Aspat,10,3,2022,Chicken,-18.669341,147.706728,-18.669341,147.706728,colony GPS,10,1.5,-0.2,NA,Aspat_1521
Aspat_1522,ECT1,A. spathulata,Aspat,10,3,2022,Chicken,-18.669281,147.706613,-18.669281,147.706613,colony GPS,10,1.3,-0.4,NA,Aspat_1522
Aspat_1523,ECT1,A. spathulata,Aspat,10,3,2022,Chicken,-18.669272,147.706599,-18.669272,147.706599,colony GPS,10,1.8,0.1,NA,Aspat_1523
Aspat_1524,ECT1,A. spathulata,Aspat,10,3,2022,Chicken,-18.669263,147.706531,-18.669263,147.706531,colony GPS,10,1.3,-0.4,NA,Aspat_1524
Aspat_1525,ECT1,A. spathulata,Aspat,10,3,2022,Chicken,-18.669259,147.706465,-18.669259,147.706465,colony GPS,10,1.5,-0.2,NA,Aspat_1525
Aspat_1526,ECT1,A. spathulata,Aspat,10,3,2022,Chicken,-18.669294,147.706362,-18.669294,147.706362,colony GPS,10,1.6,-0.1,NA,Aspat_1526
Aspat_1527,ECT1,A. spathulata,Aspat,10,3,2022,Chicken,-18.669277,147.706265,-18.669277,147.706265,colony GPS,10,1.3,-0.4,NA,Aspat_1527
Aspat_1528,ECT1,A. spathulata,Aspat,10,3,2022,Chicken,-18.669219,147.706159,-18.669219,147.706159,colony GPS,10,1.4,-0.3,NA,Aspat_1528
Aspat_1529,ECT1,A. spathulata,Aspat,10,3,2022,Chicken,-18.669165,147.705974,-18.669165,147.705974,colony GPS,10,1.3,-0.3,NA,Aspat_1529
Aspat_1530,ECT1,A. spathulata,Aspat,10,3,2022,Chicken,-18.669634,147.706013,-18.669634,147.706013,colony GPS,10,1.6,0,NA,Aspat_1530
Aspat_1531,ECT1,A. spathulata,Aspat,10,3,2022,Chicken,-18.669939,147.705889,-18.669939,147.705889,colony GPS,10,3,1.4,NA,Aspat_1531
Aspat_1532,ECT1,A. spathulata,Aspat,10,3,2022,Chicken,-18.66994,147.705884,-18.66994,147.705884,colony GPS,10,3.2,1.6,NA,Aspat_1532
Aspat_1533,ECT1,A. spathulata,Aspat,10,3,2022,Chicken,-18.669945,147.705881,-18.669945,147.705881,colony GPS,10,2.1,0.5,NA,Aspat_1533
Aspat_1534,ECT1,A. spathulata,Aspat,10,3,2022,Chicken,-18.67002,147.705903,-18.67002,147.705903,colony GPS,10,3.3,1.7,NA,Aspat_1534
Aspat_1535,ECT1,A. spathulata,Aspat,10,3,2022,Chicken,-18.670025,147.705901,-18.670025,147.705901,colony GPS,10,3,1.4,NA,Aspat_1535
Aspat_797,ECT1,A. spathulata,Aspat,10,3,2022,Chicken,-18.669904,147.707261,-18.669904,147.707261,colony GPS,10,2.8,1,NA,Aspat_797
Aspat_798,ECT1,A. spathulata,Aspat,10,3,2022,Chicken,-18.669817,147.707237,-18.669817,147.707237,colony GPS,10,2.7,0.9,NA,Aspat_798
Aspat_799,ECT1,A. spathulata,Aspat,10,3,2022,Chicken,-18.669795,147.707243,-18.669795,147.707243,colony GPS,10,1.9,0.1,NA,Aspat_799
Aspat_800,ECT1,A. spathulata,Aspat,10,3,2022,Chicken,-18.669792,147.707369,-18.669792,147.707369,colony GPS,10,2.6,0.9,NA,Aspat_800
Aspat_801,ECT1,A. spathulata,Aspat,10,3,2022,Chicken,-18.669763,147.70738,-18.669763,147.70738,colony GPS,10,1.7,0,NA,Aspat_801
Aspat_802,ECT1,A. spathulata,Aspat,10,3,2022,Chicken,-18.669745,147.707357,-18.669745,147.707357,colony GPS,10,1.5,-0.2,NA,Aspat_802
Aspat_803,ECT1,A. spathulata,Aspat,10,3,2022,Chicken,-18.669731,147.707334,-18.669731,147.707334,colony GPS,10,2.1,0.4,NA,Aspat_803
Aspat_804,ECT1,A. spathulata,Aspat,10,3,2022,Chicken,-18.669861,147.70735,-18.669861,147.70735,colony GPS,10,2.2,0.5,NA,Aspat_804
Aspat_805,ECT1,A. spathulata,Aspat,10,3,2022,Chicken,-18.669885,147.707422,-18.669885,147.707422,colony GPS,10,3.4,1.7,NA,Aspat_805
Aspat_806,ECT1,A. spathulata,Aspat,10,3,2022,Chicken,-18.669937,147.707434,-18.669937,147.707434,colony GPS,10,2.5,0.8,NA,Aspat_806
Aspat_956,ECT1,A. spathulata,Aspat,10,3,2022,Chicken,-18.669899,147.707242,-18.669899,147.707242,colony GPS,10,3.8,2,NA,Aspat_956
Aspat_987,ECT1,A. spathulata,Aspat,10,3,2022,Chicken,-18.670048,147.70725,-18.670048,147.70725,colony GPS,10,4.3,2.5,NA,Aspat_987
Aspat_988,ECT1,A. spathulata,Aspat,10,3,2022,Chicken,-18.670031,147.707207,-18.670031,147.707207,colony GPS,10,4.1,2.3,NA,Aspat_988
Aspat_989,ECT1,A. spathulata,Aspat,10,3,2022,Chicken,-18.669977,147.707209,-18.669977,147.707209,colony GPS,10,4.5,2.7,NA,Aspat_989
Aspat_990,ECT1,A. spathulata,Aspat,10,3,2022,Chicken,-18.669958,147.707242,-18.669958,147.707242,colony GPS,10,2.7,0.9,NA,Aspat_990
Aspat_991,ECT1,A. spathulata,Aspat,10,3,2022,Chicken,-18.669945,147.707441,-18.669945,147.707441,colony GPS,10,3.2,1.5,NA,Aspat_991
Aspat_992,ECT1,A. spathulata,Aspat,10,3,2022,Chicken,-18.669998,147.707449,-18.669998,147.707449,colony GPS,10,2.6,0.9,NA,Aspat_992
Aspat_993,ECT1,A. spathulata,Aspat,10,3,2022,Chicken,-18.669986,147.707448,-18.669986,147.707448,colony GPS,10,2.3,0.6,NA,Aspat_993
Aspat_994,ECT1,A. spathulata,Aspat,10,3,2022,Chicken,-18.670001,147.707458,-18.670001,147.707458,colony GPS,10,3.5,1.8,NA,Aspat_994
Aspat_995,ECT1,A. spathulata,Aspat,10,3,2022,Chicken,-18.670037,147.707416,-18.670037,147.707416,colony GPS,10,2.5,0.8,NA,Aspat_995
Aspat_996,ECT1,A. spathulata,Aspat,10,3,2022,Chicken,-18.670052,147.707458,-18.670052,147.707458,colony GPS,10,3.1,1.5,NA,Aspat_996
Aspat_997,ECT1,A. spathulata,Aspat,10,3,2022,Chicken,-18.670071,147.707474,-18.670071,147.707474,colony GPS,10,2.9,1.3,NA,Aspat_997
Aspat_998,ECT1,A. spathulata,Aspat,10,3,2022,Chicken,-18.670077,147.707496,-18.670077,147.707496,colony GPS,10,2.4,0.8,NA,Aspat_998
Aspat_999,ECT1,A. spathulata,Aspat,10,3,2022,Chicken,-18.67007,147.707542,-18.67007,147.707542,colony GPS,10,2.3,0.7,NA,Aspat_999
Ahya_331_R2022,ECT1,A. hyacinthus,Ahya,11,3,2022,Davies,-18.82576995,147.6264861,-18.82576995,147.6264861,colony GPS,10,0.8,-0.2,NA,Ahya_331_R2022
Ahya_333_R2022_NoRun,ECT1,A. hyacinthus,Ahya,11,3,2022,Davies,-18.82567682,147.6264331,-18.82567682,147.6264331,colony GPS,10,1,-0.2,NA,Ahya_333_R2022_NoRun
Ahya_334_R2022,ECT1,A. hyacinthus,Ahya,11,3,2022,Davies,-18.82562092,147.6266302,-18.82562092,147.6266302,colony GPS,10,0.8,-0.2,NA,Ahya_334_R2022
Ahya_335_R2022,ECT1,A. hyacinthus,Ahya,11,3,2022,Davies,-18.82565117,147.6266666,-18.82565117,147.6266666,colony GPS,10,0.9,-0.1,NA,Ahya_335_R2022
Ahya_336_R2022,ECT1,A. hyacinthus,Ahya,11,3,2022,Davies,-18.82561999,147.6266616,-18.82561999,147.6266616,colony GPS,10,0.6,-0.4,NA,Ahya_336_R2022
Ahya_337_R2022_NoRun,ECT1,A. hyacinthus,Ahya,11,3,2022,Davies,-18.82559761,147.6266398,-18.82559761,147.6266398,colony GPS,10,0.8,-0.2,NA,Ahya_337_R2022_NoRun
Ahya_340_R2022_NoRun,ECT1,A. hyacinthus,Ahya,11,3,2022,Davies,-18.82548689,147.6265579,-18.82548689,147.6265579,colony GPS,10,1,-0.2,NA,Ahya_340_R2022_NoRun
Ahya_343_R2022_NoRun,ECT1,A. hyacinthus,Ahya,11,3,2022,Davies,-18.82543249,147.6266186,-18.82543249,147.6266186,colony GPS,10,0.7,-0.3,NA,Ahya_343_R2022_NoRun
Ahya_344_R2022_NoRun,ECT1,A. hyacinthus,Ahya,11,3,2022,Davies,-18.82552419,147.6267356,-18.82552419,147.6267356,colony GPS,10,0.7,-0.3,NA,Ahya_344_R2022_NoRun
Ahya_345_R2022_NoRun,ECT1,A. hyacinthus,Ahya,11,3,2022,Davies,-18.82553106,147.6267352,-18.82553106,147.6267352,colony GPS,10,1,-0.1,NA,Ahya_345_R2022_NoRun
Ahya_346_R2022,ECT1,A. hyacinthus,Ahya,11,3,2022,Davies,-18.82549116,147.6267391,-18.82549116,147.6267391,colony GPS,10,1,-0.1,NA,Ahya_346_R2022
Ahya_347_R2022_NoRun,ECT1,A. hyacinthus,Ahya,11,3,2022,Davies,-18.82544867,147.6267423,-18.82544867,147.6267423,colony GPS,10,1,-0.1,NA,Ahya_347_R2022_NoRun
Ahya_348_R2022_NoRun,ECT1,A. hyacinthus,Ahya,11,3,2022,Davies,-18.8254314,147.6267185,-18.8254314,147.6267185,colony GPS,10,1,-0.1,NA,Ahya_348_R2022_NoRun
Ahya_349_R2022,ECT1,A. hyacinthus,Ahya,11,3,2022,Davies,-18.82540433,147.6267076,-18.82540433,147.6267076,colony GPS,10,1,-0.1,NA,Ahya_349_R2022
Ahya_350_R2022_NoRun,ECT1,A. hyacinthus,Ahya,11,3,2022,Davies,-18.8253822,147.6267019,-18.8253822,147.6267019,colony GPS,10,1.1,0,NA,Ahya_350_R2022_NoRun
Ahya_352_R2022_NoRun,ECT1,A. hyacinthus,Ahya,11,3,2022,Davies,-18.82538228,147.6267284,-18.82538228,147.6267284,colony GPS,10,1,-0.1,NA,Ahya_352_R2022_NoRun
Ahya_354_R2022_NoRun,ECT1,A. hyacinthus,Ahya,11,3,2022,Davies,-18.82545881,147.6267491,-18.82545881,147.6267491,colony GPS,10,1,-0.1,NA,Ahya_354_R2022_NoRun
Ahya_355_R2022,ECT1,A. hyacinthus,Ahya,11,3,2022,Davies,-18.82545336,147.6268257,-18.82545336,147.6268257,colony GPS,10,1,-0.1,NA,Ahya_355_R2022
Ahya_356_R2022,ECT1,A. hyacinthus,Ahya,11,3,2022,Davies,-18.82546484,147.6268599,-18.82546484,147.6268599,colony GPS,10,1,-0.1,NA,Ahya_356_R2022
Ahya_357_R2022,ECT1,A. hyacinthus,Ahya,11,3,2022,Davies,-18.82547993,147.6268779,-18.82547993,147.6268779,colony GPS,10,1,-0.1,NA,Ahya_357_R2022
Ahya_359_R2022_NoRun,ECT1,A. hyacinthus,Ahya,11,3,2022,Davies,-18.82548119,147.6268675,-18.82548119,147.6268675,colony GPS,10,1,-0.2,NA,Ahya_359_R2022_NoRun
Ahya_360_R2022,ECT1,A. hyacinthus,Ahya,11,3,2022,Davies,-18.82544758,147.6268708,-18.82544758,147.6268708,colony GPS,10,1,-0.2,NA,Ahya_360_R2022
Aspat_1536,ECT1,A. spathulata,Aspat,12,3,2022,Davies,-18.825859,147.626415,-18.825859,147.626415,colony GPS,10,1.8,0,NA,Aspat_1536
Aspat_1537,ECT1,A. spathulata,Aspat,12,3,2022,Davies,-18.825871,147.626419,-18.825871,147.626419,colony GPS,10,1.8,0,NA,Aspat_1537
Aspat_1538,ECT1,A. spathulata,Aspat,12,3,2022,Davies,-18.825882,147.626386,-18.825882,147.626386,colony GPS,10,1.9,0.1,NA,Aspat_1538
Aspat_1539,ECT1,A. spathulata,Aspat,12,3,2022,Davies,-18.825906,147.626386,-18.825906,147.626386,colony GPS,10,1.9,0.2,NA,Aspat_1539
Aspat_1540,ECT1,A. spathulata,Aspat,12,3,2022,Davies,-18.82592,147.626429,-18.82592,147.626429,colony GPS,10,1.8,0.1,NA,Aspat_1540
Aspat_1541,ECT1,A. spathulata,Aspat,12,3,2022,Davies,-18.825968,147.626451,-18.825968,147.626451,colony GPS,10,1.9,0.2,NA,Aspat_1541
Aspat_1542,ECT1,A. spathulata,Aspat,12,3,2022,Davies,-18.825962,147.626476,-18.825962,147.626476,colony GPS,10,1.9,0.2,NA,Aspat_1542
Aspat_1543,ECT1,A. spathulata,Aspat,12,3,2022,Davies,-18.825956,147.626479,-18.825956,147.626479,colony GPS,10,1.9,0.2,NA,Aspat_1543
Aspat_1544,ECT1,A. spathulata,Aspat,12,3,2022,Davies,-18.825974,147.626483,-18.825974,147.626483,colony GPS,10,1.8,0.1,NA,Aspat_1544
Aspat_1545,ECT1,A. spathulata,Aspat,12,3,2022,Davies,-18.825978,147.626527,-18.825978,147.626527,colony GPS,10,2,0.3,NA,Aspat_1545
Aspat_1546,ECT1,A. spathulata,Aspat,12,3,2022,Davies,-18.826015,147.626526,-18.826015,147.626526,colony GPS,10,2,0.3,NA,Aspat_1546
Aspat_1547,ECT1,A. spathulata,Aspat,12,3,2022,Davies,-18.825987,147.626538,-18.825987,147.626538,colony GPS,10,1.9,0.2,NA,Aspat_1547
Aspat_1548,ECT1,A. spathulata,Aspat,12,3,2022,Davies,-18.826001,147.626555,-18.826001,147.626555,colony GPS,10,1.9,0.2,NA,Aspat_1548
Aspat_1549,ECT1,A. spathulata,Aspat,12,3,2022,Davies,-18.825988,147.62659,-18.825988,147.62659,colony GPS,10,1.8,0.1,NA,Aspat_1549
Aspat_1550,ECT1,A. spathulata,Aspat,12,3,2022,Davies,-18.825964,147.626623,-18.825964,147.626623,colony GPS,10,1.9,0.3,NA,Aspat_1550
Aspat_1551,ECT1,A. spathulata,Aspat,12,3,2022,Davies,-18.825865,147.626609,-18.825865,147.626609,colony GPS,10,5.7,3.9,NA,Aspat_1551
Aspat_1552,ECT1,A. spathulata,Aspat,12,3,2022,Davies,-18.825875,147.62662,-18.825875,147.62662,colony GPS,10,4.8,3,NA,Aspat_1552
Aspat_1553,ECT1,A. spathulata,Aspat,12,3,2022,Davies,-18.825873,147.62664,-18.825873,147.62664,colony GPS,10,5.3,3.5,NA,Aspat_1553
Aspat_1554,ECT1,A. spathulata,Aspat,12,3,2022,Davies,-18.825879,147.626661,-18.825879,147.626661,colony GPS,10,4.1,2.3,NA,Aspat_1554
Aspat_1555,ECT1,A. spathulata,Aspat,12,3,2022,Davies,-18.825885,147.626673,-18.825885,147.626673,colony GPS,10,3.5,1.8,NA,Aspat_1555
Aspat_1556,ECT1,A. spathulata,Aspat,12,3,2022,Davies,-18.825883,147.626682,-18.825883,147.626682,colony GPS,10,3,1.3,NA,Aspat_1556
Aspat_1557,ECT1,A. spathulata,Aspat,12,3,2022,Davies,-18.825902,147.626646,-18.825902,147.626646,colony GPS,10,2.1,0.4,NA,Aspat_1557
Aspat_1558,ECT1,A. spathulata,Aspat,12,3,2022,Davies,-18.82594,147.626663,-18.82594,147.626663,colony GPS,10,3.2,1.5,NA,Aspat_1558
Aspat_1559,ECT1,A. spathulata,Aspat,12,3,2022,Davies,-18.825767,147.62643,-18.825767,147.62643,colony GPS,10,2.1,0.4,NA,Aspat_1559
Aspat_1560,ECT1,A. spathulata,Aspat,12,3,2022,Davies,-18.825762,147.626444,-18.825762,147.626444,colony GPS,10,4.1,2.5,NA,Aspat_1560
Aspat_1561,ECT1,A. spathulata,Aspat,12,3,2022,Davies,-18.825755,147.626447,-18.825755,147.626447,colony GPS,10,4.2,2.6,NA,Aspat_1561
Aspat_1562,ECT1,A. spathulata,Aspat,12,3,2022,Davies,-18.82577,147.626469,-18.82577,147.626469,colony GPS,10,3.9,2.2,NA,Aspat_1562
Aspat_1563,ECT1,A. spathulata,Aspat,12,3,2022,Davies,-18.82579,147.626481,-18.82579,147.626481,colony GPS,10,3.5,1.8,NA,Aspat_1563
Aspat_1564,ECT1,A. spathulata,Aspat,12,3,2022,Davies,-18.825689,147.626434,-18.825689,147.626434,colony GPS,10,3.8,2.2,NA,Aspat_1564
Aspat_1565,ECT1,A. spathulata,Aspat,12,3,2022,Davies,-18.825615,147.626457,-18.825615,147.626457,colony GPS,10,3.4,1.8,NA,Aspat_1565
Aspat_1566,ECT1,A. spathulata,Aspat,12,3,2022,Davies,-18.82562,147.626455,-18.82562,147.626455,colony GPS,10,1.8,0.2,NA,Aspat_1566
Aspat_1567,ECT1,A. spathulata,Aspat,12,3,2022,Davies,-18.825596,147.626534,-18.825596,147.626534,colony GPS,10,2,0.4,NA,Aspat_1567
Aspat_1568,ECT1,A. spathulata,Aspat,12,3,2022,Davies,-18.825596,147.626534,-18.825596,147.626534,colony GPS,10,2,0.4,NA,Aspat_1568
Aspat_1569,ECT1,A. spathulata,Aspat,12,3,2022,Davies,-18.825446,147.626433,-18.825446,147.626433,colony GPS,10,1.9,0.3,NA,Aspat_1569
Aspat_1570,ECT1,A. spathulata,Aspat,12,3,2022,Davies,-18.825503,147.626439,-18.825503,147.626439,colony GPS,10,1.8,0.2,NA,Aspat_1570
Aspat_1571,ECT1,A. spathulata,Aspat,12,3,2022,Davies,-18.825484,147.626413,-18.825484,147.626413,colony GPS,10,1.9,0.4,NA,Aspat_1571
Aspat_1572,ECT1,A. spathulata,Aspat,12,3,2022,Davies,-18.825469,147.626454,-18.825469,147.626454,colony GPS,10,1.9,0.4,NA,Aspat_1572
Aspat_1573,ECT1,A. spathulata,Aspat,12,3,2022,Davies,-18.825492,147.62644,-18.825492,147.62644,colony GPS,10,1.8,0.3,NA,Aspat_1573
Aspat_1581,ECT1,A. spathulata,Aspat,12,3,2022,Davies,-18.825474,147.626425,-18.825474,147.626425,colony GPS,10,3.5,1.9,NA,Aspat_1581
Aspat_1582,ECT1,A. spathulata,Aspat,12,3,2022,Davies,-18.825455,147.626416,-18.825455,147.626416,colony GPS,10,3.6,2,NA,Aspat_1582
Aspat_1583,ECT1,A. spathulata,Aspat,12,3,2022,Davies,-18.825442,147.626479,-18.825442,147.626479,colony GPS,10,2.8,1.2,NA,Aspat_1583
Aspat_1584,ECT1,A. spathulata,Aspat,12,3,2022,Davies,-18.825365,147.626494,-18.825365,147.626494,colony GPS,10,3.7,2.1,NA,Aspat_1584
Aspat_1585,ECT1,A. spathulata,Aspat,12,3,2022,Davies,-18.825355,147.626527,-18.825355,147.626527,colony GPS,10,4.3,2.7,NA,Aspat_1585
Aspat_1586,ECT1,A. spathulata,Aspat,12,3,2022,Davies,-18.825385,147.62658,-18.825385,147.62658,colony GPS,10,3.2,1.6,NA,Aspat_1586
Aspat_1587,ECT1,A. spathulata,Aspat,12,3,2022,Davies,-18.825382,147.626606,-18.825382,147.626606,colony GPS,10,3.9,2.4,NA,Aspat_1587
Aspat_1588,ECT1,A. spathulata,Aspat,12,3,2022,Davies,-18.8254,147.626624,-18.8254,147.626624,colony GPS,10,3.2,1.7,NA,Aspat_1588
Aspat_1589,ECT1,A. spathulata,Aspat,12,3,2022,Davies,-18.825441,147.626639,-18.825441,147.626639,colony GPS,10,2.7,1.2,NA,Aspat_1589
Aspat_1590,ECT1,A. spathulata,Aspat,12,3,2022,Davies,-18.825315,147.626725,-18.825315,147.626725,colony GPS,10,3.2,1.7,NA,Aspat_1590
Aspat_1591,ECT1,A. spathulata,Aspat,12,3,2022,Davies,-18.825289,147.626655,-18.825289,147.626655,colony GPS,10,2.8,1.3,NA,Aspat_1591
Aspat_1592,ECT1,A. spathulata,Aspat,12,3,2022,Davies,-18.825317,147.626702,-18.825317,147.626702,colony GPS,10,3.2,1.7,NA,Aspat_1592
Aspat_1593,ECT1,A. spathulata,Aspat,12,3,2022,Davies,-18.825247,147.626596,-18.825247,147.626596,colony GPS,10,2.2,0.7,NA,Aspat_1593
Aspat_1594,ECT1,A. spathulata,Aspat,12,3,2022,Davies,-18.825202,147.626635,-18.825202,147.626635,colony GPS,10,4.2,2.7,NA,Aspat_1594
Aspat_1595,ECT1,A. spathulata,Aspat,12,3,2022,Davies,-18.825193,147.626659,-18.825193,147.626659,colony GPS,10,4,2.5,NA,Aspat_1595
Ahya_1780,ECT1,A. hyacinthus,Ahya,24,3,2022,Lady_Musgrave,-23.90907512,152.3858947,-23.90907512,152.3858947,colony GPS,10,2.4,0.9,NA,Ahya_1780
Ahya_1781,ECT1,A. hyacinthus,Ahya,24,3,2022,Lady_Musgrave,-23.88365373,152.4157701,-23.88365373,152.4157701,colony GPS,10,3.2,2.2,NA,Ahya_1781
Ahya_1782,ECT1,A. hyacinthus,Ahya,24,3,2022,Lady_Musgrave,-23.88377761,152.4158244,-23.88377761,152.4158244,colony GPS,10,3.2,2.1,NA,Ahya_1782
Ahya_1783,ECT1,A. hyacinthus,Ahya,24,3,2022,Lady_Musgrave,-23.88385699,152.4158544,-23.88385699,152.4158544,colony GPS,10,2.1,1,NA,Ahya_1783
Ahya_1784,ECT1,A. hyacinthus,Ahya,24,3,2022,Lady_Musgrave,-23.88374727,152.4159669,-23.88374727,152.4159669,colony GPS,10,3.6,2.5,NA,Ahya_1784
Ahya_1785,ECT1,A. hyacinthus,Ahya,24,3,2022,Lady_Musgrave,-23.88335533,152.4169858,-23.88335533,152.4169858,colony GPS,10,3.6,2.4,NA,Ahya_1785
Ahya_1786,ECT1,A. hyacinthus,Ahya,24,3,2022,Lady_Musgrave,-23.88335751,152.4170236,-23.88335751,152.4170236,colony GPS,10,3.2,2,NA,Ahya_1786
Ahya_1787,ECT1,A. hyacinthus,Ahya,24,3,2022,Lady_Musgrave,-23.90929665,152.3859508,-23.90929665,152.3859508,colony GPS,10,1.7,0.3,NA,Ahya_1787
Ahya_1788,ECT1,A. hyacinthus,Ahya,24,3,2022,Lady_Musgrave,-23.90893447,152.3860075,-23.90893447,152.3860075,colony GPS,10,2.6,1.2,NA,Ahya_1788
Ahya_1789,ECT1,A. hyacinthus,Ahya,24,3,2022,Lady_Musgrave,-23.90854991,152.3862298,-23.90854991,152.3862298,colony GPS,10,1.8,0.5,NA,Ahya_1789
Ahya_1790,ECT1,A. hyacinthus,Ahya,24,3,2022,Lady_Musgrave,-23.90742539,152.386974,-23.90742539,152.386974,colony GPS,10,2,0.8,NA,Ahya_1790
Ahya_1791,ECT1,A. hyacinthus,Ahya,24,3,2022,Lady_Musgrave,-23.90747845,152.3870143,-23.90747845,152.3870143,colony GPS,10,2,0.8,NA,Ahya_1791
Aspat_1596,ECT1,A. spathulata,Aspat,24,3,2022,Lady_Musgrave,-23.90743973,152.3867061,-23.90743973,152.3867061,colony GPS,10,5,4,NA,Aspat_1596
Aspat_1597,ECT1,A. spathulata,Aspat,24,3,2022,Lady_Musgrave,-23.90743109,152.386691,-23.90743109,152.386691,colony GPS,10,5,4,NA,Aspat_1597
Aspat_1598,ECT1,A. spathulata,Aspat,24,3,2022,Lady_Musgrave,-23.90741182,152.3866715,-23.90741182,152.3866715,colony GPS,10,5.1,4.1,NA,Aspat_1598
Aspat_1599,ECT1,A. spathulata,Aspat,24,3,2022,Lady_Musgrave,-23.90742783,152.3866732,-23.90742783,152.3866732,colony GPS,10,5.2,4.2,NA,Aspat_1599
Aspat_1600,ECT1,A. spathulata,Aspat,24,3,2022,Lady_Musgrave,-23.90737393,152.3865905,-23.90737393,152.3865905,colony GPS,10,4.8,3.7,NA,Aspat_1600
Aspat_1601,ECT1,A. spathulata,Aspat,24,3,2022,Lady_Musgrave,-23.90741014,152.3865734,-23.90741014,152.3865734,colony GPS,10,4.6,3.5,NA,Aspat_1601
Aspat_1602,ECT1,A. spathulata,Aspat,24,3,2022,Lady_Musgrave,-23.9075072,152.3865234,-23.9075072,152.3865234,colony GPS,10,3.5,2.4,NA,Aspat_1602
Aspat_1603,ECT1,A. spathulata,Aspat,24,3,2022,Lady_Musgrave,-23.90767048,152.3866346,-23.90767048,152.3866346,colony GPS,10,5.3,4.2,NA,Aspat_1603
Aspat_1604,ECT1,A. spathulata,Aspat,24,3,2022,Lady_Musgrave,-23.90768666,152.3866475,-23.90768666,152.3866475,colony GPS,10,3.3,2.2,NA,Aspat_1604
Aspat_1605,ECT1,A. spathulata,Aspat,24,3,2022,Lady_Musgrave,-23.90773108,152.3866667,-23.90773108,152.3866667,colony GPS,10,3.2,2.1,NA,Aspat_1605
Aspat_1606,ECT1,A. spathulata,Aspat,24,3,2022,Lady_Musgrave,-23.90830969,152.3865203,-23.90830969,152.3865203,colony GPS,10,1,-0.7,NA,Aspat_1606
Aspat_1607,ECT1,A. spathulata,Aspat,24,3,2022,Lady_Musgrave,-23.90832494,152.3864977,-23.90832494,152.3864977,colony GPS,10,0.7,-1,NA,Aspat_1607
Aspat_1608,ECT1,A. spathulata,Aspat,24,3,2022,Lady_Musgrave,-23.90835813,152.3865083,-23.90835813,152.3865083,colony GPS,10,0.7,-1,NA,Aspat_1608
Aspat_1609,ECT1,A. spathulata,Aspat,24,3,2022,Lady_Musgrave,-23.90836962,152.3865145,-23.90836962,152.3865145,colony GPS,10,0.7,-1,NA,Aspat_1609
Aspat_1610,ECT1,A. spathulata,Aspat,24,3,2022,Lady_Musgrave,-23.90836618,152.3865228,-23.90836618,152.3865228,colony GPS,10,0.7,-1,NA,Aspat_1610
Aspat_1611,ECT1,A. spathulata,Aspat,24,3,2022,Lady_Musgrave,-23.88356882,152.41571,-23.88356882,152.41571,colony GPS,10,3,2,NA,Aspat_1611
Aspat_1612,ECT1,A. spathulata,Aspat,24,3,2022,Lady_Musgrave,-23.88372414,152.4158023,-23.88372414,152.4158023,colony GPS,10,5.2,4.1,NA,Aspat_1612
Aspat_1613,ECT1,A. spathulata,Aspat,24,3,2022,Lady_Musgrave,-23.88355432,152.4162366,-23.88355432,152.4162366,colony GPS,10,2.3,1.2,NA,Aspat_1613
Aspat_1614,ECT1,A. spathulata,Aspat,24,3,2022,Lady_Musgrave,-23.8834099,152.4165353,-23.8834099,152.4165353,colony GPS,10,3.8,2.7,NA,Aspat_1614
Aspat_1615,ECT1,A. spathulata,Aspat,24,3,2022,Lady_Musgrave,-23.88336388,152.4167807,-23.88336388,152.4167807,colony GPS,10,4.8,3.7,NA,Aspat_1615
Aspat_1616,ECT1,A. spathulata,Aspat,24,3,2022,Lady_Musgrave,-23.88349799,152.4164156,-23.88349799,152.4164156,colony GPS,10,2.3,1.1,NA,Aspat_1616
Aspat_1617,ECT1,A. spathulata,Aspat,24,3,2022,Lady_Musgrave,-23.90760938,152.3866694,-23.90760938,152.3866694,colony GPS,10,NA,NA,NA,Aspat_1617
Aspat_1618,ECT1,A. spathulata,Aspat,24,3,2022,Lady_Musgrave,-23.90765657,152.3866973,-23.90765657,152.3866973,colony GPS,10,NA,NA,NA,Aspat_1618
Aspat_1619,ECT1,A. spathulata,Aspat,24,3,2022,Lady_Musgrave,-23.90766101,152.3866995,-23.90766101,152.3866995,colony GPS,10,3.1,1.5,NA,Aspat_1619
Aspat_1620,ECT1,A. spathulata,Aspat,24,3,2022,Lady_Musgrave,-23.90769848,152.3866834,-23.90769848,152.3866834,colony GPS,10,3,1.4,NA,Aspat_1620
Aspat_1621,ECT1,A. spathulata,Aspat,24,3,2022,Lady_Musgrave,-23.90772924,152.3867169,-23.90772924,152.3867169,colony GPS,10,2.7,1.1,NA,Aspat_1621
Aspat_1622,ECT1,A. spathulata,Aspat,24,3,2022,Lady_Musgrave,-23.90789662,152.3867519,-23.90789662,152.3867519,colony GPS,10,2.7,1.1,NA,Aspat_1622
Aspat_1623,ECT1,A. spathulata,Aspat,24,3,2022,Lady_Musgrave,-23.9080216,152.3867485,-23.9080216,152.3867485,colony GPS,10,2.5,0.9,NA,Aspat_1623
Aspat_1624,ECT1,A. spathulata,Aspat,24,3,2022,Lady_Musgrave,-23.9083101,152.3865646,-23.9083101,152.3865646,colony GPS,10,1.1,-0.5,NA,Aspat_1624
Aspat_1625,ECT1,A. spathulata,Aspat,24,3,2022,Lady_Musgrave,-23.90832678,152.3865125,-23.90832678,152.3865125,colony GPS,10,0.6,-1.1,NA,Aspat_1625
Aspat_1626,ECT1,A. spathulata,Aspat,24,3,2022,Lady_Musgrave,-23.90860246,152.3867034,-23.90860246,152.3867034,colony GPS,10,1,-0.4,NA,Aspat_1626
Aspat_1627,ECT1,A. spathulata,Aspat,24,3,2022,Lady_Musgrave,-23.90872367,152.386629,-23.90872367,152.386629,colony GPS,10,1,-0.4,NA,Aspat_1627
Aspat_1628,ECT1,A. spathulata,Aspat,24,3,2022,Lady_Musgrave,-23.90881679,152.386503,-23.90881679,152.386503,colony GPS,10,1,-0.4,NA,Aspat_1628
Aspat_1629,ECT1,A. spathulata,Aspat,24,3,2022,Lady_Musgrave,-23.90892844,152.3864628,-23.90892844,152.3864628,colony GPS,10,1,-0.4,NA,Aspat_1629
Aspat_1630,ECT1,A. spathulata,Aspat,24,3,2022,Lady_Musgrave,-23.90908836,152.386376,-23.90908836,152.386376,colony GPS,10,1,-0.4,NA,Aspat_1630
Aspat_1631,ECT1,A. spathulata,Aspat,24,3,2022,Lady_Musgrave,-23.90915475,152.3863735,-23.90915475,152.3863735,colony GPS,10,1,-0.4,NA,Aspat_1631
Aspat_1632,ECT1,A. spathulata,Aspat,24,3,2022,Lady_Musgrave,-23.90931292,152.3862838,-23.90931292,152.3862838,colony GPS,10,1,-0.4,NA,Aspat_1632
Aspat_1633,ECT1,A. spathulata,Aspat,24,3,2022,Lady_Musgrave,-23.90933219,152.3862881,-23.90933219,152.3862881,colony GPS,10,1,-0.4,NA,Aspat_1633
Aspat_1634,ECT1,A. spathulata,Aspat,24,3,2022,Lady_Musgrave,-23.90942582,152.3862434,-23.90942582,152.3862434,colony GPS,10,1,-0.3,NA,Aspat_1634
Aspat_1635,ECT1,A. spathulata,Aspat,24,3,2022,Lady_Musgrave,-23.90954635,152.3860341,-23.90954635,152.3860341,colony GPS,10,1,-0.3,NA,Aspat_1635
Aspat_1636,ECT1,A. spathulata,Aspat,24,3,2022,Lady_Musgrave,-23.90977342,152.3860339,-23.90977342,152.3860339,colony GPS,10,1,-0.3,NA,Aspat_1636
Aspat_1637,ECT1,A. spathulata,Aspat,24,3,2022,Lady_Musgrave,-23.9101558,152.3860247,-23.9101558,152.3860247,colony GPS,10,1,-0.3,NA,Aspat_1637
Aspat_1638,ECT1,A. spathulata,Aspat,24,3,2022,Lady_Musgrave,-23.90985128,152.3857347,-23.90985128,152.3857347,colony GPS,10,1,-0.3,NA,Aspat_1638
Aspat_1641,ECT1,A. spathulata,Aspat,24,3,2022,Lady_Musgrave,-23.9083231,152.3863455,-23.9083231,152.3863455,colony GPS,10,2.6,1,NA,Aspat_1641
Aspat_1642,ECT1,A. spathulata,Aspat,24,3,2022,Lady_Musgrave,-23.90838822,152.3863165,-23.90838822,152.3863165,colony GPS,10,2.3,0.7,NA,Aspat_1642
Aspat_1643,ECT1,A. spathulata,Aspat,24,3,2022,Lady_Musgrave,-23.90839644,152.3863147,-23.90839644,152.3863147,colony GPS,10,2.3,0.7,NA,Aspat_1643
Aspat_1644,ECT1,A. spathulata,Aspat,24,3,2022,Lady_Musgrave,-23.90854949,152.3861689,-23.90854949,152.3861689,colony GPS,10,3.5,1.9,NA,Aspat_1644
Aspat_1645,ECT1,A. spathulata,Aspat,24,3,2022,Lady_Musgrave,-23.90860758,152.386056,-23.90860758,152.386056,colony GPS,10,3.4,1.8,NA,Aspat_1645
Aspat_1646,ECT1,A. spathulata,Aspat,24,3,2022,Lady_Musgrave,-23.90953411,152.3859078,-23.90953411,152.3859078,colony GPS,10,1.9,0.2,NA,Aspat_1646
Aspat_1647,ECT1,A. spathulata,Aspat,24,3,2022,Lady_Musgrave,-23.90953512,152.3858995,-23.90953512,152.3858995,colony GPS,10,2.2,0.5,NA,Aspat_1647
Aspat_1648,ECT1,A. spathulata,Aspat,24,3,2022,Lady_Musgrave,-23.9095891,152.3859064,-23.9095891,152.3859064,colony GPS,10,2.2,0.5,NA,Aspat_1648
Aspat_1649,ECT1,A. spathulata,Aspat,24,3,2022,Lady_Musgrave,-23.90987844,152.3857418,-23.90987844,152.3857418,colony GPS,10,3.7,2,NA,Aspat_1649
Aspat_1650,ECT1,A. spathulata,Aspat,24,3,2022,Lady_Musgrave,-23.90845218,152.386493,-23.90845218,152.386493,colony GPS,10,1,-0.5,NA,Aspat_1650
Aspat_1651,ECT1,A. spathulata,Aspat,24,3,2022,Lady_Musgrave,-23.90848931,152.3865544,-23.90848931,152.3865544,colony GPS,10,1,-0.5,NA,Aspat_1651
Aspat_1652,ECT1,A. spathulata,Aspat,24,3,2022,Lady_Musgrave,-23.90852552,152.3866161,-23.90852552,152.3866161,colony GPS,10,1,-0.5,NA,Aspat_1652
Aspat_1653,ECT1,A. spathulata,Aspat,24,3,2022,Lady_Musgrave,-23.90854991,152.3866916,-23.90854991,152.3866916,colony GPS,10,1,-0.4,NA,Aspat_1653
Aspat_1654,ECT1,A. spathulata,Aspat,24,3,2022,Lady_Musgrave,-23.90853968,152.3866672,-23.90853968,152.3866672,colony GPS,10,1,-0.5,NA,Aspat_1654
Aspat_1655,ECT1,A. spathulata,Aspat,24,3,2022,Lady_Musgrave,NA,NA,NA,NA,no GPS or TBC,10,1,-0.3,NA,Aspat_1655
Aspat_1656,ECT1,A. spathulata,Aspat,25,3,2022,Fitzroy_Reef,-23.61269848,152.1551499,-23.61269848,152.1551499,colony GPS,10,2.5,0.7,NA,Aspat_1656
Aspat_1657,ECT1,A. spathulata,Aspat,25,3,2022,Fitzroy_Reef,-23.61273696,152.1551793,-23.61273696,152.1551793,colony GPS,10,2.3,0.5,NA,Aspat_1657
Aspat_1658,ECT1,A. spathulata,Aspat,25,3,2022,Fitzroy_Reef,-23.61273981,152.1551789,-23.61273981,152.1551789,colony GPS,10,2.1,0.3,NA,Aspat_1658
Aspat_1659,ECT1,A. spathulata,Aspat,25,3,2022,Fitzroy_Reef,-23.61276244,152.1551767,-23.61276244,152.1551767,colony GPS,10,1.2,-0.6,NA,Aspat_1659
Aspat_1660,ECT1,A. spathulata,Aspat,25,3,2022,Fitzroy_Reef,-23.61279085,152.1551679,-23.61279085,152.1551679,colony GPS,10,1.2,-0.6,NA,Aspat_1660
Aspat_1661,ECT1,A. spathulata,Aspat,25,3,2022,Fitzroy_Reef,-23.61285313,152.155153,-23.61285313,152.155153,colony GPS,10,1.2,-0.6,NA,Aspat_1661
Aspat_1662,ECT1,A. spathulata,Aspat,25,3,2022,Fitzroy_Reef,-23.61286864,152.1551611,-23.61286864,152.1551611,colony GPS,10,1.2,-0.6,NA,Aspat_1662
Aspat_1663,ECT1,A. spathulata,Aspat,25,3,2022,Fitzroy_Reef,-23.61289487,152.1551909,-23.61289487,152.1551909,colony GPS,10,1.2,-0.6,NA,Aspat_1663
Aspat_1664,ECT1,A. spathulata,Aspat,25,3,2022,Fitzroy_Reef,-23.61289144,152.155196,-23.61289144,152.155196,colony GPS,10,1.2,-0.6,NA,Aspat_1664
Aspat_1665,ECT1,A. spathulata,Aspat,25,3,2022,Fitzroy_Reef,-23.61294835,152.1551952,-23.61294835,152.1551952,colony GPS,10,1.2,-0.6,NA,Aspat_1665
Aspat_1666,ECT1,A. spathulata,Aspat,25,3,2022,Fitzroy_Reef,-23.61311037,152.155027,-23.61311037,152.155027,colony GPS,10,1.2,-0.6,NA,Aspat_1666
Aspat_1667,ECT1,A. spathulata,Aspat,25,3,2022,Fitzroy_Reef,-23.61315354,152.1549629,-23.61315354,152.1549629,colony GPS,10,1.2,-0.6,NA,Aspat_1667
Aspat_1668,ECT1,A. spathulata,Aspat,25,3,2022,Fitzroy_Reef,-23.61314868,152.1549424,-23.61314868,152.1549424,colony GPS,10,1.2,-0.6,NA,Aspat_1668
Aspat_1669,ECT1,A. spathulata,Aspat,25,3,2022,Fitzroy_Reef,-23.6132102,152.1549204,-23.6132102,152.1549204,colony GPS,10,1.2,-0.6,NA,Aspat_1669
Aspat_1670,ECT1,A. spathulata,Aspat,25,3,2022,Fitzroy_Reef,-23.61324825,152.1548894,-23.61324825,152.1548894,colony GPS,10,1.2,-0.6,NA,Aspat_1670
Aspat_1671,ECT1,A. spathulata,Aspat,25,3,2022,Fitzroy_Reef,-23.61323677,152.1548745,-23.61323677,152.1548745,colony GPS,10,1.2,-0.6,NA,Aspat_1671
Aspat_1672,ECT1,A. spathulata,Aspat,25,3,2022,Fitzroy_Reef,-23.61323434,152.1548535,-23.61323434,152.1548535,colony GPS,10,1.2,-0.6,NA,Aspat_1672
Aspat_1673,ECT1,A. spathulata,Aspat,25,3,2022,Fitzroy_Reef,-23.61330198,152.1548048,-23.61330198,152.1548048,colony GPS,10,1.1,-0.7,NA,Aspat_1673
Aspat_1674,ECT1,A. spathulata,Aspat,25,3,2022,Fitzroy_Reef,-23.61333735,152.1547489,-23.61333735,152.1547489,colony GPS,10,1.1,-0.7,NA,Aspat_1674
Aspat_1675,ECT1,A. spathulata,Aspat,25,3,2022,Fitzroy_Reef,-23.61333995,152.1546884,-23.61333995,152.1546884,colony GPS,10,1.1,-0.7,NA,Aspat_1675
Aspat_1676,ECT1,A. spathulata,Aspat,25,3,2022,Fitzroy_Reef,-23.61333442,152.1546905,-23.61333442,152.1546905,colony GPS,10,1.1,-0.7,NA,Aspat_1676
Aspat_1677,ECT1,A. spathulata,Aspat,25,3,2022,Fitzroy_Reef,-23.613377,152.1546883,-23.613377,152.1546883,colony GPS,10,1.1,-0.7,NA,Aspat_1677
Aspat_1678,ECT1,A. spathulata,Aspat,25,3,2022,Fitzroy_Reef,-23.61338505,152.1546684,-23.61338505,152.1546684,colony GPS,10,1.1,-0.7,NA,Aspat_1678
Aspat_1679,ECT1,A. spathulata,Aspat,25,3,2022,Fitzroy_Reef,-23.61339368,152.1546109,-23.61339368,152.1546109,colony GPS,10,1.1,-0.7,NA,Aspat_1679
Aspat_1680,ECT1,A. spathulata,Aspat,25,3,2022,Fitzroy_Reef,-23.61335688,152.1544077,-23.61335688,152.1544077,colony GPS,10,1,-0.7,NA,Aspat_1680
Aspat_1681,ECT1,A. spathulata,Aspat,25,3,2022,Fitzroy_Reef,-23.61333325,152.1543921,-23.61333325,152.1543921,colony GPS,10,2,0.3,NA,Aspat_1681
Aspat_1682,ECT1,A. spathulata,Aspat,25,3,2022,Fitzroy_Reef,-23.6131967,152.1543092,-23.6131967,152.1543092,colony GPS,10,1,-0.7,NA,Aspat_1682
Aspat_1683,ECT1,A. spathulata,Aspat,25,3,2022,Fitzroy_Reef,-23.61311716,152.1543358,-23.61311716,152.1543358,colony GPS,10,1,-0.7,NA,Aspat_1683
Aspat_1684,ECT1,A. spathulata,Aspat,25,3,2022,Fitzroy_Reef,-23.61304265,152.1543612,-23.61304265,152.1543612,colony GPS,10,1,-0.7,NA,Aspat_1684
Aspat_1685,ECT1,A. spathulata,Aspat,25,3,2022,Fitzroy_Reef,-23.61297802,152.1544509,-23.61297802,152.1544509,colony GPS,10,1,-0.7,NA,Aspat_1685
Aspat_1686,ECT1,A. spathulata,Aspat,25,3,2022,Fitzroy_Reef,-23.61292337,152.1544842,-23.61292337,152.1544842,colony GPS,10,1,-0.7,NA,Aspat_1686
Aspat_1687,ECT1,A. spathulata,Aspat,25,3,2022,Fitzroy_Reef,-23.61279773,152.1476459,-23.61279773,152.1476459,colony GPS,10,1,-0.8,NA,Aspat_1687
Aspat_1688,ECT1,A. spathulata,Aspat,25,3,2022,Fitzroy_Reef,-23.61268482,152.1476954,-23.61268482,152.1476954,colony GPS,10,1,-0.7,NA,Aspat_1688
Aspat_1689,ECT1,A. spathulata,Aspat,25,3,2022,Fitzroy_Reef,-23.61283083,152.1475072,-23.61283083,152.1475072,colony GPS,10,1,-0.8,NA,Aspat_1689
Aspat_1690,ECT1,A. spathulata,Aspat,25,3,2022,Fitzroy_Reef,-23.61320064,152.1471301,-23.61320064,152.1471301,colony GPS,10,1,-0.8,NA,Aspat_1690
Aspat_1691,ECT1,A. spathulata,Aspat,25,3,2022,Fitzroy_Reef,-23.6131807,152.1471603,-23.6131807,152.1471603,colony GPS,10,1,-0.8,NA,Aspat_1691
Aspat_1692,ECT1,A. spathulata,Aspat,25,3,2022,Fitzroy_Reef,-23.61311691,152.1474468,-23.61311691,152.1474468,colony GPS,10,1,-0.8,NA,Aspat_1692
Aspat_1693,ECT1,A. spathulata,Aspat,25,3,2022,Fitzroy_Reef,-23.61308808,152.1474849,-23.61308808,152.1474849,colony GPS,10,1,-0.8,NA,Aspat_1693
Aspat_1694,ECT1,A. spathulata,Aspat,25,3,2022,Fitzroy_Reef,-23.61294986,152.1475393,-23.61294986,152.1475393,colony GPS,10,1,-0.8,NA,Aspat_1694
Aspat_1695,ECT1,A. spathulata,Aspat,25,3,2022,Fitzroy_Reef,-23.61271592,152.1478878,-23.61271592,152.1478878,colony GPS,10,1,-0.8,NA,Aspat_1695
Aspat_1696,ECT1,A. spathulata,Aspat,25,3,2022,Fitzroy_Reef,-23.61271424,152.147891,-23.61271424,152.147891,colony GPS,10,1,-0.8,NA,Aspat_1696
Aspat_1697,ECT1,A. spathulata,Aspat,25,3,2022,Fitzroy_Reef,-23.61268122,152.1479282,-23.61268122,152.1479282,colony GPS,10,1,-0.8,NA,Aspat_1697
Aspat_1698,ECT1,A. spathulata,Aspat,25,3,2022,Fitzroy_Reef,-23.61267929,152.1480325,-23.61267929,152.1480325,colony GPS,10,1,-0.8,NA,Aspat_1698
Aspat_1699,ECT1,A. spathulata,Aspat,25,3,2022,Fitzroy_Reef,-23.61263922,152.1480894,-23.61263922,152.1480894,colony GPS,10,1,-0.8,NA,Aspat_1699
Aspat_1700,ECT1,A. spathulata,Aspat,25,3,2022,Fitzroy_Reef,-23.61261995,152.1481099,-23.61261995,152.1481099,colony GPS,10,1,-0.8,NA,Aspat_1700
Aspat_1701,ECT1,A. spathulata,Aspat,25,3,2022,Fitzroy_Reef,-23.6125663,152.1481586,-23.6125663,152.1481586,colony GPS,10,1,-0.8,NA,Aspat_1701
Aspat_1702,ECT1,A. spathulata,Aspat,25,3,2022,Fitzroy_Reef,-23.61244711,152.1482531,-23.61244711,152.1482531,colony GPS,10,1,-0.8,NA,Aspat_1702
Aspat_1703,ECT1,A. spathulata,Aspat,25,3,2022,Fitzroy_Reef,-23.61241744,152.1483251,-23.61241744,152.1483251,colony GPS,10,1,-0.8,NA,Aspat_1703
Aspat_1704,ECT1,A. spathulata,Aspat,25,3,2022,Fitzroy_Reef,-23.61237461,152.1483562,-23.61237461,152.1483562,colony GPS,10,1,-0.8,NA,Aspat_1704
Aspat_1705,ECT1,A. spathulata,Aspat,25,3,2022,Fitzroy_Reef,-23.61233228,152.1483573,-23.61233228,152.1483573,colony GPS,10,1,-0.8,NA,Aspat_1705
Aspat_1706,ECT1,A. spathulata,Aspat,25,3,2022,Fitzroy_Reef,-23.61230537,152.1483886,-23.61230537,152.1483886,colony GPS,10,1,-0.8,NA,Aspat_1706
Aspat_1707,ECT1,A. spathulata,Aspat,25,3,2022,Fitzroy_Reef,-23.61223681,152.1483894,-23.61223681,152.1483894,colony GPS,10,1,-0.8,NA,Aspat_1707
Aspat_1708,ECT1,A. spathulata,Aspat,25,3,2022,Fitzroy_Reef,-23.61219741,152.1483736,-23.61219741,152.1483736,colony GPS,10,1,-0.8,NA,Aspat_1708
Aspat_1709,ECT1,A. spathulata,Aspat,25,3,2022,Fitzroy_Reef,-23.61212407,152.148339,-23.61212407,152.148339,colony GPS,10,1,-0.8,NA,Aspat_1709
Aspat_1710,ECT1,A. spathulata,Aspat,25,3,2022,Fitzroy_Reef,-23.61204537,152.1483796,-23.61204537,152.1483796,colony GPS,10,1,-0.8,NA,Aspat_1710
Aspat_1711,ECT1,A. spathulata,Aspat,25,3,2022,Fitzroy_Reef,-23.61202022,152.1484059,-23.61202022,152.1484059,colony GPS,10,1,-0.8,NA,Aspat_1711
Aspat_1712,ECT1,A. spathulata,Aspat,25,3,2022,Fitzroy_Reef,-23.61199122,152.1484624,-23.61199122,152.1484624,colony GPS,10,1,-0.8,NA,Aspat_1712
Aspat_1713,ECT1,A. spathulata,Aspat,25,3,2022,Fitzroy_Reef,-23.61193506,152.1484239,-23.61193506,152.1484239,colony GPS,10,1,-0.8,NA,Aspat_1713
Aspat_1714,ECT1,A. spathulata,Aspat,25,3,2022,Fitzroy_Reef,-23.61183649,152.1483399,-23.61183649,152.1483399,colony GPS,10,1.1,-0.7,NA,Aspat_1714
Aspat_1715,ECT1,A. spathulata,Aspat,25,3,2022,Fitzroy_Reef,-23.61178771,152.1482628,-23.61178771,152.1482628,colony GPS,10,1,-0.7,NA,Aspat_1715
Aspat_1716,ECT1,A. spathulata,Aspat,25,3,2022,Fitzroy_Reef,-23.61177354,152.148235,-23.61177354,152.148235,colony GPS,10,1,-0.7,NA,Aspat_1716
Ahya_1796,ECT1,A. hyacinthus,Ahya,26,3,2022,Heron,NA,NA,NA,NA,no GPS or TBC,10,1,-0.2,NA,Ahya_1796
Ahya_1797,ECT1,A. hyacinthus,Ahya,26,3,2022,Heron,NA,NA,NA,NA,no GPS or TBC,10,3.9,1.9,NA,Ahya_1797
Ahya_1798,ECT1,A. hyacinthus,Ahya,26,3,2022,Heron,NA,NA,NA,NA,no GPS or TBC,10,3.3,1.3,NA,Ahya_1798
Ahya_1799,ECT1,A. hyacinthus,Ahya,26,3,2022,Heron,NA,NA,NA,NA,no GPS or TBC,10,3,1,NA,Ahya_1799
Ahya_1800,ECT1,A. hyacinthus,Ahya,26,3,2022,Heron,NA,NA,NA,NA,no GPS or TBC,10,4.2,2.2,NA,Ahya_1800
Ahya_1801,ECT1,A. hyacinthus,Ahya,26,3,2022,Heron,NA,NA,NA,NA,no GPS or TBC,10,3.4,1.4,NA,Ahya_1801
Ahya_1802,ECT1,A. hyacinthus,Ahya,26,3,2022,Heron,NA,NA,NA,NA,no GPS or TBC,10,3.7,1.7,NA,Ahya_1802
Ahya_1803,ECT1,A. hyacinthus,Ahya,26,3,2022,Heron,NA,NA,NA,NA,no GPS or TBC,10,5.1,3.1,NA,Ahya_1803
Ahya_1804,ECT1,A. hyacinthus,Ahya,26,3,2022,Heron,NA,NA,NA,NA,no GPS or TBC,10,6.5,4.5,NA,Ahya_1804
Ahya_1805,ECT1,A. hyacinthus,Ahya,26,3,2022,Heron,NA,NA,NA,NA,no GPS or TBC,10,6.6,4.6,NA,Ahya_1805
Ahya_1806,ECT1,A. hyacinthus,Ahya,26,3,2022,Heron,NA,NA,NA,NA,no GPS or TBC,10,3.8,1.8,NA,Ahya_1806
Ahya_1807,ECT1,A. hyacinthus,Ahya,26,3,2022,Heron,NA,NA,NA,NA,no GPS or TBC,10,3.3,1.3,NA,Ahya_1807
Ahya_1808,ECT1,A. hyacinthus,Ahya,26,3,2022,Heron,NA,NA,NA,NA,no GPS or TBC,10,,NA,NA,Ahya_1808
Ahya_1809,ECT1,A. hyacinthus,Ahya,26,3,2022,Heron,NA,NA,NA,NA,no GPS or TBC,10,,NA,NA,Ahya_1809
Aspat_1717,ECT1,A. spathulata,Aspat,26,3,2022,Heron,-23.43974219,151.9800225,-23.43974219,151.9800225,colony GPS,10,2.2,0.2,NA,Aspat_1717
Aspat_1718,ECT1,A. spathulata,Aspat,26,3,2022,Heron,-23.43960883,151.9798389,-23.43960883,151.9798389,colony GPS,10,1.2,-0.8,NA,Aspat_1718
Aspat_1719,ECT1,A. spathulata,Aspat,26,3,2022,Heron,-23.43965795,151.9797847,-23.43965795,151.9797847,colony GPS,10,1.2,-0.8,NA,Aspat_1719
Aspat_1720,ECT1,A. spathulata,Aspat,26,3,2022,Heron,-23.43968485,151.9797746,-23.43968485,151.9797746,colony GPS,10,1,-1,NA,Aspat_1720
Aspat_1721,ECT1,A. spathulata,Aspat,26,3,2022,Heron,-23.43969902,151.9797729,-23.43969902,151.9797729,colony GPS,10,1,-1,NA,Aspat_1721
Aspat_1722,ECT1,A. spathulata,Aspat,26,3,2022,Heron,-23.43974303,151.9797493,-23.43974303,151.9797493,colony GPS,10,1,-1,NA,Aspat_1722
Aspat_1723,ECT1,A. spathulata,Aspat,26,3,2022,Heron,-23.43975342,151.979739,-23.43975342,151.979739,colony GPS,10,1.1,-0.9,NA,Aspat_1723
Aspat_1724,ECT1,A. spathulata,Aspat,26,3,2022,Heron,-23.43977496,151.9797213,-23.43977496,151.9797213,colony GPS,10,1.2,-0.8,NA,Aspat_1724
Aspat_1725,ECT1,A. spathulata,Aspat,26,3,2022,Heron,-23.43968452,151.9795906,-23.43968452,151.9795906,colony GPS,10,1,-1,NA,Aspat_1725
Aspat_1726,ECT1,A. spathulata,Aspat,26,3,2022,Heron,-23.43975786,151.979636,-23.43975786,151.979636,colony GPS,10,1.4,-0.6,NA,Aspat_1726
Aspat_1727,ECT1,A. spathulata,Aspat,26,3,2022,Heron,-23.43966725,151.9795826,-23.43966725,151.9795826,colony GPS,10,0.7,-1.3,NA,Aspat_1727
Aspat_1728,ECT1,A. spathulata,Aspat,26,3,2022,Heron,-23.43961998,151.9797301,-23.43961998,151.9797301,colony GPS,10,1.2,-0.8,NA,Aspat_1728
Aspat_1729,ECT1,A. spathulata,Aspat,26,3,2022,Heron,-23.43966071,151.9797433,-23.43966071,151.9797433,colony GPS,10,1,-1,NA,Aspat_1729
Aspat_1730,ECT1,A. spathulata,Aspat,26,3,2022,Heron,-23.43967086,151.9797437,-23.43967086,151.9797437,colony GPS,10,1,-1,NA,Aspat_1730
Aspat_1731,ECT1,A. spathulata,Aspat,26,3,2022,Heron,-23.43963532,151.9797716,-23.43963532,151.9797716,colony GPS,10,1.2,-0.8,NA,Aspat_1731
Aspat_1732,ECT1,A. spathulata,Aspat,26,3,2022,Heron,-23.43907163,151.9822522,-23.43907163,151.9822522,colony GPS,10,0.7,-0.5,NA,Aspat_1732
Aspat_1733,ECT1,A. spathulata,Aspat,26,3,2022,Heron,-23.43908429,151.9822389,-23.43908429,151.9822389,colony GPS,10,0.8,-0.4,NA,Aspat_1733
Aspat_1734,ECT1,A. spathulata,Aspat,26,3,2022,Heron,-23.43905579,151.982217,-23.43905579,151.982217,colony GPS,10,0.7,-0.5,NA,Aspat_1734
Aspat_1735,ECT1,A. spathulata,Aspat,26,3,2022,Heron,-23.4390055,151.9820785,-23.4390055,151.9820785,colony GPS,10,0.8,-0.4,NA,Aspat_1735
Aspat_1736,ECT1,A. spathulata,Aspat,26,3,2022,Heron,-23.43897323,151.9820732,-23.43897323,151.9820732,colony GPS,10,1.3,0.1,NA,Aspat_1736
Aspat_1737,ECT1,A. spathulata,Aspat,26,3,2022,Heron,-23.43888187,151.9819631,-23.43888187,151.9819631,colony GPS,10,2.2,1,NA,Aspat_1737
Aspat_1738,ECT1,A. spathulata,Aspat,26,3,2022,Heron,-23.43889008,151.9818672,-23.43889008,151.9818672,colony GPS,10,1.3,0.1,NA,Aspat_1738
Aspat_1739,ECT1,A. spathulata,Aspat,26,3,2022,Heron,-23.43914372,151.9818917,-23.43914372,151.9818917,colony GPS,10,0.5,-0.7,NA,Aspat_1739
Aspat_1740,ECT1,A. spathulata,Aspat,26,3,2022,Heron,-23.43939216,151.9819606,-23.43939216,151.9819606,colony GPS,10,0.6,-0.6,NA,Aspat_1740
Aspat_1741,ECT1,A. spathulata,Aspat,26,3,2022,Heron,-23.43929082,151.9817874,-23.43929082,151.9817874,colony GPS,10,1.7,0.5,NA,Aspat_1741
Aspat_1742,ECT1,A. spathulata,Aspat,26,3,2022,Heron,-23.43927607,151.9816192,-23.43927607,151.9816192,colony GPS,10,1.6,0.4,NA,Aspat_1742
Aspat_1743,ECT1,A. spathulata,Aspat,26,3,2022,Heron,-23.43950188,151.9816625,-23.43950188,151.9816625,colony GPS,10,0.7,-0.6,NA,Aspat_1743
Aspat_1744,ECT1,A. spathulata,Aspat,26,3,2022,Heron,-23.43941965,151.9818036,-23.43941965,151.9818036,colony GPS,10,0.6,-0.7,NA,Aspat_1744
Aspat_1745,ECT1,A. spathulata,Aspat,26,3,2022,Heron,-23.43925687,151.9821311,-23.43925687,151.9821311,colony GPS,10,0.5,-0.8,NA,Aspat_1745
Aspat_1746,ECT1,A. spathulata,Aspat,26,3,2022,Heron,-23.43924254,151.9822725,-23.43924254,151.9822725,colony GPS,10,0.6,-0.7,NA,Aspat_1746
Aspat_1747,ECT1,A. spathulata,Aspat,26,3,2022,Heron,-23.43946181,151.9828142,-23.43946181,151.9828142,colony GPS,10,1,-0.2,NA,Aspat_1747
Aspat_1748,ECT1,A. spathulata,Aspat,26,3,2022,Heron,-23.43984369,151.9830175,-23.43984369,151.9830175,colony GPS,10,0.8,-0.4,NA,Aspat_1748
Aspat_1749,ECT1,A. spathulata,Aspat,26,3,2022,Heron,-23.43983229,151.9829794,-23.43983229,151.9829794,colony GPS,10,0.5,-0.7,NA,Aspat_1749
Aspat_1750,ECT1,A. spathulata,Aspat,26,3,2022,Heron,-23.43974604,151.9829475,-23.43974604,151.9829475,colony GPS,10,0.5,-0.7,NA,Aspat_1750
Aspat_1751,ECT1,A. spathulata,Aspat,26,3,2022,Heron,-23.43969793,151.9829468,-23.43969793,151.9829468,colony GPS,10,0.5,-0.7,NA,Aspat_1751
Aspat_1752,ECT1,A. spathulata,Aspat,26,3,2022,Heron,-23.43973992,151.9829582,-23.43973992,151.9829582,colony GPS,10,0.5,-0.7,NA,Aspat_1752
Aspat_1753,ECT1,A. spathulata,Aspat,26,3,2022,Heron,-23.43975744,151.9827861,-23.43975744,151.9827861,colony GPS,10,0.5,-0.7,NA,Aspat_1753
Aspat_1754,ECT1,A. spathulata,Aspat,26,3,2022,Heron,-23.43952434,151.9828049,-23.43952434,151.9828049,colony GPS,10,0.5,-0.8,NA,Aspat_1754
Aspat_1755,ECT1,A. spathulata,Aspat,26,3,2022,Heron,-23.43952711,151.9827924,-23.43952711,151.9827924,colony GPS,10,0.5,-0.8,NA,Aspat_1755
Aspat_1756,ECT1,A. spathulata,Aspat,26,3,2022,Heron,-23.43953029,151.9828023,-23.43953029,151.9828023,colony GPS,10,0.5,-0.8,NA,Aspat_1756
Aspat_1757,ECT1,A. spathulata,Aspat,26,3,2022,Heron,-23.4395168,151.9827985,-23.4395168,151.9827985,colony GPS,10,0.5,-0.8,NA,Aspat_1757
Aspat_1758,ECT1,A. spathulata,Aspat,26,3,2022,Heron,-23.43949375,151.9827862,-23.43949375,151.9827862,colony GPS,10,0.5,-0.8,NA,Aspat_1758
Aspat_1759,ECT1,A. spathulata,Aspat,26,3,2022,Heron,-23.4402156,151.9805621,-23.4402156,151.9805621,colony GPS,10,0.8,-1.1,NA,Aspat_1759
Aspat_1760,ECT1,A. spathulata,Aspat,26,3,2022,Heron,-23.4402363,151.9805277,-23.4402363,151.9805277,colony GPS,10,0.8,-1.1,NA,Aspat_1760
Aspat_1761,ECT1,A. spathulata,Aspat,26,3,2022,Heron,-23.44024049,151.9805168,-23.44024049,151.9805168,colony GPS,10,1,-0.9,NA,Aspat_1761
Aspat_1762,ECT1,A. spathulata,Aspat,26,3,2022,Heron,-23.44023286,151.9805083,-23.44023286,151.9805083,colony GPS,10,1,-0.9,NA,Aspat_1762
Aspat_1763,ECT1,A. spathulata,Aspat,26,3,2022,Heron,-23.44023538,151.9804982,-23.44023538,151.9804982,colony GPS,10,1,-0.9,NA,Aspat_1763
Aspat_1764,ECT1,A. spathulata,Aspat,26,3,2022,Heron,-23.44025072,151.9804624,-23.44025072,151.9804624,colony GPS,10,1,-0.9,NA,Aspat_1764
Aspat_1765,ECT1,A. spathulata,Aspat,26,3,2022,Heron,-23.44025264,151.9804592,-23.44025264,151.9804592,colony GPS,10,1,-0.9,NA,Aspat_1765
Aspat_1766,ECT1,A. spathulata,Aspat,26,3,2022,Heron,-23.44016489,151.9804647,-23.44016489,151.9804647,colony GPS,10,1.3,-0.6,NA,Aspat_1766
Aspat_1767,ECT1,A. spathulata,Aspat,26,3,2022,Heron,-23.44011527,151.9805075,-23.44011527,151.9805075,colony GPS,10,1.4,-0.5,NA,Aspat_1767
Aspat_1768,ECT1,A. spathulata,Aspat,26,3,2022,Heron,-23.44033797,151.9801228,-23.44033797,151.9801228,colony GPS,10,1,-0.9,NA,Aspat_1768
Aspat_1769,ECT1,A. spathulata,Aspat,26,3,2022,Heron,-23.44033973,151.9801186,-23.44033973,151.9801186,colony GPS,10,1,-1,NA,Aspat_1769
Aspat_1770,ECT1,A. spathulata,Aspat,26,3,2022,Heron,-23.44028508,151.9801782,-23.44028508,151.9801782,colony GPS,10,1.2,-0.8,NA,Aspat_1770
Aspat_1771,ECT1,A. spathulata,Aspat,26,3,2022,Heron,-23.44016053,151.9802457,-23.44016053,151.9802457,colony GPS,10,0.8,-1.2,NA,Aspat_1771
Aspat_1772,ECT1,A. spathulata,Aspat,26,3,2022,Heron,-23.4401265,151.9802402,-23.4401265,151.9802402,colony GPS,10,0.8,-1.2,NA,Aspat_1772
Aspat_1773,ECT1,A. spathulata,Aspat,26,3,2022,Heron,-23.44011392,151.9802236,-23.44011392,151.9802236,colony GPS,10,0.8,-1.2,NA,Aspat_1773
Aspat_1774,ECT1,A. spathulata,Aspat,26,3,2022,Heron,-23.44004955,151.9802609,-23.44004955,151.9802609,colony GPS,10,1,-1,NA,Aspat_1774
Aspat_1775,ECT1,A. spathulata,Aspat,26,3,2022,Heron,-23.44005592,151.9802674,-23.44005592,151.9802674,colony GPS,10,1.5,-0.5,NA,Aspat_1775
Aspat_1776,ECT1,A. spathulata,Aspat,26,3,2022,Heron,-23.44007193,151.9803006,-23.44007193,151.9803006,colony GPS,10,1.7,-0.3,NA,Aspat_1776
Ahya_DR1,ECT1,A. hyacinthus,Ahya,31,3,2022,Davies,NA,NA,NA,NA,no GPS or TBC,10,NA,NA,NA,Ahya_DR1
Ahya_DR10,ECT1,A. hyacinthus,Ahya,31,3,2022,Davies,NA,NA,NA,NA,no GPS or TBC,10,NA,NA,NA,Ahya_DR10
Ahya_DR11,ECT1,A. hyacinthus,Ahya,31,3,2022,Davies,NA,NA,NA,NA,no GPS or TBC,10,NA,NA,NA,Ahya_DR11
Ahya_DR12,ECT1,A. hyacinthus,Ahya,31,3,2022,Davies,NA,NA,NA,NA,no GPS or TBC,10,NA,NA,NA,Ahya_DR12
Ahya_DR13,ECT1,A. hyacinthus,Ahya,31,3,2022,Davies,NA,NA,NA,NA,no GPS or TBC,10,NA,NA,NA,Ahya_DR13
Ahya_DR14,ECT1,A. hyacinthus,Ahya,31,3,2022,Davies,NA,NA,NA,NA,no GPS or TBC,10,NA,NA,NA,Ahya_DR14
Ahya_DR15,ECT1,A. hyacinthus,Ahya,31,3,2022,Davies,NA,NA,NA,NA,no GPS or TBC,10,NA,NA,NA,Ahya_DR15
Ahya_DR16,ECT1,A. hyacinthus,Ahya,31,3,2022,Davies,NA,NA,NA,NA,no GPS or TBC,10,NA,NA,NA,Ahya_DR16
Ahya_DR17,ECT1,A. hyacinthus,Ahya,31,3,2022,Davies,NA,NA,NA,NA,no GPS or TBC,10,NA,NA,NA,Ahya_DR17
Ahya_DR18,ECT1,A. hyacinthus,Ahya,31,3,2022,Davies,NA,NA,NA,NA,no GPS or TBC,10,NA,NA,NA,Ahya_DR18
Ahya_DR19,ECT1,A. hyacinthus,Ahya,31,3,2022,Davies,NA,NA,NA,NA,no GPS or TBC,10,NA,NA,NA,Ahya_DR19
Ahya_DR2,ECT1,A. hyacinthus,Ahya,31,3,2022,Davies,NA,NA,NA,NA,no GPS or TBC,10,NA,NA,NA,Ahya_DR2
Ahya_DR20,ECT1,A. hyacinthus,Ahya,31,3,2022,Davies,NA,NA,NA,NA,no GPS or TBC,10,NA,NA,NA,Ahya_DR20
Ahya_DR21,ECT1,A. hyacinthus,Ahya,31,3,2022,Davies,NA,NA,NA,NA,no GPS or TBC,10,NA,NA,NA,Ahya_DR21
Ahya_DR3,ECT1,A. hyacinthus,Ahya,31,3,2022,Davies,NA,NA,NA,NA,no GPS or TBC,10,NA,NA,NA,Ahya_DR3
Ahya_DR4,ECT1,A. hyacinthus,Ahya,31,3,2022,Davies,NA,NA,NA,NA,no GPS or TBC,10,NA,NA,NA,Ahya_DR4
Ahya_DR5,ECT1,A. hyacinthus,Ahya,31,3,2022,Davies,NA,NA,NA,NA,no GPS or TBC,10,NA,NA,NA,Ahya_DR5
Ahya_DR6,ECT1,A. hyacinthus,Ahya,31,3,2022,Davies,NA,NA,NA,NA,no GPS or TBC,10,NA,NA,NA,Ahya_DR6
Ahya_DR7,ECT1,A. hyacinthus,Ahya,31,3,2022,Davies,NA,NA,NA,NA,no GPS or TBC,10,NA,NA,NA,Ahya_DR7
Ahya_DR8,ECT1,A. hyacinthus,Ahya,31,3,2022,Davies,NA,NA,NA,NA,no GPS or TBC,10,NA,NA,NA,Ahya_DR8
Ahya_DR9,ECT1,A. hyacinthus,Ahya,31,3,2022,Davies,NA,NA,NA,NA,no GPS or TBC,10,NA,NA,NA,Ahya_DR9
Amil_1_Sudbury,ECT1,A. millepora,Amil,26,1,2023,Sudbury,-16.99537276,146.2708587,-16.99537276,146.2708587,colony GPS,10,2,NA,NA,Amil_1_Sudbury
Amil_10_Sudbury,ECT1,A. millepora,Amil,26,1,2023,Sudbury,-16.99564006,146.271169,-16.99564006,146.271169,colony GPS,10,2.7,NA,NA,Amil_10_Sudbury
Amil_11_Sudbury,ECT1,A. millepora,Amil,26,1,2023,Sudbury,-16.99566009,146.271205,-16.99566009,146.271205,colony GPS,10,2.9,NA,NA,Amil_11_Sudbury
Amil_12_Sudbury,ECT1,A. millepora,Amil,26,1,2023,Sudbury,-16.99569664,146.2712164,-16.99569664,146.2712164,colony GPS,10,2.9,NA,NA,Amil_12_Sudbury
Amil_13_Sudbury,ECT1,A. millepora,Amil,26,1,2023,Sudbury,-16.99573101,146.2712274,-16.99573101,146.2712274,colony GPS,10,3,NA,NA,Amil_13_Sudbury
Amil_14_Sudbury,ECT1,A. millepora,Amil,26,1,2023,Sudbury,-16.9957383,146.2711641,-16.9957383,146.2711641,colony GPS,10,2.5,NA,NA,Amil_14_Sudbury
Amil_15_Sudbury,ECT1,A. millepora,Amil,26,1,2023,Sudbury,-16.99571583,146.2711378,-16.99571583,146.2711378,colony GPS,10,1.7,NA,NA,Amil_15_Sudbury
Amil_16_Sudbury,ECT1,A. millepora,Amil,26,1,2023,Sudbury,-16.99573888,146.2711266,-16.99573888,146.2711266,colony GPS,10,2.4,NA,NA,Amil_16_Sudbury
Amil_17_Sudbury,ECT1,A. millepora,Amil,26,1,2023,Sudbury,-16.9957647,146.2711048,-16.9957647,146.2711048,colony GPS,10,2.6,NA,NA,Amil_17_Sudbury
Amil_18_Sudbury,ECT1,A. millepora,Amil,26,1,2023,Sudbury,-16.99573863,146.2710763,-16.99573863,146.2710763,colony GPS,10,2,NA,NA,Amil_18_Sudbury
Amil_19_Sudbury,ECT1,A. millepora,Amil,26,1,2023,Sudbury,-16.99575942,146.2710714,-16.99575942,146.2710714,colony GPS,10,2.3,NA,NA,Amil_19_Sudbury
Amil_2_Sudbury,ECT1,A. millepora,Amil,26,1,2023,Sudbury,-16.99533764,146.2708434,-16.99533764,146.2708434,colony GPS,10,3,NA,NA,Amil_2_Sudbury
Amil_20_Sudbury,ECT1,A. millepora,Amil,26,1,2023,Sudbury,-16.9957616,146.2710351,-16.9957616,146.2710351,colony GPS,10,2.4,NA,NA,Amil_20_Sudbury
Amil_21_Sudbury,ECT1,A. millepora,Amil,26,1,2023,Sudbury,-16.99574417,146.2710555,-16.99574417,146.2710555,colony GPS,10,2.4,NA,NA,Amil_21_Sudbury
Amil_22_Sudbury,ECT1,A. millepora,Amil,26,1,2023,Sudbury,-16.99578314,146.2710812,-16.99578314,146.2710812,colony GPS,10,2.5,NA,NA,Amil_22_Sudbury
Amil_23_Sudbury,ECT1,A. millepora,Amil,26,1,2023,Sudbury,-16.99575473,146.2711325,-16.99575473,146.2711325,colony GPS,10,2.6,NA,NA,Amil_23_Sudbury
Amil_24_Sudbury,ECT1,A. millepora,Amil,26,1,2023,Sudbury,-16.99583813,146.2711351,-16.99583813,146.2711351,colony GPS,10,2.4,NA,NA,Amil_24_Sudbury
Amil_25_Sudbury,ECT1,A. millepora,Amil,26,1,2023,Sudbury,-16.99595799,146.2711599,-16.99595799,146.2711599,colony GPS,10,1.7,NA,NA,Amil_25_Sudbury
Amil_26_Sudbury,ECT1,A. millepora,Amil,26,1,2023,Sudbury,-16.99539598,146.2708695,-16.99539598,146.2708695,colony GPS,10,2.2,NA,NA,Amil_26_Sudbury
Amil_27_Sudbury,ECT1,A. millepora,Amil,26,1,2023,Sudbury,-16.99543789,146.27089,-16.99543789,146.27089,colony GPS,10,3.1,NA,NA,Amil_27_Sudbury
Amil_28_Sudbury,ECT1,A. millepora,Amil,26,1,2023,Sudbury,-16.99546052,146.2708877,-16.99546052,146.2708877,colony GPS,10,1.9,NA,NA,Amil_28_Sudbury
Amil_29_Sudbury,ECT1,A. millepora,Amil,26,1,2023,Sudbury,-16.99551475,146.2709297,-16.99551475,146.2709297,colony GPS,10,2.1,NA,NA,Amil_29_Sudbury
Amil_3_Sudbury,ECT1,A. millepora,Amil,26,1,2023,Sudbury,-16.99524309,146.2710503,-16.99524309,146.2710503,colony GPS,10,2.8,NA,NA,Amil_3_Sudbury
Amil_30_Sudbury,ECT1,A. millepora,Amil,26,1,2023,Sudbury,-16.99557426,146.2710148,-16.99557426,146.2710148,colony GPS,10,2.1,NA,NA,Amil_30_Sudbury
Amil_31_Sudbury,ECT1,A. millepora,Amil,26,1,2023,Sudbury,-16.99563453,146.2710047,-16.99563453,146.2710047,colony GPS,10,2.4,NA,NA,Amil_31_Sudbury
Amil_32_Sudbury,ECT1,A. millepora,Amil,26,1,2023,Sudbury,-16.99567191,146.2710039,-16.99567191,146.2710039,colony GPS,10,2.2,NA,NA,Amil_32_Sudbury
Amil_33_Sudbury,ECT1,A. millepora,Amil,26,1,2023,Sudbury,-16.99567879,146.2709491,-16.99567879,146.2709491,colony GPS,10,4.2,NA,NA,Amil_33_Sudbury
Amil_34_Sudbury,ECT1,A. millepora,Amil,26,1,2023,Sudbury,-16.9956487,146.2709034,-16.9956487,146.2709034,colony GPS,10,4,NA,NA,Amil_34_Sudbury
Amil_35_Sudbury,ECT1,A. millepora,Amil,26,1,2023,Sudbury,-16.99566822,146.2708471,-16.99566822,146.2708471,colony GPS,10,3,NA,NA,Amil_35_Sudbury
Amil_36_Sudbury,ECT1,A. millepora,Amil,26,1,2023,Sudbury,-16.99574291,146.27082,-16.99574291,146.27082,colony GPS,10,3.2,NA,NA,Amil_36_Sudbury
Amil_37_Sudbury,ECT1,A. millepora,Amil,26,1,2023,Sudbury,-16.99583997,146.2708252,-16.99583997,146.2708252,colony GPS,10,2.8,NA,NA,Amil_37_Sudbury
Amil_38_Sudbury,ECT1,A. millepora,Amil,26,1,2023,Sudbury,-16.99585263,146.27086,-16.99585263,146.27086,colony GPS,10,2.2,NA,NA,Amil_38_Sudbury
Amil_39_Sudbury,ECT1,A. millepora,Amil,26,1,2023,Sudbury,-16.99584777,146.270789,-16.99584777,146.270789,colony GPS,10,2.5,NA,NA,Amil_39_Sudbury
Amil_4_Sudbury,ECT1,A. millepora,Amil,26,1,2023,Sudbury,-16.99528157,146.2710707,-16.99528157,146.2710707,colony GPS,10,2.4,NA,NA,Amil_4_Sudbury
Amil_40_Sudbury,ECT1,A. millepora,Amil,26,1,2023,Sudbury,-16.99583938,146.2707497,-16.99583938,146.2707497,colony GPS,10,2.2,NA,NA,Amil_40_Sudbury
Amil_41_Sudbury,ECT1,A. millepora,Amil,26,1,2023,Sudbury,-16.99591331,146.2706165,-16.99591331,146.2706165,colony GPS,10,3.3,NA,NA,Amil_41_Sudbury
Amil_42_Sudbury,ECT1,A. millepora,Amil,26,1,2023,Sudbury,-16.99599965,146.2706714,-16.99599965,146.2706714,colony GPS,10,2.4,NA,NA,Amil_42_Sudbury
Amil_43_Sudbury,ECT1,A. millepora,Amil,26,1,2023,Sudbury,-16.99604482,146.270692,-16.99604482,146.270692,colony GPS,10,3.4,NA,NA,Amil_43_Sudbury
Amil_44_Sudbury,ECT1,A. millepora,Amil,26,1,2023,Sudbury,-16.9960501,146.2707245,-16.9960501,146.2707245,colony GPS,10,2.5,NA,NA,Amil_44_Sudbury
Amil_45_Sudbury,ECT1,A. millepora,Amil,26,1,2023,Sudbury,-16.99608774,146.2708095,-16.99608774,146.2708095,colony GPS,10,3,NA,NA,Amil_45_Sudbury
Amil_46_Sudbury,ECT1,A. millepora,Amil,26,1,2023,Sudbury,-16.99616469,146.2707701,-16.99616469,146.2707701,colony GPS,10,3.1,NA,NA,Amil_46_Sudbury
Amil_47_Sudbury,ECT1,A. millepora,Amil,26,1,2023,Sudbury,-16.99617927,146.2707476,-16.99617927,146.2707476,colony GPS,10,3.4,NA,NA,Amil_47_Sudbury
Amil_48_Sudbury,ECT1,A. millepora,Amil,26,1,2023,Sudbury,-16.99613267,146.2705948,-16.99613267,146.2705948,colony GPS,10,1.9,NA,NA,Amil_48_Sudbury
Amil_49_Sudbury,ECT1,A. millepora,Amil,26,1,2023,Sudbury,-16.9961211,146.2705385,-16.9961211,146.2705385,colony GPS,10,3.8,NA,NA,Amil_49_Sudbury
Amil_5_Sudbury,ECT1,A. millepora,Amil,26,1,2023,Sudbury,-16.99529473,146.2710664,-16.99529473,146.2710664,colony GPS,10,2.5,NA,NA,Amil_5_Sudbury
Amil_50_Sudbury,ECT1,A. millepora,Amil,26,1,2023,Sudbury,-16.99614021,146.2704693,-16.99614021,146.2704693,colony GPS,10,2.6,NA,NA,Amil_50_Sudbury
Amil_6_Sudbury,ECT1,A. millepora,Amil,26,1,2023,Sudbury,-16.99534846,146.2711446,-16.99534846,146.2711446,colony GPS,10,3.2,NA,NA,Amil_6_Sudbury
Amil_7_Sudbury,ECT1,A. millepora,Amil,26,1,2023,Sudbury,-16.99541342,146.2711818,-16.99541342,146.2711818,colony GPS,10,3.5,NA,NA,Amil_7_Sudbury
Amil_8_Sudbury,ECT1,A. millepora,Amil,26,1,2023,Sudbury,-16.99550008,146.2712251,-16.99550008,146.2712251,colony GPS,10,2.7,NA,NA,Amil_8_Sudbury
Amil_9_Sudbury,ECT1,A. millepora,Amil,26,1,2023,Sudbury,-16.99563344,146.2711721,-16.99563344,146.2711721,colony GPS,10,2.2,NA,NA,Amil_9_Sudbury
Aken_1001,ECT1,A. kenti,Aken,26,1,2023,Fitzroy_Island,-16.93929045,145.9829412,-16.93929045,145.9829412,colony GPS,10,3.4,1.7,NA,Aken_1001
Aken_1002,ECT1,A. kenti,Aken,26,1,2023,Fitzroy_Island,-16.93933505,145.9829629,-16.93933505,145.9829629,colony GPS,10,3.5,1.8,NA,Aken_1002
Aken_1003,ECT1,A. kenti,Aken,26,1,2023,Fitzroy_Island,-16.93933412,145.9829962,-16.93933412,145.9829962,colony GPS,10,3.2,1.5,NA,Aken_1003
Aken_1004,ECT1,A. kenti,Aken,26,1,2023,Fitzroy_Island,-16.93933966,145.9830203,-16.93933966,145.9830203,colony GPS,10,2.8,1.1,NA,Aken_1004
Aken_1005,ECT1,A. kenti,Aken,26,1,2023,Fitzroy_Island,-16.93938492,145.9830153,-16.93938492,145.9830153,colony GPS,10,2.5,0.8,NA,Aken_1005
Aken_1006,ECT1,A. kenti,Aken,26,1,2023,Fitzroy_Island,-16.93936765,145.9830489,-16.93936765,145.9830489,colony GPS,10,2.3,0.5,NA,Aken_1006
Aken_1007,ECT1,A. kenti,Aken,26,1,2023,Fitzroy_Island,-16.93942079,145.9830759,-16.93942079,145.9830759,colony GPS,10,2.7,0.9,NA,Aken_1007
Aken_1008,ECT1,A. kenti,Aken,26,1,2023,Fitzroy_Island,-16.93940738,145.9831092,-16.93940738,145.9831092,colony GPS,10,2.6,0.8,NA,Aken_1008
Aken_1009,ECT1,A. kenti,Aken,26,1,2023,Fitzroy_Island,-16.93941032,145.9831409,-16.93941032,145.9831409,colony GPS,10,2.3,0.5,NA,Aken_1009
Aken_1010,ECT1,A. kenti,Aken,26,1,2023,Fitzroy_Island,-16.93946128,145.9831852,-16.93946128,145.9831852,colony GPS,10,2.4,0.6,NA,Aken_1010
Aken_1011,ECT1,A. kenti,Aken,26,1,2023,Fitzroy_Island,-16.93954828,145.9831502,-16.93954828,145.9831502,colony GPS,10,2.9,1.1,NA,Aken_1011
Aken_1012,ECT1,A. kenti,Aken,26,1,2023,Fitzroy_Island,-16.93960679,145.9831661,-16.93960679,145.9831661,colony GPS,10,3,1.1,NA,Aken_1012
Aken_1013,ECT1,A. kenti,Aken,26,1,2023,Fitzroy_Island,-16.9396782,145.9832168,-16.9396782,145.9832168,colony GPS,10,2.7,0.8,NA,Aken_1013
Aken_1014,ECT1,A. kenti,Aken,26,1,2023,Fitzroy_Island,-16.93967678,145.9832096,-16.93967678,145.9832096,colony GPS,10,2.5,0.6,NA,Aken_1014
Aken_1015,ECT1,A. kenti,Aken,26,1,2023,Fitzroy_Island,-16.9397383,145.9832622,-16.9397383,145.9832622,colony GPS,10,3,1.1,NA,Aken_1015
Aken_1016,ECT1,A. kenti,Aken,26,1,2023,Fitzroy_Island,-16.93979454,145.9832694,-16.93979454,145.9832694,colony GPS,10,2.7,0.7,NA,Aken_1016
Aken_1017,ECT1,A. kenti,Aken,26,1,2023,Fitzroy_Island,-16.93984006,145.9833216,-16.93984006,145.9833216,colony GPS,10,2.5,0.5,NA,Aken_1017
Aken_1018,ECT1,A. kenti,Aken,26,1,2023,Fitzroy_Island,-16.9398916,145.9833976,-16.9398916,145.9833976,colony GPS,10,2.6,0.6,NA,Aken_1018
Aken_1019,ECT1,A. kenti,Aken,26,1,2023,Fitzroy_Island,-16.93994508,145.9834088,-16.93994508,145.9834088,colony GPS,10,2.5,0.5,NA,Aken_1019
Aken_1020,ECT1,A. kenti,Aken,26,1,2023,Fitzroy_Island,-16.93997467,145.9834566,-16.93997467,145.9834566,colony GPS,10,2.5,0.5,NA,Aken_1020
Aken_1021,ECT1,A. kenti,Aken,26,1,2023,Fitzroy_Island,-16.94002102,145.9835146,-16.94002102,145.9835146,colony GPS,10,2.3,0.3,NA,Aken_1021
Aken_1022,ECT1,A. kenti,Aken,26,1,2023,Fitzroy_Island,-16.94005396,145.9835411,-16.94005396,145.9835411,colony GPS,10,2.5,0.4,NA,Aken_1022
Aken_1023,ECT1,A. kenti,Aken,26,1,2023,Fitzroy_Island,-16.94009847,145.9835497,-16.94009847,145.9835497,colony GPS,10,2.6,0.5,NA,Aken_1023
Aken_1024,ECT1,A. kenti,Aken,26,1,2023,Fitzroy_Island,-16.94012026,145.9835784,-16.94012026,145.9835784,colony GPS,10,2.4,0.3,NA,Aken_1024
Aken_1025,ECT1,A. kenti,Aken,26,1,2023,Fitzroy_Island,-16.94017399,145.983566,-16.94017399,145.983566,colony GPS,10,2.3,0.2,NA,Aken_1025
Aken_1026,ECT1,A. kenti,Aken,26,1,2023,Fitzroy_Island,-16.94022311,145.9835563,-16.94022311,145.9835563,colony GPS,10,3,0.9,NA,Aken_1026
Aken_1027,ECT1,A. kenti,Aken,26,1,2023,Fitzroy_Island,-16.94030257,145.9835293,-16.94030257,145.9835293,colony GPS,10,3.1,1,NA,Aken_1027
Aken_1031,ECT1,A. kenti,Aken,26,1,2023,Fitzroy_Island,-16.93932264,145.9829167,-16.93932264,145.9829167,colony GPS,10,3.7,2.1,NA,Aken_1031
Aken_1032,ECT1,A. kenti,Aken,26,1,2023,Fitzroy_Island,-16.93932817,145.9829248,-16.93932817,145.9829248,colony GPS,10,4.7,3.1,NA,Aken_1032
Aken_1033,ECT1,A. kenti,Aken,26,1,2023,Fitzroy_Island,-16.9393467,145.9829122,-16.9393467,145.9829122,colony GPS,10,4.6,2.9,NA,Aken_1033
Aken_1034,ECT1,A. kenti,Aken,26,1,2023,Fitzroy_Island,-16.93938752,145.9828864,-16.93938752,145.9828864,colony GPS,10,5,3.3,NA,Aken_1034
Aken_1035,ECT1,A. kenti,Aken,26,1,2023,Fitzroy_Island,-16.93944736,145.9829049,-16.93944736,145.9829049,colony GPS,10,5.2,3.5,NA,Aken_1035
Aken_1036,ECT1,A. kenti,Aken,26,1,2023,Fitzroy_Island,-16.93945834,145.982919,-16.93945834,145.982919,colony GPS,10,4.8,3.1,NA,Aken_1036
Aken_1037,ECT1,A. kenti,Aken,26,1,2023,Fitzroy_Island,-16.93946371,145.9829801,-16.93946371,145.9829801,colony GPS,10,3.7,2,NA,Aken_1037
Aken_1038,ECT1,A. kenti,Aken,26,1,2023,Fitzroy_Island,-16.93946329,145.9829874,-16.93946329,145.9829874,colony GPS,10,3.6,1.9,NA,Aken_1038
Aken_1039,ECT1,A. kenti,Aken,26,1,2023,Fitzroy_Island,-16.93947326,145.9830044,-16.93947326,145.9830044,colony GPS,10,3.8,2.1,NA,Aken_1039
Aken_1040,ECT1,A. kenti,Aken,26,1,2023,Fitzroy_Island,-16.93949279,145.9830416,-16.93949279,145.9830416,colony GPS,10,3.2,1.4,NA,Aken_1040
Aken_1041,ECT1,A. kenti,Aken,26,1,2023,Fitzroy_Island,-16.93953596,145.983074,-16.93953596,145.983074,colony GPS,10,3.5,1.7,NA,Aken_1041
Aken_1042,ECT1,A. kenti,Aken,26,1,2023,Fitzroy_Island,-16.93956027,145.9830657,-16.93956027,145.9830657,colony GPS,10,3.6,1.8,NA,Aken_1042
Aken_1043,ECT1,A. kenti,Aken,26,1,2023,Fitzroy_Island,-16.93959748,145.9830596,-16.93959748,145.9830596,colony GPS,10,4,2.2,NA,Aken_1043
Aken_1044,ECT1,A. kenti,Aken,26,1,2023,Fitzroy_Island,-16.93960134,145.9830761,-16.93960134,145.9830761,colony GPS,10,3.9,2.1,NA,Aken_1044
Aken_1045,ECT1,A. kenti,Aken,26,1,2023,Fitzroy_Island,-16.93970125,145.983102,-16.93970125,145.983102,colony GPS,10,3.3,1.4,NA,Aken_1045
Aken_1046,ECT1,A. kenti,Aken,26,1,2023,Fitzroy_Island,-16.939686,145.9830941,-16.939686,145.9830941,colony GPS,10,4,2.1,NA,Aken_1046
Aken_1047,ECT1,A. kenti,Aken,26,1,2023,Fitzroy_Island,-16.93969723,145.9831096,-16.93969723,145.9831096,colony GPS,10,3.5,1.6,NA,Aken_1047
Aken_1048,ECT1,A. kenti,Aken,26,1,2023,Fitzroy_Island,-16.93974249,145.9831086,-16.93974249,145.9831086,colony GPS,10,3.9,2,NA,Aken_1048
Aken_1049,ECT1,A. kenti,Aken,26,1,2023,Fitzroy_Island,-16.93975758,145.9831522,-16.93975758,145.9831522,colony GPS,10,3.2,1.3,NA,Aken_1049
Aken_1050,ECT1,A. kenti,Aken,26,1,2023,Fitzroy_Island,-16.93977174,145.9831621,-16.93977174,145.9831621,colony GPS,10,3.3,1.4,NA,Aken_1050
Aken_1051,ECT1,A. kenti,Aken,26,1,2023,Fitzroy_Island,-16.93984215,145.9832033,-16.93984215,145.9832033,colony GPS,10,3.9,2,NA,Aken_1051
Aken_1052,ECT1,A. kenti,Aken,26,1,2023,Fitzroy_Island,-16.93987157,145.9832607,-16.93987157,145.9832607,colony GPS,10,3.1,1.1,NA,Aken_1052
Aken_1053,ECT1,A. kenti,Aken,26,1,2023,Fitzroy_Island,-16.93992471,145.9832877,-16.93992471,145.9832877,colony GPS,10,3.5,1.5,NA,Aken_1053
Aken_1054,ECT1,A. kenti,Aken,26,1,2023,Fitzroy_Island,-16.93985439,145.9832555,-16.93985439,145.9832555,colony GPS,10,3.2,1.2,NA,Aken_1054
Aken_1055,ECT1,A. kenti,Aken,26,1,2023,Fitzroy_Island,-16.93994475,145.9833414,-16.93994475,145.9833414,colony GPS,10,3.3,1.3,NA,Aken_1055
Aken_1056,ECT1,A. kenti,Aken,26,1,2023,Fitzroy_Island,-16.93993636,145.9833295,-16.93993636,145.9833295,colony GPS,10,3,1,NA,Aken_1056
Aken_1057,ECT1,A. kenti,Aken,26,1,2023,Fitzroy_Island,-16.94004742,145.9833479,-16.94004742,145.9833479,colony GPS,10,3.8,1.8,NA,Aken_1057
Aken_1058,ECT1,A. kenti,Aken,26,1,2023,Fitzroy_Island,-16.94005019,145.9833428,-16.94005019,145.9833428,colony GPS,10,3.3,1.3,NA,Aken_1058
Aken_1059,ECT1,A. kenti,Aken,26,1,2023,Fitzroy_Island,-16.94008674,145.9834756,-16.94008674,145.9834756,colony GPS,10,3.4,1.3,NA,Aken_1059
Aken_1060,ECT1,A. kenti,Aken,26,1,2023,Fitzroy_Island,-16.94010752,145.9834869,-16.94010752,145.9834869,colony GPS,10,3.4,1.3,NA,Aken_1060
Aspat_861_R2023,ECT1,A. spathulata,Aspat,27,1,2023,Moore,NA,NA,NA,NA,no GPS or TBC,10,2.1,0.2,NA,Aspat_861_R2023
Aspat_869_R2023,ECT1,A. spathulata,Aspat,27,1,2023,Moore,NA,NA,NA,NA,no GPS or TBC,10,1.8,-0.1,NA,Aspat_869_R2023
Aspat_870_R2023,ECT1,A. spathulata,Aspat,27,1,2023,Moore,NA,NA,NA,NA,no GPS or TBC,10,2.1,0.2,NA,Aspat_870_R2023
Aspat_871_R2023,ECT1,A. spathulata,Aspat,27,1,2023,Moore,NA,NA,NA,NA,no GPS or TBC,10,2.1,0.2,NA,Aspat_871_R2023
Aspat_872_R2023,ECT1,A. spathulata,Aspat,27,1,2023,Moore,NA,NA,NA,NA,no GPS or TBC,10,2.1,0.2,NA,Aspat_872_R2023
Aspat_873_R2023,ECT1,A. spathulata,Aspat,27,1,2023,Moore,NA,NA,NA,NA,no GPS or TBC,10,2,0,NA,Aspat_873_R2023
Aspat_883_R2023,ECT1,A. spathulata,Aspat,27,1,2023,Moore,NA,NA,NA,NA,no GPS or TBC,10,2.6,0.6,NA,Aspat_883_R2023
Aspat_889_R2023,ECT1,A. spathulata,Aspat,27,1,2023,Moore,NA,NA,NA,NA,no GPS or TBC,10,2.4,0.4,NA,Aspat_889_R2023
Aspat_890_R2023,ECT1,A. spathulata,Aspat,27,1,2023,Moore,NA,NA,NA,NA,no GPS or TBC,10,2.8,0.8,NA,Aspat_890_R2023
Aspat_892_R2023,ECT1,A. spathulata,Aspat,27,1,2023,Moore,NA,NA,NA,NA,no GPS or TBC,10,2.7,0.7,NA,Aspat_892_R2023
Aspat_893_R2023,ECT1,A. spathulata,Aspat,27,1,2023,Moore,NA,NA,NA,NA,no GPS or TBC,10,1.7,-0.2,NA,Aspat_893_R2023
Aspat_894_R2023,ECT1,A. spathulata,Aspat,27,1,2023,Moore,NA,NA,NA,NA,no GPS or TBC,10,2,0.1,NA,Aspat_894_R2023
Aspat_895_R2023,ECT1,A. spathulata,Aspat,27,1,2023,Moore,NA,NA,NA,NA,no GPS or TBC,10,2.6,0.7,NA,Aspat_895_R2023
Aspat_bag 3_R2023,ECT1,A. spathulata,Aspat,27,1,2023,Moore,NA,NA,NA,NA,no GPS or TBC,10,2.4,0.4,NA,Aspat_bag 3_R2023
Aspat_bag 6_R2023,ECT1,A. spathulata,Aspat,27,1,2023,Moore,NA,NA,NA,NA,no GPS or TBC,10,2.3,0.3,NA,Aspat_bag 6_R2023
Aspat_bag 8_R2023,ECT1,A. spathulata,Aspat,27,1,2023,Moore,NA,NA,NA,NA,no GPS or TBC,10,2.5,0.5,NA,Aspat_bag 8_R2023
Aken_1028,ECT1,A. kenti,Aken,27,1,2023,Moore,NA,NA,NA,NA,colony GPS,10,2.9,0.9,NA,Aken_1028
Aken_1029,ECT1,A. kenti,Aken,27,1,2023,Moore,NA,NA,NA,NA,colony GPS,10,3,1.1,NA,Aken_1029
Aken_1030,ECT1,A. kenti,Aken,27,1,2023,Moore,NA,NA,NA,NA,colony GPS,10,2.2,0.3,NA,Aken_1030
Aken_1061,ECT1,A. kenti,Aken,27,1,2023,Moore,-16.84585403,146.2320419,-16.84585403,146.2320419,colony GPS,10,6.6,5.3,NA,Aken_1061
Aken_1062,ECT1,A. kenti,Aken,27,1,2023,Moore,-16.84574523,146.2322137,-16.84574523,146.2322137,colony GPS,10,6,4.6,NA,Aken_1062
Aken_1063,ECT1,A. kenti,Aken,27,1,2023,Moore,-16.84588445,146.2321393,-16.84588445,146.2321393,colony GPS,10,4,2.6,NA,Aken_1063
Aken_1064,ECT1,A. kenti,Aken,27,1,2023,Moore,-16.84599652,146.2321624,-16.84599652,146.2321624,colony GPS,10,5.4,4,NA,Aken_1064
Aken_1065,ECT1,A. kenti,Aken,27,1,2023,Moore,-16.84608562,146.2323827,-16.84608562,146.2323827,colony GPS,10,6.5,5.1,NA,Aken_1065
Aken_1066,ECT1,A. kenti,Aken,27,1,2023,Moore,-16.84611445,146.2324581,-16.84611445,146.2324581,colony GPS,10,6.1,4.6,NA,Aken_1066
Aken_1067,ECT1,A. kenti,Aken,27,1,2023,Moore,-16.84614069,146.2324395,-16.84614069,146.2324395,colony GPS,10,5.7,4.2,NA,Aken_1067
Aken_1068,ECT1,A. kenti,Aken,27,1,2023,Moore,-16.84620959,146.2323926,-16.84620959,146.2323926,colony GPS,10,4.6,3.1,NA,Aken_1068
Aken_1069,ECT1,A. kenti,Aken,27,1,2023,Moore,-16.88719961,146.1867844,-16.88719961,146.1867844,colony GPS,10,2.9,0.9,NA,Aken_1069
Aken_1070,ECT1,A. kenti,Aken,27,1,2023,Moore,-16.88713859,146.1868197,-16.88713859,146.1868197,colony GPS,10,4.3,2.3,NA,Aken_1070
Aken_1071,ECT1,A. kenti,Aken,27,1,2023,Moore,-16.88729684,146.1867177,-16.88729684,146.1867177,colony GPS,10,3.2,1.2,NA,Aken_1071
Aken_1072,ECT1,A. kenti,Aken,27,1,2023,Moore,-16.8873048,146.1867191,-16.8873048,146.1867191,colony GPS,10,3.1,1.1,NA,Aken_1072
Aken_1073,ECT1,A. kenti,Aken,27,1,2023,Moore,-16.88752273,146.1866499,-16.88752273,146.1866499,colony GPS,10,3.6,1.6,NA,Aken_1073
Aken_1074,ECT1,A. kenti,Aken,27,1,2023,Moore,NA,NA,NA,NA,colony GPS,10,4,2,NA,Aken_1074
Aken_1075,ECT1,A. kenti,Aken,27,1,2023,Moore,NA,NA,NA,NA,colony GPS,10,4.2,2.2,NA,Aken_1075
Aken_1076,ECT1,A. kenti,Aken,27,1,2023,Moore,-16.84580047,146.2316832,-16.84580047,146.2316832,colony GPS,10,6,4.7,NA,Aken_1076
Aken_1077,ECT1,A. kenti,Aken,27,1,2023,Moore,-16.8458257,146.231733,-16.8458257,146.231733,colony GPS,10,5.6,4.3,NA,Aken_1077
Aken_1078,ECT1,A. kenti,Aken,27,1,2023,Moore,-16.84585897,146.2317615,-16.84585897,146.2317615,colony GPS,10,4.9,3.6,NA,Aken_1078
Aken_1079,ECT1,A. kenti,Aken,27,1,2023,Moore,-16.84597112,146.2317756,-16.84597112,146.2317756,colony GPS,10,5.4,4,NA,Aken_1079
Aken_1080,ECT1,A. kenti,Aken,27,1,2023,Moore,-16.84599945,146.2317839,-16.84599945,146.2317839,colony GPS,10,5.5,4.1,NA,Aken_1080
Aken_1081,ECT1,A. kenti,Aken,27,1,2023,Moore,-16.8457081,146.2323693,-16.8457081,146.2323693,colony GPS,10,6.8,5.4,NA,Aken_1081
Aken_1082,ECT1,A. kenti,Aken,27,1,2023,Moore,-16.8457278,146.2324599,-16.8457278,146.2324599,colony GPS,10,7.2,5.8,NA,Aken_1082
Aken_1083,ECT1,A. kenti,Aken,27,1,2023,Moore,-16.84583961,146.2325236,-16.84583961,146.2325236,colony GPS,10,7.1,5.7,NA,Aken_1083
Aken_1084,ECT1,A. kenti,Aken,27,1,2023,Moore,-16.84605,146.2322977,-16.84605,146.2322977,colony GPS,10,7.3,5.8,NA,Aken_1084
Aken_1085,ECT1,A. kenti,Aken,27,1,2023,Moore,-16.84606014,146.2323114,-16.84606014,146.2323114,colony GPS,10,7.2,5.7,NA,Aken_1085
Aken_1086,ECT1,A. kenti,Aken,27,1,2023,Moore,-16.84607984,146.2324584,-16.84607984,146.2324584,colony GPS,10,7.2,5.7,NA,Aken_1086
Aken_1087,ECT1,A. kenti,Aken,27,1,2023,Moore,-16.8461603,146.2324806,-16.8461603,146.2324806,colony GPS,10,9.2,7.7,NA,Aken_1087
Aken_1088,ECT1,A. kenti,Aken,27,1,2023,Moore,-16.84633532,146.2325081,-16.84633532,146.2325081,colony GPS,10,4.7,3.2,NA,Aken_1088
Aken_1089,ECT1,A. kenti,Aken,27,1,2023,Moore,-16.88712954,146.1867041,-16.88712954,146.1867041,colony GPS,10,3.3,1.3,NA,Aken_1089
Aken_1090,ECT1,A. kenti,Aken,27,1,2023,Moore,-16.88715862,146.1867595,-16.88715862,146.1867595,colony GPS,10,3.5,1.5,NA,Aken_1090
Aken_1091,ECT1,A. kenti,Aken,27,1,2023,Moore,-16.88717522,146.18682,-16.88717522,146.18682,colony GPS,10,3.5,1.5,NA,Aken_1091
Aken_1092,ECT1,A. kenti,Aken,27,1,2023,Moore,-16.88713633,146.1868452,-16.88713633,146.1868452,colony GPS,10,3.8,1.8,NA,Aken_1092
Aken_1093,ECT1,A. kenti,Aken,27,1,2023,Moore,-16.88710154,146.1869212,-16.88710154,146.1869212,colony GPS,10,4.2,2.2,NA,Aken_1093
Aken_1094,ECT1,A. kenti,Aken,27,1,2023,Moore,-16.88703055,146.1870227,-16.88703055,146.1870227,colony GPS,10,3.8,1.8,NA,Aken_1094
Aken_1095,ECT1,A. kenti,Aken,27,1,2023,Moore,-16.8870163,146.187056,-16.8870163,146.187056,colony GPS,10,4.6,2.6,NA,Aken_1095
Aken_1096,ECT1,A. kenti,Aken,27,1,2023,Moore,-16.88702703,146.1870745,-16.88702703,146.1870745,colony GPS,10,3.8,1.8,NA,Aken_1096
Aken_1097,ECT1,A. kenti,Aken,27,1,2023,Moore,-16.88702459,146.187105,-16.88702459,146.187105,colony GPS,10,4,2,NA,Aken_1097
Aken_1098,ECT1,A. kenti,Aken,27,1,2023,Moore,-16.88700205,146.1871415,-16.88700205,146.1871415,colony GPS,10,3.1,1.1,NA,Aken_1098
Aken_1099,ECT1,A. kenti,Aken,27,1,2023,Moore,-16.88705242,146.1871738,-16.88705242,146.1871738,colony GPS,10,4.2,2.2,NA,Aken_1099
Aken_1100,ECT1,A. kenti,Aken,27,1,2023,Moore,-16.8870168,146.1872321,-16.8870168,146.1872321,colony GPS,10,3.5,1.5,NA,Aken_1100
Aken_1101,ECT1,A. kenti,Aken,27,1,2023,Moore,-16.88708293,146.1873953,-16.88708293,146.1873953,colony GPS,10,5.3,3.3,NA,Aken_1101
Aken_1102,ECT1,A. kenti,Aken,27,1,2023,Moore,-16.88706458,146.1874327,-16.88706458,146.1874327,colony GPS,10,3.5,1.5,NA,Aken_1102
Aken_1103,ECT1,A. kenti,Aken,27,1,2023,Moore,-16.88707992,146.187506,-16.88707992,146.187506,colony GPS,10,3.6,1.6,NA,Aken_1103
Aken_1104,ECT1,A. kenti,Aken,27,1,2023,Moore,-16.88708201,146.1875522,-16.88708201,146.1875522,colony GPS,10,4.2,2.2,NA,Aken_1104
Aken_1105,ECT1,A. kenti,Aken,27,1,2023,Moore,-16.88712358,146.1876127,-16.88712358,146.1876127,colony GPS,10,3.3,1.3,NA,Aken_1105
Aken_1106,ECT1,A. kenti,Aken,28,1,2023,Mackay,-16.03870047,145.6512437,-16.03870047,145.6512437,colony GPS,10,3.7,1.6,NA,Aken_1106
Aken_1107,ECT1,A. kenti,Aken,28,1,2023,Mackay,-16.03872788,145.6511892,-16.03872788,145.6511892,colony GPS,10,3.8,1.7,NA,Aken_1107
Aken_1108,ECT1,A. kenti,Aken,28,1,2023,Mackay,-16.03874188,145.6511755,-16.03874188,145.6511755,colony GPS,10,3.6,1.5,NA,Aken_1108
Aken_1109,ECT1,A. kenti,Aken,28,1,2023,Mackay,-16.03878488,145.6511149,-16.03878488,145.6511149,colony GPS,10,2,-0.1,NA,Aken_1109
Aken_1110,ECT1,A. kenti,Aken,28,1,2023,Mackay,-16.03885453,145.6510613,-16.03885453,145.6510613,colony GPS,10,2.3,0.2,NA,Aken_1110
Aken_1111,ECT1,A. kenti,Aken,28,1,2023,Mackay,-16.03890013,145.6510103,-16.03890013,145.6510103,colony GPS,10,3.4,1.3,NA,Aken_1111
Aken_1112,ECT1,A. kenti,Aken,28,1,2023,Mackay,-16.03893064,145.6510103,-16.03893064,145.6510103,colony GPS,10,2.5,0.4,NA,Aken_1112
Aken_1113,ECT1,A. kenti,Aken,28,1,2023,Mackay,-16.03898898,145.6510248,-16.03898898,145.6510248,colony GPS,10,2.9,0.8,NA,Aken_1113
Aken_1114,ECT1,A. kenti,Aken,28,1,2023,Mackay,-16.03903533,145.6509726,-16.03903533,145.6509726,colony GPS,10,2.4,0.3,NA,Aken_1114
Aken_1115,ECT1,A. kenti,Aken,28,1,2023,Mackay,-16.03909358,145.6509169,-16.03909358,145.6509169,colony GPS,10,2.6,0.5,NA,Aken_1115
Aken_1116,ECT1,A. kenti,Aken,28,1,2023,Mackay,-16.03917782,145.6509124,-16.03917782,145.6509124,colony GPS,10,2.1,0,NA,Aken_1116
Aken_1117,ECT1,A. kenti,Aken,28,1,2023,Mackay,-16.03924437,145.6509522,-16.03924437,145.6509522,colony GPS,10,1.7,-0.4,NA,Aken_1117
Aken_1118,ECT1,A. kenti,Aken,28,1,2023,Mackay,-16.03927195,145.6509903,-16.03927195,145.6509903,colony GPS,10,2,-0.2,NA,Aken_1118
Aken_1119,ECT1,A. kenti,Aken,28,1,2023,Mackay,-16.03933096,145.6510354,-16.03933096,145.6510354,colony GPS,10,2.4,0.2,NA,Aken_1119
Aken_1120,ECT1,A. kenti,Aken,28,1,2023,Mackay,-16.03933716,145.6509976,-16.03933716,145.6509976,colony GPS,10,2.7,0.5,NA,Aken_1120
Aken_1121,ECT1,A. kenti,Aken,28,1,2023,Mackay,-16.03934973,145.6509577,-16.03934973,145.6509577,colony GPS,10,3.4,1.2,NA,Aken_1121
Aken_1122,ECT1,A. kenti,Aken,28,1,2023,Mackay,-16.03939785,145.6509673,-16.03939785,145.6509673,colony GPS,10,2.7,0.5,NA,Aken_1122
Aken_1123,ECT1,A. kenti,Aken,28,1,2023,Mackay,-16.03942056,145.6509333,-16.03942056,145.6509333,colony GPS,10,2.5,0.3,NA,Aken_1123
Aken_1124,ECT1,A. kenti,Aken,28,1,2023,Mackay,-16.03941025,145.6508773,-16.03941025,145.6508773,colony GPS,10,3.3,1.1,NA,Aken_1124
Aken_1125,ECT1,A. kenti,Aken,28,1,2023,Mackay,-16.0394302,145.6508361,-16.0394302,145.6508361,colony GPS,10,3,0.8,NA,Aken_1125
Aken_1126,ECT1,A. kenti,Aken,28,1,2023,Mackay,-16.03940791,145.6509741,-16.03940791,145.6509741,colony GPS,10,2.1,-0.1,NA,Aken_1126
Aken_1127,ECT1,A. kenti,Aken,28,1,2023,Mackay,-16.03932174,145.6510782,-16.03932174,145.6510782,colony GPS,10,2.1,-0.1,NA,Aken_1127
Aken_1128,ECT1,A. kenti,Aken,28,1,2023,Mackay,-16.03926022,145.6511195,-16.03926022,145.6511195,colony GPS,10,1.9,-0.3,NA,Aken_1128
Aken_1129,ECT1,A. kenti,Aken,28,1,2023,Mackay,-16.03865311,145.6513126,-16.03865311,145.6513126,colony GPS,10,2.7,0.5,NA,Aken_1129
Aken_1130,ECT1,A. kenti,Aken,28,1,2023,Mackay,-16.038648,145.6513682,-16.038648,145.6513682,colony GPS,10,2.2,0,NA,Aken_1130
Aken_1131,ECT1,A. kenti,Aken,28,1,2023,Mackay,-16.03860232,145.6514855,-16.03860232,145.6514855,colony GPS,10,1.8,-0.4,NA,Aken_1131
Aken_1149,ECT1,A. kenti,Aken,28,1,2023,Mackay,-16.03864574,145.6512951,-16.03864574,145.6512951,colony GPS,10,3,0.9,NA,Aken_1149
Aken_1150,ECT1,A. kenti,Aken,28,1,2023,Mackay,-16.03876652,145.6512292,-16.03876652,145.6512292,colony GPS,10,2.1,0,NA,Aken_1150
Aken_1151,ECT1,A. kenti,Aken,28,1,2023,Mackay,-16.03875982,145.6512315,-16.03875982,145.6512315,colony GPS,10,2.3,0.2,NA,Aken_1151
Aken_1152,ECT1,A. kenti,Aken,28,1,2023,Mackay,-16.03880625,145.6511914,-16.03880625,145.6511914,colony GPS,10,1.7,-0.4,NA,Aken_1152
Aken_1153,ECT1,A. kenti,Aken,28,1,2023,Mackay,-16.03882553,145.6511571,-16.03882553,145.6511571,colony GPS,10,1.8,-0.3,NA,Aken_1153
Aken_1154,ECT1,A. kenti,Aken,28,1,2023,Mackay,-16.03883165,145.6511304,-16.03883165,145.6511304,colony GPS,10,1.8,-0.3,NA,Aken_1154
Aken_1155,ECT1,A. kenti,Aken,28,1,2023,Mackay,-16.03891253,145.6511143,-16.03891253,145.6511143,colony GPS,10,1.7,-0.4,NA,Aken_1155
Aken_1156,ECT1,A. kenti,Aken,28,1,2023,Mackay,-16.03895981,145.6510985,-16.03895981,145.6510985,colony GPS,10,1.9,-0.2,NA,Aken_1156
Aken_1157,ECT1,A. kenti,Aken,28,1,2023,Mackay,-16.03895889,145.6510878,-16.03895889,145.6510878,colony GPS,10,1.8,-0.3,NA,Aken_1157
Aken_1158,ECT1,A. kenti,Aken,28,1,2023,Mackay,-16.03901823,145.6511206,-16.03901823,145.6511206,colony GPS,10,1.6,-0.5,NA,Aken_1158
Aken_1159,ECT1,A. kenti,Aken,28,1,2023,Mackay,-16.03906198,145.6510997,-16.03906198,145.6510997,colony GPS,10,1.8,-0.4,NA,Aken_1159
Aken_1160,ECT1,A. kenti,Aken,28,1,2023,Mackay,-16.03910021,145.6510471,-16.03910021,145.6510471,colony GPS,10,1.8,-0.4,NA,Aken_1160
Aken_1161,ECT1,A. kenti,Aken,28,1,2023,Mackay,-16.03916944,145.6510051,-16.03916944,145.6510051,colony GPS,10,1.8,-0.4,NA,Aken_1161
Aken_1162,ECT1,A. kenti,Aken,28,1,2023,Mackay,-16.03918126,145.6510126,-16.03918126,145.6510126,colony GPS,10,1.8,-0.4,NA,Aken_1162
Aken_1163,ECT1,A. kenti,Aken,28,1,2023,Mackay,-16.03918905,145.6510447,-16.03918905,145.6510447,colony GPS,10,1.8,-0.4,NA,Aken_1163
Aken_1164,ECT1,A. kenti,Aken,28,1,2023,Mackay,-16.03922392,145.6510724,-16.03922392,145.6510724,colony GPS,10,1.9,-0.3,NA,Aken_1164
Aken_1165,ECT1,A. kenti,Aken,28,1,2023,Mackay,-16.03923339,145.6511666,-16.03923339,145.6511666,colony GPS,10,2,-0.2,NA,Aken_1165
Aken_1166,ECT1,A. kenti,Aken,28,1,2023,Mackay,-16.03919081,145.6511551,-16.03919081,145.6511551,colony GPS,10,1.6,-0.6,NA,Aken_1166
Aken_1167,ECT1,A. kenti,Aken,28,1,2023,Mackay,-16.03913574,145.6511559,-16.03913574,145.6511559,colony GPS,10,1.7,-0.5,NA,Aken_1167
Aken_1168,ECT1,A. kenti,Aken,28,1,2023,Mackay,-16.03914237,145.651096,-16.03914237,145.651096,colony GPS,10,1.8,-0.4,NA,Aken_1168
Aken_1169,ECT1,A. kenti,Aken,28,1,2023,Mackay,-16.03915846,145.6511107,-16.03915846,145.6511107,colony GPS,10,2.1,-0.1,NA,Aken_1169
Aken_1170,ECT1,A. kenti,Aken,28,1,2023,Mackay,-16.03916517,145.6510868,-16.03916517,145.6510868,colony GPS,10,1.8,-0.4,NA,Aken_1170
Aken_1171,ECT1,A. kenti,Aken,28,1,2023,Mackay,-16.03920372,145.650953,-16.03920372,145.650953,colony GPS,10,2.1,-0.1,NA,Aken_1171
Aken_1172,ECT1,A. kenti,Aken,28,1,2023,Mackay,-16.03922241,145.6509547,-16.03922241,145.6509547,colony GPS,10,1.8,-0.4,NA,Aken_1172
Aken_1173,ECT1,A. kenti,Aken,28,1,2023,Mackay,-16.0392427,145.6509493,-16.0392427,145.6509493,colony GPS,10,1.8,-0.4,NA,Aken_1173
Aken_1174,ECT1,A. kenti,Aken,28,1,2023,Mackay,-16.03927782,145.6509957,-16.03927782,145.6509957,colony GPS,10,2.1,-0.1,NA,Aken_1174
Aken_1175,ECT1,A. kenti,Aken,28,1,2023,Mackay,-16.03923457,145.6509672,-16.03923457,145.6509672,colony GPS,10,1.9,-0.3,NA,Aken_1175
Aken_1176,ECT1,A. kenti,Aken,28,1,2023,Mackay,-16.03914882,145.6509854,-16.03914882,145.6509854,colony GPS,10,1.8,-0.4,NA,Aken_1176
Aken_1177,ECT1,A. kenti,Aken,28,1,2023,Mackay,-16.03912083,145.6509816,-16.03912083,145.6509816,colony GPS,10,1.8,-0.4,NA,Aken_1177
Aken_1178,ECT1,A. kenti,Aken,28,1,2023,Mackay,-16.03907179,145.6510109,-16.03907179,145.6510109,colony GPS,10,1.9,-0.3,NA,Aken_1178
Amil_1_Undine,ECT1,A. millepora,Amil,29,1,2023,Undine,-16.1112,145.6479,-16.1112,145.6479,site GPS,500,1.6,NA,NA,Amil_1_Undine
Amil_10_Undine,ECT1,A. millepora,Amil,29,1,2023,Undine,-16.1112,145.6479,-16.1112,145.6479,site GPS,500,1.7,NA,NA,Amil_10_Undine
Amil_11_Undine,ECT1,A. millepora,Amil,29,1,2023,Undine,-16.1112,145.6479,-16.1112,145.6479,site GPS,500,1.3,NA,NA,Amil_11_Undine
Amil_12_Undine,ECT1,A. millepora,Amil,29,1,2023,Undine,-16.1112,145.6479,-16.1112,145.6479,site GPS,500,1.4,NA,NA,Amil_12_Undine
Amil_13_Undine,ECT1,A. millepora,Amil,29,1,2023,Undine,-16.1112,145.6479,-16.1112,145.6479,site GPS,500,1.5,NA,NA,Amil_13_Undine
Amil_14_Undine,ECT1,A. millepora,Amil,29,1,2023,Undine,-16.1112,145.6479,-16.1112,145.6479,site GPS,500,1.4,NA,NA,Amil_14_Undine
Amil_15_Undine,ECT1,A. millepora,Amil,29,1,2023,Undine,-16.1112,145.6479,-16.1112,145.6479,site GPS,500,1.4,NA,NA,Amil_15_Undine
Amil_16_Undine,ECT1,A. millepora,Amil,29,1,2023,Undine,-16.1112,145.6479,-16.1112,145.6479,site GPS,500,1.5,NA,NA,Amil_16_Undine
Amil_17_Undine,ECT1,A. millepora,Amil,29,1,2023,Undine,-16.1112,145.6479,-16.1112,145.6479,site GPS,500,1.5,NA,NA,Amil_17_Undine
Amil_18_Undine,ECT1,A. millepora,Amil,29,1,2023,Undine,-16.1112,145.6479,-16.1112,145.6479,site GPS,500,1.5,NA,NA,Amil_18_Undine
Amil_19_Undine,ECT1,A. millepora,Amil,29,1,2023,Undine,-16.1112,145.6479,-16.1112,145.6479,site GPS,500,1.5,NA,NA,Amil_19_Undine
Amil_2_Undine,ECT1,A. millepora,Amil,29,1,2023,Undine,-16.1112,145.6479,-16.1112,145.6479,site GPS,500,1.4,NA,NA,Amil_2_Undine
Amil_20_Undine,ECT1,A. millepora,Amil,29,1,2023,Undine,-16.1112,145.6479,-16.1112,145.6479,site GPS,500,1.3,NA,NA,Amil_20_Undine
Amil_21_Undine,ECT1,A. millepora,Amil,29,1,2023,Undine,-16.1112,145.6479,-16.1112,145.6479,site GPS,500,1.6,NA,NA,Amil_21_Undine
Amil_22_Undine,ECT1,A. millepora,Amil,29,1,2023,Undine,-16.1112,145.6479,-16.1112,145.6479,site GPS,500,1.3,NA,NA,Amil_22_Undine
Amil_23_Undine,ECT1,A. millepora,Amil,29,1,2023,Undine,-16.1112,145.6479,-16.1112,145.6479,site GPS,500,1.4,NA,NA,Amil_23_Undine
Amil_24_Undine,ECT1,A. millepora,Amil,29,1,2023,Undine,-16.1112,145.6479,-16.1112,145.6479,site GPS,500,1.4,NA,NA,Amil_24_Undine
Amil_25_Undine,ECT1,A. millepora,Amil,29,1,2023,Undine,-16.1112,145.6479,-16.1112,145.6479,site GPS,500,1.9,NA,NA,Amil_25_Undine
Amil_26_Undine,ECT1,A. millepora,Amil,29,1,2023,Undine,-16.11122766,145.6479552,-16.11122766,145.6479552,colony GPS,10,4,NA,NA,Amil_26_Undine
Amil_27_Undine,ECT1,A. millepora,Amil,29,1,2023,Undine,-16.11122053,145.6479627,-16.11122053,145.6479627,colony GPS,10,4,NA,NA,Amil_27_Undine
Amil_28_Undine,ECT1,A. millepora,Amil,29,1,2023,Undine,-16.11121894,145.648034,-16.11121894,145.648034,colony GPS,10,4.2,NA,NA,Amil_28_Undine
Amil_29_Undine,ECT1,A. millepora,Amil,29,1,2023,Undine,-16.11132204,145.6482179,-16.11132204,145.6482179,colony GPS,10,4.5,NA,NA,Amil_29_Undine
Amil_3_Undine,ECT1,A. millepora,Amil,29,1,2023,Undine,-16.1112,145.6479,-16.1112,145.6479,site GPS,500,1.4,NA,NA,Amil_3_Undine
Amil_30_Undine,ECT1,A. millepora,Amil,29,1,2023,Undine,-16.11132983,145.6483719,-16.11132983,145.6483719,colony GPS,10,2.4,NA,NA,Amil_30_Undine
Amil_31_Undine,ECT1,A. millepora,Amil,29,1,2023,Undine,-16.11138716,145.6484478,-16.11138716,145.6484478,colony GPS,10,2.5,NA,NA,Amil_31_Undine
Amil_32_Undine,ECT1,A. millepora,Amil,29,1,2023,Undine,-16.11129991,145.6484508,-16.11129991,145.6484508,colony GPS,10,3,NA,NA,Amil_32_Undine
Amil_33_Undine,ECT1,A. millepora,Amil,29,1,2023,Undine,-16.11132237,145.6485427,-16.11132237,145.6485427,colony GPS,10,4.1,NA,NA,Amil_33_Undine
Amil_34_Undine,ECT1,A. millepora,Amil,29,1,2023,Undine,-16.11151046,145.6488105,-16.11151046,145.6488105,colony GPS,10,4.2,NA,NA,Amil_34_Undine
Amil_35_Undine,ECT1,A. millepora,Amil,29,1,2023,Undine,-16.11157676,145.6489797,-16.11157676,145.6489797,colony GPS,10,1.9,NA,NA,Amil_35_Undine
Amil_36_Undine,ECT1,A. millepora,Amil,29,1,2023,Undine,-16.11161968,145.6490232,-16.11161968,145.6490232,colony GPS,10,2.2,NA,NA,Amil_36_Undine
Amil_37_Undine,ECT1,A. millepora,Amil,29,1,2023,Undine,-16.11151239,145.6490656,-16.11151239,145.6490656,colony GPS,10,3.7,NA,NA,Amil_37_Undine
Amil_38_Undine,ECT1,A. millepora,Amil,29,1,2023,Undine,-16.11150677,145.6491139,-16.11150677,145.6491139,colony GPS,10,4.1,NA,NA,Amil_38_Undine
Amil_39_Undine,ECT1,A. millepora,Amil,29,1,2023,Undine,-16.11156243,145.6491315,-16.11156243,145.6491315,colony GPS,10,3.6,NA,NA,Amil_39_Undine
Amil_4_Undine,ECT1,A. millepora,Amil,29,1,2023,Undine,-16.1112,145.6479,-16.1112,145.6479,site GPS,500,1.2,NA,NA,Amil_4_Undine
Amil_40_Undine,ECT1,A. millepora,Amil,29,1,2023,Undine,-16.1116092,145.6491346,-16.1116092,145.6491346,colony GPS,10,2.6,NA,NA,Amil_40_Undine
Amil_41_Undine,ECT1,A. millepora,Amil,29,1,2023,Undine,-16.11152119,145.6492154,-16.11152119,145.6492154,colony GPS,10,1.9,NA,NA,Amil_41_Undine
Amil_42_Undine,ECT1,A. millepora,Amil,29,1,2023,Undine,-16.11142673,145.6492661,-16.11142673,145.6492661,colony GPS,10,4,NA,NA,Amil_42_Undine
Amil_43_Undine,ECT1,A. millepora,Amil,29,1,2023,Undine,-16.11181095,145.6495575,-16.11181095,145.6495575,colony GPS,10,4.4,NA,NA,Amil_43_Undine
Amil_44_Undine,ECT1,A. millepora,Amil,29,1,2023,Undine,-16.11187759,145.649608,-16.11187759,145.649608,colony GPS,10,2.3,NA,NA,Amil_44_Undine
Amil_45_Undine,ECT1,A. millepora,Amil,29,1,2023,Undine,-16.11195261,145.649659,-16.11195261,145.649659,colony GPS,10,2.8,NA,NA,Amil_45_Undine
Amil_46_Undine,ECT1,A. millepora,Amil,29,1,2023,Undine,-16.11197239,145.6496589,-16.11197239,145.6496589,colony GPS,10,2.1,NA,NA,Amil_46_Undine
Amil_47_Undine,ECT1,A. millepora,Amil,29,1,2023,Undine,-16.1120583,145.6498665,-16.1120583,145.6498665,colony GPS,10,2.8,NA,NA,Amil_47_Undine
Amil_48_Undine,ECT1,A. millepora,Amil,29,1,2023,Undine,-16.11206979,145.649868,-16.11206979,145.649868,colony GPS,10,2.6,NA,NA,Amil_48_Undine
Amil_49_Undine,ECT1,A. millepora,Amil,29,1,2023,Undine,-16.11204749,145.6499871,-16.11204749,145.6499871,colony GPS,10,3,NA,NA,Amil_49_Undine
Amil_5_Undine,ECT1,A. millepora,Amil,29,1,2023,Undine,-16.1112,145.6479,-16.1112,145.6479,site GPS,500,1.6,NA,NA,Amil_5_Undine
Amil_50_Undine,ECT1,A. millepora,Amil,29,1,2023,Undine,-16.11220934,145.6500799,-16.11220934,145.6500799,colony GPS,10,4.4,NA,NA,Amil_50_Undine
Amil_6_Undine,ECT1,A. millepora,Amil,29,1,2023,Undine,-16.1112,145.6479,-16.1112,145.6479,site GPS,500,1.6,NA,NA,Amil_6_Undine
Amil_7_Undine,ECT1,A. millepora,Amil,29,1,2023,Undine,-16.1112,145.6479,-16.1112,145.6479,site GPS,500,1.6,NA,NA,Amil_7_Undine
Amil_8_Undine,ECT1,A. millepora,Amil,29,1,2023,Undine,-16.1112,145.6479,-16.1112,145.6479,site GPS,500,2.2,NA,NA,Amil_8_Undine
Amil_9_Undine,ECT1,A. millepora,Amil,29,1,2023,Undine,-16.1112,145.6479,-16.1112,145.6479,site GPS,500,1.3,NA,NA,Amil_9_Undine
Aken_1132,ECT1,A. kenti,Aken,29,1,2023,St_Crispin,-16.0749688,145.8440976,-16.0749688,145.8440976,colony GPS,10,2.6,1,NA,Aken_1132
Aken_1133,ECT1,A. kenti,Aken,29,1,2023,St_Crispin,-16.07494969,145.8440949,-16.07494969,145.8440949,colony GPS,10,3.1,1.5,NA,Aken_1133
Aken_1134,ECT1,A. kenti,Aken,29,1,2023,St_Crispin,-16.07495463,145.8441315,-16.07495463,145.8441315,colony GPS,10,2.5,0.9,NA,Aken_1134
Aken_1135,ECT1,A. kenti,Aken,29,1,2023,St_Crispin,-16.07496494,145.8441883,-16.07496494,145.8441883,colony GPS,10,3.5,1.9,NA,Aken_1135
Aken_1136,ECT1,A. kenti,Aken,29,1,2023,St_Crispin,-16.0760338,145.8437416,-16.0760338,145.8437416,colony GPS,10,1.6,0.2,NA,Aken_1136
Aken_1137,ECT1,A. kenti,Aken,29,1,2023,St_Crispin,-16.07607957,145.8437898,-16.07607957,145.8437898,colony GPS,10,1.9,0.5,NA,Aken_1137
Aken_1138,ECT1,A. kenti,Aken,29,1,2023,St_Crispin,-16.07610865,145.8438642,-16.07610865,145.8438642,colony GPS,10,2.3,0.9,NA,Aken_1138
Aken_1139,ECT1,A. kenti,Aken,29,1,2023,St_Crispin,-16.0761286,145.8439098,-16.0761286,145.8439098,colony GPS,10,1.5,0.1,NA,Aken_1139
Aken_1140,ECT1,A. kenti,Aken,29,1,2023,St_Crispin,-16.0761141,145.8439914,-16.0761141,145.8439914,colony GPS,10,1.4,0,NA,Aken_1140
Aken_1141,ECT1,A. kenti,Aken,29,1,2023,St_Crispin,-16.07609491,145.8440121,-16.07609491,145.8440121,colony GPS,10,1.8,0.4,NA,Aken_1141
Aken_1142,ECT1,A. kenti,Aken,29,1,2023,St_Crispin,-16.076182,145.8440576,-16.076182,145.8440576,colony GPS,10,2.5,1.1,NA,Aken_1142
Aken_1143,ECT1,A. kenti,Aken,29,1,2023,St_Crispin,-16.07621293,145.8440749,-16.07621293,145.8440749,colony GPS,10,1.7,0.3,NA,Aken_1143
Aken_1144,ECT1,A. kenti,Aken,29,1,2023,St_Crispin,-16.07617152,145.8441189,-16.07617152,145.8441189,colony GPS,10,1.4,0,NA,Aken_1144
Aken_1145,ECT1,A. kenti,Aken,29,1,2023,St_Crispin,-16.07624419,145.8441539,-16.07624419,145.8441539,colony GPS,10,1.7,0.3,NA,Aken_1145
Aken_1146,ECT1,A. kenti,Aken,29,1,2023,St_Crispin,-16.07627076,145.8442035,-16.07627076,145.8442035,colony GPS,10,1.6,0.2,NA,Aken_1146
Aken_1147,ECT1,A. kenti,Aken,29,1,2023,St_Crispin,-16.07631334,145.8442533,-16.07631334,145.8442533,colony GPS,10,1.4,0,NA,Aken_1147
Aken_1179,ECT1,A. kenti,Aken,29,1,2023,St_Crispin,-16.07499252,145.8441873,-16.07499252,145.8441873,colony GPS,10,3.5,1.9,NA,Aken_1179
Aken_1180,ECT1,A. kenti,Aken,29,1,2023,St_Crispin,-16.07501498,145.8441398,-16.07501498,145.8441398,colony GPS,10,4.1,2.5,NA,Aken_1180
Aken_1181,ECT1,A. kenti,Aken,29,1,2023,St_Crispin,-16.07510316,145.8441824,-16.07510316,145.8441824,colony GPS,10,3.9,2.3,NA,Aken_1181
Aken_1182,ECT1,A. kenti,Aken,29,1,2023,St_Crispin,-16.07522856,145.8441226,-16.07522856,145.8441226,colony GPS,10,1.7,0.1,NA,Aken_1182
Aken_1183,ECT1,A. kenti,Aken,29,1,2023,St_Crispin,-16.07522026,145.8441218,-16.07522026,145.8441218,colony GPS,10,1.4,-0.1,NA,Aken_1183
Aken_1184,ECT1,A. kenti,Aken,29,1,2023,St_Crispin,-16.07522378,145.8441445,-16.07522378,145.8441445,colony GPS,10,2.3,0.8,NA,Aken_1184
Aken_1185,ECT1,A. kenti,Aken,29,1,2023,St_Crispin,-16.07533702,145.8442658,-16.07533702,145.8442658,colony GPS,10,1.7,0.2,NA,Aken_1185
Aken_1186,ECT1,A. kenti,Aken,29,1,2023,St_Crispin,-16.07530475,145.8442474,-16.07530475,145.8442474,colony GPS,10,2.2,0.7,NA,Aken_1186
Aken_1187,ECT1,A. kenti,Aken,29,1,2023,St_Crispin,-16.07519578,145.8439338,-16.07519578,145.8439338,colony GPS,10,4.3,2.8,NA,Aken_1187
Aken_1188,ECT1,A. kenti,Aken,29,1,2023,St_Crispin,-16.07521967,145.8438067,-16.07521967,145.8438067,colony GPS,10,4.6,3.1,NA,Aken_1188
Aken_1189,ECT1,A. kenti,Aken,29,1,2023,St_Crispin,-16.07533853,145.8436532,-16.07533853,145.8436532,colony GPS,10,1.6,0.1,NA,Aken_1189
Aken_1190,ECT1,A. kenti,Aken,29,1,2023,St_Crispin,-16.07540357,145.8436417,-16.07540357,145.8436417,colony GPS,10,2.5,1,NA,Aken_1190
Aken_1191,ECT1,A. kenti,Aken,29,1,2023,St_Crispin,-16.07543265,145.8436195,-16.07543265,145.8436195,colony GPS,10,2.2,0.7,NA,Aken_1191
Aken_1192,ECT1,A. kenti,Aken,29,1,2023,St_Crispin,-16.07557825,145.8436105,-16.07557825,145.8436105,colony GPS,10,1.7,0.2,NA,Aken_1192
Aken_1193,ECT1,A. kenti,Aken,29,1,2023,St_Crispin,-16.07577011,145.8436823,-16.07577011,145.8436823,colony GPS,10,missing,NA,NA,Aken_1193
Aken_1194,ECT1,A. kenti,Aken,29,1,2023,St_Crispin,-16.0757971,145.843662,-16.0757971,145.843662,colony GPS,10,1.5,0.1,NA,Aken_1194
Aken_1195,ECT1,A. kenti,Aken,29,1,2023,St_Crispin,-16.07574848,145.8436793,-16.07574848,145.8436793,colony GPS,10,2.2,0.8,NA,Aken_1195
Aken_1196,ECT1,A. kenti,Aken,29,1,2023,St_Crispin,-16.07574991,145.8437014,-16.07574991,145.8437014,colony GPS,10,2.5,1.1,NA,Aken_1196
Aken_1197,ECT1,A. kenti,Aken,29,1,2023,St_Crispin,-16.07583197,145.843667,-16.07583197,145.843667,colony GPS,10,1.5,0.1,NA,Aken_1197
Aken_1198,ECT1,A. kenti,Aken,29,1,2023,St_Crispin,-16.07591813,145.8437028,-16.07591813,145.8437028,colony GPS,10,1.2,-0.2,NA,Aken_1198
Aken_1199,ECT1,A. kenti,Aken,29,1,2023,St_Crispin,-16.07612902,145.8438706,-16.07612902,145.8438706,colony GPS,10,1.8,0.4,NA,Aken_1199
Aken_1200,ECT1,A. kenti,Aken,29,1,2023,St_Crispin,-16.07618736,145.8440417,-16.07618736,145.8440417,colony GPS,10,1.1,-0.3,NA,Aken_1200
Aken_1201,ECT1,A. kenti,Aken,29,1,2023,St_Crispin,-16.07631133,145.8443068,-16.07631133,145.8443068,colony GPS,10,1.3,-0.1,NA,Aken_1201
Aken_1202,ECT1,A. kenti,Aken,29,1,2023,St_Crispin,-16.07631653,145.8443162,-16.07631653,145.8443162,colony GPS,10,1.4,0,NA,Aken_1202
Aken_1203,ECT1,A. kenti,Aken,29,1,2023,St_Crispin,-16.07636103,145.8443809,-16.07636103,145.8443809,colony GPS,10,1.2,-0.2,NA,Aken_1203
Aken_1204,ECT1,A. kenti,Aken,29,1,2023,St_Crispin,-16.07640588,145.8443873,-16.07640588,145.8443873,colony GPS,10,1.2,-0.2,NA,Aken_1204
Aken_1205,ECT1,A. kenti,Aken,29,1,2023,St_Crispin,-16.07498774,145.8442169,-16.07498774,145.8442169,colony GPS,10,1.5,0,NA,Aken_1205
Aken_1206,ECT1,A. kenti,Aken,29,1,2023,St_Crispin,-16.07525286,145.8442596,-16.07525286,145.8442596,colony GPS,10,2.7,1.2,NA,Aken_1206
Aken_1207,ECT1,A. kenti,Aken,29,1,2023,St_Crispin,-16.07521188,145.8442125,-16.07521188,145.8442125,colony GPS,10,1.7,0.2,NA,Aken_1207
Aken_1208,ECT1,A. kenti,Aken,29,1,2023,St_Crispin,-16.07519654,145.8441776,-16.07519654,145.8441776,colony GPS,10,3,1.5,NA,Aken_1208
Aken_1209,ECT1,A. kenti,Aken,29,1,2023,St_Crispin,-16.07519796,145.8441032,-16.07519796,145.8441032,colony GPS,10,2.9,1.4,NA,Aken_1209
Aken_1210,ECT1,A. kenti,Aken,29,1,2023,St_Crispin,-16.07517382,145.8440667,-16.07517382,145.8440667,colony GPS,10,2.3,0.9,NA,Aken_1210
Aken_1211,ECT1,A. kenti,Aken,29,1,2023,St_Crispin,-16.07512772,145.8440568,-16.07512772,145.8440568,colony GPS,10,2.4,1,NA,Aken_1211
Aken_1212,ECT1,A. kenti,Aken,29,1,2023,St_Crispin,-16.07511926,145.8440153,-16.07511926,145.8440153,colony GPS,10,1.6,0.2,NA,Aken_1212
Aken_1213,ECT1,A. kenti,Aken,29,1,2023,St_Crispin,-16.07518681,145.8439535,-16.07518681,145.8439535,colony GPS,10,1.9,0.5,NA,Aken_1213
Aken_1214,ECT1,A. kenti,Aken,29,1,2023,St_Crispin,-16.07527298,145.8437271,-16.07527298,145.8437271,colony GPS,10,2.5,1.1,NA,Aken_1214
Aken_1215,ECT1,A. kenti,Aken,29,1,2023,St_Crispin,-16.07546216,145.8436678,-16.07546216,145.8436678,colony GPS,10,1.4,0,NA,Aken_1215
Aken_1216,ECT1,A. kenti,Aken,29,1,2023,St_Crispin,-16.07550524,145.8436516,-16.07550524,145.8436516,colony GPS,10,1.8,0.4,NA,Aken_1216
Aken_1217,ECT1,A. kenti,Aken,29,1,2023,St_Crispin,-16.07559535,145.8436496,-16.07559535,145.8436496,colony GPS,10,1.8,0.4,NA,Aken_1217
Aken_1218,ECT1,A. kenti,Aken,29,1,2023,St_Crispin,-16.07567003,145.8436859,-16.07567003,145.8436859,colony GPS,10,1.5,0.1,NA,Aken_1218
Aken_1219,ECT1,A. kenti,Aken,29,1,2023,St_Crispin,-16.07574706,145.8437184,-16.07574706,145.8437184,colony GPS,10,1.7,0.3,NA,Aken_1219
Aken_1220,ECT1,A. kenti,Aken,29,1,2023,St_Crispin,-16.07586374,145.8436797,-16.07586374,145.8436797,colony GPS,10,1.6,0.2,NA,Aken_1220
Aken_1221,ECT1,A. kenti,Aken,29,1,2023,St_Crispin,-16.07587949,145.8436976,-16.07587949,145.8436976,colony GPS,10,1.5,0.1,NA,Aken_1221
Aken_1222,ECT1,A. kenti,Aken,29,1,2023,St_Crispin,-16.07591822,145.8437028,-16.07591822,145.8437028,colony GPS,10,1.7,0.3,NA,Aken_1222
Ahya_1_Tydeman,ECT1,A. hyacinthus,Ahya,30,1,2023,Tydeman,-13.970879,144.5028362,-13.970879,144.5028362,colony GPS,10,4.5,3,NA,Ahya_1_Tydeman
Ahya_10_Tydeman,ECT1,A. hyacinthus,Ahya,30,1,2023,Tydeman,-13.971456,144.5026016,-13.971456,144.5026016,colony GPS,10,1.5,0.1,NA,Ahya_10_Tydeman
Ahya_11_Tydeman,ECT1,A. hyacinthus,Ahya,30,1,2023,Tydeman,-13.971361,144.5023902,-13.971361,144.5023902,colony GPS,10,2,0.6,NA,Ahya_11_Tydeman
Ahya_12_Tydeman,ECT1,A. hyacinthus,Ahya,30,1,2023,Tydeman,-13.971349,144.5023803,-13.971349,144.5023803,colony GPS,10,2.9,1.5,NA,Ahya_12_Tydeman
Ahya_13_Tydeman,ECT1,A. hyacinthus,Ahya,30,1,2023,Tydeman,-13.971392,144.5023619,-13.971392,144.5023619,colony GPS,10,2.2,0.8,NA,Ahya_13_Tydeman
Ahya_14_Tydeman,ECT1,A. hyacinthus,Ahya,30,1,2023,Tydeman,-13.971393,144.5023145,-13.971393,144.5023145,colony GPS,10,3.1,1.7,NA,Ahya_14_Tydeman
Ahya_15_Tydeman,ECT1,A. hyacinthus,Ahya,30,1,2023,Tydeman,-13.971614,144.5022933,-13.971614,144.5022933,colony GPS,10,1.2,-0.1,NA,Ahya_15_Tydeman
Ahya_16_Tydeman,ECT1,A. hyacinthus,Ahya,30,1,2023,Tydeman,-13.97192,144.5020579,-13.97192,144.5020579,colony GPS,10,1.3,0,NA,Ahya_16_Tydeman
Ahya_17_Tydeman,ECT1,A. hyacinthus,Ahya,30,1,2023,Tydeman,-13.971724,144.501924,-13.971724,144.501924,colony GPS,10,2.6,1.3,NA,Ahya_17_Tydeman
Ahya_18_Tydeman,ECT1,A. hyacinthus,Ahya,30,1,2023,Tydeman,-13.971716,144.5019161,-13.971716,144.5019161,colony GPS,10,3.1,1.8,NA,Ahya_18_Tydeman
Ahya_19_Tydeman,ECT1,A. hyacinthus,Ahya,30,1,2023,Tydeman,-13.971728,144.5019269,-13.971728,144.5019269,colony GPS,10,2.4,1.1,NA,Ahya_19_Tydeman
Ahya_2_Tydeman,ECT1,A. hyacinthus,Ahya,30,1,2023,Tydeman,-13.9709,144.5028621,-13.9709,144.5028621,colony GPS,10,3.4,1.9,NA,Ahya_2_Tydeman
Ahya_20_Tydeman,ECT1,A. hyacinthus,Ahya,30,1,2023,Tydeman,-13.971733,144.501962,-13.971733,144.501962,colony GPS,10,2.5,1.2,NA,Ahya_20_Tydeman
Ahya_21_Tydeman,ECT1,A. hyacinthus,Ahya,30,1,2023,Tydeman,-13.971701,144.5019706,-13.971701,144.5019706,colony GPS,10,3.6,2.3,NA,Ahya_21_Tydeman
Ahya_22_Tydeman,ECT1,A. hyacinthus,Ahya,30,1,2023,Tydeman,-13.97146,144.5019062,-13.97146,144.5019062,colony GPS,10,2.5,1.2,NA,Ahya_22_Tydeman
Ahya_23_Tydeman,ECT1,A. hyacinthus,Ahya,30,1,2023,Tydeman,-13.971394,144.5018794,-13.971394,144.5018794,colony GPS,10,2,0.7,NA,Ahya_23_Tydeman
Ahya_24_Tydeman,ECT1,A. hyacinthus,Ahya,30,1,2023,Tydeman,-13.971343,144.5018999,-13.971343,144.5018999,colony GPS,10,1.8,0.5,NA,Ahya_24_Tydeman
Ahya_25_Tydeman,ECT1,A. hyacinthus,Ahya,30,1,2023,Tydeman,-13.971335,144.5019089,-13.971335,144.5019089,colony GPS,10,2.2,0.9,NA,Ahya_25_Tydeman
Ahya_26_Tydeman,ECT1,A. hyacinthus,Ahya,30,1,2023,Tydeman,-13.970963,144.5027447,-13.970963,144.5027447,colony GPS,10,4,2.5,NA,Ahya_26_Tydeman
Ahya_27_Tydeman,ECT1,A. hyacinthus,Ahya,30,1,2023,Tydeman,-13.970985,144.5027782,-13.970985,144.5027782,colony GPS,10,3.1,1.6,NA,Ahya_27_Tydeman
Ahya_28_Tydeman,ECT1,A. hyacinthus,Ahya,30,1,2023,Tydeman,-13.971007,144.5027863,-13.971007,144.5027863,colony GPS,10,3.5,2,NA,Ahya_28_Tydeman
Ahya_29_Tydeman,ECT1,A. hyacinthus,Ahya,30,1,2023,Tydeman,-13.971034,144.5027861,-13.971034,144.5027861,colony GPS,10,3.7,2.2,NA,Ahya_29_Tydeman
Ahya_3_Tydeman,ECT1,A. hyacinthus,Ahya,30,1,2023,Tydeman,-13.97101,144.5028631,-13.97101,144.5028631,colony GPS,10,2.5,1,NA,Ahya_3_Tydeman
Ahya_30_Tydeman,ECT1,A. hyacinthus,Ahya,30,1,2023,Tydeman,-13.971074,144.5027775,-13.971074,144.5027775,colony GPS,10,2.4,0.9,NA,Ahya_30_Tydeman
Ahya_31_Tydeman,ECT1,A. hyacinthus,Ahya,30,1,2023,Tydeman,-13.971108,144.5027289,-13.971108,144.5027289,colony GPS,10,2.3,0.8,NA,Ahya_31_Tydeman
Ahya_32_Tydeman,ECT1,A. hyacinthus,Ahya,30,1,2023,Tydeman,-13.971071,144.5027078,-13.971071,144.5027078,colony GPS,10,2.8,1.4,NA,Ahya_32_Tydeman
Ahya_33_Tydeman,ECT1,A. hyacinthus,Ahya,30,1,2023,Tydeman,-13.971095,144.5026807,-13.971095,144.5026807,colony GPS,10,2.6,1.2,NA,Ahya_33_Tydeman
Ahya_34_Tydeman,ECT1,A. hyacinthus,Ahya,30,1,2023,Tydeman,-13.971093,144.5026759,-13.971093,144.5026759,colony GPS,10,2.9,1.5,NA,Ahya_34_Tydeman
Ahya_35_Tydeman,ECT1,A. hyacinthus,Ahya,30,1,2023,Tydeman,-13.971143,144.5026423,-13.971143,144.5026423,colony GPS,10,1.7,0.3,NA,Ahya_35_Tydeman
Ahya_36_Tydeman,ECT1,A. hyacinthus,Ahya,30,1,2023,Tydeman,-13.971173,144.5026538,-13.971173,144.5026538,colony GPS,10,2.1,0.7,NA,Ahya_36_Tydeman
Ahya_37_Tydeman,ECT1,A. hyacinthus,Ahya,30,1,2023,Tydeman,-13.971194,144.5025991,-13.971194,144.5025991,colony GPS,10,2,0.6,NA,Ahya_37_Tydeman
Ahya_38_Tydeman,ECT1,A. hyacinthus,Ahya,30,1,2023,Tydeman,-13.971148,144.5025422,-13.971148,144.5025422,colony GPS,10,1.8,0.4,NA,Ahya_38_Tydeman
Ahya_39_Tydeman,ECT1,A. hyacinthus,Ahya,30,1,2023,Tydeman,-13.9712,144.5025109,-13.9712,144.5025109,colony GPS,10,1.4,0,NA,Ahya_39_Tydeman
Ahya_4_Tydeman,ECT1,A. hyacinthus,Ahya,30,1,2023,Tydeman,-13.971141,144.5029128,-13.971141,144.5029128,colony GPS,10,1.8,0.4,NA,Ahya_4_Tydeman
Ahya_40_Tydeman,ECT1,A. hyacinthus,Ahya,30,1,2023,Tydeman,-13.971271,144.5024872,-13.971271,144.5024872,colony GPS,10,2.2,0.8,NA,Ahya_40_Tydeman
Ahya_41_Tydeman,ECT1,A. hyacinthus,Ahya,30,1,2023,Tydeman,-13.971333,144.5024443,-13.971333,144.5024443,colony GPS,10,1.7,0.3,NA,Ahya_41_Tydeman
Ahya_42_Tydeman,ECT1,A. hyacinthus,Ahya,30,1,2023,Tydeman,-13.971349,144.5024076,-13.971349,144.5024076,colony GPS,10,1.4,0,NA,Ahya_42_Tydeman
Ahya_43_Tydeman,ECT1,A. hyacinthus,Ahya,30,1,2023,Tydeman,-13.971374,144.5023597,-13.971374,144.5023597,colony GPS,10,3.3,1.9,NA,Ahya_43_Tydeman
Ahya_44_Tydeman,ECT1,A. hyacinthus,Ahya,30,1,2023,Tydeman,-13.971425,144.5023115,-13.971425,144.5023115,colony GPS,10,2,0.6,NA,Ahya_44_Tydeman
Ahya_45_Tydeman,ECT1,A. hyacinthus,Ahya,30,1,2023,Tydeman,-13.971526,144.5022599,-13.971526,144.5022599,colony GPS,10,1.9,0.5,NA,Ahya_45_Tydeman
Ahya_46_Tydeman,ECT1,A. hyacinthus,Ahya,30,1,2023,Tydeman,-13.971624,144.5022699,-13.971624,144.5022699,colony GPS,10,1.4,0,NA,Ahya_46_Tydeman
Ahya_47_Tydeman,ECT1,A. hyacinthus,Ahya,30,1,2023,Tydeman,-13.971668,144.5022418,-13.971668,144.5022418,colony GPS,10,1.5,0.1,NA,Ahya_47_Tydeman
Ahya_48_Tydeman,ECT1,A. hyacinthus,Ahya,30,1,2023,Tydeman,-13.971734,144.5021729,-13.971734,144.5021729,colony GPS,10,1.7,0.3,NA,Ahya_48_Tydeman
Ahya_49_Tydeman,ECT1,A. hyacinthus,Ahya,30,1,2023,Tydeman,-13.971754,144.5021593,-13.971754,144.5021593,colony GPS,10,1.8,0.4,NA,Ahya_49_Tydeman
Ahya_5_Tydeman,ECT1,A. hyacinthus,Ahya,30,1,2023,Tydeman,-13.971153,144.5026653,-13.971153,144.5026653,colony GPS,10,1.5,0.1,NA,Ahya_5_Tydeman
Ahya_50_Tydeman,ECT1,A. hyacinthus,Ahya,30,1,2023,Tydeman,-13.971787,144.502147,-13.971787,144.502147,colony GPS,10,1.5,0.2,NA,Ahya_50_Tydeman
Ahya_6_Tydeman,ECT1,A. hyacinthus,Ahya,30,1,2023,Tydeman,-13.971255,144.5027471,-13.971255,144.5027471,colony GPS,10,1.5,0.1,NA,Ahya_6_Tydeman
Ahya_7_Tydeman,ECT1,A. hyacinthus,Ahya,30,1,2023,Tydeman,-13.971269,144.5027332,-13.971269,144.5027332,colony GPS,10,1.6,0.2,NA,Ahya_7_Tydeman
Ahya_8_Tydeman,ECT1,A. hyacinthus,Ahya,30,1,2023,Tydeman,-13.971326,144.5027072,-13.971326,144.5027072,colony GPS,10,1.3,-0.1,NA,Ahya_8_Tydeman
Ahya_9_Tydeman,ECT1,A. hyacinthus,Ahya,30,1,2023,Tydeman,-13.97134,144.5026767,-13.97134,144.5026767,colony GPS,10,2,0.6,NA,Ahya_9_Tydeman
Aken_1_Tydeman,ECT1,A. kenti,Aken,30,1,2023,Tydeman,-13.97098496,144.509612,-13.97098496,144.509612,colony GPS,10,6.3,4.6,NA,Aken_1_Tydeman
Aken_10_Tydeman,ECT1,A. kenti,Aken,30,1,2023,Tydeman,-13.97107431,144.5100589,-13.97107431,144.5100589,colony GPS,10,7.2,5.5,NA,Aken_10_Tydeman
Aken_11_Tydeman,ECT1,A. kenti,Aken,30,1,2023,Tydeman,-13.97109333,144.5101069,-13.97109333,144.5101069,colony GPS,10,5.6,3.9,NA,Aken_11_Tydeman
Aken_12_Tydeman,ECT1,A. kenti,Aken,30,1,2023,Tydeman,-13.97109283,144.5101137,-13.97109283,144.5101137,colony GPS,10,4.6,2.9,NA,Aken_12_Tydeman
Aken_13_Tydeman,ECT1,A. kenti,Aken,30,1,2023,Tydeman,-13.97111789,144.5101178,-13.97111789,144.5101178,colony GPS,10,5.6,3.9,NA,Aken_13_Tydeman
Aken_14_Tydeman,ECT1,A. kenti,Aken,30,1,2023,Tydeman,-13.97110725,144.5102321,-13.97110725,144.5102321,colony GPS,10,6,4.3,NA,Aken_14_Tydeman
Aken_15_Tydeman,ECT1,A. kenti,Aken,30,1,2023,Tydeman,-13.97108093,144.5103008,-13.97108093,144.5103008,colony GPS,10,5.2,3.4,NA,Aken_15_Tydeman
Aken_16_Tydeman,ECT1,A. kenti,Aken,30,1,2023,Tydeman,-13.97109778,144.5103629,-13.97109778,144.5103629,colony GPS,10,6.8,5,NA,Aken_16_Tydeman
Aken_17_Tydeman,ECT1,A. kenti,Aken,30,1,2023,Tydeman,-13.97111186,144.5104033,-13.97111186,144.5104033,colony GPS,10,4.6,2.8,NA,Aken_17_Tydeman
Aken_18_Tydeman,ECT1,A. kenti,Aken,30,1,2023,Tydeman,-13.97112963,144.5104443,-13.97112963,144.5104443,colony GPS,10,4.2,2.4,NA,Aken_18_Tydeman
Aken_19_Tydeman,ECT1,A. kenti,Aken,30,1,2023,Tydeman,-13.97120934,144.510549,-13.97120934,144.510549,colony GPS,10,5.2,3.4,NA,Aken_19_Tydeman
Aken_2_Tydeman,ECT1,A. kenti,Aken,30,1,2023,Tydeman,-13.97090013,144.5095978,-13.97090013,144.5095978,colony GPS,10,6.4,4.7,NA,Aken_2_Tydeman
Aken_20_Tydeman,ECT1,A. kenti,Aken,30,1,2023,Tydeman,-13.97125049,144.5106013,-13.97125049,144.5106013,colony GPS,10,4.5,2.7,NA,Aken_20_Tydeman
Aken_21_Tydeman,ECT1,A. kenti,Aken,30,1,2023,Tydeman,-13.97130481,144.5106534,-13.97130481,144.5106534,colony GPS,10,4.9,3.1,NA,Aken_21_Tydeman
Aken_22_Tydeman,ECT1,A. kenti,Aken,30,1,2023,Tydeman,-13.97139198,144.51073,-13.97139198,144.51073,colony GPS,10,5.3,3.5,NA,Aken_22_Tydeman
Aken_23_Tydeman,ECT1,A. kenti,Aken,30,1,2023,Tydeman,-13.9713981,144.5108019,-13.9713981,144.5108019,colony GPS,10,5.1,3.3,NA,Aken_23_Tydeman
Aken_24_Tydeman,ECT1,A. kenti,Aken,30,1,2023,Tydeman,-13.97135594,144.5108985,-13.97135594,144.5108985,colony GPS,10,4.7,2.9,NA,Aken_24_Tydeman
Aken_25_Tydeman,ECT1,A. kenti,Aken,30,1,2023,Tydeman,-13.9714535,144.5109898,-13.9714535,144.5109898,colony GPS,10,4.3,2.5,NA,Aken_25_Tydeman
Aken_26_Tydeman,ECT1,A. kenti,Aken,30,1,2023,Tydeman,-13.97101589,144.5097673,-13.97101589,144.5097673,colony GPS,10,5.5,3.8,NA,Aken_26_Tydeman
Aken_3_Tydeman,ECT1,A. kenti,Aken,30,1,2023,Tydeman,-13.97087876,144.509602,-13.97087876,144.509602,colony GPS,10,6.1,4.4,NA,Aken_3_Tydeman
Aken_4_Tydeman,ECT1,A. kenti,Aken,30,1,2023,Tydeman,-13.97086116,144.5096105,-13.97086116,144.5096105,colony GPS,10,6.2,4.5,NA,Aken_4_Tydeman
Aken_5_Tydeman,ECT1,A. kenti,Aken,30,1,2023,Tydeman,-13.97100432,144.5097088,-13.97100432,144.5097088,colony GPS,10,6,4.3,NA,Aken_5_Tydeman
Aken_6_Tydeman,ECT1,A. kenti,Aken,30,1,2023,Tydeman,-13.9710236,144.5097404,-13.9710236,144.5097404,colony GPS,10,6.2,4.5,NA,Aken_6_Tydeman
Aken_7_Tydeman,ECT1,A. kenti,Aken,30,1,2023,Tydeman,-13.97107095,144.509858,-13.97107095,144.509858,colony GPS,10,4,2.3,NA,Aken_7_Tydeman
Aken_8_Tydeman,ECT1,A. kenti,Aken,30,1,2023,Tydeman,-13.97107875,144.509965,-13.97107875,144.509965,colony GPS,10,5.7,4,NA,Aken_8_Tydeman
Aken_9_Tydeman,ECT1,A. kenti,Aken,30,1,2023,Tydeman,-13.97109442,144.5100171,-13.97109442,144.5100171,colony GPS,10,5.8,4.1,NA,Aken_9_Tydeman
Ahya_1283,ECT1,A. hyacinthus,Ahya,31,1,2023,Martin,-14.780195,145.3592862,-14.780195,145.3592862,colony GPS,10,3.2,2,NA,Ahya_1283
Ahya_1284,ECT1,A. hyacinthus,Ahya,31,1,2023,Martin,-14.780235,145.3592251,-14.780235,145.3592251,colony GPS,10,3.4,2.2,NA,Ahya_1284
Ahya_1285,ECT1,A. hyacinthus,Ahya,31,1,2023,Martin,-14.780229,145.359267,-14.780229,145.359267,colony GPS,10,4.2,3,NA,Ahya_1285
Ahya_1286,ECT1,A. hyacinthus,Ahya,31,1,2023,Martin,-14.780327,145.3596172,-14.780327,145.3596172,colony GPS,10,4,2.8,NA,Ahya_1286
Ahya_1287,ECT1,A. hyacinthus,Ahya,31,1,2023,Martin,-14.780361,145.3596195,-14.780361,145.3596195,colony GPS,10,3.7,2.5,NA,Ahya_1287
Ahya_1288,ECT1,A. hyacinthus,Ahya,31,1,2023,Martin,-14.780413,145.3596159,-14.780413,145.3596159,colony GPS,10,4.1,2.9,NA,Ahya_1288
Ahya_1289,ECT1,A. hyacinthus,Ahya,31,1,2023,Martin,-14.780439,145.3596079,-14.780439,145.3596079,colony GPS,10,4.3,3.1,NA,Ahya_1289
Ahya_1290,ECT1,A. hyacinthus,Ahya,31,1,2023,Martin,-14.78046,145.3595682,-14.78046,145.3595682,colony GPS,10,3.9,2.7,NA,Ahya_1290
Ahya_1291,ECT1,A. hyacinthus,Ahya,31,1,2023,Martin,-14.780561,145.359443,-14.780561,145.359443,colony GPS,10,4.1,2.9,NA,Ahya_1291
Ahya_1292,ECT1,A. hyacinthus,Ahya,31,1,2023,Martin,-14.780507,145.3594103,-14.780507,145.3594103,colony GPS,10,4.4,3.2,NA,Ahya_1292
Ahya_1293,ECT1,A. hyacinthus,Ahya,31,1,2023,Martin,-14.780478,145.3594152,-14.780478,145.3594152,colony GPS,10,4,2.8,NA,Ahya_1293
Ahya_1294,ECT1,A. hyacinthus,Ahya,31,1,2023,Martin,-14.780453,145.3593318,-14.780453,145.3593318,colony GPS,10,3.9,2.6,NA,Ahya_1294
Ahya_1295,ECT1,A. hyacinthus,Ahya,31,1,2023,Martin,NA,NA,NA,NA,no GPS or TBC,10,2,0.7,NA,Ahya_1295
Ahya_1296,ECT1,A. hyacinthus,Ahya,31,1,2023,Martin,-14.779635,145.3597959,-14.779635,145.3597959,colony GPS,10,1.5,0.2,NA,Ahya_1296
Ahya_1297,ECT1,A. hyacinthus,Ahya,31,1,2023,Martin,-14.779957,145.3592754,-14.779957,145.3592754,colony GPS,10,2.1,0.8,NA,Ahya_1297
Ahya_1298,ECT1,A. hyacinthus,Ahya,31,1,2023,Martin,-14.780022,145.3585815,-14.780022,145.3585815,colony GPS,10,1.4,0.1,NA,Ahya_1298
Ahya_1299,ECT1,A. hyacinthus,Ahya,31,1,2023,Martin,-14.780048,145.3585736,-14.780048,145.3585736,colony GPS,10,1.9,0.6,NA,Ahya_1299
Ahya_1300,ECT1,A. hyacinthus,Ahya,31,1,2023,Martin,-14.779989,145.3594272,-14.779989,145.3594272,colony GPS,10,2.7,1.4,NA,Ahya_1300
Ahya_131b_R2023,ECT1,A. hyacinthus,Ahya,31,1,2023,Martin,NA,NA,NA,NA,no GPS or TBC,10,1.7,-0.3,NA,Ahya_131b_R2023
Ahya_133b_R2023,ECT1,A. hyacinthus,Ahya,31,1,2023,Martin,NA,NA,NA,NA,no GPS or TBC,10,2.1,0.2,NA,Ahya_133b_R2023
Ahya_136_R2023,ECT1,A. hyacinthus,Ahya,31,1,2023,Martin,-14.779922,145.3588774,-14.779922,145.3588774,colony GPS,10,1.3,0,NA,Ahya_136_R2023
Ahya_138_R2023,ECT1,A. hyacinthus,Ahya,31,1,2023,Martin,NA,NA,NA,NA,no GPS or TBC,10,2.8,0.9,NA,Ahya_138_R2023
Ahya_139_R2023,ECT1,A. hyacinthus,Ahya,31,1,2023,Martin,NA,NA,NA,NA,no GPS or TBC,10,2.9,1,NA,Ahya_139_R2023
Ahya_140_R2023,ECT1,A. hyacinthus,Ahya,31,1,2023,Martin,NA,NA,NA,NA,no GPS or TBC,10,3.4,1.6,NA,Ahya_140_R2023
Ahya_143b_R2023,ECT1,A. hyacinthus,Ahya,31,1,2023,Martin,NA,NA,NA,NA,no GPS or TBC,10,1.9,0,NA,Ahya_143b_R2023
Ahya_148_R2023,ECT1,A. hyacinthus,Ahya,31,1,2023,Martin,NA,NA,NA,NA,no GPS or TBC,10,2.2,0.4,NA,Ahya_148_R2023
Ahya_152b_R2023,ECT1,A. hyacinthus,Ahya,31,1,2023,Martin,NA,NA,NA,NA,no GPS or TBC,10,2.4,0.6,NA,Ahya_152b_R2023
Ahya_157b_R2023,ECT1,A. hyacinthus,Ahya,31,1,2023,Martin,-14.779374,145.360251,-14.779374,145.360251,colony GPS,10,1.9,0.7,NA,Ahya_157b_R2023
Aken_1223,ECT1,A. kenti,Aken,31,1,2023,Martin,-14.78010306,145.358533,-14.78010306,145.358533,colony GPS,10,2.3,0.3,NA,Aken_1223
Aken_1224,ECT1,A. kenti,Aken,31,1,2023,Martin,-14.78013818,145.358499,-14.78013818,145.358499,colony GPS,10,3.6,1.6,NA,Aken_1224
Aken_1225,ECT1,A. kenti,Aken,31,1,2023,Martin,-14.78030423,145.3584325,-14.78030423,145.3584325,colony GPS,10,3.5,1.6,NA,Aken_1225
Aken_1226,ECT1,A. kenti,Aken,31,1,2023,Martin,-14.78032493,145.3585006,-14.78032493,145.3585006,colony GPS,10,4.3,2.4,NA,Aken_1226
Aken_1227,ECT1,A. kenti,Aken,31,1,2023,Martin,-14.78032736,145.3584102,-14.78032736,145.3584102,colony GPS,10,4,2.1,NA,Aken_1227
Aken_1228,ECT1,A. kenti,Aken,31,1,2023,Martin,-14.78037556,145.3583258,-14.78037556,145.3583258,colony GPS,10,3.6,1.7,NA,Aken_1228
Aken_1229,ECT1,A. kenti,Aken,31,1,2023,Martin,-14.78048821,145.3582649,-14.78048821,145.3582649,colony GPS,10,3.4,1.5,NA,Aken_1229
Aken_1230,ECT1,A. kenti,Aken,31,1,2023,Martin,-14.7803691,145.3582881,-14.7803691,145.3582881,colony GPS,10,4,2.1,NA,Aken_1230
Aken_1231,ECT1,A. kenti,Aken,31,1,2023,Martin,-14.78026601,145.3582501,-14.78026601,145.3582501,colony GPS,10,3.6,1.7,NA,Aken_1231
Aken_1232,ECT1,A. kenti,Aken,31,1,2023,Martin,-14.7801681,145.3583618,-14.7801681,145.3583618,colony GPS,10,3.4,1.5,NA,Aken_1232
Aken_1233,ECT1,A. kenti,Aken,31,1,2023,Martin,-14.78031814,145.3580776,-14.78031814,145.3580776,colony GPS,10,4,2.2,NA,Aken_1233
Aken_1234,ECT1,A. kenti,Aken,31,1,2023,Martin,-14.78043767,145.3580834,-14.78043767,145.3580834,colony GPS,10,4.4,2.6,NA,Aken_1234
Aken_1235,ECT1,A. kenti,Aken,31,1,2023,Martin,-14.78029107,145.3580329,-14.78029107,145.3580329,colony GPS,10,2.5,0.7,NA,Aken_1235
Aken_1236,ECT1,A. kenti,Aken,31,1,2023,Martin,-14.78033298,145.3581133,-14.78033298,145.3581133,colony GPS,10,4.2,2.4,NA,Aken_1236
Aken_1237,ECT1,A. kenti,Aken,31,1,2023,Martin,-14.78033801,145.3582035,-14.78033801,145.3582035,colony GPS,10,4,2.2,NA,Aken_1237
Aken_1238,ECT1,A. kenti,Aken,31,1,2023,Martin,-14.7803204,145.3580459,-14.7803204,145.3580459,colony GPS,10,4,2.3,NA,Aken_1238
Aken_1239,ECT1,A. kenti,Aken,31,1,2023,Martin,-14.78032946,145.358016,-14.78032946,145.358016,colony GPS,10,3.7,2,NA,Aken_1239
Aken_1240,ECT1,A. kenti,Aken,31,1,2023,Martin,-14.78034278,145.3578964,-14.78034278,145.3578964,colony GPS,10,3.7,2,NA,Aken_1240
Aken_1241,ECT1,A. kenti,Aken,31,1,2023,Martin,-14.78040028,145.3578885,-14.78040028,145.3578885,colony GPS,10,4.4,2.7,NA,Aken_1241
Aken_1242,ECT1,A. kenti,Aken,31,1,2023,Martin,-14.78046617,145.3578927,-14.78046617,145.3578927,colony GPS,10,4.5,2.8,NA,Aken_1242
Aken_1243,ECT1,A. kenti,Aken,31,1,2023,Martin,-14.78055149,145.3578359,-14.78055149,145.3578359,colony GPS,10,4.3,2.6,NA,Aken_1243
Aken_1244,ECT1,A. kenti,Aken,31,1,2023,Martin,-14.78056608,145.3578337,-14.78056608,145.3578337,colony GPS,10,4,2.3,NA,Aken_1244
Aken_1245,ECT1,A. kenti,Aken,31,1,2023,Martin,-14.78059952,145.3577995,-14.78059952,145.3577995,colony GPS,10,4,2.3,NA,Aken_1245
Aken_1246,ECT1,A. kenti,Aken,31,1,2023,Martin,-14.78067999,145.3578195,-14.78067999,145.3578195,colony GPS,10,4.3,2.6,NA,Aken_1246
Aken_1247,ECT1,A. kenti,Aken,31,1,2023,Martin,-14.78066113,145.3578278,-14.78066113,145.3578278,colony GPS,10,5.2,3.5,NA,Aken_1247
Aken_1248,ECT1,A. kenti,Aken,31,1,2023,Martin,-14.78066775,145.3578024,-14.78066775,145.3578024,colony GPS,10,5.1,3.5,NA,Aken_1248
Aken_1249,ECT1,A. kenti,Aken,31,1,2023,Martin,-14.78064462,145.3577854,-14.78064462,145.3577854,colony GPS,10,4.6,3,NA,Aken_1249
Aken_1250,ECT1,A. kenti,Aken,31,1,2023,Martin,-14.78063615,145.3577796,-14.78063615,145.3577796,colony GPS,10,5,3.4,NA,Aken_1250
Aken_1251,ECT1,A. kenti,Aken,31,1,2023,Martin,-14.78063188,145.357756,-14.78063188,145.357756,colony GPS,10,4.2,2.6,NA,Aken_1251
Aken_1252,ECT1,A. kenti,Aken,31,1,2023,Martin,-14.78050497,145.3577807,-14.78050497,145.3577807,colony GPS,10,4.3,2.7,NA,Aken_1252
Aken_1253,ECT1,A. kenti,Aken,31,1,2023,Martin,-14.7799133,145.3589633,-14.7799133,145.3589633,colony GPS,10,2.3,0.4,NA,Aken_1253
Aken_1254,ECT1,A. kenti,Aken,31,1,2023,Martin,-14.77995562,145.3592935,-14.77995562,145.3592935,colony GPS,10,3.6,1.7,NA,Aken_1254
Aken_1255,ECT1,A. kenti,Aken,31,1,2023,Martin,-14.78006174,145.3594833,-14.78006174,145.3594833,colony GPS,10,5.1,3.3,NA,Aken_1255
Aken_1256,ECT1,A. kenti,Aken,31,1,2023,Martin,-14.7800775,145.359509,-14.7800775,145.359509,colony GPS,10,5.1,3.3,NA,Aken_1256
Aken_1257,ECT1,A. kenti,Aken,31,1,2023,Martin,-14.78007331,145.3595384,-14.78007331,145.3595384,colony GPS,10,5.2,3.4,NA,Aken_1257
Aken_1258,ECT1,A. kenti,Aken,31,1,2023,Martin,-14.78008202,145.3595543,-14.78008202,145.3595543,colony GPS,10,5.3,3.5,NA,Aken_1258
Aken_1259,ECT1,A. kenti,Aken,31,1,2023,Martin,-14.78008982,145.3595805,-14.78008982,145.3595805,colony GPS,10,5.4,3.6,NA,Aken_1259
Aken_1260,ECT1,A. kenti,Aken,31,1,2023,Martin,-14.78010088,145.3596059,-14.78010088,145.3596059,colony GPS,10,5.4,3.6,NA,Aken_1260
Aken_1261,ECT1,A. kenti,Aken,31,1,2023,Martin,-14.78011345,145.3596182,-14.78011345,145.3596182,colony GPS,10,5.4,3.6,NA,Aken_1261
Aken_1262,ECT1,A. kenti,Aken,31,1,2023,Martin,-14.78013483,145.3596302,-14.78013483,145.3596302,colony GPS,10,5.3,3.5,NA,Aken_1262
Aken_1263,ECT1,A. kenti,Aken,31,1,2023,Martin,-14.78014673,145.3596696,-14.78014673,145.3596696,colony GPS,10,5.3,3.5,NA,Aken_1263
Aken_1264,ECT1,A. kenti,Aken,31,1,2023,Martin,-14.78017515,145.3596584,-14.78017515,145.3596584,colony GPS,10,5.8,4,NA,Aken_1264
Aken_1265,ECT1,A. kenti,Aken,31,1,2023,Martin,-14.78019325,145.3596426,-14.78019325,145.3596426,colony GPS,10,5.8,4.1,NA,Aken_1265
Aken_1266,ECT1,A. kenti,Aken,31,1,2023,Martin,-14.78023273,145.3596126,-14.78023273,145.3596126,colony GPS,10,5.6,3.9,NA,Aken_1266
Aken_1267,ECT1,A. kenti,Aken,31,1,2023,Martin,-14.78026777,145.3596253,-14.78026777,145.3596253,colony GPS,10,5.5,3.8,NA,Aken_1267
Aken_1268,ECT1,A. kenti,Aken,31,1,2023,Martin,-14.78028084,145.3596288,-14.78028084,145.3596288,colony GPS,10,4.6,2.9,NA,Aken_1268
Aken_1269,ECT1,A. kenti,Aken,31,1,2023,Martin,-14.78031009,145.3596253,-14.78031009,145.3596253,colony GPS,10,4.7,3,NA,Aken_1269
Aken_1270,ECT1,A. kenti,Aken,31,1,2023,Martin,-14.78029576,145.3595756,-14.78029576,145.3595756,colony GPS,10,5.2,3.6,NA,Aken_1270
Aken_1271,ECT1,A. kenti,Aken,31,1,2023,Martin,-14.78034429,145.359567,-14.78034429,145.359567,colony GPS,10,5.1,3.5,NA,Aken_1271
Aken_1272,ECT1,A. kenti,Aken,31,1,2023,Martin,-14.78039961,145.359542,-14.78039961,145.359542,colony GPS,10,4.6,3,NA,Aken_1272
Aken_1273,ECT1,A. kenti,Aken,31,1,2023,Martin,-14.78043096,145.3595575,-14.78043096,145.3595575,colony GPS,10,4.5,2.9,NA,Aken_1273
Aken_1274,ECT1,A. kenti,Aken,31,1,2023,Martin,-14.78040464,145.3595192,-14.78040464,145.3595192,colony GPS,10,5.1,3.5,NA,Aken_1274
Aken_1275,ECT1,A. kenti,Aken,31,1,2023,Martin,-14.78046499,145.3594752,-14.78046499,145.3594752,colony GPS,10,5.1,3.5,NA,Aken_1275
Aken_1276,ECT1,A. kenti,Aken,31,1,2023,Martin,-14.7804354,145.3594667,-14.7804354,145.3594667,colony GPS,10,5.2,3.6,NA,Aken_1276
Aken_1277,ECT1,A. kenti,Aken,31,1,2023,Martin,-14.78043096,145.3594595,-14.78043096,145.3594595,colony GPS,10,5.5,4,NA,Aken_1277
Aken_1278,ECT1,A. kenti,Aken,31,1,2023,Martin,-14.78036877,145.3594336,-14.78036877,145.3594336,colony GPS,10,NA,NA,NA,Aken_1278
Aken_1279,ECT1,A. kenti,Aken,31,1,2023,Martin,-14.78039358,145.3594182,-14.78039358,145.3594182,colony GPS,10,4.1,2.9,NA,Aken_1279
Aken_1280,ECT1,A. kenti,Aken,31,1,2023,Martin,-14.78036868,145.3593773,-14.78036868,145.3593773,colony GPS,10,4.4,3.2,NA,Aken_1280
Aken_1281,ECT1,A. kenti,Aken,31,1,2023,Martin,-14.78031655,145.359367,-14.78031655,145.359367,colony GPS,10,4.4,3.2,NA,Aken_1281
Aken_1282,ECT1,A. kenti,Aken,31,1,2023,Martin,-14.78024681,145.3593683,-14.78024681,145.3593683,colony GPS,10,4.4,3.2,NA,Aken_1282
Ahya_100b/101b_R2023,ECT1,A. hyacinthus,Ahya,1,2,2023,No_Name,NA,NA,NA,NA,no GPS or TBC,10,2.4,0.2,NA,Ahya_100b/101b_R2023
Ahya_102b_R2023,ECT1,A. hyacinthus,Ahya,1,2,2023,No_Name,-14.65102,145.6384435,-14.65102,145.6384435,colony GPS,10,2.9,0.7,NA,Ahya_102b_R2023
Ahya_103b_R2023,ECT1,A. hyacinthus,Ahya,1,2,2023,No_Name,-14.650971,145.6384252,-14.650971,145.6384252,colony GPS,10,2.3,0.1,NA,Ahya_103b_R2023
Ahya_105b_R2023,ECT1,A. hyacinthus,Ahya,1,2,2023,No_Name,-14.650915,145.6384266,-14.650915,145.6384266,colony GPS,10,2.8,0.6,NA,Ahya_105b_R2023
Ahya_108b_R2023,ECT1,A. hyacinthus,Ahya,1,2,2023,No_Name,-14.650979,145.6384282,-14.650979,145.6384282,colony GPS,10,2.2,0,NA,Ahya_108b_R2023
Ahya_113b_R2023,ECT1,A. hyacinthus,Ahya,1,2,2023,No_Name,-14.651082,145.6383584,-14.651082,145.6383584,colony GPS,10,3.8,1.6,NA,Ahya_113b_R2023
Ahya_114b_R2023,ECT1,A. hyacinthus,Ahya,1,2,2023,No_Name,-14.651067,145.6383119,-14.651067,145.6383119,colony GPS,10,2.2,0,NA,Ahya_114b_R2023
Ahya_117b_R2023,ECT1,A. hyacinthus,Ahya,1,2,2023,No_Name,-14.650895,145.6382666,-14.650895,145.6382666,colony GPS,10,2.4,0.2,NA,Ahya_117b_R2023
Ahya_119b_R2023,ECT1,A. hyacinthus,Ahya,1,2,2023,No_Name,-14.650917,145.6382451,-14.650917,145.6382451,colony GPS,10,2.4,0.2,NA,Ahya_119b_R2023
Ahya_124b_R2023,ECT1,A. hyacinthus,Ahya,1,2,2023,No_Name,-14.650713,145.6384677,-14.650713,145.6384677,colony GPS,10,2.3,0,NA,Ahya_124b_R2023
Ahya_126b_R2023,ECT1,A. hyacinthus,Ahya,1,2,2023,No_Name,-14.650897,145.6384843,-14.650897,145.6384843,colony GPS,10,2.3,0.2,NA,Ahya_126b_R2023
Ahya_127b_R2023,ECT1,A. hyacinthus,Ahya,1,2,2023,No_Name,-14.650907,145.6382421,-14.650907,145.6382421,colony GPS,10,3,0.8,NA,Ahya_127b_R2023
Ahya_128b_R2023,ECT1,A. hyacinthus,Ahya,1,2,2023,No_Name,-14.651004,145.6384191,-14.651004,145.6384191,colony GPS,10,2.1,-0.1,NA,Ahya_128b_R2023
Ahya_1403_No Name,ECT1,A. hyacinthus,Ahya,1,2,2023,No_Name,-14.650809,145.6383951,-14.650809,145.6383951,colony GPS,10,2.2,0.1,NA,Ahya_1403_No Name
Ahya_1404_No Name,ECT1,A. hyacinthus,Ahya,1,2,2023,No_Name,-14.6509,145.6383641,-14.6509,145.6383641,colony GPS,10,2.2,0.1,NA,Ahya_1404_No Name
Ahya_1405_No Name,ECT1,A. hyacinthus,Ahya,1,2,2023,No_Name,-14.650958,145.6383368,-14.650958,145.6383368,colony GPS,10,2.1,0.1,NA,Ahya_1405_No Name
Ahya_1411_No Name,ECT1,A. hyacinthus,Ahya,1,2,2023,No_Name,-14.650833,145.6383392,-14.650833,145.6383392,colony GPS,10,2,-0.1,NA,Ahya_1411_No Name
Ahya_1412_No Name,ECT1,A. hyacinthus,Ahya,1,2,2023,No_Name,-14.650882,145.6382806,-14.650882,145.6382806,colony GPS,10,2.3,0.2,NA,Ahya_1412_No Name
Ahya_1413_No Name,ECT1,A. hyacinthus,Ahya,1,2,2023,No_Name,-14.65085,145.6384648,-14.65085,145.6384648,colony GPS,10,2,0,NA,Ahya_1413_No Name
Ahya_172_Lizard,ECT1,A. hyacinthus,Ahya,1,2,2023,MacGillivray,-14.6412011,145.4914095,-14.6412011,145.4914095,colony GPS,10,1,NA,NA,Ahya_172_Lizard
Ahya_176_Lizard,ECT1,A. hyacinthus,Ahya,1,2,2023,MacGillivray,-14.641204,145.4914741,-14.641204,145.4914741,colony GPS,10,1.2,NA,NA,Ahya_176_Lizard
Ahya_178_Lizard,ECT1,A. hyacinthus,Ahya,1,2,2023,MacGillivray,-14.6412272,145.4914882,-14.6412272,145.4914882,colony GPS,10,2.1,NA,NA,Ahya_178_Lizard
Ahya_179_Lizard,ECT1,A. hyacinthus,Ahya,1,2,2023,MacGillivray,-14.6411738,145.491481,-14.6411738,145.491481,colony GPS,10,0.9,NA,NA,Ahya_179_Lizard
Ahya_481_Lizard,ECT1,A. hyacinthus,Ahya,1,2,2023,MacGillivray,-14.6412179,145.4915279,-14.6412179,145.4915279,colony GPS,10,2.2,NA,NA,Ahya_481_Lizard
Ahya_482_Lizard,ECT1,A. hyacinthus,Ahya,1,2,2023,MacGillivray,-14.6412616,145.4915159,-14.6412616,145.4915159,colony GPS,10,1.6,NA,NA,Ahya_482_Lizard
Ahya_483_Lizard,ECT1,A. hyacinthus,Ahya,1,2,2023,MacGillivray,-14.6412362,145.4915348,-14.6412362,145.4915348,colony GPS,10,1.3,NA,NA,Ahya_483_Lizard
Ahya_484_Lizard,ECT1,A. hyacinthus,Ahya,1,2,2023,MacGillivray,-14.6413109,145.4915963,-14.6413109,145.4915963,colony GPS,10,1,NA,NA,Ahya_484_Lizard
Ahya_485_Lizard,ECT1,A. hyacinthus,Ahya,1,2,2023,MacGillivray,-14.6412952,145.4916036,-14.6412952,145.4916036,colony GPS,10,1.1,NA,NA,Ahya_485_Lizard
Ahya_486_Lizard,ECT1,A. hyacinthus,Ahya,1,2,2023,MacGillivray,-14.6413399,145.4915592,-14.6413399,145.4915592,colony GPS,10,2.1,NA,NA,Ahya_486_Lizard
Ahya_487_Lizard,ECT1,A. hyacinthus,Ahya,1,2,2023,MacGillivray,-14.6414072,145.4915282,-14.6414072,145.4915282,colony GPS,10,1.7,NA,NA,Ahya_487_Lizard
Ahya_488_Lizard,ECT1,A. hyacinthus,Ahya,1,2,2023,MacGillivray,-14.6412616,145.4915365,-14.6412616,145.4915365,colony GPS,10,2.4,NA,NA,Ahya_488_Lizard
Ahya_616*_No Name,ECT1,A. hyacinthus,Ahya,1,2,2023,No_Name,-14.650752,145.6383576,-14.650752,145.6383576,colony GPS,10,2.3,0.1,NA,Ahya_616*_No Name
Ahya_97b_R2023,ECT1,A. hyacinthus,Ahya,1,2,2023,No_Name,-14.650839,145.6385532,-14.650839,145.6385532,colony GPS,10,3.8,1.7,NA,Ahya_97b_R2023
Ahya_98b_R2023,ECT1,A. hyacinthus,Ahya,1,2,2023,No_Name,-14.650838,145.6385358,-14.650838,145.6385358,colony GPS,10,3.8,1.7,NA,Ahya_98b_R2023
Ahya_99b.1_R2023,ECT1,A. hyacinthus,Ahya,1,2,2023,No_Name,-14.650905,145.6384618,-14.650905,145.6384618,colony GPS,10,2.4,0.1,NA,Ahya_99b.1_R2023
Ahya_99b.2_R2023,ECT1,A. hyacinthus,Ahya,1,2,2023,No_Name,-14.650877,145.6385037,-14.650877,145.6385037,colony GPS,10,2.4,0.2,NA,Ahya_99b.2_R2023
Aken_489,ECT1,A. kenti,Aken,1,2,2023,MacGillivray,-14.6411783,145.4914524,-14.6411783,145.4914524,colony GPS,10,2.4,1.6,NA,Aken_489
Aken_490,ECT1,A. kenti,Aken,1,2,2023,MacGillivray,-14.64113488,145.4915072,-14.64113488,145.4915072,colony GPS,10,1.3,0.5,NA,Aken_490
Aken_491,ECT1,A. kenti,Aken,1,2,2023,MacGillivray,-14.64120302,145.4914994,-14.64120302,145.4914994,colony GPS,10,2.2,1.4,NA,Aken_491
Aken_492,ECT1,A. kenti,Aken,1,2,2023,MacGillivray,-14.64122163,145.4914973,-14.64122163,145.4914973,colony GPS,10,2.7,1.9,NA,Aken_492
Aken_493,ECT1,A. kenti,Aken,1,2,2023,MacGillivray,-14.6412228,145.4915405,-14.6412228,145.4915405,colony GPS,10,2.7,1.9,NA,Aken_493
Aken_494,ECT1,A. kenti,Aken,1,2,2023,MacGillivray,-14.64125474,145.4915752,-14.64125474,145.4915752,colony GPS,10,1.7,0.9,NA,Aken_494
Aken_495,ECT1,A. kenti,Aken,1,2,2023,MacGillivray,-14.64131593,145.4915808,-14.64131593,145.4915808,colony GPS,10,2,1.2,NA,Aken_495
Aken_496,ECT1,A. kenti,Aken,1,2,2023,MacGillivray,-14.64132096,145.4915818,-14.64132096,145.4915818,colony GPS,10,4.6,2.7,NA,Aken_496
Aken_497,ECT1,A. kenti,Aken,1,2,2023,MacGillivray,-14.64134811,145.4915453,-14.64134811,145.4915453,colony GPS,10,5.3,4.5,NA,Aken_497
Aken_498,ECT1,A. kenti,Aken,1,2,2023,MacGillivray,-14.64134543,145.4915202,-14.64134543,145.4915202,colony GPS,10,5.4,4.6,NA,Aken_498
Aken_499,ECT1,A. kenti,Aken,1,2,2023,MacGillivray,-14.64142833,145.4915135,-14.64142833,145.4915135,colony GPS,10,3.2,2.4,NA,Aken_499
Aken_500,ECT1,A. kenti,Aken,1,2,2023,MacGillivray,NA,NA,NA,NA,colony GPS,10,3,NA,NA,Aken_500
Amil_1_Lizard,ECT1,A. millepora,Amil,2,2,2023,Lizard,-14.68675599,145.4400449,-14.68675599,145.4400449,colony GPS,10,4.1,NA,NA,Amil_1_Lizard
Amil_10_Lizard,ECT1,A. millepora,Amil,2,2,2023,Lizard,-14.6868098,145.439798,-14.6868098,145.439798,colony GPS,10,4,NA,NA,Amil_10_Lizard
Amil_11_Lizard,ECT1,A. millepora,Amil,2,2,2023,Lizard,-14.68688766,145.4398275,-14.68688766,145.4398275,colony GPS,10,3.7,NA,NA,Amil_11_Lizard
Amil_12_Lizard,ECT1,A. millepora,Amil,2,2,2023,Lizard,-14.68689093,145.4398174,-14.68689093,145.4398174,colony GPS,10,4.6,NA,NA,Amil_12_Lizard
Amil_13_Lizard,ECT1,A. millepora,Amil,2,2,2023,Lizard,-14.68691055,145.4398069,-14.68691055,145.4398069,colony GPS,10,4.7,NA,NA,Amil_13_Lizard
Amil_14_Lizard,ECT1,A. millepora,Amil,2,2,2023,Lizard,-14.68691901,145.4397995,-14.68691901,145.4397995,colony GPS,10,5.7,NA,NA,Amil_14_Lizard
Amil_15_Lizard,ECT1,A. millepora,Amil,2,2,2023,Lizard,-14.68692983,145.439807,-14.68692983,145.439807,colony GPS,10,4.9,NA,NA,Amil_15_Lizard
Amil_16_Lizard,ECT1,A. millepora,Amil,2,2,2023,Lizard,-14.6869289,145.4397515,-14.6869289,145.4397515,colony GPS,10,4.7,NA,NA,Amil_16_Lizard
Amil_17_Lizard,ECT1,A. millepora,Amil,2,2,2023,Lizard,-14.68700116,145.4396643,-14.68700116,145.4396643,colony GPS,10,4.7,NA,NA,Amil_17_Lizard
Amil_18_Lizard,ECT1,A. millepora,Amil,2,2,2023,Lizard,-14.68698087,145.4396345,-14.68698087,145.4396345,colony GPS,10,4.2,NA,NA,Amil_18_Lizard
Amil_19_Lizard,ECT1,A. millepora,Amil,2,2,2023,Lizard,-14.68698045,145.4396247,-14.68698045,145.4396247,colony GPS,10,4.1,NA,NA,Amil_19_Lizard
Amil_2_Lizard,ECT1,A. millepora,Amil,2,2,2023,Lizard,-14.68677811,145.4400483,-14.68677811,145.4400483,colony GPS,10,4.1,NA,NA,Amil_2_Lizard
Amil_20_Lizard,ECT1,A. millepora,Amil,2,2,2023,Lizard,-14.68698774,145.4396006,-14.68698774,145.4396006,colony GPS,10,4.5,NA,NA,Amil_20_Lizard
Amil_21_Lizard,ECT1,A. millepora,Amil,2,2,2023,Lizard,-14.68697953,145.4395508,-14.68697953,145.4395508,colony GPS,10,4.9,NA,NA,Amil_21_Lizard
Amil_22_Lizard,ECT1,A. millepora,Amil,2,2,2023,Lizard,-14.6870196,145.4395764,-14.6870196,145.4395764,colony GPS,10,5.1,NA,NA,Amil_22_Lizard
Amil_23_Lizard,ECT1,A. millepora,Amil,2,2,2023,Lizard,-14.68703535,145.4395452,-14.68703535,145.4395452,colony GPS,10,5,NA,NA,Amil_23_Lizard
Amil_24_Lizard,ECT1,A. millepora,Amil,2,2,2023,Lizard,-14.68704432,145.4395122,-14.68704432,145.4395122,colony GPS,10,4.6,NA,NA,Amil_24_Lizard
Amil_25_Lizard,ECT1,A. millepora,Amil,2,2,2023,Lizard,-14.68710601,145.4395224,-14.68710601,145.4395224,colony GPS,10,4.8,NA,NA,Amil_25_Lizard
Amil_26_Lizard,ECT1,A. millepora,Amil,2,2,2023,Lizard,-14.68644477,145.4398694,-14.68644477,145.4398694,colony GPS,10,4.7,NA,NA,Amil_26_Lizard
Amil_27_Lizard,ECT1,A. millepora,Amil,2,2,2023,Lizard,-14.68649405,145.4398926,-14.68649405,145.4398926,colony GPS,10,4.1,NA,NA,Amil_27_Lizard
Amil_28_Lizard,ECT1,A. millepora,Amil,2,2,2023,Lizard,-14.68649506,145.4399901,-14.68649506,145.4399901,colony GPS,10,4,NA,NA,Amil_28_Lizard
Amil_29_Lizard,ECT1,A. millepora,Amil,2,2,2023,Lizard,-14.68637805,145.4400657,-14.68637805,145.4400657,colony GPS,10,4,NA,NA,Amil_29_Lizard
Amil_3_Lizard,ECT1,A. millepora,Amil,2,2,2023,Lizard,-14.68677057,145.440043,-14.68677057,145.440043,colony GPS,10,4,NA,NA,Amil_3_Lizard
Amil_30_Lizard,ECT1,A. millepora,Amil,2,2,2023,Lizard,-14.68636019,145.4401212,-14.68636019,145.4401212,colony GPS,10,2.6,NA,NA,Amil_30_Lizard
Amil_31_Lizard,ECT1,A. millepora,Amil,2,2,2023,Lizard,-14.68630269,145.4402674,-14.68630269,145.4402674,colony GPS,10,2.5,NA,NA,Amil_31_Lizard
Amil_32_Lizard,ECT1,A. millepora,Amil,2,2,2023,Lizard,-14.68614788,145.4402947,-14.68614788,145.4402947,colony GPS,10,2.5,NA,NA,Amil_32_Lizard
Amil_33_Lizard,ECT1,A. millepora,Amil,2,2,2023,Lizard,-14.6861141,145.4402578,-14.6861141,145.4402578,colony GPS,10,3.2,NA,NA,Amil_33_Lizard
Amil_34_Lizard,ECT1,A. millepora,Amil,2,2,2023,Lizard,-14.68609256,145.4402252,-14.68609256,145.4402252,colony GPS,10,3.2,NA,NA,Amil_34_Lizard
Amil_35_Lizard,ECT1,A. millepora,Amil,2,2,2023,Lizard,-14.68612852,145.4401868,-14.68612852,145.4401868,colony GPS,10,3,NA,NA,Amil_35_Lizard
Amil_36_Lizard,ECT1,A. millepora,Amil,2,2,2023,Lizard,-14.68612575,145.4401631,-14.68612575,145.4401631,colony GPS,10,3.7,NA,NA,Amil_36_Lizard
Amil_37_Lizard,ECT1,A. millepora,Amil,2,2,2023,Lizard,-14.68610404,145.4400658,-14.68610404,145.4400658,colony GPS,10,3.8,NA,NA,Amil_37_Lizard
Amil_38_Lizard,ECT1,A. millepora,Amil,2,2,2023,Lizard,-14.6861136,145.4400219,-14.6861136,145.4400219,colony GPS,10,4.3,NA,NA,Amil_38_Lizard
Amil_39_Lizard,ECT1,A. millepora,Amil,2,2,2023,Lizard,-14.68609968,145.4399024,-14.68609968,145.4399024,colony GPS,10,4.3,NA,NA,Amil_39_Lizard
Amil_4_Lizard,ECT1,A. millepora,Amil,2,2,2023,Lizard,-14.6867937,145.4400139,-14.6867937,145.4400139,colony GPS,10,4.2,NA,NA,Amil_4_Lizard
Amil_40_Lizard,ECT1,A. millepora,Amil,2,2,2023,Lizard,-14.68611879,145.4397767,-14.68611879,145.4397767,colony GPS,10,4.7,NA,NA,Amil_40_Lizard
Amil_41_Lizard,ECT1,A. millepora,Amil,2,2,2023,Lizard,-14.68612282,145.4397471,-14.68612282,145.4397471,colony GPS,10,4.8,NA,NA,Amil_41_Lizard
Amil_42_Lizard,ECT1,A. millepora,Amil,2,2,2023,Lizard,-14.68612659,145.4397068,-14.68612659,145.4397068,colony GPS,10,4.7,NA,NA,Amil_42_Lizard
Amil_43_Lizard,ECT1,A. millepora,Amil,2,2,2023,Lizard,-14.68613866,145.4397081,-14.68613866,145.4397081,colony GPS,10,4.8,NA,NA,Amil_43_Lizard
Amil_44_Lizard,ECT1,A. millepora,Amil,2,2,2023,Lizard,-14.68616213,145.4396875,-14.68616213,145.4396875,colony GPS,10,4.2,NA,NA,Amil_44_Lizard
Amil_45_Lizard,ECT1,A. millepora,Amil,2,2,2023,Lizard,-14.68616305,145.4396236,-14.68616305,145.4396236,colony GPS,10,4.4,NA,NA,Amil_45_Lizard
Amil_46_Lizard,ECT1,A. millepora,Amil,2,2,2023,Lizard,-14.68612432,145.4396021,-14.68612432,145.4396021,colony GPS,10,4.7,NA,NA,Amil_46_Lizard
Amil_47_Lizard,ECT1,A. millepora,Amil,2,2,2023,Lizard,-14.68610706,145.4395919,-14.68610706,145.4395919,colony GPS,10,4.2,NA,NA,Amil_47_Lizard
Amil_48_Lizard,ECT1,A. millepora,Amil,2,2,2023,Lizard,-14.68603707,145.4396094,-14.68603707,145.4396094,colony GPS,10,4.7,NA,NA,Amil_48_Lizard
Amil_49_Lizard,ECT1,A. millepora,Amil,2,2,2023,Lizard,-14.68604369,145.439564,-14.68604369,145.439564,colony GPS,10,4.3,NA,NA,Amil_49_Lizard
Amil_5_Lizard,ECT1,A. millepora,Amil,2,2,2023,Lizard,-14.68678624,145.4399911,-14.68678624,145.4399911,colony GPS,10,4,NA,NA,Amil_5_Lizard
Amil_50_Lizard,ECT1,A. millepora,Amil,2,2,2023,Lizard,-14.68607982,145.4395386,-14.68607982,145.4395386,colony GPS,10,5.7,NA,NA,Amil_50_Lizard
Amil_6_Lizard,ECT1,A. millepora,Amil,2,2,2023,Lizard,-14.68676856,145.439954,-14.68676856,145.439954,colony GPS,10,4.3,NA,NA,Amil_6_Lizard
Amil_7_Lizard,ECT1,A. millepora,Amil,2,2,2023,Lizard,-14.68683343,145.4399383,-14.68683343,145.4399383,colony GPS,10,4.3,NA,NA,Amil_7_Lizard
Amil_8_Lizard,ECT1,A. millepora,Amil,2,2,2023,Lizard,-14.68680779,145.4399264,-14.68680779,145.4399264,colony GPS,10,4.1,NA,NA,Amil_8_Lizard
Amil_9_Lizard,ECT1,A. millepora,Amil,2,2,2023,Lizard,-14.68675733,145.4398078,-14.68675733,145.4398078,colony GPS,10,4.5,NA,NA,Amil_9_Lizard
Aken_1301,ECT1,A. kenti,Aken,2,2,2023,No_Name,-14.65112376,145.6382704,-14.65112376,145.6382704,colony GPS,10,3.7,1.4,NA,Aken_1301
Aken_1302,ECT1,A. kenti,Aken,2,2,2023,No_Name,-14.65115394,145.6383015,-14.65115394,145.6383015,colony GPS,10,3.4,1.1,NA,Aken_1302
Aken_1303,ECT1,A. kenti,Aken,2,2,2023,No_Name,-14.65113918,145.6383907,-14.65113918,145.6383907,colony GPS,10,4.1,1.8,NA,Aken_1303
Aken_1304,ECT1,A. kenti,Aken,2,2,2023,No_Name,-14.65115586,145.6383401,-14.65115586,145.6383401,colony GPS,10,3.4,1.1,NA,Aken_1304
Aken_1305,ECT1,A. kenti,Aken,2,2,2023,No_Name,-14.65103734,145.6384377,-14.65103734,145.6384377,colony GPS,10,3.9,1.6,NA,Aken_1305
Aken_1306,ECT1,A. kenti,Aken,2,2,2023,No_Name,-14.65104631,145.6384497,-14.65104631,145.6384497,colony GPS,10,3.2,0.9,NA,Aken_1306
Aken_1307,ECT1,A. kenti,Aken,2,2,2023,No_Name,-14.65100516,145.6384946,-14.65100516,145.6384946,colony GPS,10,3.7,1.4,NA,Aken_1307
Aken_1308,ECT1,A. kenti,Aken,2,2,2023,No_Name,-14.65095478,145.638527,-14.65095478,145.638527,colony GPS,10,3.9,1.6,NA,Aken_1308
Aken_1309,ECT1,A. kenti,Aken,2,2,2023,No_Name,-14.65094497,145.6385154,-14.65094497,145.6385154,colony GPS,10,5.7,3.4,NA,Aken_1309
Aken_1310,ECT1,A. kenti,Aken,2,2,2023,No_Name,-14.65090122,145.6385152,-14.65090122,145.6385152,colony GPS,10,4.6,2.3,NA,Aken_1310
Aken_1311,ECT1,A. kenti,Aken,2,2,2023,No_Name,-14.6508697,145.6385142,-14.6508697,145.6385142,colony GPS,10,2.6,0.3,NA,Aken_1311
Aken_1312,ECT1,A. kenti,Aken,2,2,2023,No_Name,-14.650834,145.6384836,-14.650834,145.6384836,colony GPS,10,3,0.7,NA,Aken_1312
Aken_1313,ECT1,A. kenti,Aken,2,2,2023,No_Name,-14.65081288,145.6384807,-14.65081288,145.6384807,colony GPS,10,3.2,0.9,NA,Aken_1313
Aken_1314,ECT1,A. kenti,Aken,2,2,2023,No_Name,-14.65075387,145.6383759,-14.65075387,145.6383759,colony GPS,10,3.1,0.8,NA,Aken_1314
Aken_1315,ECT1,A. kenti,Aken,2,2,2023,No_Name,-14.65082629,145.6382504,-14.65082629,145.6382504,colony GPS,10,2.2,-0.2,NA,Aken_1315
Aken_1326,ECT1,A. kenti,Aken,2,2,2023,No_Name,-14.6514442,145.6390163,-14.6514442,145.6390163,colony GPS,10,6.1,3.9,NA,Aken_1326
Aken_1327,ECT1,A. kenti,Aken,2,2,2023,No_Name,-14.65115561,145.6388503,-14.65115561,145.6388503,colony GPS,10,4.2,2,NA,Aken_1327
Aken_1328,ECT1,A. kenti,Aken,2,2,2023,No_Name,-14.65100474,145.6388443,-14.65100474,145.6388443,colony GPS,10,3.8,1.6,NA,Aken_1328
Aken_1329,ECT1,A. kenti,Aken,2,2,2023,No_Name,-14.65090784,145.6382346,-14.65090784,145.6382346,colony GPS,10,3.7,1.5,NA,Aken_1329
Aken_1330,ECT1,A. kenti,Aken,2,2,2023,No_Name,-14.65098739,145.6382776,-14.65098739,145.6382776,colony GPS,10,3.1,0.8,NA,Aken_1330
Aken_1331,ECT1,A. kenti,Aken,2,2,2023,No_Name,-14.65119098,145.6382735,-14.65119098,145.6382735,colony GPS,10,6.4,4,NA,Aken_1331
Aken_1332,ECT1,A. kenti,Aken,2,2,2023,No_Name,-14.6512173,145.6382539,-14.6512173,145.6382539,colony GPS,10,6,3.6,NA,Aken_1332
Aken_1333,ECT1,A. kenti,Aken,2,2,2023,No_Name,-14.65121202,145.6382453,-14.65121202,145.6382453,colony GPS,10,5.4,3,NA,Aken_1333
Aken_1334,ECT1,A. kenti,Aken,2,2,2023,No_Name,-14.65108939,145.6382543,-14.65108939,145.6382543,colony GPS,10,4.3,1.9,NA,Aken_1334
Aken_1335,ECT1,A. kenti,Aken,2,2,2023,No_Name,-14.65113013,145.638273,-14.65113013,145.638273,colony GPS,10,4.1,1.7,NA,Aken_1335
Aken_1336,ECT1,A. kenti,Aken,2,2,2023,No_Name,-14.65099879,145.6382994,-14.65099879,145.6382994,colony GPS,10,3.5,1.1,NA,Aken_1336
Aken_1337,ECT1,A. kenti,Aken,2,2,2023,No_Name,-14.6509516,145.6382628,-14.6509516,145.6382628,colony GPS,10,3.2,0.9,NA,Aken_1337
Aken_1338,ECT1,A. kenti,Aken,2,2,2023,No_Name,-14.65078865,145.6382049,-14.65078865,145.6382049,colony GPS,10,7.5,5.2,NA,Aken_1338
Aken_1339,ECT1,A. kenti,Aken,2,2,2023,No_Name,-14.65082251,145.6382101,-14.65082251,145.6382101,colony GPS,10,8,5.7,NA,Aken_1339
Aken_1340,ECT1,A. kenti,Aken,2,2,2023,No_Name,-14.65085395,145.6381966,-14.65085395,145.6381966,colony GPS,10,7.2,4.9,NA,Aken_1340
Aken_1341,ECT1,A. kenti,Aken,2,2,2023,No_Name,-14.6506506,145.6387634,-14.6506506,145.6387634,colony GPS,10,5.4,3.1,NA,Aken_1341
Aken_1342,ECT1,A. kenti,Aken,2,2,2023,No_Name,-14.65061121,145.638905,-14.65061121,145.638905,colony GPS,10,4,1.8,NA,Aken_1342
Aken_1343,ECT1,A. kenti,Aken,2,2,2023,No_Name,-14.650992,145.6387967,-14.650992,145.6387967,colony GPS,10,4.1,1.9,NA,Aken_1343
Aken_1344,ECT1,A. kenti,Aken,2,2,2023,No_Name,-14.65096802,145.6387847,-14.65096802,145.6387847,colony GPS,10,4.5,2.3,NA,Aken_1344
Aken_1345,ECT1,A. kenti,Aken,2,2,2023,No_Name,-14.65088605,145.6387328,-14.65088605,145.6387328,colony GPS,10,4.3,2.1,NA,Aken_1345
Aken_1346,ECT1,A. kenti,Aken,2,2,2023,No_Name,-14.65046075,145.6391821,-14.65046075,145.6391821,colony GPS,10,2.6,0.9,NA,Aken_1346
Aken_1347,ECT1,A. kenti,Aken,2,2,2023,No_Name,-14.65059369,145.6394033,-14.65059369,145.6394033,colony GPS,10,2.1,0.4,NA,Aken_1347
Aken_1348,ECT1,A. kenti,Aken,2,2,2023,No_Name,-14.65062336,145.6394039,-14.65062336,145.6394039,colony GPS,10,2.7,1.1,NA,Aken_1348
Aken_1349,ECT1,A. kenti,Aken,2,2,2023,No_Name,-14.6507314,145.6394299,-14.6507314,145.6394299,colony GPS,10,4.3,2.7,NA,Aken_1349
Aken_1350,ECT1,A. kenti,Aken,2,2,2023,No_Name,-14.65078144,145.6393708,-14.65078144,145.6393708,colony GPS,10,3.7,2.1,NA,Aken_1350
Aken_1351,ECT1,A. kenti,Aken,2,2,2023,No_Name,-14.65085286,145.6393053,-14.65085286,145.6393053,colony GPS,10,3.1,1.5,NA,Aken_1351
Aken_1352,ECT1,A. kenti,Aken,2,2,2023,No_Name,-14.65092528,145.6392295,-14.65092528,145.6392295,colony GPS,10,3.6,2,NA,Aken_1352
Aken_1353,ECT1,A. kenti,Aken,2,2,2023,No_Name,-14.65125712,145.6393726,-14.65125712,145.6393726,colony GPS,10,3.3,1.8,NA,Aken_1353
Aken_1354,ECT1,A. kenti,Aken,2,2,2023,No_Name,-14.65145401,145.6393321,-14.65145401,145.6393321,colony GPS,10,3.1,1.6,NA,Aken_1354
Aken_1355,ECT1,A. kenti,Aken,2,2,2023,No_Name,-14.65159189,145.6392939,-14.65159189,145.6392939,colony GPS,10,3.4,1.9,NA,Aken_1355
Aken_1356,ECT1,A. kenti,Aken,2,2,2023,No_Name,-14.65159868,145.6392488,-14.65159868,145.6392488,colony GPS,10,2.9,1.4,NA,Aken_1356
Aken_1357,ECT1,A. kenti,Aken,2,2,2023,No_Name,-14.65157907,145.6392121,-14.65157907,145.6392121,colony GPS,10,2.5,1,NA,Aken_1357
Aken_1358,ECT1,A. kenti,Aken,2,2,2023,No_Name,-14.65152978,145.6392287,-14.65152978,145.6392287,colony GPS,10,2.9,1.4,NA,Aken_1358
Aken_1359,ECT1,A. kenti,Aken,2,2,2023,No_Name,-14.65150497,145.6392085,-14.65150497,145.6392085,colony GPS,10,3,1.6,NA,Aken_1359
Aken_1360,ECT1,A. kenti,Aken,2,2,2023,No_Name,-14.65150153,145.6390363,-14.65150153,145.6390363,colony GPS,10,5.5,4.1,NA,Aken_1360
Ahya_1_Lizard,ECT1,A. hyacinthus,Ahya,4,2,2023,Lizard,-14.645871,145.4554776,-14.645871,145.4554776,colony GPS,10,2.1,0.9,NA,Ahya_1_Lizard
Ahya_10_Lizard,ECT1,A. hyacinthus,Ahya,4,2,2023,Lizard,-14.645963,145.4552607,-14.645963,145.4552607,colony GPS,10,1.4,0.2,NA,Ahya_10_Lizard
Ahya_11_Lizard,ECT1,A. hyacinthus,Ahya,4,2,2023,Lizard,-14.645967,145.4552521,-14.645967,145.4552521,colony GPS,10,1.4,0.2,NA,Ahya_11_Lizard
Ahya_12_Lizard,ECT1,A. hyacinthus,Ahya,4,2,2023,Lizard,-14.645962,145.4552355,-14.645962,145.4552355,colony GPS,10,1.4,0.2,NA,Ahya_12_Lizard
Ahya_13_Lizard,ECT1,A. hyacinthus,Ahya,4,2,2023,Lizard,-14.646008,145.4552482,-14.646008,145.4552482,colony GPS,10,1.3,0.2,NA,Ahya_13_Lizard
Ahya_14_Lizard,ECT1,A. hyacinthus,Ahya,4,2,2023,Lizard,-14.646013,145.4552558,-14.646013,145.4552558,colony GPS,10,1.4,0.3,NA,Ahya_14_Lizard
Ahya_15_Lizard,ECT1,A. hyacinthus,Ahya,4,2,2023,Lizard,-14.646049,145.4552729,-14.646049,145.4552729,colony GPS,10,1.3,0.2,NA,Ahya_15_Lizard
Ahya_16_Lizard,ECT1,A. hyacinthus,Ahya,4,2,2023,Lizard,-14.646053,145.4552995,-14.646053,145.4552995,colony GPS,10,1.1,0,NA,Ahya_16_Lizard
Ahya_17_Lizard,ECT1,A. hyacinthus,Ahya,4,2,2023,Lizard,-14.646011,145.455313,-14.646011,145.455313,colony GPS,10,2.7,1.6,NA,Ahya_17_Lizard
Ahya_18_Lizard,ECT1,A. hyacinthus,Ahya,4,2,2023,Lizard,-14.645972,145.4553634,-14.645972,145.4553634,colony GPS,10,2.5,1.4,NA,Ahya_18_Lizard
Ahya_19_Lizard,ECT1,A. hyacinthus,Ahya,4,2,2023,Lizard,-14.646082,145.4554162,-14.646082,145.4554162,colony GPS,10,1.5,0.4,NA,Ahya_19_Lizard
Ahya_2_Lizard,ECT1,A. hyacinthus,Ahya,4,2,2023,Lizard,-14.645823,145.4553902,-14.645823,145.4553902,colony GPS,10,2.6,1.4,NA,Ahya_2_Lizard
Ahya_20_Lizard,ECT1,A. hyacinthus,Ahya,4,2,2023,Lizard,-14.646078,145.4555599,-14.646078,145.4555599,colony GPS,10,1.6,0.5,NA,Ahya_20_Lizard
Ahya_21_Lizard,ECT1,A. hyacinthus,Ahya,4,2,2023,Lizard,-14.646108,145.4557541,-14.646108,145.4557541,colony GPS,10,2.3,1.2,NA,Ahya_21_Lizard
Ahya_22_Lizard,ECT1,A. hyacinthus,Ahya,4,2,2023,Lizard,-14.646155,145.4557764,-14.646155,145.4557764,colony GPS,10,1.6,0.5,NA,Ahya_22_Lizard
Ahya_23_Lizard,ECT1,A. hyacinthus,Ahya,4,2,2023,Lizard,-14.646142,145.4557654,-14.646142,145.4557654,colony GPS,10,1.3,0.2,NA,Ahya_23_Lizard
Ahya_24_Lizard,ECT1,A. hyacinthus,Ahya,4,2,2023,Lizard,-14.646266,145.4557567,-14.646266,145.4557567,colony GPS,10,1.3,0.2,NA,Ahya_24_Lizard
Ahya_25_Lizard,ECT1,A. hyacinthus,Ahya,4,2,2023,Lizard,-14.64626,145.4557956,-14.64626,145.4557956,colony GPS,10,1.6,0.5,NA,Ahya_25_Lizard
Ahya_26_Lizard,ECT1,A. hyacinthus,Ahya,4,2,2023,Lizard,-14.646247,145.4558274,-14.646247,145.4558274,colony GPS,10,1.8,0.7,NA,Ahya_26_Lizard
Ahya_27_Lizard,ECT1,A. hyacinthus,Ahya,4,2,2023,Lizard,-14.646253,145.455841,-14.646253,145.455841,colony GPS,10,1.4,0.3,NA,Ahya_27_Lizard
Ahya_28_Lizard,ECT1,A. hyacinthus,Ahya,4,2,2023,Lizard,-14.646201,145.4559376,-14.646201,145.4559376,colony GPS,10,2,0.9,NA,Ahya_28_Lizard
Ahya_29_Lizard,ECT1,A. hyacinthus,Ahya,4,2,2023,Lizard,-14.6462,145.4560365,-14.6462,145.4560365,colony GPS,10,1.5,0.4,NA,Ahya_29_Lizard
Ahya_3_Lizard,ECT1,A. hyacinthus,Ahya,4,2,2023,Lizard,-14.645833,145.4553826,-14.645833,145.4553826,colony GPS,10,2.6,1.4,NA,Ahya_3_Lizard
Ahya_30_Lizard,ECT1,A. hyacinthus,Ahya,4,2,2023,Lizard,-14.646221,145.4561094,-14.646221,145.4561094,colony GPS,10,2,0.9,NA,Ahya_30_Lizard
Ahya_31_Lizard,ECT1,A. hyacinthus,Ahya,4,2,2023,Lizard,-14.646236,145.4561233,-14.646236,145.4561233,colony GPS,10,2.3,1.2,NA,Ahya_31_Lizard
Ahya_32_Lizard,ECT1,A. hyacinthus,Ahya,4,2,2023,Lizard,-14.646271,145.4561404,-14.646271,145.4561404,colony GPS,10,2,0.9,NA,Ahya_32_Lizard
Ahya_33_Lizard,ECT1,A. hyacinthus,Ahya,4,2,2023,Lizard,-14.64628,145.4561336,-14.64628,145.4561336,colony GPS,10,1.7,0.6,NA,Ahya_33_Lizard
Ahya_34_Lizard,ECT1,A. hyacinthus,Ahya,4,2,2023,Lizard,-14.64635,145.4561482,-14.64635,145.4561482,colony GPS,10,1.4,0.3,NA,Ahya_34_Lizard
Ahya_35_Lizard,ECT1,A. hyacinthus,Ahya,4,2,2023,Lizard,-14.646398,145.4561488,-14.646398,145.4561488,colony GPS,10,1.5,0.4,NA,Ahya_35_Lizard
Ahya_36_Lizard,ECT1,A. hyacinthus,Ahya,4,2,2023,Lizard,-14.646417,145.4561563,-14.646417,145.4561563,colony GPS,10,1.4,0.3,NA,Ahya_36_Lizard
Ahya_37_Lizard,ECT1,A. hyacinthus,Ahya,4,2,2023,Lizard,-14.64645,145.4563461,-14.64645,145.4563461,colony GPS,10,2,0.9,NA,Ahya_37_Lizard
Ahya_38_Lizard,ECT1,A. hyacinthus,Ahya,4,2,2023,Lizard,-14.646571,145.4565145,-14.646571,145.4565145,colony GPS,10,1.8,0.7,NA,Ahya_38_Lizard
Ahya_39_Lizard,ECT1,A. hyacinthus,Ahya,4,2,2023,Lizard,-14.646659,145.4565708,-14.646659,145.4565708,colony GPS,10,1.4,0.3,NA,Ahya_39_Lizard
Ahya_4_Lizard,ECT1,A. hyacinthus,Ahya,4,2,2023,Lizard,-14.645856,145.4553477,-14.645856,145.4553477,colony GPS,10,1.6,0.4,NA,Ahya_4_Lizard
Ahya_40_Lizard,ECT1,A. hyacinthus,Ahya,4,2,2023,Lizard,-14.646695,145.4566113,-14.646695,145.4566113,colony GPS,10,2.3,1.2,NA,Ahya_40_Lizard
Ahya_41_Lizard,ECT1,A. hyacinthus,Ahya,4,2,2023,Lizard,-14.646708,145.4566281,-14.646708,145.4566281,colony GPS,10,1.7,0.6,NA,Ahya_41_Lizard
Ahya_42_Lizard,ECT1,A. hyacinthus,Ahya,4,2,2023,Lizard,-14.646725,145.4566304,-14.646725,145.4566304,colony GPS,10,1.4,0.3,NA,Ahya_42_Lizard
Ahya_43_Lizard,ECT1,A. hyacinthus,Ahya,4,2,2023,Lizard,-14.646745,145.45665,-14.646745,145.45665,colony GPS,10,1.6,0.5,NA,Ahya_43_Lizard
Ahya_44_Lizard,ECT1,A. hyacinthus,Ahya,4,2,2023,Lizard,-14.646764,145.4566618,-14.646764,145.4566618,colony GPS,10,2.1,1,NA,Ahya_44_Lizard
Ahya_45_Lizard,ECT1,A. hyacinthus,Ahya,4,2,2023,Lizard,-14.64682,145.4567101,-14.64682,145.4567101,colony GPS,10,2,0.9,NA,Ahya_45_Lizard
Ahya_46_Lizard,ECT1,A. hyacinthus,Ahya,4,2,2023,Lizard,-14.64684,145.4567451,-14.64684,145.4567451,colony GPS,10,1.7,0.6,NA,Ahya_46_Lizard
Ahya_47_Lizard,ECT1,A. hyacinthus,Ahya,4,2,2023,Lizard,-14.646846,145.4567322,-14.646846,145.4567322,colony GPS,10,1.8,0.7,NA,Ahya_47_Lizard
Ahya_48_Lizard,ECT1,A. hyacinthus,Ahya,4,2,2023,Lizard,-14.64685,145.4567686,-14.64685,145.4567686,colony GPS,10,1.5,0.4,NA,Ahya_48_Lizard
Ahya_49_Lizard,ECT1,A. hyacinthus,Ahya,4,2,2023,Lizard,-14.646885,145.4569187,-14.646885,145.4569187,colony GPS,10,1.6,0.5,NA,Ahya_49_Lizard
Ahya_5_Lizard,ECT1,A. hyacinthus,Ahya,4,2,2023,Lizard,-14.645862,145.4553297,-14.645862,145.4553297,colony GPS,10,1.4,0.2,NA,Ahya_5_Lizard
Ahya_50_Lizard,ECT1,A. hyacinthus,Ahya,4,2,2023,Lizard,-14.646884,145.4569779,-14.646884,145.4569779,colony GPS,10,2.1,1,NA,Ahya_50_Lizard
Ahya_6_Lizard,ECT1,A. hyacinthus,Ahya,4,2,2023,Lizard,-14.645871,145.4553236,-14.645871,145.4553236,colony GPS,10,1.4,0.2,NA,Ahya_6_Lizard
Ahya_7_Lizard,ECT1,A. hyacinthus,Ahya,4,2,2023,Lizard,-14.645936,145.4553294,-14.645936,145.4553294,colony GPS,10,1.4,0.2,NA,Ahya_7_Lizard
Ahya_8_Lizard,ECT1,A. hyacinthus,Ahya,4,2,2023,Lizard,-14.645946,145.4553441,-14.645946,145.4553441,colony GPS,10,1.9,0.7,NA,Ahya_8_Lizard
Ahya_9_Lizard,ECT1,A. hyacinthus,Ahya,4,2,2023,Lizard,-14.645971,145.4553193,-14.645971,145.4553193,colony GPS,10,1.6,0.4,NA,Ahya_9_Lizard
Aken_1_Lizard,ECT1,A. kenti,Aken,4,2,2023,Lizard,-14.64589748,145.4554444,-14.64589748,145.4554444,colony GPS,10,4,2.8,NA,Aken_1_Lizard
Aken_10_Lizard,ECT1,A. kenti,Aken,4,2,2023,Lizard,-14.64601289,145.4552799,-14.64601289,145.4552799,colony GPS,10,2.6,1.4,NA,Aken_10_Lizard
Aken_11_Lizard,ECT1,A. kenti,Aken,4,2,2023,Lizard,-14.64603033,145.4552543,-14.64603033,145.4552543,colony GPS,10,3.1,1.9,NA,Aken_11_Lizard
Aken_12_Lizard,ECT1,A. kenti,Aken,4,2,2023,Lizard,-14.6460403,145.4552995,-14.6460403,145.4552995,colony GPS,10,2.1,0.9,NA,Aken_12_Lizard
Aken_13_Lizard,ECT1,A. kenti,Aken,4,2,2023,Lizard,-14.64610551,145.4554186,-14.64610551,145.4554186,colony GPS,10,2.1,0.9,NA,Aken_13_Lizard
Aken_1316,ECT1,A. kenti,Aken,4,2,2023,North_Direction,-14.74254367,145.5125447,-14.74254367,145.5125447,colony GPS,10,2.5,0,NA,Aken_1316
Aken_1317,ECT1,A. kenti,Aken,4,2,2023,North_Direction,-14.74256999,145.5125269,-14.74256999,145.5125269,colony GPS,10,3.3,0.8,NA,Aken_1317
Aken_1318,ECT1,A. kenti,Aken,4,2,2023,North_Direction,-14.74257569,145.5124069,-14.74257569,145.5124069,colony GPS,10,4.6,2.1,NA,Aken_1318
Aken_1319,ECT1,A. kenti,Aken,4,2,2023,North_Direction,-14.74256529,145.5123842,-14.74256529,145.5123842,colony GPS,10,3,0.5,NA,Aken_1319
Aken_1320,ECT1,A. kenti,Aken,4,2,2023,North_Direction,-14.74234636,145.5123385,-14.74234636,145.5123385,colony GPS,10,2.9,0.4,NA,Aken_1320
Aken_1321,ECT1,A. kenti,Aken,4,2,2023,North_Direction,-14.74235952,145.5123116,-14.74235952,145.5123116,colony GPS,10,3.6,1.1,NA,Aken_1321
Aken_1322,ECT1,A. kenti,Aken,4,2,2023,North_Direction,-14.7423617,145.5121557,-14.7423617,145.5121557,colony GPS,10,2.5,0,NA,Aken_1322
Aken_1323,ECT1,A. kenti,Aken,4,2,2023,North_Direction,-14.74237762,145.5120874,-14.74237762,145.5120874,colony GPS,10,2.4,-0.1,NA,Aken_1323
Aken_1324,ECT1,A. kenti,Aken,4,2,2023,North_Direction,-14.74237788,145.5120587,-14.74237788,145.5120587,colony GPS,10,2.4,-0.1,NA,Aken_1324
Aken_1325,ECT1,A. kenti,Aken,4,2,2023,North_Direction,-14.74238081,145.5120582,-14.74238081,145.5120582,colony GPS,10,2.7,0.2,NA,Aken_1325
Aken_1361,ECT1,A. kenti,Aken,4,2,2023,North_Direction,-14.74330408,145.513266,-14.74330408,145.513266,colony GPS,10,3.5,0.9,NA,Aken_1361
Aken_1362,ECT1,A. kenti,Aken,4,2,2023,North_Direction,-14.74333819,145.513238,-14.74333819,145.513238,colony GPS,10,2.8,0.2,NA,Aken_1362
Aken_1363,ECT1,A. kenti,Aken,4,2,2023,North_Direction,-14.74336275,145.5132172,-14.74336275,145.5132172,colony GPS,10,2.8,0.2,NA,Aken_1363
Aken_1364,ECT1,A. kenti,Aken,4,2,2023,North_Direction,-14.74328295,145.513156,-14.74328295,145.513156,colony GPS,10,3.1,0.5,NA,Aken_1364
Aken_1365,ECT1,A. kenti,Aken,4,2,2023,North_Direction,-14.74326409,145.5131544,-14.74326409,145.5131544,colony GPS,10,2.9,0.3,NA,Aken_1365
Aken_1366,ECT1,A. kenti,Aken,4,2,2023,North_Direction,-14.74321531,145.5131658,-14.74321531,145.5131658,colony GPS,10,3,0.4,NA,Aken_1366
Aken_1367,ECT1,A. kenti,Aken,4,2,2023,North_Direction,-14.74312462,145.5131528,-14.74312462,145.5131528,colony GPS,10,2.9,0.3,NA,Aken_1367
Aken_1368,ECT1,A. kenti,Aken,4,2,2023,North_Direction,-14.74303979,145.5130851,-14.74303979,145.5130851,colony GPS,10,3.9,1.3,NA,Aken_1368
Aken_14_Lizard,ECT1,A. kenti,Aken,4,2,2023,Lizard,-14.64611591,145.4554295,-14.64611591,145.4554295,colony GPS,10,3.3,2.1,NA,Aken_14_Lizard
Aken_1406,ECT1,A. kenti,Aken,4,2,2023,North_Direction,-14.74219649,145.5119117,-14.74219649,145.5119117,colony GPS,10,2.4,-0.1,NA,Aken_1406
Aken_1407,ECT1,A. kenti,Aken,4,2,2023,North_Direction,-14.74212214,145.5117554,-14.74212214,145.5117554,colony GPS,10,2.4,0,NA,Aken_1407
Aken_1408,ECT1,A. kenti,Aken,4,2,2023,North_Direction,-14.74213111,145.5116542,-14.74213111,145.5116542,colony GPS,10,4,1.6,NA,Aken_1408
Aken_1409,ECT1,A. kenti,Aken,4,2,2023,North_Direction,-14.74213899,145.511375,-14.74213899,145.511375,colony GPS,10,3.4,1,NA,Aken_1409
Aken_1410,ECT1,A. kenti,Aken,4,2,2023,North_Direction,-14.74219574,145.5113795,-14.74219574,145.5113795,colony GPS,10,3.2,0.8,NA,Aken_1410
Aken_1414,ECT1,A. kenti,Aken,4,2,2023,North_Direction,-14.74314658,145.5130356,-14.74314658,145.5130356,colony GPS,10,3.3,0.7,NA,Aken_1414
Aken_1415,ECT1,A. kenti,Aken,4,2,2023,North_Direction,-14.74310031,145.5130513,-14.74310031,145.5130513,colony GPS,10,2.5,-0.1,NA,Aken_1415
Aken_1416,ECT1,A. kenti,Aken,4,2,2023,North_Direction,-14.74308455,145.5130413,-14.74308455,145.5130413,colony GPS,10,3.1,0.5,NA,Aken_1416
Aken_1417,ECT1,A. kenti,Aken,4,2,2023,North_Direction,-14.74304013,145.5129828,-14.74304013,145.5129828,colony GPS,10,3,0.4,NA,Aken_1417
Aken_1418,ECT1,A. kenti,Aken,4,2,2023,North_Direction,-14.74294684,145.5129575,-14.74294684,145.5129575,colony GPS,10,2.6,0,NA,Aken_1418
Aken_1419,ECT1,A. kenti,Aken,4,2,2023,North_Direction,-14.74296184,145.5129314,-14.74296184,145.5129314,colony GPS,10,3.9,1.3,NA,Aken_1419
Aken_1420,ECT1,A. kenti,Aken,4,2,2023,North_Direction,-14.74301917,145.5128808,-14.74301917,145.5128808,colony GPS,10,2.6,0,NA,Aken_1420
Aken_1421,ECT1,A. kenti,Aken,4,2,2023,North_Direction,-14.74304968,145.5128437,-14.74304968,145.5128437,colony GPS,10,2.1,-0.5,NA,Aken_1421
Aken_1422,ECT1,A. kenti,Aken,4,2,2023,North_Direction,-14.74303837,145.512756,-14.74303837,145.512756,colony GPS,10,2.1,-0.5,NA,Aken_1422
Aken_1423,ECT1,A. kenti,Aken,4,2,2023,North_Direction,-14.74292655,145.5127266,-14.74292655,145.5127266,colony GPS,10,2,-0.6,NA,Aken_1423
Aken_1424,ECT1,A. kenti,Aken,4,2,2023,North_Direction,-14.7428709,145.5127718,-14.7428709,145.5127718,colony GPS,10,2.4,-0.2,NA,Aken_1424
Aken_1425,ECT1,A. kenti,Aken,4,2,2023,North_Direction,-14.7428341,145.5127479,-14.7428341,145.5127479,colony GPS,10,3,0.4,NA,Aken_1425
Aken_1426,ECT1,A. kenti,Aken,4,2,2023,North_Direction,-14.74269488,145.5127157,-14.74269488,145.5127157,colony GPS,10,2.9,0.4,NA,Aken_1426
Aken_1427,ECT1,A. kenti,Aken,4,2,2023,North_Direction,-14.74257745,145.5126694,-14.74257745,145.5126694,colony GPS,10,2.9,0.4,NA,Aken_1427
Aken_1428,ECT1,A. kenti,Aken,4,2,2023,North_Direction,-14.74255716,145.5126707,-14.74255716,145.5126707,colony GPS,10,2.9,0.4,NA,Aken_1428
Aken_1429,ECT1,A. kenti,Aken,4,2,2023,North_Direction,-14.74257477,145.5126469,-14.74257477,145.5126469,colony GPS,10,2.9,0.4,NA,Aken_1429
Aken_1430,ECT1,A. kenti,Aken,4,2,2023,North_Direction,-14.74257695,145.5125664,-14.74257695,145.5125664,colony GPS,10,1.5,-1,NA,Aken_1430
Aken_1431,ECT1,A. kenti,Aken,4,2,2023,North_Direction,-14.74247804,145.5125633,-14.74247804,145.5125633,colony GPS,10,3.1,0.6,NA,Aken_1431
Aken_1432,ECT1,A. kenti,Aken,4,2,2023,North_Direction,-14.74239355,145.5123996,-14.74239355,145.5123996,colony GPS,10,4.7,2.2,NA,Aken_1432
Aken_1433,ECT1,A. kenti,Aken,4,2,2023,North_Direction,-14.74238726,145.5122819,-14.74238726,145.5122819,colony GPS,10,2.4,-0.1,NA,Aken_1433
Aken_1434,ECT1,A. kenti,Aken,4,2,2023,North_Direction,-14.74238777,145.5122341,-14.74238777,145.5122341,colony GPS,10,4,1.5,NA,Aken_1434
Aken_1435,ECT1,A. kenti,Aken,4,2,2023,North_Direction,-14.74236229,145.5122106,-14.74236229,145.5122106,colony GPS,10,4,1.5,NA,Aken_1435
Aken_1436,ECT1,A. kenti,Aken,4,2,2023,North_Direction,-14.74241233,145.5121828,-14.74241233,145.5121828,colony GPS,10,2.5,0,NA,Aken_1436
Aken_1437,ECT1,A. kenti,Aken,4,2,2023,North_Direction,-14.74246077,145.5121414,-14.74246077,145.5121414,colony GPS,10,2.1,-0.4,NA,Aken_1437
Aken_1438,ECT1,A. kenti,Aken,4,2,2023,North_Direction,-14.74248357,145.5121037,-14.74248357,145.5121037,colony GPS,10,2.8,0.3,NA,Aken_1438
Aken_1439,ECT1,A. kenti,Aken,4,2,2023,North_Direction,-14.74254769,145.5122226,-14.74254769,145.5122226,colony GPS,10,2.9,0.4,NA,Aken_1439
Aken_1440,ECT1,A. kenti,Aken,4,2,2023,North_Direction,-14.74249765,145.512233,-14.74249765,145.512233,colony GPS,10,2.3,-0.2,NA,Aken_1440
Aken_1441,ECT1,A. kenti,Aken,4,2,2023,North_Direction,-14.74253135,145.5121976,-14.74253135,145.5121976,colony GPS,10,1.8,-0.6,NA,Aken_1441
Aken_1442,ECT1,A. kenti,Aken,4,2,2023,North_Direction,-14.74254736,145.5122922,-14.74254736,145.5122922,colony GPS,10,1.8,-0.6,NA,Aken_1442
Aken_1443,ECT1,A. kenti,Aken,4,2,2023,North_Direction,-14.74255339,145.5123261,-14.74255339,145.5123261,colony GPS,10,2.7,0.3,NA,Aken_1443
Aken_1444,ECT1,A. kenti,Aken,4,2,2023,North_Direction,-14.74295162,145.5129827,-14.74295162,145.5129827,colony GPS,10,4,1.4,NA,Aken_1444
Aken_1445,ECT1,A. kenti,Aken,4,2,2023,North_Direction,-14.74296947,145.5128701,-14.74296947,145.5128701,colony GPS,10,4.1,1.5,NA,Aken_1445
Aken_1446,ECT1,A. kenti,Aken,4,2,2023,North_Direction,-14.74299805,145.5127886,-14.74299805,145.5127886,colony GPS,10,3.7,1.1,NA,Aken_1446
Aken_1447,ECT1,A. kenti,Aken,4,2,2023,North_Direction,-14.74293871,145.5127523,-14.74293871,145.5127523,colony GPS,10,4.3,1.7,NA,Aken_1447
Aken_1448,ECT1,A. kenti,Aken,4,2,2023,North_Direction,-14.74289504,145.5127778,-14.74289504,145.5127778,colony GPS,10,4.4,1.8,NA,Aken_1448
Aken_1449,ECT1,A. kenti,Aken,4,2,2023,North_Direction,-14.74258843,145.5127075,-14.74258843,145.5127075,colony GPS,10,5.1,2.6,NA,Aken_1449
Aken_1450,ECT1,A. kenti,Aken,4,2,2023,North_Direction,-14.74252699,145.5126851,-14.74252699,145.5126851,colony GPS,10,3,0.5,NA,Aken_1450
Aken_15_Lizard,ECT1,A. kenti,Aken,4,2,2023,Lizard,-14.64608615,145.4554204,-14.64608615,145.4554204,colony GPS,10,2.6,1.4,NA,Aken_15_Lizard
Aken_16_Lizard,ECT1,A. kenti,Aken,4,2,2023,Lizard,-14.64609529,145.455511,-14.64609529,145.455511,colony GPS,10,2.5,1.4,NA,Aken_16_Lizard
Aken_17_Lizard,ECT1,A. kenti,Aken,4,2,2023,Lizard,-14.64607961,145.4556014,-14.64607961,145.4556014,colony GPS,10,1.8,0.7,NA,Aken_17_Lizard
Aken_18_Lizard,ECT1,A. kenti,Aken,4,2,2023,Lizard,-14.64601776,145.4557459,-14.64601776,145.4557459,colony GPS,10,3.6,2.5,NA,Aken_18_Lizard
Aken_19_Lizard,ECT1,A. kenti,Aken,4,2,2023,Lizard,-14.64599378,145.4557475,-14.64599378,145.4557475,colony GPS,10,5.2,4.1,NA,Aken_19_Lizard
Aken_2_Lizard,ECT1,A. kenti,Aken,4,2,2023,Lizard,-14.6459041,145.4554002,-14.6459041,145.4554002,colony GPS,10,3.9,2.7,NA,Aken_2_Lizard
Aken_20_Lizard,ECT1,A. kenti,Aken,4,2,2023,Lizard,-14.64596872,145.4556998,-14.64596872,145.4556998,colony GPS,10,3.3,2.2,NA,Aken_20_Lizard
Aken_21_Lizard,ECT1,A. kenti,Aken,4,2,2023,Lizard,-14.64594358,145.4557404,-14.64594358,145.4557404,colony GPS,10,4,2.9,NA,Aken_21_Lizard
Aken_22_Lizard,ECT1,A. kenti,Aken,4,2,2023,Lizard,-14.64609822,145.4557762,-14.64609822,145.4557762,colony GPS,10,3.3,2.2,NA,Aken_22_Lizard
Aken_23_Lizard,ECT1,A. kenti,Aken,4,2,2023,Lizard,NA,NA,NA,NA,colony GPS,10,2.8,1.7,NA,Aken_23_Lizard
Aken_24_Lizard,ECT1,A. kenti,Aken,4,2,2023,Lizard,-14.64612119,145.4558245,-14.64612119,145.4558245,colony GPS,10,3.3,2.2,NA,Aken_24_Lizard
Aken_25_Lizard,ECT1,A. kenti,Aken,4,2,2023,Lizard,-14.64617416,145.4560295,-14.64617416,145.4560295,colony GPS,10,4,2.9,NA,Aken_25_Lizard
Aken_26_Lizard,ECT1,A. kenti,Aken,4,2,2023,Lizard,-14.64618992,145.456054,-14.64618992,145.456054,colony GPS,10,3.6,2.5,NA,Aken_26_Lizard
Aken_27_Lizard,ECT1,A. kenti,Aken,4,2,2023,Lizard,-14.64627123,145.4561543,-14.64627123,145.4561543,colony GPS,10,3.3,2.2,NA,Aken_27_Lizard
Aken_28_Lizard,ECT1,A. kenti,Aken,4,2,2023,Lizard,-14.64627282,145.4561539,-14.64627282,145.4561539,colony GPS,10,2.5,1.4,NA,Aken_28_Lizard
Aken_29_Lizard,ECT1,A. kenti,Aken,4,2,2023,Lizard,-14.64630408,145.4561582,-14.64630408,145.4561582,colony GPS,10,2.6,1.5,NA,Aken_29_Lizard
Aken_3_Lizard,ECT1,A. kenti,Aken,4,2,2023,Lizard,-14.64587987,145.455419,-14.64587987,145.455419,colony GPS,10,3.6,2.4,NA,Aken_3_Lizard
Aken_30_Lizard,ECT1,A. kenti,Aken,4,2,2023,Lizard,-14.6463216,145.456169,-14.6463216,145.456169,colony GPS,10,4,2.9,NA,Aken_30_Lizard
Aken_31_Lizard,ECT1,A. kenti,Aken,4,2,2023,Lizard,-14.64642579,145.4563592,-14.64642579,145.4563592,colony GPS,10,3.3,2.2,NA,Aken_31_Lizard
Aken_32_Lizard,ECT1,A. kenti,Aken,4,2,2023,Lizard,-14.64645286,145.4563919,-14.64645286,145.4563919,colony GPS,10,NA,NA,NA,Aken_32_Lizard
Aken_33_Lizard,ECT1,A. kenti,Aken,4,2,2023,Lizard,-14.64649972,145.4564207,-14.64649972,145.4564207,colony GPS,10,NA,NA,NA,Aken_33_Lizard
Aken_34_Lizard,ECT1,A. kenti,Aken,4,2,2023,Lizard,-14.6465433,145.4565141,-14.6465433,145.4565141,colony GPS,10,3.6,2.5,NA,Aken_34_Lizard
Aken_35_Lizard,ECT1,A. kenti,Aken,4,2,2023,Lizard,-14.64668714,145.4566301,-14.64668714,145.4566301,colony GPS,10,3.1,2,NA,Aken_35_Lizard
Aken_36_Lizard,ECT1,A. kenti,Aken,4,2,2023,Lizard,-14.64674681,145.4566722,-14.64674681,145.4566722,colony GPS,10,3.5,2.4,NA,Aken_36_Lizard
Aken_37_Lizard,ECT1,A. kenti,Aken,4,2,2023,Lizard,-14.64679769,145.4567075,-14.64679769,145.4567075,colony GPS,10,2.7,1.6,NA,Aken_37_Lizard
Aken_38_Lizard,ECT1,A. kenti,Aken,4,2,2023,Lizard,-14.64689819,145.4570159,-14.64689819,145.4570159,colony GPS,10,3,1.9,NA,Aken_38_Lizard
Aken_39_Lizard,ECT1,A. kenti,Aken,4,2,2023,Lizard,-14.64637382,145.4563178,-14.64637382,145.4563178,colony GPS,10,4.1,3,NA,Aken_39_Lizard
Aken_4_Lizard,ECT1,A. kenti,Aken,4,2,2023,Lizard,-14.64589295,145.4553873,-14.64589295,145.4553873,colony GPS,10,3.5,2.3,NA,Aken_4_Lizard
Aken_40_Lizard,ECT1,A. kenti,Aken,4,2,2023,Lizard,-14.64635546,145.4562497,-14.64635546,145.4562497,colony GPS,10,4.2,3.1,NA,Aken_40_Lizard
Aken_41_Lizard,ECT1,A. kenti,Aken,4,2,2023,Lizard,-14.64632588,145.4561951,-14.64632588,145.4561951,colony GPS,10,4.5,3.4,NA,Aken_41_Lizard
Aken_42_Lizard,ECT1,A. kenti,Aken,4,2,2023,Lizard,-14.645887,145.4556225,-14.645887,145.4556225,colony GPS,10,5.3,4.2,NA,Aken_42_Lizard
Aken_43_Lizard,ECT1,A. kenti,Aken,4,2,2023,Lizard,-14.64581391,145.4555579,-14.64581391,145.4555579,colony GPS,10,5.1,4,NA,Aken_43_Lizard
Aken_5_Lizard,ECT1,A. kenti,Aken,4,2,2023,Lizard,-14.64588339,145.4553493,-14.64588339,145.4553493,colony GPS,10,3,1.8,NA,Aken_5_Lizard
Aken_6_Lizard,ECT1,A. kenti,Aken,4,2,2023,Lizard,-14.64588147,145.4553338,-14.64588147,145.4553338,colony GPS,10,3.2,2,NA,Aken_6_Lizard
Aken_7_Lizard,ECT1,A. kenti,Aken,4,2,2023,Lizard,-14.64590468,145.4553401,-14.64590468,145.4553401,colony GPS,10,3.4,2.2,NA,Aken_7_Lizard
Aken_8_Lizard,ECT1,A. kenti,Aken,4,2,2023,Lizard,-14.64593654,145.4553757,-14.64593654,145.4553757,colony GPS,10,4.3,3.1,NA,Aken_8_Lizard
Aken_9_Lizard,ECT1,A. kenti,Aken,4,2,2023,Lizard,-14.64594098,145.4553781,-14.64594098,145.4553781,colony GPS,10,3,1.8,NA,Aken_9_Lizard
Aken_1369,ECT1,A. kenti,Aken,5,2,2023,Hicks,-14.47404047,145.5039727,-14.47404047,145.5039727,colony GPS,10,3.5,2.4,NA,Aken_1369
Aken_1370,ECT1,A. kenti,Aken,5,2,2023,Hicks,-14.47416351,145.5038628,-14.47416351,145.5038628,colony GPS,10,4.3,3.2,NA,Aken_1370
Aken_1371,ECT1,A. kenti,Aken,5,2,2023,Hicks,-14.47421925,145.5037841,-14.47421925,145.5037841,colony GPS,10,4.3,3.2,NA,Aken_1371
Aken_1372,ECT1,A. kenti,Aken,5,2,2023,Hicks,-14.47479819,145.5030107,-14.47479819,145.5030107,colony GPS,10,5.6,4.6,NA,Aken_1372
Aken_1373,ECT1,A. kenti,Aken,5,2,2023,Hicks,-14.47482174,145.5029726,-14.47482174,145.5029726,colony GPS,10,5.1,4.1,NA,Aken_1373
Aken_1374,ECT1,A. kenti,Aken,5,2,2023,Hicks,-14.47482174,145.5029599,-14.47482174,145.5029599,colony GPS,10,3.8,2.8,NA,Aken_1374
Aken_1375,ECT1,A. kenti,Aken,5,2,2023,Hicks,-14.47480825,145.5029369,-14.47480825,145.5029369,colony GPS,10,3.7,2.7,NA,Aken_1375
Aken_1376,ECT1,A. kenti,Aken,5,2,2023,Hicks,-14.4748085,145.5029297,-14.4748085,145.5029297,colony GPS,10,3.7,2.7,NA,Aken_1376
Aken_1377,ECT1,A. kenti,Aken,5,2,2023,Hicks,-14.47482023,145.5029319,-14.47482023,145.5029319,colony GPS,10,4.3,3.3,NA,Aken_1377
Aken_1378,ECT1,A. kenti,Aken,5,2,2023,Hicks,-14.47485494,145.5028774,-14.47485494,145.5028774,colony GPS,10,4.5,3.5,NA,Aken_1378
Aken_1379,ECT1,A. kenti,Aken,5,2,2023,Hicks,-14.47487857,145.5028521,-14.47487857,145.5028521,colony GPS,10,4.5,3.5,NA,Aken_1379
Aken_1380,ECT1,A. kenti,Aken,5,2,2023,Hicks,-14.47487363,145.5028441,-14.47487363,145.5028441,colony GPS,10,4.3,3.3,NA,Aken_1380
Aken_1381,ECT1,A. kenti,Aken,5,2,2023,Hicks,-14.47490682,145.5027822,-14.47490682,145.5027822,colony GPS,10,3.6,2.6,NA,Aken_1381
Aken_1382,ECT1,A. kenti,Aken,5,2,2023,Hicks,-14.47491143,145.5027752,-14.47491143,145.5027752,colony GPS,10,4.1,3.1,NA,Aken_1382
Aken_1383,ECT1,A. kenti,Aken,5,2,2023,Hicks,-14.47495501,145.5027092,-14.47495501,145.5027092,colony GPS,10,5.2,4.2,NA,Aken_1383
Aken_1384,ECT1,A. kenti,Aken,5,2,2023,Hicks,-14.47499726,145.5026986,-14.47499726,145.5026986,colony GPS,10,5.7,4.7,NA,Aken_1384
Aken_1385,ECT1,A. kenti,Aken,5,2,2023,Hicks,-14.47490782,145.5028383,-14.47490782,145.5028383,colony GPS,10,6.3,5.3,NA,Aken_1385
Aken_1386,ECT1,A. kenti,Aken,5,2,2023,Hicks,-14.47487832,145.5029119,-14.47487832,145.5029119,colony GPS,10,6.4,5.4,NA,Aken_1386
Aken_1399,ECT1,A. kenti,Aken,5,2,2023,Hicks,-14.47441405,145.5035837,-14.47441405,145.5035837,colony GPS,10,6.4,5.4,NA,Aken_1399
Aken_1400,ECT1,A. kenti,Aken,5,2,2023,Hicks,-14.47449728,145.503495,-14.47449728,145.503495,colony GPS,10,6.9,5.9,NA,Aken_1400
Aken_1452,ECT1,A. kenti,Aken,5,2,2023,Hicks,-14.47454514,145.5034852,-14.47454514,145.5034852,colony GPS,10,6.4,5.4,NA,Aken_1452
Aken_1453,ECT1,A. kenti,Aken,5,2,2023,Hicks,-14.47458873,145.503382,-14.47458873,145.503382,colony GPS,10,6.7,5.7,NA,Aken_1453
Aken_1454,ECT1,A. kenti,Aken,5,2,2023,Hicks,-14.47469308,145.5032102,-14.47469308,145.5032102,colony GPS,10,2.7,1.7,NA,Aken_1454
Aken_1455,ECT1,A. kenti,Aken,5,2,2023,Hicks,-14.47482811,145.5029254,-14.47482811,145.5029254,colony GPS,10,6.8,5.8,NA,Aken_1455
Aken_1456,ECT1,A. kenti,Aken,5,2,2023,Hicks,-14.47488913,145.5029149,-14.47488913,145.5029149,colony GPS,10,4.7,3.7,NA,Aken_1456
Aken_1457,ECT1,A. kenti,Aken,5,2,2023,Hicks,-14.47487849,145.5029169,-14.47487849,145.5029169,colony GPS,10,4,3,NA,Aken_1457
Aken_1458,ECT1,A. kenti,Aken,5,2,2023,Hicks,-14.47495988,145.5028271,-14.47495988,145.5028271,colony GPS,10,4,3,NA,Aken_1458
Aken_1459,ECT1,A. kenti,Aken,5,2,2023,Hicks,-14.4750121,145.5026657,-14.4750121,145.5026657,colony GPS,10,6,5,NA,Aken_1459
Aken_1460,ECT1,A. kenti,Aken,5,2,2023,Hicks,-14.47507144,145.5025827,-14.47507144,145.5025827,colony GPS,10,4.2,3.2,NA,Aken_1460
Aken_1461,ECT1,A. kenti,Aken,5,2,2023,Hicks,-14.47510446,145.5024672,-14.47510446,145.5024672,colony GPS,10,4.2,3.2,NA,Aken_1461
Aken_1462,ECT1,A. kenti,Aken,5,2,2023,Hicks,-14.47518376,145.5023132,-14.47518376,145.5023132,colony GPS,10,5.3,4.3,NA,Aken_1462
Aken_1463,ECT1,A. kenti,Aken,5,2,2023,Hicks,-14.47525886,145.5022124,-14.47525886,145.5022124,colony GPS,10,6.8,5.8,NA,Aken_1463
Aken_1464,ECT1,A. kenti,Aken,5,2,2023,Hicks,-14.47529716,145.5021579,-14.47529716,145.5021579,colony GPS,10,6.5,5.5,NA,Aken_1464
Aken_1465,ECT1,A. kenti,Aken,5,2,2023,Hicks,-14.47534922,145.5021107,-14.47534922,145.5021107,colony GPS,10,6.5,5.5,NA,Aken_1465
Aken_1466,ECT1,A. kenti,Aken,5,2,2023,Hicks,-14.47535056,145.5021311,-14.47535056,145.5021311,colony GPS,10,6.5,5.5,NA,Aken_1466
Aken_1467,ECT1,A. kenti,Aken,5,2,2023,Hicks,-14.47536732,145.5020581,-14.47536732,145.5020581,colony GPS,10,6.4,5.4,NA,Aken_1467
Aken_1468,ECT1,A. kenti,Aken,5,2,2023,Hicks,-14.4753586,145.5020487,-14.4753586,145.5020487,colony GPS,10,5.2,4.2,NA,Aken_1468
Aken_1469,ECT1,A. kenti,Aken,5,2,2023,Hicks,-14.47535324,145.5020175,-14.47535324,145.5020175,colony GPS,10,5.7,4.7,NA,Aken_1469
Aken_1470,ECT1,A. kenti,Aken,5,2,2023,Hicks,-14.47539045,145.5019646,-14.47539045,145.5019646,colony GPS,10,5.7,4.7,NA,Aken_1470
Aken_1471,ECT1,A. kenti,Aken,5,2,2023,Hicks,-14.47540445,145.5019662,-14.47540445,145.5019662,colony GPS,10,5.7,4.7,NA,Aken_1471
Aken_1472,ECT1,A. kenti,Aken,5,2,2023,Hicks,-14.47547595,145.5018357,-14.47547595,145.5018357,colony GPS,10,6.5,5.5,NA,Aken_1472
Amil_1_Davies,ECT1,A. millepora,Amil,7,2,2023,Davies,-18.82912941,147.6381798,-18.82912941,147.6381798,colony GPS,10,2.9,NA,NA,Amil_1_Davies
Amil_10_Davies,ECT1,A. millepora,Amil,7,2,2023,Davies,-18.82912748,147.638407,-18.82912748,147.638407,colony GPS,10,2.8,NA,NA,Amil_10_Davies
Amil_11_Davies,ECT1,A. millepora,Amil,7,2,2023,Davies,-18.82913721,147.6383986,-18.82913721,147.6383986,colony GPS,10,3,NA,NA,Amil_11_Davies
Amil_12_Davies,ECT1,A. millepora,Amil,7,2,2023,Davies,-18.82914651,147.638422,-18.82914651,147.638422,colony GPS,10,2.9,NA,NA,Amil_12_Davies
Amil_13_Davies,ECT1,A. millepora,Amil,7,2,2023,Davies,-18.829216,147.6385386,-18.829216,147.6385386,colony GPS,10,2.3,NA,NA,Amil_13_Davies
Amil_14_Davies,ECT1,A. millepora,Amil,7,2,2023,Davies,-18.82949679,147.6387218,-18.82949679,147.6387218,colony GPS,10,2,NA,NA,Amil_14_Davies
Amil_15_Davies,ECT1,A. millepora,Amil,7,2,2023,Davies,-18.82979292,147.6389437,-18.82979292,147.6389437,colony GPS,10,2.5,NA,NA,Amil_15_Davies
Amil_16_Davies,ECT1,A. millepora,Amil,7,2,2023,Davies,-18.82996945,147.6389485,-18.82996945,147.6389485,colony GPS,10,1.6,NA,NA,Amil_16_Davies
Amil_17_Davies,ECT1,A. millepora,Amil,7,2,2023,Davies,-18.8302857,147.6384122,-18.8302857,147.6384122,colony GPS,10,2.5,NA,NA,Amil_17_Davies
Amil_18_Davies,ECT1,A. millepora,Amil,7,2,2023,Davies,-18.83041059,147.6383077,-18.83041059,147.6383077,colony GPS,10,1.6,NA,NA,Amil_18_Davies
Amil_19_Davies,ECT1,A. millepora,Amil,7,2,2023,Davies,-18.83044336,147.6381903,-18.83044336,147.6381903,colony GPS,10,2.6,NA,NA,Amil_19_Davies
Amil_2_Davies,ECT1,A. millepora,Amil,7,2,2023,Davies,-18.8289725,147.6382663,-18.8289725,147.6382663,colony GPS,10,2.1,NA,NA,Amil_2_Davies
Amil_20_Davies,ECT1,A. millepora,Amil,7,2,2023,Davies,-18.83044411,147.6381809,-18.83044411,147.6381809,colony GPS,10,2.7,NA,NA,Amil_20_Davies
Amil_21_Davies,ECT1,A. millepora,Amil,7,2,2023,Davies,-18.83054906,147.6380575,-18.83054906,147.6380575,colony GPS,10,2.6,NA,NA,Amil_21_Davies
Amil_22_Davies,ECT1,A. millepora,Amil,7,2,2023,Davies,-18.83069767,147.6380047,-18.83069767,147.6380047,colony GPS,10,2.6,NA,NA,Amil_22_Davies
Amil_23_Davies,ECT1,A. millepora,Amil,7,2,2023,Davies,-18.83075567,147.6380061,-18.83075567,147.6380061,colony GPS,10,2.1,NA,NA,Amil_23_Davies
Amil_24_Davies,ECT1,A. millepora,Amil,7,2,2023,Davies,-18.8307814,147.6379849,-18.8307814,147.6379849,colony GPS,10,2.6,NA,NA,Amil_24_Davies
Amil_25_Davies,ECT1,A. millepora,Amil,7,2,2023,Davies,-18.83091627,147.63777,-18.83091627,147.63777,colony GPS,10,2.9,NA,NA,Amil_25_Davies
Amil_26_Davies,ECT1,A. millepora,Amil,7,2,2023,Davies,-18.82884778,147.639038,-18.82884778,147.639038,colony GPS,10,3,NA,NA,Amil_26_Davies
Amil_27_Davies,ECT1,A. millepora,Amil,7,2,2023,Davies,-18.82906437,147.6388814,-18.82906437,147.6388814,colony GPS,10,1.6,NA,NA,Amil_27_Davies
Amil_28_Davies,ECT1,A. millepora,Amil,7,2,2023,Davies,-18.82922354,147.6386231,-18.82922354,147.6386231,colony GPS,10,1.9,NA,NA,Amil_28_Davies
Amil_29_Davies,ECT1,A. millepora,Amil,7,2,2023,Davies,-18.82930527,147.6385835,-18.82930527,147.6385835,colony GPS,10,1.9,NA,NA,Amil_29_Davies
Amil_3_Davies,ECT1,A. millepora,Amil,7,2,2023,Davies,-18.82871032,147.6381071,-18.82871032,147.6381071,colony GPS,10,1.8,NA,NA,Amil_3_Davies
Amil_30_Davies,ECT1,A. millepora,Amil,7,2,2023,Davies,-18.8293455,147.638425,-18.8293455,147.638425,colony GPS,10,1.4,NA,NA,Amil_30_Davies
Amil_31_Davies,ECT1,A. millepora,Amil,7,2,2023,Davies,-18.82208635,147.6273538,-18.82208635,147.6273538,colony GPS,10,1.6,NA,NA,Amil_31_Davies
Amil_4_Davies,ECT1,A. millepora,Amil,7,2,2023,Davies,-18.82846029,147.6373399,-18.82846029,147.6373399,colony GPS,10,2.6,NA,NA,Amil_4_Davies
Amil_5_Davies,ECT1,A. millepora,Amil,7,2,2023,Davies,-18.82829583,147.6368694,-18.82829583,147.6368694,colony GPS,10,2.1,NA,NA,Amil_5_Davies
Amil_6_Davies,ECT1,A. millepora,Amil,7,2,2023,Davies,-18.82922371,147.6384126,-18.82922371,147.6384126,colony GPS,10,3.1,NA,NA,Amil_6_Davies
Amil_7_Davies,ECT1,A. millepora,Amil,7,2,2023,Davies,-18.82920443,147.6384241,-18.82920443,147.6384241,colony GPS,10,3,NA,NA,Amil_7_Davies
Amil_8_Davies,ECT1,A. millepora,Amil,7,2,2023,Davies,-18.82911801,147.638391,-18.82911801,147.638391,colony GPS,10,2.8,NA,NA,Amil_8_Davies
Amil_9_Davies,ECT1,A. millepora,Amil,7,2,2023,Davies,-18.82913335,147.6384046,-18.82913335,147.6384046,colony GPS,10,2.3,NA,NA,Amil_9_Davies
Ahya_1_Myrmidon,ECT1,A. hyacinthus,Ahya,13,2,2023,Myrmidon,-18.27838,147.37922,-18.27838,147.37922,site GPS,500,3.4,1.8,NA,Ahya_1_Myrmidon
Ahya_10_Myrmidon,ECT1,A. hyacinthus,Ahya,13,2,2023,Myrmidon,-18.27838,147.37922,-18.27838,147.37922,site GPS,500,1.7,0.1,NA,Ahya_10_Myrmidon
Ahya_11_Myrmidon,ECT1,A. hyacinthus,Ahya,13,2,2023,Myrmidon,-18.27838,147.37922,-18.27838,147.37922,site GPS,500,2,0.4,NA,Ahya_11_Myrmidon
Ahya_12_Myrmidon,ECT1,A. hyacinthus,Ahya,13,2,2023,Myrmidon,-18.27838,147.37922,-18.27838,147.37922,site GPS,500,2.7,1.1,NA,Ahya_12_Myrmidon
Ahya_13_Myrmidon,ECT1,A. hyacinthus,Ahya,13,2,2023,Myrmidon,-18.27838,147.37922,-18.27838,147.37922,site GPS,500,2.3,0.7,NA,Ahya_13_Myrmidon
Ahya_14_Myrmidon,ECT1,A. hyacinthus,Ahya,13,2,2023,Myrmidon,-18.27838,147.37922,-18.27838,147.37922,site GPS,500,2.8,1.2,NA,Ahya_14_Myrmidon
Ahya_15_Myrmidon,ECT1,A. hyacinthus,Ahya,13,2,2023,Myrmidon,-18.27838,147.37922,-18.27838,147.37922,site GPS,500,3.2,1.6,NA,Ahya_15_Myrmidon
Ahya_16_Myrmidon,ECT1,A. hyacinthus,Ahya,13,2,2023,Myrmidon,-18.27838,147.37922,-18.27838,147.37922,site GPS,500,4.3,2.7,NA,Ahya_16_Myrmidon
Ahya_17_Myrmidon,ECT1,A. hyacinthus,Ahya,13,2,2023,Myrmidon,-18.27838,147.37922,-18.27838,147.37922,site GPS,500,5.1,3.5,NA,Ahya_17_Myrmidon
Ahya_18_Myrmidon,ECT1,A. hyacinthus,Ahya,13,2,2023,Myrmidon,-18.27838,147.37922,-18.27838,147.37922,site GPS,500,5,3.4,NA,Ahya_18_Myrmidon
Ahya_19_Myrmidon,ECT1,A. hyacinthus,Ahya,13,2,2023,Myrmidon,-18.27838,147.37922,-18.27838,147.37922,site GPS,500,5.3,3.7,NA,Ahya_19_Myrmidon
Ahya_2_Myrmidon,ECT1,A. hyacinthus,Ahya,13,2,2023,Myrmidon,-18.27838,147.37922,-18.27838,147.37922,site GPS,500,3.2,1.6,NA,Ahya_2_Myrmidon
Ahya_20_Myrmidon,ECT1,A. hyacinthus,Ahya,13,2,2023,Myrmidon,-18.27838,147.37922,-18.27838,147.37922,site GPS,500,4.2,2.6,NA,Ahya_20_Myrmidon
Ahya_21_Myrmidon,ECT1,A. hyacinthus,Ahya,13,2,2023,Myrmidon,-18.27838,147.37922,-18.27838,147.37922,site GPS,500,3.2,1.6,NA,Ahya_21_Myrmidon
Ahya_22_Myrmidon,ECT1,A. hyacinthus,Ahya,13,2,2023,Myrmidon,-18.27838,147.37922,-18.27838,147.37922,site GPS,500,2.8,1.2,NA,Ahya_22_Myrmidon
Ahya_23_Myrmidon,ECT1,A. hyacinthus,Ahya,13,2,2023,Myrmidon,-18.27838,147.37922,-18.27838,147.37922,site GPS,500,3,1.4,NA,Ahya_23_Myrmidon
Ahya_24_Myrmidon,ECT1,A. hyacinthus,Ahya,13,2,2023,Myrmidon,-18.27838,147.37922,-18.27838,147.37922,site GPS,500,2.9,1.3,NA,Ahya_24_Myrmidon
Ahya_25_Myrmidon,ECT1,A. hyacinthus,Ahya,13,2,2023,Myrmidon,-18.27838,147.37922,-18.27838,147.37922,site GPS,500,3.2,1.6,NA,Ahya_25_Myrmidon
Ahya_26_Myrmidon,ECT1,A. hyacinthus,Ahya,13,2,2023,Myrmidon,-18.27838,147.37922,-18.27838,147.37922,site GPS,500,2.3,0.7,NA,Ahya_26_Myrmidon
Ahya_27_Myrmidon,ECT1,A. hyacinthus,Ahya,13,2,2023,Myrmidon,-18.27838,147.37922,-18.27838,147.37922,site GPS,500,2.2,0.6,NA,Ahya_27_Myrmidon
Ahya_28_Myrmidon,ECT1,A. hyacinthus,Ahya,13,2,2023,Myrmidon,-18.27838,147.37922,-18.27838,147.37922,site GPS,500,2,0.4,NA,Ahya_28_Myrmidon
Ahya_29_Myrmidon,ECT1,A. hyacinthus,Ahya,13,2,2023,Myrmidon,-18.27838,147.37922,-18.27838,147.37922,site GPS,500,1.3,-0.1,NA,Ahya_29_Myrmidon
Ahya_3_Myrmidon,ECT1,A. hyacinthus,Ahya,13,2,2023,Myrmidon,-18.27838,147.37922,-18.27838,147.37922,site GPS,500,2,0.4,NA,Ahya_3_Myrmidon
Ahya_30_Myrmidon,ECT1,A. hyacinthus,Ahya,13,2,2023,Myrmidon,-18.27838,147.37922,-18.27838,147.37922,site GPS,500,1.2,-0.2,NA,Ahya_30_Myrmidon
Ahya_31_Myrmidon,ECT1,A. hyacinthus,Ahya,13,2,2023,Myrmidon,-18.27838,147.37922,-18.27838,147.37922,site GPS,500,2,0.6,NA,Ahya_31_Myrmidon
Ahya_32_Myrmidon,ECT1,A. hyacinthus,Ahya,13,2,2023,Myrmidon,-18.27838,147.37922,-18.27838,147.37922,site GPS,500,1.5,0.1,NA,Ahya_32_Myrmidon
Ahya_33_Myrmidon,ECT1,A. hyacinthus,Ahya,13,2,2023,Myrmidon,-18.27838,147.37922,-18.27838,147.37922,site GPS,500,2.9,1.5,NA,Ahya_33_Myrmidon
Ahya_34_Myrmidon,ECT1,A. hyacinthus,Ahya,13,2,2023,Myrmidon,-18.27838,147.37922,-18.27838,147.37922,site GPS,500,2.5,1.1,NA,Ahya_34_Myrmidon
Ahya_35_Myrmidon,ECT1,A. hyacinthus,Ahya,13,2,2023,Myrmidon,-18.27838,147.37922,-18.27838,147.37922,site GPS,500,2.8,1.4,NA,Ahya_35_Myrmidon
Ahya_36_Myrmidon,ECT1,A. hyacinthus,Ahya,13,2,2023,Myrmidon,-18.27838,147.37922,-18.27838,147.37922,site GPS,500,2.4,1,NA,Ahya_36_Myrmidon
Ahya_37_Myrmidon,ECT1,A. hyacinthus,Ahya,13,2,2023,Myrmidon,-18.27838,147.37922,-18.27838,147.37922,site GPS,500,2.5,1.1,NA,Ahya_37_Myrmidon
Ahya_38_Myrmidon,ECT1,A. hyacinthus,Ahya,13,2,2023,Myrmidon,-18.27838,147.37922,-18.27838,147.37922,site GPS,500,3.6,2.2,NA,Ahya_38_Myrmidon
Ahya_39_Myrmidon,ECT1,A. hyacinthus,Ahya,13,2,2023,Myrmidon,-18.27838,147.37922,-18.27838,147.37922,site GPS,500,2.6,1.2,NA,Ahya_39_Myrmidon
Ahya_4_Myrmidon,ECT1,A. hyacinthus,Ahya,13,2,2023,Myrmidon,-18.27838,147.37922,-18.27838,147.37922,site GPS,500,1.4,-0.2,NA,Ahya_4_Myrmidon
Ahya_40_Myrmidon,ECT1,A. hyacinthus,Ahya,13,2,2023,Myrmidon,-18.27838,147.37922,-18.27838,147.37922,site GPS,500,1.8,0.4,NA,Ahya_40_Myrmidon
Ahya_41_Myrmidon,ECT1,A. hyacinthus,Ahya,13,2,2023,Myrmidon,-18.27838,147.37922,-18.27838,147.37922,site GPS,500,2.8,1.4,NA,Ahya_41_Myrmidon
Ahya_42_Myrmidon,ECT1,A. hyacinthus,Ahya,13,2,2023,Myrmidon,-18.27838,147.37922,-18.27838,147.37922,site GPS,500,4.2,2.8,NA,Ahya_42_Myrmidon
Ahya_43_Myrmidon,ECT1,A. hyacinthus,Ahya,13,2,2023,Myrmidon,-18.27838,147.37922,-18.27838,147.37922,site GPS,500,3.4,2,NA,Ahya_43_Myrmidon
Ahya_44_Myrmidon,ECT1,A. hyacinthus,Ahya,13,2,2023,Myrmidon,-18.27838,147.37922,-18.27838,147.37922,site GPS,500,4,2.6,NA,Ahya_44_Myrmidon
Ahya_45_Myrmidon,ECT1,A. hyacinthus,Ahya,13,2,2023,Myrmidon,-18.27838,147.37922,-18.27838,147.37922,site GPS,500,4.4,3,NA,Ahya_45_Myrmidon
Ahya_46_Myrmidon,ECT1,A. hyacinthus,Ahya,13,2,2023,Myrmidon,-18.27838,147.37922,-18.27838,147.37922,site GPS,500,4.7,3.3,NA,Ahya_46_Myrmidon
Ahya_47_Myrmidon,ECT1,A. hyacinthus,Ahya,13,2,2023,Myrmidon,-18.27838,147.37922,-18.27838,147.37922,site GPS,500,3.6,2.2,NA,Ahya_47_Myrmidon
Ahya_48_Myrmidon,ECT1,A. hyacinthus,Ahya,13,2,2023,Myrmidon,-18.27838,147.37922,-18.27838,147.37922,site GPS,500,3.9,2.5,NA,Ahya_48_Myrmidon
Ahya_49_Myrmidon,ECT1,A. hyacinthus,Ahya,13,2,2023,Myrmidon,-18.27838,147.37922,-18.27838,147.37922,site GPS,500,3.9,2.5,NA,Ahya_49_Myrmidon
Ahya_5_Myrmidon,ECT1,A. hyacinthus,Ahya,13,2,2023,Myrmidon,-18.27838,147.37922,-18.27838,147.37922,site GPS,500,3.7,2.1,NA,Ahya_5_Myrmidon
Ahya_50_Myrmidon,ECT1,A. hyacinthus,Ahya,13,2,2023,Myrmidon,-18.27838,147.37922,-18.27838,147.37922,site GPS,500,3.9,2.5,NA,Ahya_50_Myrmidon
Ahya_6_Myrmidon,ECT1,A. hyacinthus,Ahya,13,2,2023,Myrmidon,-18.27838,147.37922,-18.27838,147.37922,site GPS,500,3.3,1.7,NA,Ahya_6_Myrmidon
Ahya_7_Myrmidon,ECT1,A. hyacinthus,Ahya,13,2,2023,Myrmidon,-18.27838,147.37922,-18.27838,147.37922,site GPS,500,3.3,1.7,NA,Ahya_7_Myrmidon
Ahya_8_Myrmidon,ECT1,A. hyacinthus,Ahya,13,2,2023,Myrmidon,-18.27838,147.37922,-18.27838,147.37922,site GPS,500,2.4,0.8,NA,Ahya_8_Myrmidon
Ahya_9_Myrmidon,ECT1,A. hyacinthus,Ahya,13,2,2023,Myrmidon,-18.27838,147.37922,-18.27838,147.37922,site GPS,500,2,0.4,NA,Ahya_9_Myrmidon
Aken_1,ECT1,A. kenti,Aken,13,2,2023,Myrmidon,-18.27819396,147.3789882,-18.27819396,147.3789882,colony GPS,10,4.4,2.8,NA,Aken_1
Aken_10,ECT1,A. kenti,Aken,13,2,2023,Myrmidon,-18.27786673,147.3787855,-18.27786673,147.3787855,colony GPS,10,5.7,4.1,NA,Aken_10
Aken_11,ECT1,A. kenti,Aken,13,2,2023,Myrmidon,-18.27784234,147.3788077,-18.27784234,147.3788077,colony GPS,10,6.6,5,NA,Aken_11
Aken_12,ECT1,A. kenti,Aken,13,2,2023,Myrmidon,-18.27786069,147.3788495,-18.27786069,147.3788495,colony GPS,10,6.8,5.2,NA,Aken_12
Aken_13,ECT1,A. kenti,Aken,13,2,2023,Myrmidon,-18.27797284,147.3789485,-18.27797284,147.3789485,colony GPS,10,6.4,4.8,NA,Aken_13
Aken_14,ECT1,A. kenti,Aken,13,2,2023,Myrmidon,-18.27798642,147.3789643,-18.27798642,147.3789643,colony GPS,10,5.7,4.1,NA,Aken_14
Aken_15,ECT1,A. kenti,Aken,13,2,2023,Myrmidon,-18.27798609,147.3789681,-18.27798609,147.3789681,colony GPS,10,5.9,4.3,NA,Aken_15
Aken_16,ECT1,A. kenti,Aken,13,2,2023,Myrmidon,-18.27797854,147.378974,-18.27797854,147.378974,colony GPS,10,5.8,4.2,NA,Aken_16
Aken_17,ECT1,A. kenti,Aken,13,2,2023,Myrmidon,-18.27797259,147.3789835,-18.27797259,147.3789835,colony GPS,10,5.2,3.6,NA,Aken_17
Aken_18,ECT1,A. kenti,Aken,13,2,2023,Myrmidon,-18.27797092,147.3790123,-18.27797092,147.3790123,colony GPS,10,3.7,2.1,NA,Aken_18
Aken_19,ECT1,A. kenti,Aken,13,2,2023,Myrmidon,-18.2780461,147.3791772,-18.2780461,147.3791772,colony GPS,10,4.4,2.8,NA,Aken_19
Aken_2,ECT1,A. kenti,Aken,13,2,2023,Myrmidon,-18.27817678,147.3789961,-18.27817678,147.3789961,colony GPS,10,2.2,0.6,NA,Aken_2
Aken_20,ECT1,A. kenti,Aken,13,2,2023,Myrmidon,-18.27807058,147.3792812,-18.27807058,147.3792812,colony GPS,10,5.2,3.6,NA,Aken_20
Aken_21,ECT1,A. kenti,Aken,13,2,2023,Myrmidon,-18.2781616,147.3793314,-18.2781616,147.3793314,colony GPS,10,4.6,3,NA,Aken_21
Aken_22,ECT1,A. kenti,Aken,13,2,2023,Myrmidon,-18.27814065,147.3793501,-18.27814065,147.3793501,colony GPS,10,4.9,3.3,NA,Aken_22
Aken_23,ECT1,A. kenti,Aken,13,2,2023,Myrmidon,-18.27814191,147.3793548,-18.27814191,147.3793548,colony GPS,10,5.3,3.7,NA,Aken_23
Aken_24,ECT1,A. kenti,Aken,13,2,2023,Myrmidon,-18.27811911,147.3794505,-18.27811911,147.3794505,colony GPS,10,5.3,3.7,NA,Aken_24
Aken_25,ECT1,A. kenti,Aken,13,2,2023,Myrmidon,-18.27814241,147.3794371,-18.27814241,147.3794371,colony GPS,10,3.6,2,NA,Aken_25
Aken_26,ECT1,A. kenti,Aken,13,2,2023,Myrmidon,-18.27838,147.37922,-18.27838,147.37922,site GPS,500,1.9,0.3,NA,Aken_26
Aken_27,ECT1,A. kenti,Aken,13,2,2023,Myrmidon,-18.27838,147.37922,-18.27838,147.37922,site GPS,500,3.7,2.1,NA,Aken_27
Aken_28,ECT1,A. kenti,Aken,13,2,2023,Myrmidon,-18.27838,147.37922,-18.27838,147.37922,site GPS,500,4.2,2.6,NA,Aken_28
Aken_29,ECT1,A. kenti,Aken,13,2,2023,Myrmidon,-18.27838,147.37922,-18.27838,147.37922,site GPS,500,3,1.4,NA,Aken_29
Aken_3,ECT1,A. kenti,Aken,13,2,2023,Myrmidon,-18.27809949,147.3789341,-18.27809949,147.3789341,colony GPS,10,3.8,2.2,NA,Aken_3
Aken_30,ECT1,A. kenti,Aken,13,2,2023,Myrmidon,-18.27838,147.37922,-18.27838,147.37922,site GPS,500,2.8,1.2,NA,Aken_30
Aken_31,ECT1,A. kenti,Aken,13,2,2023,Myrmidon,-18.27838,147.37922,-18.27838,147.37922,site GPS,500,6.9,5.3,NA,Aken_31
Aken_32,ECT1,A. kenti,Aken,13,2,2023,Myrmidon,-18.27838,147.37922,-18.27838,147.37922,site GPS,500,9.3,7.7,NA,Aken_32
Aken_33,ECT1,A. kenti,Aken,13,2,2023,Myrmidon,-18.27838,147.37922,-18.27838,147.37922,site GPS,500,9.4,7.8,NA,Aken_33
Aken_34,ECT1,A. kenti,Aken,13,2,2023,Myrmidon,-18.27838,147.37922,-18.27838,147.37922,site GPS,500,6.5,4.9,NA,Aken_34
Aken_35,ECT1,A. kenti,Aken,13,2,2023,Myrmidon,-18.27838,147.37922,-18.27838,147.37922,site GPS,500,5.3,3.7,NA,Aken_35
Aken_36,ECT1,A. kenti,Aken,13,2,2023,Myrmidon,-18.27838,147.37922,-18.27838,147.37922,site GPS,500,7.8,6.2,NA,Aken_36
Aken_37,ECT1,A. kenti,Aken,13,2,2023,Myrmidon,-18.27838,147.37922,-18.27838,147.37922,site GPS,500,8.6,7,NA,Aken_37
Aken_38,ECT1,A. kenti,Aken,13,2,2023,Myrmidon,-18.27838,147.37922,-18.27838,147.37922,site GPS,500,7,5.4,NA,Aken_38
Aken_39,ECT1,A. kenti,Aken,13,2,2023,Myrmidon,-18.27838,147.37922,-18.27838,147.37922,site GPS,500,7.6,6,NA,Aken_39
Aken_4,ECT1,A. kenti,Aken,13,2,2023,Myrmidon,-18.27810628,147.3789045,-18.27810628,147.3789045,colony GPS,10,4.2,2.6,NA,Aken_4
Aken_40,ECT1,A. kenti,Aken,13,2,2023,Myrmidon,-18.27838,147.37922,-18.27838,147.37922,site GPS,500,6.7,5.1,NA,Aken_40
Aken_41,ECT1,A. kenti,Aken,13,2,2023,Myrmidon,-18.27838,147.37922,-18.27838,147.37922,site GPS,500,8.6,7,NA,Aken_41
Aken_42,ECT1,A. kenti,Aken,13,2,2023,Myrmidon,-18.27838,147.37922,-18.27838,147.37922,site GPS,500,9,7.4,NA,Aken_42
Aken_43,ECT1,A. kenti,Aken,13,2,2023,Myrmidon,-18.27838,147.37922,-18.27838,147.37922,site GPS,500,9,7.4,NA,Aken_43
Aken_44,ECT1,A. kenti,Aken,13,2,2023,Myrmidon,-18.27838,147.37922,-18.27838,147.37922,site GPS,500,9.1,7.5,NA,Aken_44
Aken_45,ECT1,A. kenti,Aken,13,2,2023,Myrmidon,-18.27838,147.37922,-18.27838,147.37922,site GPS,500,9,7.4,NA,Aken_45
Aken_46,ECT1,A. kenti,Aken,13,2,2023,Myrmidon,-18.27838,147.37922,-18.27838,147.37922,site GPS,500,9,7.4,NA,Aken_46
Aken_47,ECT1,A. kenti,Aken,13,2,2023,Myrmidon,-18.27838,147.37922,-18.27838,147.37922,site GPS,500,9.3,7.7,NA,Aken_47
Aken_48,ECT1,A. kenti,Aken,13,2,2023,Myrmidon,-18.27838,147.37922,-18.27838,147.37922,site GPS,500,9.3,7.7,NA,Aken_48
Aken_49,ECT1,A. kenti,Aken,13,2,2023,Myrmidon,-18.27838,147.37922,-18.27838,147.37922,site GPS,500,7.8,6.2,NA,Aken_49
Aken_5,ECT1,A. kenti,Aken,13,2,2023,Myrmidon,-18.27811022,147.3788917,-18.27811022,147.3788917,colony GPS,10,4.2,2.6,NA,Aken_5
Aken_50,ECT1,A. kenti,Aken,13,2,2023,Myrmidon,-18.27838,147.37922,-18.27838,147.37922,site GPS,500,7.3,5.7,NA,Aken_50
Aken_51,ECT1,A. kenti,Aken,13,2,2023,Myrmidon,-18.27838,147.37922,-18.27838,147.37922,site GPS,500,7.6,6,NA,Aken_51
Aken_52,ECT1,A. kenti,Aken,13,2,2023,Myrmidon,-18.27838,147.37922,-18.27838,147.37922,site GPS,500,8.1,6.5,NA,Aken_52
Aken_53,ECT1,A. kenti,Aken,13,2,2023,Myrmidon,-18.27838,147.37922,-18.27838,147.37922,site GPS,500,8.5,6.9,NA,Aken_53
Aken_54,ECT1,A. kenti,Aken,13,2,2023,Myrmidon,-18.27838,147.37922,-18.27838,147.37922,site GPS,500,9.1,7.5,NA,Aken_54
Aken_55,ECT1,A. kenti,Aken,13,2,2023,Myrmidon,-18.27838,147.37922,-18.27838,147.37922,site GPS,500,9.1,7.5,NA,Aken_55
Aken_56,ECT1,A. kenti,Aken,13,2,2023,Myrmidon,-18.27838,147.37922,-18.27838,147.37922,site GPS,500,8.4,6.8,NA,Aken_56
Aken_57,ECT1,A. kenti,Aken,13,2,2023,Myrmidon,-18.27838,147.37922,-18.27838,147.37922,site GPS,500,8.6,7,NA,Aken_57
Aken_58,ECT1,A. kenti,Aken,13,2,2023,Myrmidon,-18.27838,147.37922,-18.27838,147.37922,site GPS,500,9.7,8.1,NA,Aken_58
Aken_59,ECT1,A. kenti,Aken,13,2,2023,Myrmidon,-18.27838,147.37922,-18.27838,147.37922,site GPS,500,9.1,7.5,NA,Aken_59
Aken_6,ECT1,A. kenti,Aken,13,2,2023,Myrmidon,-18.27802163,147.3788529,-18.27802163,147.3788529,colony GPS,10,4.8,3.2,NA,Aken_6
Aken_60,ECT1,A. kenti,Aken,13,2,2023,Myrmidon,-18.27838,147.37922,-18.27838,147.37922,site GPS,500,9.3,7.7,NA,Aken_60
Aken_7,ECT1,A. kenti,Aken,13,2,2023,Myrmidon,-18.27797921,147.3787955,-18.27797921,147.3787955,colony GPS,10,6.6,5,NA,Aken_7
Aken_8,ECT1,A. kenti,Aken,13,2,2023,Myrmidon,-18.2779767,147.3787863,-18.2779767,147.3787863,colony GPS,10,6.1,4.5,NA,Aken_8
Aken_9,ECT1,A. kenti,Aken,13,2,2023,Myrmidon,-18.27795331,147.378726,-18.27795331,147.378726,colony GPS,10,6.4,4.8,NA,Aken_9
Ahya_1_Kelso,ECT1,A. hyacinthus,Ahya,14,2,2023,Kelso,-18.446281,146.9910411,-18.446281,146.9910411,colony GPS,10,1.7,0.9,NA,Ahya_1_Kelso
Ahya_10_Kelso,ECT1,A. hyacinthus,Ahya,14,2,2023,Kelso,-18.446173,146.9912426,-18.446173,146.9912426,colony GPS,10,2.7,1.9,NA,Ahya_10_Kelso
Ahya_11_Kelso,ECT1,A. hyacinthus,Ahya,14,2,2023,Kelso,-18.445989,146.9912746,-18.445989,146.9912746,colony GPS,10,3,2.2,NA,Ahya_11_Kelso
Ahya_12_Kelso,ECT1,A. hyacinthus,Ahya,14,2,2023,Kelso,-18.445932,146.991266,-18.445932,146.991266,colony GPS,10,1.9,1.1,NA,Ahya_12_Kelso
Ahya_13_Kelso,ECT1,A. hyacinthus,Ahya,14,2,2023,Kelso,-18.445935,146.9911048,-18.445935,146.9911048,colony GPS,10,2.3,1.5,NA,Ahya_13_Kelso
Ahya_14_Kelso,ECT1,A. hyacinthus,Ahya,14,2,2023,Kelso,-18.445958,146.9910534,-18.445958,146.9910534,colony GPS,10,2.1,1.3,NA,Ahya_14_Kelso
Ahya_15_Kelso,ECT1,A. hyacinthus,Ahya,14,2,2023,Kelso,-18.44596,146.9910386,-18.44596,146.9910386,colony GPS,10,1.7,0.9,NA,Ahya_15_Kelso
Ahya_16_Kelso,ECT1,A. hyacinthus,Ahya,14,2,2023,Kelso,-18.445959,146.9910218,-18.445959,146.9910218,colony GPS,10,1.8,1,NA,Ahya_16_Kelso
Ahya_17_Kelso,ECT1,A. hyacinthus,Ahya,14,2,2023,Kelso,-18.445928,146.9910529,-18.445928,146.9910529,colony GPS,10,2.2,1.4,NA,Ahya_17_Kelso
Ahya_18_Kelso,ECT1,A. hyacinthus,Ahya,14,2,2023,Kelso,-18.445917,146.9910933,-18.445917,146.9910933,colony GPS,10,1.8,1,NA,Ahya_18_Kelso
Ahya_19_Kelso,ECT1,A. hyacinthus,Ahya,14,2,2023,Kelso,-18.445978,146.9911013,-18.445978,146.9911013,colony GPS,10,1.8,1,NA,Ahya_19_Kelso
Ahya_2_Kelso,ECT1,A. hyacinthus,Ahya,14,2,2023,Kelso,-18.446241,146.9910324,-18.446241,146.9910324,colony GPS,10,1.8,1,NA,Ahya_2_Kelso
Ahya_20_Kelso,ECT1,A. hyacinthus,Ahya,14,2,2023,Kelso,-18.446045,146.9910752,-18.446045,146.9910752,colony GPS,10,1.8,1,NA,Ahya_20_Kelso
Ahya_21_Kelso,ECT1,A. hyacinthus,Ahya,14,2,2023,Kelso,-18.446074,146.9910707,-18.446074,146.9910707,colony GPS,10,2.2,1.4,NA,Ahya_21_Kelso
Ahya_3_Kelso,ECT1,A. hyacinthus,Ahya,14,2,2023,Kelso,-18.446223,146.9910015,-18.446223,146.9910015,colony GPS,10,1.8,1,NA,Ahya_3_Kelso
Ahya_4_Kelso,ECT1,A. hyacinthus,Ahya,14,2,2023,Kelso,-18.446156,146.9911158,-18.446156,146.9911158,colony GPS,10,1.7,0.9,NA,Ahya_4_Kelso
Ahya_5_Kelso,ECT1,A. hyacinthus,Ahya,14,2,2023,Kelso,-18.4461,146.9911493,-18.4461,146.9911493,colony GPS,10,1.7,0.9,NA,Ahya_5_Kelso
Ahya_6_Kelso,ECT1,A. hyacinthus,Ahya,14,2,2023,Kelso,-18.446346,146.9911305,-18.446346,146.9911305,colony GPS,10,2.8,2,NA,Ahya_6_Kelso
Ahya_7_Kelso,ECT1,A. hyacinthus,Ahya,14,2,2023,Kelso,-18.446352,146.991035,-18.446352,146.991035,colony GPS,10,1.9,1.1,NA,Ahya_7_Kelso
Ahya_8_Kelso,ECT1,A. hyacinthus,Ahya,14,2,2023,Kelso,-18.446196,146.9909436,-18.446196,146.9909436,colony GPS,10,2.3,1.5,NA,Ahya_8_Kelso
Ahya_9_Kelso,ECT1,A. hyacinthus,Ahya,14,2,2023,Kelso,-18.446201,146.9912373,-18.446201,146.9912373,colony GPS,10,2.1,1.3,NA,Ahya_9_Kelso
Aspat_bag 9_R2023,ECT1,A. spathulata,Aspat,27,1,2023,Moore,NA,NA,NA,NA,no GPS or TBC,10,1.8,-0.2,NA,Aspat_bag 9_R2023
Aspat_945_R2023,ECT1,A. spathulata,Aspat,14,2,2023,Kelso,NA,NA,NA,NA,no GPS or TBC,10,1.8,1,NA,Aspat_945_R2023
Aspat_946_R2023,ECT1,A. spathulata,Aspat,14,2,2023,Kelso,NA,NA,NA,NA,no GPS or TBC,10,1.6,0.8,NA,Aspat_946_R2023
Aspat_947_R2023,ECT1,A. spathulata,Aspat,14,2,2023,Kelso,NA,NA,NA,NA,no GPS or TBC,10,1.7,0.9,NA,Aspat_947_R2023
Aspat_950_R2023,ECT1,A. spathulata,Aspat,14,2,2023,Kelso,NA,NA,NA,NA,no GPS or TBC,10,1.7,0.9,NA,Aspat_950_R2023
Aspat_951_R2023,ECT1,A. spathulata,Aspat,14,2,2023,Kelso,NA,NA,NA,NA,no GPS or TBC,10,2,1.2,NA,Aspat_951_R2023
Aspat_952_R2023,ECT1,A. spathulata,Aspat,14,2,2023,Kelso,NA,NA,NA,NA,no GPS or TBC,10,1.8,1,NA,Aspat_952_R2023
Aspat_954_R2023,ECT1,A. spathulata,Aspat,14,2,2023,Kelso,NA,NA,NA,NA,no GPS or TBC,10,1.7,0.9,NA,Aspat_954_R2023
Aspat_955_R2023,ECT1,A. spathulata,Aspat,14,2,2023,Kelso,NA,NA,NA,NA,no GPS or TBC,10,1.8,1,NA,Aspat_955_R2023
Aspat_957_R2023,ECT1,A. spathulata,Aspat,14,2,2023,Kelso,NA,NA,NA,NA,no GPS or TBC,10,1.8,1,NA,Aspat_957_R2023
Aspat_959_R2023,ECT1,A. spathulata,Aspat,14,2,2023,Kelso,NA,NA,NA,NA,no GPS or TBC,10,1.6,0.8,NA,Aspat_959_R2023
Aspat_960_R2023,ECT1,A. spathulata,Aspat,14,2,2023,Kelso,NA,NA,NA,NA,no GPS or TBC,10,1.6,0.8,NA,Aspat_960_R2023
Aspat_967_R2023,ECT1,A. spathulata,Aspat,14,2,2023,Kelso,NA,NA,NA,NA,no GPS or TBC,10,1.7,0.9,NA,Aspat_967_R2023
Aspat_968_R2023,ECT1,A. spathulata,Aspat,14,2,2023,Kelso,NA,NA,NA,NA,no GPS or TBC,10,1.7,0.9,NA,Aspat_968_R2023
Aspat_969_R2023,ECT1,A. spathulata,Aspat,14,2,2023,Kelso,NA,NA,NA,NA,no GPS or TBC,10,1.5,0.7,NA,Aspat_969_R2023
Aspat_970_R2023,ECT1,A. spathulata,Aspat,14,2,2023,Kelso,NA,NA,NA,NA,no GPS or TBC,10,1.7,0.9,NA,Aspat_970_R2023
Aspat_972_R2023,ECT1,A. spathulata,Aspat,14,2,2023,Kelso,NA,NA,NA,NA,no GPS or TBC,10,1.8,1,NA,Aspat_972_R2023
Aspat_975_R2023,ECT1,A. spathulata,Aspat,14,2,2023,Kelso,NA,NA,NA,NA,no GPS or TBC,10,1.9,1.1,NA,Aspat_975_R2023
Aspat_976_R2023,ECT1,A. spathulata,Aspat,14,2,2023,Kelso,NA,NA,NA,NA,no GPS or TBC,10,2,1.2,NA,Aspat_976_R2023
Aken_1_Kelso,ECT1,A. kenti,Aken,14,2,2023,Kelso,-18.423731,146.98549,-18.423731,146.98549,site GPS,500,5,4.2,NA,Aken_1_Kelso
Aken_10_Kelso,ECT1,A. kenti,Aken,14,2,2023,Kelso,-18.423731,146.98549,-18.423731,146.98549,site GPS,500,3.8,3,NA,Aken_10_Kelso
Aken_11_Kelso,ECT1,A. kenti,Aken,14,2,2023,Kelso,-18.423731,146.98549,-18.423731,146.98549,site GPS,500,3.6,2.8,NA,Aken_11_Kelso
Aken_1148,ECT1,A. kenti,Aken,14,2,2023,Kelso,-18.42366407,146.9863732,-18.42366407,146.9863732,colony GPS,10,1.9,1.1,NA,Aken_1148
Aken_12_Kelso,ECT1,A. kenti,Aken,14,2,2023,Kelso,-18.423731,146.98549,-18.423731,146.98549,site GPS,500,5,4.2,NA,Aken_12_Kelso
Aken_13_Kelso,ECT1,A. kenti,Aken,14,2,2023,Kelso,-18.423731,146.98549,-18.423731,146.98549,site GPS,500,5,4.2,NA,Aken_13_Kelso
Aken_1387,ECT1,A. kenti,Aken,14,2,2023,Kelso,-18.42396984,146.9857839,-18.42396984,146.9857839,colony GPS,10,3.2,2.4,NA,Aken_1387
Aken_1388,ECT1,A. kenti,Aken,14,2,2023,Kelso,-18.42388686,146.9858186,-18.42388686,146.9858186,colony GPS,10,2,1.2,NA,Aken_1388
Aken_1389,ECT1,A. kenti,Aken,14,2,2023,Kelso,-18.4238597,146.9858135,-18.4238597,146.9858135,colony GPS,10,2.6,1.8,NA,Aken_1389
Aken_1390,ECT1,A. kenti,Aken,14,2,2023,Kelso,-18.42369097,146.9859292,-18.42369097,146.9859292,colony GPS,10,3.5,2.7,NA,Aken_1390
Aken_1391,ECT1,A. kenti,Aken,14,2,2023,Kelso,-18.42383363,146.9863349,-18.42383363,146.9863349,colony GPS,10,2.7,1.9,NA,Aken_1391
Aken_1392,ECT1,A. kenti,Aken,14,2,2023,Kelso,-18.42384168,146.9863348,-18.42384168,146.9863348,colony GPS,10,2.9,2.1,NA,Aken_1392
Aken_1393,ECT1,A. kenti,Aken,14,2,2023,Kelso,-18.42425164,146.986458,-18.42425164,146.986458,colony GPS,10,6.5,5.7,NA,Aken_1393
Aken_1394,ECT1,A. kenti,Aken,14,2,2023,Kelso,-18.42410739,146.9866491,-18.42410739,146.9866491,colony GPS,10,3.8,3,NA,Aken_1394
Aken_1395,ECT1,A. kenti,Aken,14,2,2023,Kelso,-18.42365401,146.9867931,-18.42365401,146.9867931,colony GPS,10,1.9,1.1,NA,Aken_1395
Aken_1396,ECT1,A. kenti,Aken,14,2,2023,Kelso,-18.42358243,146.986242,-18.42358243,146.986242,colony GPS,10,1.9,1.1,NA,Aken_1396
Aken_1397,ECT1,A. kenti,Aken,14,2,2023,Kelso,-18.42358452,146.9862392,-18.42358452,146.9862392,colony GPS,10,1.9,1.1,NA,Aken_1397
Aken_1398,ECT1,A. kenti,Aken,14,2,2023,Kelso,-18.42351973,146.9863096,-18.42351973,146.9863096,colony GPS,10,1.7,0.9,NA,Aken_1398
Aken_14_Kelso,ECT1,A. kenti,Aken,14,2,2023,Kelso,-18.423731,146.98549,-18.423731,146.98549,site GPS,500,5,4.2,NA,Aken_14_Kelso
Aken_1473,ECT1,A. kenti,Aken,14,2,2023,Kelso,-18.42371981,146.9864073,-18.42371981,146.9864073,colony GPS,10,1.7,0.9,NA,Aken_1473
Aken_1474,ECT1,A. kenti,Aken,14,2,2023,Kelso,-18.42378602,146.9863713,-18.42378602,146.9863713,colony GPS,10,2.2,1.5,NA,Aken_1474
Aken_1475,ECT1,A. kenti,Aken,14,2,2023,Kelso,-18.42364848,146.9853339,-18.42364848,146.9853339,colony GPS,10,2.4,1.6,NA,Aken_1475
Aken_1476,ECT1,A. kenti,Aken,14,2,2023,Kelso,-18.42368041,146.9854262,-18.42368041,146.9854262,colony GPS,10,3.7,2.9,NA,Aken_1476
Aken_1477,ECT1,A. kenti,Aken,14,2,2023,Kelso,-18.42372567,146.9854888,-18.42372567,146.9854888,colony GPS,10,4.1,3.3,NA,Aken_1477
Aken_1478,ECT1,A. kenti,Aken,14,2,2023,Kelso,-18.42374688,146.9855037,-18.42374688,146.9855037,colony GPS,10,4.2,3.4,NA,Aken_1478
Aken_1479,ECT1,A. kenti,Aken,14,2,2023,Kelso,-18.42373012,146.9854927,-18.42373012,146.9854927,colony GPS,10,4.2,3.4,NA,Aken_1479
Aken_1480,ECT1,A. kenti,Aken,14,2,2023,Kelso,-18.42373397,146.9855405,-18.42373397,146.9855405,colony GPS,10,4.2,3.4,NA,Aken_1480
Aken_1481,ECT1,A. kenti,Aken,14,2,2023,Kelso,-18.42373087,146.9855322,-18.42373087,146.9855322,colony GPS,10,4.2,3.4,NA,Aken_1481
Aken_1482,ECT1,A. kenti,Aken,14,2,2023,Kelso,-18.42372274,146.9855969,-18.42372274,146.9855969,colony GPS,10,3.1,2.3,NA,Aken_1482
Aken_1483,ECT1,A. kenti,Aken,14,2,2023,Kelso,-18.42370405,146.9856097,-18.42370405,146.9856097,colony GPS,10,3,2.2,NA,Aken_1483
Aken_1484,ECT1,A. kenti,Aken,14,2,2023,Kelso,-18.42379843,146.9856895,-18.42379843,146.9856895,colony GPS,10,3.6,2.8,NA,Aken_1484
Aken_1485,ECT1,A. kenti,Aken,14,2,2023,Kelso,-18.42399172,146.9857507,-18.42399172,146.9857507,colony GPS,10,3.6,2.8,NA,Aken_1485
Aken_1486,ECT1,A. kenti,Aken,14,2,2023,Kelso,-18.42404737,146.9858108,-18.42404737,146.9858108,colony GPS,10,5,4.2,NA,Aken_1486
Aken_1487,ECT1,A. kenti,Aken,14,2,2023,Kelso,-18.4240151,146.9857936,-18.4240151,146.9857936,colony GPS,10,2.6,1.8,NA,Aken_1487
Aken_1488,ECT1,A. kenti,Aken,14,2,2023,Kelso,-18.42397571,146.9858069,-18.42397571,146.9858069,colony GPS,10,2.8,2,NA,Aken_1488
Aken_1489,ECT1,A. kenti,Aken,14,2,2023,Kelso,-18.42397864,146.9858184,-18.42397864,146.9858184,colony GPS,10,2.9,2.1,NA,Aken_1489
Aken_1490,ECT1,A. kenti,Aken,14,2,2023,Kelso,-18.4239234,146.9858237,-18.4239234,146.9858237,colony GPS,10,3.2,2.4,NA,Aken_1490
Aken_1491,ECT1,A. kenti,Aken,14,2,2023,Kelso,-18.42385199,146.9858262,-18.42385199,146.9858262,colony GPS,10,3.1,2.3,NA,Aken_1491
Aken_1492,ECT1,A. kenti,Aken,14,2,2023,Kelso,-18.42368678,146.9858987,-18.42368678,146.9858987,colony GPS,10,3,2.2,NA,Aken_1492
Aken_1493,ECT1,A. kenti,Aken,14,2,2023,Kelso,-18.42369039,146.9859029,-18.42369039,146.9859029,colony GPS,10,3,2.2,NA,Aken_1493
Aken_1494,ECT1,A. kenti,Aken,14,2,2023,Kelso,-18.42384093,146.9859711,-18.42384093,146.9859711,colony GPS,10,3.2,2.4,NA,Aken_1494
Aken_1495,ECT1,A. kenti,Aken,14,2,2023,Kelso,-18.42384093,146.9859713,-18.42384093,146.9859713,colony GPS,10,3.2,2.4,NA,Aken_1495
Aken_1496,ECT1,A. kenti,Aken,14,2,2023,Kelso,-18.42383992,146.9859716,-18.42383992,146.9859716,colony GPS,10,3.4,2.6,NA,Aken_1496
Aken_1497,ECT1,A. kenti,Aken,14,2,2023,Kelso,-18.42383774,146.9859729,-18.42383774,146.9859729,colony GPS,10,3.4,2.6,NA,Aken_1497
Aken_1498,ECT1,A. kenti,Aken,14,2,2023,Kelso,-18.42383841,146.9859733,-18.42383841,146.9859733,colony GPS,10,3.6,2.8,NA,Aken_1498
Aken_1499,ECT1,A. kenti,Aken,14,2,2023,Kelso,-18.42380413,146.9857382,-18.42380413,146.9857382,colony GPS,10,2.9,2.2,NA,Aken_1499
Aken_15_Kelso,ECT1,A. kenti,Aken,14,2,2023,Kelso,-18.423731,146.98549,-18.423731,146.98549,site GPS,500,5,4.2,NA,Aken_15_Kelso
Aken_1500,ECT1,A. kenti,Aken,14,2,2023,Kelso,-18.42372215,146.9858316,-18.42372215,146.9858316,colony GPS,10,2.1,1.4,NA,Aken_1500
Aken_16_Kelso,ECT1,A. kenti,Aken,14,2,2023,Kelso,-18.423731,146.98549,-18.423731,146.98549,site GPS,500,4.3,3.5,NA,Aken_16_Kelso
Aken_17_Kelso,ECT1,A. kenti,Aken,14,2,2023,Kelso,-18.423731,146.98549,-18.423731,146.98549,site GPS,500,5.2,4.4,NA,Aken_17_Kelso
Aken_18_Kelso,ECT1,A. kenti,Aken,14,2,2023,Kelso,-18.423731,146.98549,-18.423731,146.98549,site GPS,500,4.9,4.1,NA,Aken_18_Kelso
Aken_1810,ECT1,A. kenti,Aken,14,2,2023,Kelso,-18.42361797,146.986074,-18.42361797,146.986074,colony GPS,10,3.3,2.6,NA,Aken_1810
Aken_1811,ECT1,A. kenti,Aken,14,2,2023,Kelso,-18.42403094,146.9862533,-18.42403094,146.9862533,colony GPS,10,1.9,1.2,NA,Aken_1811
Aken_1812,ECT1,A. kenti,Aken,14,2,2023,Kelso,-18.42417251,146.9861985,-18.42417251,146.9861985,colony GPS,10,2.5,1.8,NA,Aken_1812
Aken_1813,ECT1,A. kenti,Aken,14,2,2023,Kelso,-18.42433671,146.9862862,-18.42433671,146.9862862,colony GPS,10,2.6,1.9,NA,Aken_1813
Aken_1814,ECT1,A. kenti,Aken,14,2,2023,Kelso,-18.42429598,146.9864076,-18.42429598,146.9864076,colony GPS,10,3.3,2.6,NA,Aken_1814
Aken_1815,ECT1,A. kenti,Aken,14,2,2023,Kelso,-18.4243026,146.9864343,-18.4243026,146.9864343,colony GPS,10,5.2,4.5,NA,Aken_1815
Aken_1816,ECT1,A. kenti,Aken,14,2,2023,Kelso,-18.42430042,146.9864359,-18.42430042,146.9864359,colony GPS,10,5.5,4.8,NA,Aken_1816
Aken_1817,ECT1,A. kenti,Aken,14,2,2023,Kelso,-18.4242363,146.9865079,-18.4242363,146.9865079,colony GPS,10,7.3,6.6,NA,Aken_1817
Aken_1818,ECT1,A. kenti,Aken,14,2,2023,Kelso,-18.42406514,146.9866729,-18.42406514,146.9866729,colony GPS,10,2.1,1.4,NA,Aken_1818
Aken_1819,ECT1,A. kenti,Aken,14,2,2023,Kelso,-18.42378787,146.9868715,-18.42378787,146.9868715,colony GPS,10,2.4,1.7,NA,Aken_1819
Aken_19_Kelso,ECT1,A. kenti,Aken,14,2,2023,Kelso,-18.423731,146.98549,-18.423731,146.98549,site GPS,500,5.5,4.7,NA,Aken_19_Kelso
Aken_2_Kelso,ECT1,A. kenti,Aken,14,2,2023,Kelso,-18.423731,146.98549,-18.423731,146.98549,site GPS,500,5,4.2,NA,Aken_2_Kelso
Aken_20_Kelso,ECT1,A. kenti,Aken,14,2,2023,Kelso,-18.423731,146.98549,-18.423731,146.98549,site GPS,500,5.6,4.8,NA,Aken_20_Kelso
Aken_21_Kelso,ECT1,A. kenti,Aken,14,2,2023,Kelso,-18.423731,146.98549,-18.423731,146.98549,site GPS,500,5.5,4.7,NA,Aken_21_Kelso
Aken_22_Kelso,ECT1,A. kenti,Aken,14,2,2023,Kelso,-18.423731,146.98549,-18.423731,146.98549,site GPS,500,5.4,4.6,NA,Aken_22_Kelso
Aken_23_Kelso,ECT1,A. kenti,Aken,14,2,2023,Kelso,-18.423731,146.98549,-18.423731,146.98549,site GPS,500,5.4,4.6,NA,Aken_23_Kelso
Aken_24_Kelso,ECT1,A. kenti,Aken,14,2,2023,Kelso,-18.423731,146.98549,-18.423731,146.98549,site GPS,500,5,4.2,NA,Aken_24_Kelso
Aken_25_Kelso,ECT1,A. kenti,Aken,14,2,2023,Kelso,-18.423731,146.98549,-18.423731,146.98549,site GPS,500,5,4.2,NA,Aken_25_Kelso
Aken_26_Kelso,ECT1,A. kenti,Aken,14,2,2023,Kelso,-18.423731,146.98549,-18.423731,146.98549,site GPS,500,5,4.2,NA,Aken_26_Kelso
Aken_27_Kelso,ECT1,A. kenti,Aken,14,2,2023,Kelso,-18.423731,146.98549,-18.423731,146.98549,site GPS,500,5.2,4.4,NA,Aken_27_Kelso
Aken_28_Kelso,ECT1,A. kenti,Aken,14,2,2023,Kelso,-18.423731,146.98549,-18.423731,146.98549,site GPS,500,5.3,4.5,NA,Aken_28_Kelso
Aken_29_Kelso,ECT1,A. kenti,Aken,14,2,2023,Kelso,-18.423731,146.98549,-18.423731,146.98549,site GPS,500,5.2,4.4,NA,Aken_29_Kelso
Aken_3_Kelso,ECT1,A. kenti,Aken,14,2,2023,Kelso,-18.423731,146.98549,-18.423731,146.98549,site GPS,500,5.1,4.3,NA,Aken_3_Kelso
Aken_30_Kelso,ECT1,A. kenti,Aken,14,2,2023,Kelso,-18.423731,146.98549,-18.423731,146.98549,site GPS,500,4.6,3.8,NA,Aken_30_Kelso
Aken_31_Kelso,ECT1,A. kenti,Aken,14,2,2023,Kelso,-18.423731,146.98549,-18.423731,146.98549,site GPS,500,4.8,4,NA,Aken_31_Kelso
Aken_32_Kelso,ECT1,A. kenti,Aken,14,2,2023,Kelso,-18.423731,146.98549,-18.423731,146.98549,site GPS,500,4.8,4,NA,Aken_32_Kelso
Aken_33_Kelso,ECT1,A. kenti,Aken,14,2,2023,Kelso,-18.423731,146.98549,-18.423731,146.98549,site GPS,500,5.5,4.7,NA,Aken_33_Kelso
Aken_34_Kelso,ECT1,A. kenti,Aken,14,2,2023,Kelso,-18.423731,146.98549,-18.423731,146.98549,site GPS,500,5.2,4.4,NA,Aken_34_Kelso
Aken_35_Kelso,ECT1,A. kenti,Aken,14,2,2023,Kelso,-18.423731,146.98549,-18.423731,146.98549,site GPS,500,5.3,4.5,NA,Aken_35_Kelso
Aken_36_Kelso,ECT1,A. kenti,Aken,14,2,2023,Kelso,-18.423731,146.98549,-18.423731,146.98549,site GPS,500,5.7,4.9,NA,Aken_36_Kelso
Aken_4_Kelso,ECT1,A. kenti,Aken,14,2,2023,Kelso,-18.423731,146.98549,-18.423731,146.98549,site GPS,500,2.7,1.9,NA,Aken_4_Kelso
Aken_5_Kelso,ECT1,A. kenti,Aken,14,2,2023,Kelso,-18.423731,146.98549,-18.423731,146.98549,site GPS,500,4.5,3.7,NA,Aken_5_Kelso
Aken_6_Kelso,ECT1,A. kenti,Aken,14,2,2023,Kelso,-18.423731,146.98549,-18.423731,146.98549,site GPS,500,3.9,3.1,NA,Aken_6_Kelso
Aken_7_Kelso,ECT1,A. kenti,Aken,14,2,2023,Kelso,-18.423731,146.98549,-18.423731,146.98549,site GPS,500,4,3.2,NA,Aken_7_Kelso
Aken_8_Kelso,ECT1,A. kenti,Aken,14,2,2023,Kelso,-18.423731,146.98549,-18.423731,146.98549,site GPS,500,4,3.2,NA,Aken_8_Kelso
Aken_9_Kelso,ECT1,A. kenti,Aken,14,2,2023,Kelso,-18.423731,146.98549,-18.423731,146.98549,site GPS,500,3.6,2.8,NA,Aken_9_Kelso
Ahya_1_Pelorus ,ECT1,A. hyacinthus,Ahya,15,2,2023,Pelorus,-18.56062,146.50121,-18.56062,146.50121,site GPS,500,3.4,1.2,NA,Ahya_1_Pelorus 
Ahya_10_Pelorus ,ECT1,A. hyacinthus,Ahya,15,2,2023,Pelorus,-18.56062,146.50121,-18.56062,146.50121,site GPS,500,1.2,-0.9,NA,Ahya_10_Pelorus 
Ahya_11_Pelorus ,ECT1,A. hyacinthus,Ahya,15,2,2023,Pelorus,-18.56062,146.50121,-18.56062,146.50121,site GPS,500,1.5,-0.6,NA,Ahya_11_Pelorus 
Ahya_12_Pelorus ,ECT1,A. hyacinthus,Ahya,15,2,2023,Pelorus,-18.56062,146.50121,-18.56062,146.50121,site GPS,500,1.6,-0.5,NA,Ahya_12_Pelorus 
Ahya_13_Pelorus ,ECT1,A. hyacinthus,Ahya,15,2,2023,Pelorus,-18.56062,146.50121,-18.56062,146.50121,site GPS,500,1.2,-0.9,NA,Ahya_13_Pelorus 
Ahya_14_Pelorus ,ECT1,A. hyacinthus,Ahya,15,2,2023,Pelorus,-18.56062,146.50121,-18.56062,146.50121,site GPS,500,1.2,-0.9,NA,Ahya_14_Pelorus 
Ahya_15_Pelorus ,ECT1,A. hyacinthus,Ahya,15,2,2023,Pelorus,-18.56062,146.50121,-18.56062,146.50121,site GPS,500,1.6,-0.5,NA,Ahya_15_Pelorus 
Ahya_16_Pelorus ,ECT1,A. hyacinthus,Ahya,15,2,2023,Pelorus,-18.56062,146.50121,-18.56062,146.50121,site GPS,500,1.1,-1,NA,Ahya_16_Pelorus 
Ahya_17_Pelorus ,ECT1,A. hyacinthus,Ahya,15,2,2023,Pelorus,-18.56062,146.50121,-18.56062,146.50121,site GPS,500,1.2,-0.9,NA,Ahya_17_Pelorus 
Ahya_18_Pelorus ,ECT1,A. hyacinthus,Ahya,15,2,2023,Pelorus,-18.56062,146.50121,-18.56062,146.50121,site GPS,500,1.7,-0.4,NA,Ahya_18_Pelorus 
Ahya_19_Pelorus ,ECT1,A. hyacinthus,Ahya,15,2,2023,Pelorus,-18.56062,146.50121,-18.56062,146.50121,site GPS,500,1.2,-0.9,NA,Ahya_19_Pelorus 
Ahya_2_Pelorus ,ECT1,A. hyacinthus,Ahya,15,2,2023,Pelorus,-18.56062,146.50121,-18.56062,146.50121,site GPS,500,3.5,1.3,NA,Ahya_2_Pelorus 
Ahya_20_Pelorus ,ECT1,A. hyacinthus,Ahya,15,2,2023,Pelorus,-18.56062,146.50121,-18.56062,146.50121,site GPS,500,1.2,-0.9,NA,Ahya_20_Pelorus 
Ahya_21_Pelorus ,ECT1,A. hyacinthus,Ahya,15,2,2023,Pelorus,-18.56062,146.50121,-18.56062,146.50121,site GPS,500,1.1,-1,NA,Ahya_21_Pelorus 
Ahya_22_Pelorus ,ECT1,A. hyacinthus,Ahya,15,2,2023,Pelorus,-18.56062,146.50121,-18.56062,146.50121,site GPS,500,1.5,-0.6,NA,Ahya_22_Pelorus 
Ahya_23_Pelorus ,ECT1,A. hyacinthus,Ahya,15,2,2023,Pelorus,-18.56062,146.50121,-18.56062,146.50121,site GPS,500,1.2,-0.9,NA,Ahya_23_Pelorus 
Ahya_24_Pelorus ,ECT1,A. hyacinthus,Ahya,15,2,2023,Pelorus,-18.56062,146.50121,-18.56062,146.50121,site GPS,500,1.3,-0.7,NA,Ahya_24_Pelorus 
Ahya_25_Pelorus ,ECT1,A. hyacinthus,Ahya,15,2,2023,Pelorus,-18.56062,146.50121,-18.56062,146.50121,site GPS,500,1.3,-0.7,NA,Ahya_25_Pelorus 
Ahya_26_Pelorus ,ECT1,A. hyacinthus,Ahya,15,2,2023,Pelorus,-18.56062,146.50121,-18.56062,146.50121,site GPS,500,2.2,0.2,NA,Ahya_26_Pelorus 
Ahya_27_Pelorus ,ECT1,A. hyacinthus,Ahya,15,2,2023,Pelorus,-18.56062,146.50121,-18.56062,146.50121,site GPS,500,1.2,-0.8,NA,Ahya_27_Pelorus 
Ahya_28_Pelorus ,ECT1,A. hyacinthus,Ahya,15,2,2023,Pelorus,-18.56062,146.50121,-18.56062,146.50121,site GPS,500,1.3,-0.7,NA,Ahya_28_Pelorus 
Ahya_29_Pelorus ,ECT1,A. hyacinthus,Ahya,15,2,2023,Pelorus,-18.56062,146.50121,-18.56062,146.50121,site GPS,500,1.3,-0.7,NA,Ahya_29_Pelorus 
Ahya_3_Pelorus ,ECT1,A. hyacinthus,Ahya,15,2,2023,Pelorus,-18.56062,146.50121,-18.56062,146.50121,site GPS,500,2.8,0.6,NA,Ahya_3_Pelorus 
Ahya_30_Pelorus ,ECT1,A. hyacinthus,Ahya,15,2,2023,Pelorus,-18.56062,146.50121,-18.56062,146.50121,site GPS,500,1.3,-0.7,NA,Ahya_30_Pelorus 
Ahya_31_Pelorus ,ECT1,A. hyacinthus,Ahya,15,2,2023,Pelorus,-18.56062,146.50121,-18.56062,146.50121,site GPS,500,2.1,0.1,NA,Ahya_31_Pelorus 
Ahya_32_Pelorus ,ECT1,A. hyacinthus,Ahya,15,2,2023,Pelorus,-18.56062,146.50121,-18.56062,146.50121,site GPS,500,1.9,-0.1,NA,Ahya_32_Pelorus 
Ahya_33_Pelorus ,ECT1,A. hyacinthus,Ahya,15,2,2023,Pelorus,-18.56062,146.50121,-18.56062,146.50121,site GPS,500,1.2,-0.8,NA,Ahya_33_Pelorus 
Ahya_34_Pelorus ,ECT1,A. hyacinthus,Ahya,15,2,2023,Pelorus,-18.56062,146.50121,-18.56062,146.50121,site GPS,500,1,-1,NA,Ahya_34_Pelorus 
Ahya_35_Pelorus ,ECT1,A. hyacinthus,Ahya,15,2,2023,Pelorus,-18.56062,146.50121,-18.56062,146.50121,site GPS,500,1.6,-0.4,NA,Ahya_35_Pelorus 
Ahya_36_Pelorus ,ECT1,A. hyacinthus,Ahya,15,2,2023,Pelorus,-18.56062,146.50121,-18.56062,146.50121,site GPS,500,1.6,-0.4,NA,Ahya_36_Pelorus 
Ahya_37_Pelorus ,ECT1,A. hyacinthus,Ahya,15,2,2023,Pelorus,-18.56062,146.50121,-18.56062,146.50121,site GPS,500,1.2,-0.8,NA,Ahya_37_Pelorus 
Ahya_38_Pelorus ,ECT1,A. hyacinthus,Ahya,15,2,2023,Pelorus,-18.56062,146.50121,-18.56062,146.50121,site GPS,500,1.2,-0.7,NA,Ahya_38_Pelorus 
Ahya_39_Pelorus ,ECT1,A. hyacinthus,Ahya,15,2,2023,Pelorus,-18.56062,146.50121,-18.56062,146.50121,site GPS,500,1.1,-0.8,NA,Ahya_39_Pelorus 
Ahya_4_Pelorus ,ECT1,A. hyacinthus,Ahya,15,2,2023,Pelorus,-18.56062,146.50121,-18.56062,146.50121,site GPS,500,3.7,1.5,NA,Ahya_4_Pelorus 
Ahya_40_Pelorus ,ECT1,A. hyacinthus,Ahya,15,2,2023,Pelorus,-18.56062,146.50121,-18.56062,146.50121,site GPS,500,1.1,-0.8,NA,Ahya_40_Pelorus 
Ahya_5_Pelorus ,ECT1,A. hyacinthus,Ahya,15,2,2023,Pelorus,-18.56062,146.50121,-18.56062,146.50121,site GPS,500,2,-0.2,NA,Ahya_5_Pelorus 
Ahya_6_Pelorus ,ECT1,A. hyacinthus,Ahya,15,2,2023,Pelorus,-18.56062,146.50121,-18.56062,146.50121,site GPS,500,1.4,-0.8,NA,Ahya_6_Pelorus 
Ahya_7_Pelorus ,ECT1,A. hyacinthus,Ahya,15,2,2023,Pelorus,-18.56062,146.50121,-18.56062,146.50121,site GPS,500,1.4,-0.8,NA,Ahya_7_Pelorus 
Ahya_8_Pelorus ,ECT1,A. hyacinthus,Ahya,15,2,2023,Pelorus,-18.56062,146.50121,-18.56062,146.50121,site GPS,500,1.6,-0.5,NA,Ahya_8_Pelorus 
Ahya_9_Pelorus ,ECT1,A. hyacinthus,Ahya,15,2,2023,Pelorus,-18.56062,146.50121,-18.56062,146.50121,site GPS,500,1.7,-0.4,NA,Ahya_9_Pelorus 
Amil_1_Orpheus,ECT1,A. millepora,Amil,15,2,2023,Orpheus,-18.56992149,146.4922088,-18.56992149,146.4922088,colony GPS,10,1.3,NA,NA,Amil_1_Orpheus
Amil_1_SE_Pelorus,ECT1,A. millepora,Amil,15,2,2023,Pelorus,-18.55804835,146.4878799,-18.55804835,146.4878799,colony GPS,10,1.8,NA,NA,Amil_1_SE_Pelorus
Amil_1_SW_Pelorus,ECT1,A. millepora,Amil,15,2,2023,Pelorus,-18.55363,146.48859,-18.55363,146.48859,site GPS,500,1.7,NA,NA,Amil_1_SW_Pelorus
Amil_10_Orpheus,ECT1,A. millepora,Amil,15,2,2023,Orpheus,-18.56943861,146.4917387,-18.56943861,146.4917387,colony GPS,10,1.8,NA,NA,Amil_10_Orpheus
Amil_10_SE_Pelorus,ECT1,A. millepora,Amil,15,2,2023,Pelorus,-18.55803779,146.4878856,-18.55803779,146.4878856,colony GPS,10,1.2,NA,NA,Amil_10_SE_Pelorus
Amil_10_SW_Pelorus,ECT1,A. millepora,Amil,15,2,2023,Pelorus,-18.55363,146.48859,-18.55363,146.48859,site GPS,500,1.4,NA,NA,Amil_10_SW_Pelorus
Amil_11_Orpheus,ECT1,A. millepora,Amil,15,2,2023,Orpheus,-18.56941832,146.4917397,-18.56941832,146.4917397,colony GPS,10,1.9,NA,NA,Amil_11_Orpheus
Amil_11_SE_Pelorus,ECT1,A. millepora,Amil,15,2,2023,Pelorus,-18.55802857,146.487883,-18.55802857,146.487883,colony GPS,10,1.5,NA,NA,Amil_11_SE_Pelorus
Amil_11_SW_Pelorus,ECT1,A. millepora,Amil,15,2,2023,Pelorus,-18.55363,146.48859,-18.55363,146.48859,site GPS,500,1.9,NA,NA,Amil_11_SW_Pelorus
Amil_12_Orpheus,ECT1,A. millepora,Amil,15,2,2023,Orpheus,-18.56940089,146.4917395,-18.56940089,146.4917395,colony GPS,10,1.5,NA,NA,Amil_12_Orpheus
Amil_12_SE_Pelorus,ECT1,A. millepora,Amil,15,2,2023,Pelorus,-18.55803654,146.4878865,-18.55803654,146.4878865,colony GPS,10,1.6,NA,NA,Amil_12_SE_Pelorus
Amil_12_SW_Pelorus,ECT1,A. millepora,Amil,15,2,2023,Pelorus,-18.55363,146.48859,-18.55363,146.48859,site GPS,500,1.7,NA,NA,Amil_12_SW_Pelorus
Amil_13_Orpheus,ECT1,A. millepora,Amil,15,2,2023,Orpheus,-18.56938329,146.4917298,-18.56938329,146.4917298,colony GPS,10,1.7,NA,NA,Amil_13_Orpheus
Amil_13_SE_Pelorus,ECT1,A. millepora,Amil,15,2,2023,Pelorus,-18.55803662,146.4878872,-18.55803662,146.4878872,colony GPS,10,1.6,NA,NA,Amil_13_SE_Pelorus
Amil_13_SW_Pelorus,ECT1,A. millepora,Amil,15,2,2023,Pelorus,-18.55363,146.48859,-18.55363,146.48859,site GPS,500,1.9,NA,NA,Amil_13_SW_Pelorus
Amil_14_Orpheus,ECT1,A. millepora,Amil,15,2,2023,Orpheus,-18.56937859,146.4917195,-18.56937859,146.4917195,colony GPS,10,1.6,NA,NA,Amil_14_Orpheus
Amil_14_SE_Pelorus,ECT1,A. millepora,Amil,15,2,2023,Pelorus,-18.55803327,146.4878794,-18.55803327,146.4878794,colony GPS,10,1.8,NA,NA,Amil_14_SE_Pelorus
Amil_14_SW_Pelorus,ECT1,A. millepora,Amil,15,2,2023,Pelorus,-18.55363,146.48859,-18.55363,146.48859,site GPS,500,2.6,NA,NA,Amil_14_SW_Pelorus
Amil_15_Orpheus,ECT1,A. millepora,Amil,15,2,2023,Orpheus,-18.56938521,146.4917218,-18.56938521,146.4917218,colony GPS,10,1.7,NA,NA,Amil_15_Orpheus
Amil_15_SE_Pelorus,ECT1,A. millepora,Amil,15,2,2023,Pelorus,-18.55803385,146.4878851,-18.55803385,146.4878851,colony GPS,10,1.8,NA,NA,Amil_15_SE_Pelorus
Amil_15_SW_Pelorus,ECT1,A. millepora,Amil,15,2,2023,Pelorus,-18.55363,146.48859,-18.55363,146.48859,site GPS,500,2.4,NA,NA,Amil_15_SW_Pelorus
Amil_16_Orpheus,ECT1,A. millepora,Amil,15,2,2023,Orpheus,-18.56929938,146.4914631,-18.56929938,146.4914631,colony GPS,10,1.6,NA,NA,Amil_16_Orpheus
Amil_16_SE_Pelorus,ECT1,A. millepora,Amil,15,2,2023,Pelorus,-18.55803503,146.4878896,-18.55803503,146.4878896,colony GPS,10,1.8,NA,NA,Amil_16_SE_Pelorus
Amil_16_SW_Pelorus,ECT1,A. millepora,Amil,15,2,2023,Pelorus,-18.55363,146.48859,-18.55363,146.48859,site GPS,500,1.9,NA,NA,Amil_16_SW_Pelorus
Amil_17_Orpheus,ECT1,A. millepora,Amil,15,2,2023,Orpheus,-18.56896277,146.4908064,-18.56896277,146.4908064,colony GPS,10,1.6,NA,NA,Amil_17_Orpheus
Amil_17_SE_Pelorus,ECT1,A. millepora,Amil,15,2,2023,Pelorus,-18.55803612,146.4878914,-18.55803612,146.4878914,colony GPS,10,1.7,NA,NA,Amil_17_SE_Pelorus
Amil_17_SW_Pelorus,ECT1,A. millepora,Amil,15,2,2023,Pelorus,-18.55363,146.48859,-18.55363,146.48859,site GPS,500,2,NA,NA,Amil_17_SW_Pelorus
Amil_18_Orpheus,ECT1,A. millepora,Amil,15,2,2023,Orpheus,-18.5689191,146.4907364,-18.5689191,146.4907364,colony GPS,10,1.4,NA,NA,Amil_18_Orpheus
Amil_18_SE_Pelorus,ECT1,A. millepora,Amil,15,2,2023,Pelorus,-18.55849779,146.4883072,-18.55849779,146.4883072,colony GPS,10,1.8,NA,NA,Amil_18_SE_Pelorus
Amil_18_SW_Pelorus,ECT1,A. millepora,Amil,15,2,2023,Pelorus,-18.55363,146.48859,-18.55363,146.48859,site GPS,500,2.2,NA,NA,Amil_18_SW_Pelorus
Amil_19_Orpheus,ECT1,A. millepora,Amil,15,2,2023,Orpheus,-18.56888884,146.4907578,-18.56888884,146.4907578,colony GPS,10,1.7,NA,NA,Amil_19_Orpheus
Amil_19_SE_Pelorus,ECT1,A. millepora,Amil,15,2,2023,Pelorus,-18.55849293,146.4883105,-18.55849293,146.4883105,colony GPS,10,1.6,NA,NA,Amil_19_SE_Pelorus
Amil_19_SW_Pelorus,ECT1,A. millepora,Amil,15,2,2023,Pelorus,-18.55363,146.48859,-18.55363,146.48859,site GPS,500,2.3,NA,NA,Amil_19_SW_Pelorus
Amil_2_Orpheus,ECT1,A. millepora,Amil,15,2,2023,Orpheus,-18.56987472,146.4921279,-18.56987472,146.4921279,colony GPS,10,1.4,NA,NA,Amil_2_Orpheus
Amil_2_SE_Pelorus,ECT1,A. millepora,Amil,15,2,2023,Pelorus,-18.5580533,146.4878844,-18.5580533,146.4878844,colony GPS,10,1.8,NA,NA,Amil_2_SE_Pelorus
Amil_2_SW_Pelorus,ECT1,A. millepora,Amil,15,2,2023,Pelorus,-18.55363,146.48859,-18.55363,146.48859,site GPS,500,1.5,NA,NA,Amil_2_SW_Pelorus
Amil_20_Orpheus,ECT1,A. millepora,Amil,15,2,2023,Orpheus,-18.5688564,146.4907741,-18.5688564,146.4907741,colony GPS,10,2.1,NA,NA,Amil_20_Orpheus
Amil_20_SE_Pelorus,ECT1,A. millepora,Amil,15,2,2023,Pelorus,-18.55847072,146.4883292,-18.55847072,146.4883292,colony GPS,10,1.6,NA,NA,Amil_20_SE_Pelorus
Amil_20_SW_Pelorus,ECT1,A. millepora,Amil,15,2,2023,Pelorus,-18.55363,146.48859,-18.55363,146.48859,site GPS,500,2.3,NA,NA,Amil_20_SW_Pelorus
Amil_21_Orpheus,ECT1,A. millepora,Amil,15,2,2023,Orpheus,-18.56883905,146.4908557,-18.56883905,146.4908557,colony GPS,10,1.8,NA,NA,Amil_21_Orpheus
Amil_21_SE_Pelorus,ECT1,A. millepora,Amil,15,2,2023,Pelorus,-18.55845261,146.4883191,-18.55845261,146.4883191,colony GPS,10,2,NA,NA,Amil_21_SE_Pelorus
Amil_21_SW_Pelorus,ECT1,A. millepora,Amil,15,2,2023,Pelorus,-18.55363,146.48859,-18.55363,146.48859,site GPS,500,2.6,NA,NA,Amil_21_SW_Pelorus
Amil_22_Orpheus,ECT1,A. millepora,Amil,15,2,2023,Orpheus,-18.56878247,146.4905195,-18.56878247,146.4905195,colony GPS,10,1.6,NA,NA,Amil_22_Orpheus
Amil_22_SE_Pelorus,ECT1,A. millepora,Amil,15,2,2023,Pelorus,-18.5584475,146.4883128,-18.5584475,146.4883128,colony GPS,10,1.8,NA,NA,Amil_22_SE_Pelorus
Amil_22_SW_Pelorus,ECT1,A. millepora,Amil,15,2,2023,Pelorus,-18.55363,146.48859,-18.55363,146.48859,site GPS,500,2.8,NA,NA,Amil_22_SW_Pelorus
Amil_23_Orpheus,ECT1,A. millepora,Amil,15,2,2023,Orpheus,-18.56876085,146.4905306,-18.56876085,146.4905306,colony GPS,10,1.6,NA,NA,Amil_23_Orpheus
Amil_23_SE_Pelorus,ECT1,A. millepora,Amil,15,2,2023,Pelorus,-18.55845572,146.4883268,-18.55845572,146.4883268,colony GPS,10,1.9,NA,NA,Amil_23_SE_Pelorus
Amil_23_SW_Pelorus,ECT1,A. millepora,Amil,15,2,2023,Pelorus,-18.55363,146.48859,-18.55363,146.48859,site GPS,500,1.9,NA,NA,Amil_23_SW_Pelorus
Amil_24_Orpheus,ECT1,A. millepora,Amil,15,2,2023,Orpheus,NA,NA,NA,NA,no GPS or TBC,10,1.4,NA,NA,Amil_24_Orpheus
Amil_24_SE_Pelorus,ECT1,A. millepora,Amil,15,2,2023,Pelorus,-18.55845815,146.4883347,-18.55845815,146.4883347,colony GPS,10,1.9,NA,NA,Amil_24_SE_Pelorus
Amil_24_SW_Pelorus,ECT1,A. millepora,Amil,15,2,2023,Pelorus,-18.55363,146.48859,-18.55363,146.48859,site GPS,500,1.9,NA,NA,Amil_24_SW_Pelorus
Amil_25_Orpheus,ECT1,A. millepora,Amil,15,2,2023,Orpheus,-18.56879781,146.4906596,-18.56879781,146.4906596,colony GPS,10,1.9,NA,NA,Amil_25_Orpheus
Amil_25_SE_Pelorus,ECT1,A. millepora,Amil,15,2,2023,Pelorus,-18.55843208,146.4883408,-18.55843208,146.4883408,colony GPS,10,1.8,NA,NA,Amil_25_SE_Pelorus
Amil_25_SW_Pelorus,ECT1,A. millepora,Amil,15,2,2023,Pelorus,-18.55363,146.48859,-18.55363,146.48859,site GPS,500,1.9,NA,NA,Amil_25_SW_Pelorus
Amil_26_Orpheus,ECT1,A. millepora,Amil,15,2,2023,Orpheus,-18.56871927,146.4906518,-18.56871927,146.4906518,colony GPS,10,2,NA,NA,Amil_26_Orpheus
Amil_26_SE_Pelorus,ECT1,A. millepora,Amil,15,2,2023,Pelorus,-18.55841054,146.4883252,-18.55841054,146.4883252,colony GPS,10,1.8,NA,NA,Amil_26_SE_Pelorus
Amil_26_SW_Pelorus,ECT1,A. millepora,Amil,15,2,2023,Pelorus,-18.55363,146.48859,-18.55363,146.48859,site GPS,500,1.7,NA,NA,Amil_26_SW_Pelorus
Amil_27_Orpheus,ECT1,A. millepora,Amil,15,2,2023,Orpheus,-18.56869681,146.4906205,-18.56869681,146.4906205,colony GPS,10,1.8,NA,NA,Amil_27_Orpheus
Amil_27_SE_Pelorus,ECT1,A. millepora,Amil,15,2,2023,Pelorus,-18.55841347,146.4883134,-18.55841347,146.4883134,colony GPS,10,1.7,NA,NA,Amil_27_SE_Pelorus
Amil_27_SW_Pelorus,ECT1,A. millepora,Amil,15,2,2023,Pelorus,-18.55363,146.48859,-18.55363,146.48859,site GPS,500,2.5,NA,NA,Amil_27_SW_Pelorus
Amil_28_Orpheus,ECT1,A. millepora,Amil,15,2,2023,Orpheus,-18.56868139,146.4906179,-18.56868139,146.4906179,colony GPS,10,1.6,NA,NA,Amil_28_Orpheus
Amil_28_SE_Pelorus,ECT1,A. millepora,Amil,15,2,2023,Pelorus,-18.55841305,146.4883304,-18.55841305,146.4883304,colony GPS,10,1.7,NA,NA,Amil_28_SE_Pelorus
Amil_28_SW_Pelorus,ECT1,A. millepora,Amil,15,2,2023,Pelorus,-18.55363,146.48859,-18.55363,146.48859,site GPS,500,3.2,NA,NA,Amil_28_SW_Pelorus
Amil_29_Orpheus,ECT1,A. millepora,Amil,15,2,2023,Orpheus,-18.56866848,146.4906213,-18.56866848,146.4906213,colony GPS,10,1.8,NA,NA,Amil_29_Orpheus
Amil_29_SE_Pelorus,ECT1,A. millepora,Amil,15,2,2023,Pelorus,-18.55848773,146.4884287,-18.55848773,146.4884287,colony GPS,10,1.7,NA,NA,Amil_29_SE_Pelorus
Amil_29_SW_Pelorus,ECT1,A. millepora,Amil,15,2,2023,Pelorus,-18.55363,146.48859,-18.55363,146.48859,site GPS,500,3.1,NA,NA,Amil_29_SW_Pelorus
Amil_3_Orpheus,ECT1,A. millepora,Amil,15,2,2023,Orpheus,-18.56982937,146.4921283,-18.56982937,146.4921283,colony GPS,10,1.6,NA,NA,Amil_3_Orpheus
Amil_3_SE_Pelorus,ECT1,A. millepora,Amil,15,2,2023,Pelorus,-18.55805431,146.4878856,-18.55805431,146.4878856,colony GPS,10,1.8,NA,NA,Amil_3_SE_Pelorus
Amil_3_SW_Pelorus,ECT1,A. millepora,Amil,15,2,2023,Pelorus,-18.55363,146.48859,-18.55363,146.48859,site GPS,500,1.3,NA,NA,Amil_3_SW_Pelorus
Amil_30_Orpheus,ECT1,A. millepora,Amil,15,2,2023,Orpheus,-18.56865691,146.4906157,-18.56865691,146.4906157,colony GPS,10,1.9,NA,NA,Amil_30_Orpheus
Amil_30_SE_Pelorus,ECT1,A. millepora,Amil,15,2,2023,Pelorus,-18.55852503,146.488444,-18.55852503,146.488444,colony GPS,10,1.6,NA,NA,Amil_30_SE_Pelorus
Amil_31_Orpheus,ECT1,A. millepora,Amil,15,2,2023,Orpheus,-18.56863067,146.490576,-18.56863067,146.490576,colony GPS,10,1.8,NA,NA,Amil_31_Orpheus
Amil_31_SE_Pelorus,ECT1,A. millepora,Amil,15,2,2023,Pelorus,-18.55856946,146.4884753,-18.55856946,146.4884753,colony GPS,10,1.5,NA,NA,Amil_31_SE_Pelorus
Amil_32_Orpheus,ECT1,A. millepora,Amil,15,2,2023,Orpheus,-18.5684591,146.4902413,-18.5684591,146.4902413,colony GPS,10,1.8,NA,NA,Amil_32_Orpheus
Amil_32_SE_Pelorus,ECT1,A. millepora,Amil,15,2,2023,Pelorus,-18.5585817,146.4884761,-18.5585817,146.4884761,colony GPS,10,1.6,NA,NA,Amil_32_SE_Pelorus
Amil_33_Orpheus,ECT1,A. millepora,Amil,15,2,2023,Orpheus,-18.56846455,146.4902351,-18.56846455,146.4902351,colony GPS,10,1.8,NA,NA,Amil_33_Orpheus
Amil_33_SE_Pelorus,ECT1,A. millepora,Amil,15,2,2023,Pelorus,-18.55873374,146.4885342,-18.55873374,146.4885342,colony GPS,10,1.8,NA,NA,Amil_33_SE_Pelorus
Amil_34_Orpheus,ECT1,A. millepora,Amil,15,2,2023,Orpheus,-18.56851467,146.4901909,-18.56851467,146.4901909,colony GPS,10,1.9,NA,NA,Amil_34_Orpheus
Amil_34_SE_Pelorus,ECT1,A. millepora,Amil,15,2,2023,Pelorus,-18.55876023,146.4885373,-18.55876023,146.4885373,colony GPS,10,1.8,NA,NA,Amil_34_SE_Pelorus
Amil_35_Orpheus,ECT1,A. millepora,Amil,15,2,2023,Orpheus,-18.56852397,146.4901834,-18.56852397,146.4901834,colony GPS,10,1.6,NA,NA,Amil_35_Orpheus
Amil_35_SE_Pelorus,ECT1,A. millepora,Amil,15,2,2023,Pelorus,-18.55875344,146.4884098,-18.55875344,146.4884098,colony GPS,10,1.8,NA,NA,Amil_35_SE_Pelorus
Amil_36_Orpheus,ECT1,A. millepora,Amil,15,2,2023,Orpheus,-18.56853738,146.4901114,-18.56853738,146.4901114,colony GPS,10,1.8,NA,NA,Amil_36_Orpheus
Amil_36_SE_Pelorus,ECT1,A. millepora,Amil,15,2,2023,Pelorus,-18.55882653,146.4883185,-18.55882653,146.4883185,colony GPS,10,2.5,NA,NA,Amil_36_SE_Pelorus
Amil_37_Orpheus,ECT1,A. millepora,Amil,15,2,2023,Orpheus,-18.56836715,146.4898461,-18.56836715,146.4898461,colony GPS,10,1.6,NA,NA,Amil_37_Orpheus
Amil_37_SE_Pelorus,ECT1,A. millepora,Amil,15,2,2023,Pelorus,-18.55886165,146.488268,-18.55886165,146.488268,colony GPS,10,2.6,NA,NA,Amil_37_SE_Pelorus
Amil_38_Orpheus,ECT1,A. millepora,Amil,15,2,2023,Orpheus,-18.56834435,146.4897955,-18.56834435,146.4897955,colony GPS,10,2,NA,NA,Amil_38_Orpheus
Amil_38_SE_Pelorus,ECT1,A. millepora,Amil,15,2,2023,Pelorus,-18.55891529,146.488149,-18.55891529,146.488149,colony GPS,10,3.7,NA,NA,Amil_38_SE_Pelorus
Amil_39_Orpheus,ECT1,A. millepora,Amil,15,2,2023,Orpheus,-18.56807403,146.4895813,-18.56807403,146.4895813,colony GPS,10,1.8,NA,NA,Amil_39_Orpheus
Amil_39_SE_Pelorus,ECT1,A. millepora,Amil,15,2,2023,Pelorus,-18.55852755,146.4883012,-18.55852755,146.4883012,colony GPS,10,1.9,NA,NA,Amil_39_SE_Pelorus
Amil_4_Orpheus,ECT1,A. millepora,Amil,15,2,2023,Orpheus,-18.56981219,146.4921371,-18.56981219,146.4921371,colony GPS,10,1.6,NA,NA,Amil_4_Orpheus
Amil_4_SE_Pelorus,ECT1,A. millepora,Amil,15,2,2023,Pelorus,-18.55805556,146.4878777,-18.55805556,146.4878777,colony GPS,10,1.8,NA,NA,Amil_4_SE_Pelorus
Amil_4_SW_Pelorus,ECT1,A. millepora,Amil,15,2,2023,Pelorus,-18.55363,146.48859,-18.55363,146.48859,site GPS,500,1.8,NA,NA,Amil_4_SW_Pelorus
Amil_40_Orpheus,ECT1,A. millepora,Amil,15,2,2023,Orpheus,-18.5679882,146.489583,-18.5679882,146.489583,colony GPS,10,2.2,NA,NA,Amil_40_Orpheus
Amil_40_SE_Pelorus,ECT1,A. millepora,Amil,15,2,2023,Pelorus,-18.55853258,146.4883481,-18.55853258,146.4883481,colony GPS,10,1.7,NA,NA,Amil_40_SE_Pelorus
Amil_41_SE_Pelorus,ECT1,A. millepora,Amil,15,2,2023,Pelorus,-18.55853266,146.4883688,-18.55853266,146.4883688,colony GPS,10,1.7,NA,NA,Amil_41_SE_Pelorus
Amil_42_SE_Pelorus,ECT1,A. millepora,Amil,15,2,2023,Pelorus,-18.55853618,146.488396,-18.55853618,146.488396,colony GPS,10,1.5,NA,NA,Amil_42_SE_Pelorus
Amil_43_SE_Pelorus,ECT1,A. millepora,Amil,15,2,2023,Pelorus,-18.55848606,146.4883838,-18.55848606,146.4883838,colony GPS,10,1.8,NA,NA,Amil_43_SE_Pelorus
Amil_44_SE_Pelorus,ECT1,A. millepora,Amil,15,2,2023,Pelorus,-18.55846904,146.4883692,-18.55846904,146.4883692,colony GPS,10,1.9,NA,NA,Amil_44_SE_Pelorus
Amil_5_Orpheus,ECT1,A. millepora,Amil,15,2,2023,Orpheus,-18.56975427,146.4920384,-18.56975427,146.4920384,colony GPS,10,1.7,NA,NA,Amil_5_Orpheus
Amil_5_SE_Pelorus,ECT1,A. millepora,Amil,15,2,2023,Pelorus,-18.55805883,146.4878821,-18.55805883,146.4878821,colony GPS,10,1.5,NA,NA,Amil_5_SE_Pelorus
Amil_5_SW_Pelorus,ECT1,A. millepora,Amil,15,2,2023,Pelorus,-18.55363,146.48859,-18.55363,146.48859,site GPS,500,2.5,NA,NA,Amil_5_SW_Pelorus
Amil_6_Orpheus,ECT1,A. millepora,Amil,15,2,2023,Orpheus,-18.56969895,146.4919805,-18.56969895,146.4919805,colony GPS,10,1.6,NA,NA,Amil_6_Orpheus
Amil_6_SE_Pelorus,ECT1,A. millepora,Amil,15,2,2023,Pelorus,-18.55805741,146.4878855,-18.55805741,146.4878855,colony GPS,10,1.5,NA,NA,Amil_6_SE_Pelorus
Amil_6_SW_Pelorus,ECT1,A. millepora,Amil,15,2,2023,Pelorus,-18.55363,146.48859,-18.55363,146.48859,site GPS,500,2,NA,NA,Amil_6_SW_Pelorus
Amil_7_Orpheus,ECT1,A. millepora,Amil,15,2,2023,Orpheus,-18.56958454,146.4917105,-18.56958454,146.4917105,colony GPS,10,1.5,NA,NA,Amil_7_Orpheus
Amil_7_SE_Pelorus,ECT1,A. millepora,Amil,15,2,2023,Pelorus,-18.55805833,146.4878871,-18.55805833,146.4878871,colony GPS,10,1.5,NA,NA,Amil_7_SE_Pelorus
Amil_7_SW_Pelorus,ECT1,A. millepora,Amil,15,2,2023,Pelorus,-18.55363,146.48859,-18.55363,146.48859,site GPS,500,2.4,NA,NA,Amil_7_SW_Pelorus
Amil_8_Orpheus,ECT1,A. millepora,Amil,15,2,2023,Orpheus,-18.5695531,146.4917181,-18.5695531,146.4917181,colony GPS,10,1.7,NA,NA,Amil_8_Orpheus
Amil_8_SE_Pelorus,ECT1,A. millepora,Amil,15,2,2023,Pelorus,-18.558059,146.4878861,-18.558059,146.4878861,colony GPS,10,1.4,NA,NA,Amil_8_SE_Pelorus
Amil_8_SW_Pelorus,ECT1,A. millepora,Amil,15,2,2023,Pelorus,-18.55363,146.48859,-18.55363,146.48859,site GPS,500,1.2,NA,NA,Amil_8_SW_Pelorus
Amil_9_Orpheus,ECT1,A. millepora,Amil,15,2,2023,Orpheus,-18.56949527,146.4917431,-18.56949527,146.4917431,colony GPS,10,1.7,NA,NA,Amil_9_Orpheus
Amil_9_SE_Pelorus,ECT1,A. millepora,Amil,15,2,2023,Pelorus,-18.55805565,146.4878917,-18.55805565,146.4878917,colony GPS,10,1.3,NA,NA,Amil_9_SE_Pelorus
Amil_9_SW_Pelorus,ECT1,A. millepora,Amil,15,2,2023,Pelorus,-18.55363,146.48859,-18.55363,146.48859,site GPS,500,1.6,NA,NA,Amil_9_SW_Pelorus
Aken_1820,ECT1,A. kenti,Aken,15,2,2023,Pelorus,-18.55884857,146.5023281,-18.55884857,146.5023281,colony GPS,10,4.6,2.3,NA,Aken_1820
Aken_1821,ECT1,A. kenti,Aken,15,2,2023,Pelorus,-18.55885134,146.5023373,-18.55885134,146.5023373,colony GPS,10,4.5,2.2,NA,Aken_1821
Aken_1822,ECT1,A. kenti,Aken,15,2,2023,Pelorus,-18.55911965,146.5023042,-18.55911965,146.5023042,colony GPS,10,5.5,3.2,NA,Aken_1822
Aken_1823,ECT1,A. kenti,Aken,15,2,2023,Pelorus,-18.55912434,146.5022438,-18.55912434,146.5022438,colony GPS,10,5.1,2.8,NA,Aken_1823
Aken_1824,ECT1,A. kenti,Aken,15,2,2023,Pelorus,-18.55914177,146.5022074,-18.55914177,146.5022074,colony GPS,10,6.9,4.7,NA,Aken_1824
Aken_1825,ECT1,A. kenti,Aken,15,2,2023,Pelorus,-18.55916575,146.5023315,-18.55916575,146.5023315,colony GPS,10,5.8,3.6,NA,Aken_1825
Aken_1826,ECT1,A. kenti,Aken,15,2,2023,Pelorus,-18.55918628,146.5022991,-18.55918628,146.5022991,colony GPS,10,6,3.8,NA,Aken_1826
Aken_1827,ECT1,A. kenti,Aken,15,2,2023,Pelorus,-18.55919617,146.5022861,-18.55919617,146.5022861,colony GPS,10,6.2,4,NA,Aken_1827
Aken_1828,ECT1,A. kenti,Aken,15,2,2023,Pelorus,-18.55923406,146.502259,-18.55923406,146.502259,colony GPS,10,6.2,4,NA,Aken_1828
Aken_1910,ECT1,A. kenti,Aken,15,2,2023,Pelorus,-18.55925652,146.5022638,-18.55925652,146.5022638,colony GPS,10,6.4,4.2,NA,Aken_1910
Aken_1911,ECT1,A. kenti,Aken,15,2,2023,Pelorus,-18.5592991,146.5022635,-18.5592991,146.5022635,colony GPS,10,6,3.8,NA,Aken_1911
Aken_1912,ECT1,A. kenti,Aken,15,2,2023,Pelorus,-18.5592986,146.5024177,-18.5592986,146.5024177,colony GPS,10,7.1,4.9,NA,Aken_1912
Aken_1913,ECT1,A. kenti,Aken,15,2,2023,Pelorus,-18.55934688,146.5024284,-18.55934688,146.5024284,colony GPS,10,7.7,5.5,NA,Aken_1913
Aken_1914,ECT1,A. kenti,Aken,15,2,2023,Pelorus,-18.559353,146.5024204,-18.559353,146.5024204,colony GPS,10,7.6,5.4,NA,Aken_1914
Aken_1915,ECT1,A. kenti,Aken,15,2,2023,Pelorus,-18.55934755,146.5024037,-18.55934755,146.5024037,colony GPS,10,7.3,5.1,NA,Aken_1915
Aken_1916,ECT1,A. kenti,Aken,15,2,2023,Pelorus,-18.5592406,146.502305,-18.5592406,146.502305,colony GPS,10,6,3.8,NA,Aken_1916
Aken_1917,ECT1,A. kenti,Aken,15,2,2023,Pelorus,-18.55925418,146.5023385,-18.55925418,146.5023385,colony GPS,10,6.3,4.1,NA,Aken_1917
Aken_1918,ECT1,A. kenti,Aken,15,2,2023,Pelorus,-18.55924688,146.5023401,-18.55924688,146.5023401,colony GPS,10,6.3,4.1,NA,Aken_1918
Aken_1919,ECT1,A. kenti,Aken,15,2,2023,Pelorus,-18.55924261,146.5023675,-18.55924261,146.5023675,colony GPS,10,6.3,4.1,NA,Aken_1919
Aken_1920,ECT1,A. kenti,Aken,15,2,2023,Pelorus,-18.55923238,146.5023721,-18.55923238,146.5023721,colony GPS,10,6.8,4.6,NA,Aken_1920
Aken_1921,ECT1,A. kenti,Aken,15,2,2023,Pelorus,-18.5592323,146.5023747,-18.5592323,146.5023747,colony GPS,10,7.1,4.9,NA,Aken_1921
Aken_1922,ECT1,A. kenti,Aken,15,2,2023,Pelorus,-18.55920556,146.5024016,-18.55920556,146.5024016,colony GPS,10,7.1,4.9,NA,Aken_1922
Aken_1923,ECT1,A. kenti,Aken,15,2,2023,Pelorus,-18.55920967,146.5023961,-18.55920967,146.5023961,colony GPS,10,6.8,4.6,NA,Aken_1923
Aken_1924,ECT1,A. kenti,Aken,15,2,2023,Pelorus,-18.55920154,146.5023737,-18.55920154,146.5023737,colony GPS,10,6.8,4.5,NA,Aken_1924
Aken_1925,ECT1,A. kenti,Aken,15,2,2023,Pelorus,-18.55918997,146.5023602,-18.55918997,146.5023602,colony GPS,10,6.2,3.9,NA,Aken_1925
Aken_1926,ECT1,A. kenti,Aken,15,2,2023,Pelorus,-18.55916181,146.5024404,-18.55916181,146.5024404,colony GPS,10,6.8,4.5,NA,Aken_1926
Aken_1927,ECT1,A. kenti,Aken,15,2,2023,Pelorus,-18.55911973,146.5024784,-18.55911973,146.5024784,colony GPS,10,7.1,4.8,NA,Aken_1927
Aken_1928,ECT1,A. kenti,Aken,15,2,2023,Pelorus,-18.55911772,146.5024799,-18.55911772,146.5024799,colony GPS,10,7.5,5.2,NA,Aken_1928
Aken_1929,ECT1,A. kenti,Aken,15,2,2023,Pelorus,-18.55909986,146.502398,-18.55909986,146.502398,colony GPS,10,7.2,4.9,NA,Aken_1929
Aken_1930,ECT1,A. kenti,Aken,15,2,2023,Pelorus,-18.55908905,146.5023505,-18.55908905,146.5023505,colony GPS,10,6.4,4.1,NA,Aken_1930
Aken_1931,ECT1,A. kenti,Aken,15,2,2023,Pelorus,-18.55938133,146.5024063,-18.55938133,146.5024063,colony GPS,10,7.6,5.5,NA,Aken_1931
Aken_1932,ECT1,A. kenti,Aken,15,2,2023,Pelorus,-18.5593882,146.50239,-18.5593882,146.50239,colony GPS,10,7.1,5,NA,Aken_1932
Aken_1933,ECT1,A. kenti,Aken,15,2,2023,Pelorus,-18.55939709,146.5023489,-18.55939709,146.5023489,colony GPS,10,6.7,4.6,NA,Aken_1933
Aken_1934,ECT1,A. kenti,Aken,15,2,2023,Pelorus,-18.55939474,146.5022841,-18.55939474,146.5022841,colony GPS,10,6.5,4.4,NA,Aken_1934
Aken_1935,ECT1,A. kenti,Aken,15,2,2023,Pelorus,-18.55943514,146.5022958,-18.55943514,146.5022958,colony GPS,10,6.1,4,NA,Aken_1935
Aken_1936,ECT1,A. kenti,Aken,15,2,2023,Pelorus,-18.55943992,146.5022733,-18.55943992,146.5022733,colony GPS,10,6.6,4.5,NA,Aken_1936
Aken_1937,ECT1,A. kenti,Aken,15,2,2023,Pelorus,-18.55949331,146.5022597,-18.55949331,146.5022597,colony GPS,10,7,4.9,NA,Aken_1937
Aken_1938,ECT1,A. kenti,Aken,15,2,2023,Pelorus,-18.55950085,146.5022298,-18.55950085,146.5022298,colony GPS,10,5.8,3.7,NA,Aken_1938
Aken_1939,ECT1,A. kenti,Aken,15,2,2023,Pelorus,-18.55953748,146.5022144,-18.55953748,146.5022144,colony GPS,10,5.8,3.7,NA,Aken_1939
Aken_1940,ECT1,A. kenti,Aken,15,2,2023,Pelorus,-18.55954721,146.5022098,-18.55954721,146.5022098,colony GPS,10,5.8,3.7,NA,Aken_1940
Aken_1941,ECT1,A. kenti,Aken,15,2,2023,Pelorus,-18.55961669,146.5021827,-18.55961669,146.5021827,colony GPS,10,6.4,4.4,NA,Aken_1941
Aken_1942,ECT1,A. kenti,Aken,15,2,2023,Pelorus,-18.55966162,146.5021779,-18.55966162,146.5021779,colony GPS,10,6,4,NA,Aken_1942
Aken_1943,ECT1,A. kenti,Aken,15,2,2023,Pelorus,-18.55969079,146.5021845,-18.55969079,146.5021845,colony GPS,10,6.2,4.2,NA,Aken_1943
Aken_1944,ECT1,A. kenti,Aken,15,2,2023,Pelorus,-18.55969423,146.502187,-18.55969423,146.502187,colony GPS,10,6.3,4.3,NA,Aken_1944
Aken_1945,ECT1,A. kenti,Aken,15,2,2023,Pelorus,-18.55971375,146.5021954,-18.55971375,146.5021954,colony GPS,10,7.5,5.5,NA,Aken_1945
Aken_1946,ECT1,A. kenti,Aken,15,2,2023,Pelorus,-18.55926105,146.5023082,-18.55926105,146.5023082,colony GPS,10,5.8,3.6,NA,Aken_1946
Aken_1947,ECT1,A. kenti,Aken,15,2,2023,Pelorus,-18.55923951,146.5022608,-18.55923951,146.5022608,colony GPS,10,6.1,3.9,NA,Aken_1947
Aken_1948,ECT1,A. kenti,Aken,15,2,2023,Pelorus,-18.55923666,146.5022449,-18.55923666,146.5022449,colony GPS,10,5.6,3.5,NA,Aken_1948
Aken_1949,ECT1,A. kenti,Aken,15,2,2023,Pelorus,-18.55921394,146.5022047,-18.55921394,146.5022047,colony GPS,10,5.2,3.1,NA,Aken_1949
Aken_1950,ECT1,A. kenti,Aken,15,2,2023,Pelorus,-18.55921285,146.5021914,-18.55921285,146.5021914,colony GPS,10,6.1,4,NA,Aken_1950
Aken_1951,ECT1,A. kenti,Aken,15,2,2023,Pelorus,-18.55922735,146.5022124,-18.55922735,146.5022124,colony GPS,10,5.5,3.4,NA,Aken_1951
Aken_1952,ECT1,A. kenti,Aken,15,2,2023,Pelorus,-18.55928293,146.5022094,-18.55928293,146.5022094,colony GPS,10,5.8,3.7,NA,Aken_1952
Aken_1953,ECT1,A. kenti,Aken,15,2,2023,Pelorus,-18.55930715,146.5022261,-18.55930715,146.5022261,colony GPS,10,6.1,4,NA,Aken_1953
Aken_1954,ECT1,A. kenti,Aken,15,2,2023,Pelorus,-18.55936046,146.5022084,-18.55936046,146.5022084,colony GPS,10,6,3.9,NA,Aken_1954
Aken_1955,ECT1,A. kenti,Aken,15,2,2023,Pelorus,-18.55936037,146.50221,-18.55936037,146.50221,colony GPS,10,6.1,4,NA,Aken_1955
Aken_1956,ECT1,A. kenti,Aken,15,2,2023,Pelorus,-18.55937672,146.5022116,-18.55937672,146.5022116,colony GPS,10,6.2,4.1,NA,Aken_1956
Aken_1957,ECT1,A. kenti,Aken,15,2,2023,Pelorus,-18.55939055,146.5022184,-18.55939055,146.5022184,colony GPS,10,5.4,3.3,NA,Aken_1957
Aken_1958,ECT1,A. kenti,Aken,15,2,2023,Pelorus,-18.55944042,146.5022716,-18.55944042,146.5022716,colony GPS,10,6.2,4.2,NA,Aken_1958
Aken_1959,ECT1,A. kenti,Aken,15,2,2023,Pelorus,-18.55944637,146.5022736,-18.55944637,146.5022736,colony GPS,10,6.2,4.2,NA,Aken_1959
Aken_1960,ECT1,A. kenti,Aken,15,2,2023,Pelorus,-18.55944352,146.5022779,-18.55944352,146.5022779,colony GPS,10,6.4,4.4,NA,Aken_1960
Aken_1_Orpheus,ECT1,A. kenti,Aken,16,2,2023,Orpheus,-18.56877099,146.4904606,-18.56877099,146.4904606,colony GPS,10,3,1.1,NA,Aken_1_Orpheus
Aken_10_Orpheus,ECT1,A. kenti,Aken,16,2,2023,Orpheus,-18.56863864,146.4901015,-18.56863864,146.4901015,colony GPS,10,2.6,0.6,NA,Aken_10_Orpheus
Aken_11_Orpheus,ECT1,A. kenti,Aken,16,2,2023,Orpheus,-18.56862548,146.4902958,-18.56862548,146.4902958,colony GPS,10,1.5,-0.5,NA,Aken_11_Orpheus
Aken_12_Orpheus,ECT1,A. kenti,Aken,16,2,2023,Orpheus,-18.56848483,146.4902207,-18.56848483,146.4902207,colony GPS,10,1.8,-0.2,NA,Aken_12_Orpheus
Aken_13_Orpheus,ECT1,A. kenti,Aken,16,2,2023,Orpheus,-18.56853738,146.4901114,-18.56853738,146.4901114,colony GPS,10,1.9,-0.1,NA,Aken_13_Orpheus
Aken_14_Orpheus,ECT1,A. kenti,Aken,16,2,2023,Orpheus,-18.56854635,146.4900166,-18.56854635,146.4900166,colony GPS,10,1.9,-0.1,NA,Aken_14_Orpheus
Aken_15_Orpheus,ECT1,A. kenti,Aken,16,2,2023,Orpheus,-18.56821225,146.4896096,-18.56821225,146.4896096,colony GPS,10,1.8,-0.3,NA,Aken_15_Orpheus
Aken_16_Orpheus,ECT1,A. kenti,Aken,16,2,2023,Orpheus,-18.56793531,146.4895094,-18.56793531,146.4895094,colony GPS,10,1.8,-0.3,NA,Aken_16_Orpheus
Aken_17_Orpheus,ECT1,A. kenti,Aken,16,2,2023,Orpheus,-18.5679421,146.4894663,-18.5679421,146.4894663,colony GPS,10,2.2,0.1,NA,Aken_17_Orpheus
Aken_18_Orpheus,ECT1,A. kenti,Aken,16,2,2023,Orpheus,-18.56794093,146.4894123,-18.56794093,146.4894123,colony GPS,10,2.6,0.5,NA,Aken_18_Orpheus
Aken_19_Orpheus,ECT1,A. kenti,Aken,16,2,2023,Orpheus,-18.56788175,146.4892778,-18.56788175,146.4892778,colony GPS,10,2,-0.1,NA,Aken_19_Orpheus
Aken_2_Orpheus,ECT1,A. kenti,Aken,16,2,2023,Orpheus,-18.56879999,146.4905643,-18.56879999,146.4905643,colony GPS,10,2.1,0.2,NA,Aken_2_Orpheus
Aken_20_Orpheus,ECT1,A. kenti,Aken,16,2,2023,Orpheus,-18.56610102,146.4885199,-18.56610102,146.4885199,colony GPS,10,2.6,0.4,NA,Aken_20_Orpheus
Aken_21_Orpheus,ECT1,A. kenti,Aken,16,2,2023,Orpheus,-18.56381712,146.486584,-18.56381712,146.486584,colony GPS,10,2,-0.2,NA,Aken_21_Orpheus
Aken_22_Orpheus,ECT1,A. kenti,Aken,16,2,2023,Orpheus,-18.56330917,146.4863674,-18.56330917,146.4863674,colony GPS,10,2.1,-0.1,NA,Aken_22_Orpheus
Aken_23_Orpheus,ECT1,A. kenti,Aken,16,2,2023,Orpheus,-18.56330724,146.4864401,-18.56330724,146.4864401,colony GPS,10,2.2,0,NA,Aken_23_Orpheus
Aken_24_Orpheus,ECT1,A. kenti,Aken,16,2,2023,Orpheus,-18.56340305,146.4863859,-18.56340305,146.4863859,colony GPS,10,2.4,0.2,NA,Aken_24_Orpheus
Aken_25_Orpheus,ECT1,A. kenti,Aken,16,2,2023,Orpheus,-18.56339668,146.4863885,-18.56339668,146.4863885,colony GPS,10,2.5,0.3,NA,Aken_25_Orpheus
Aken_26_Orpheus,ECT1,A. kenti,Aken,16,2,2023,Orpheus,-18.56332032,146.4864418,-18.56332032,146.4864418,colony GPS,10,2.2,-0.1,NA,Aken_26_Orpheus
Aken_27_Orpheus,ECT1,A. kenti,Aken,16,2,2023,Orpheus,-18.56331336,146.4864366,-18.56331336,146.4864366,colony GPS,10,2,-0.3,NA,Aken_27_Orpheus
Aken_28_Orpheus,ECT1,A. kenti,Aken,16,2,2023,Orpheus,-18.56331102,146.4864329,-18.56331102,146.4864329,colony GPS,10,2.8,0.5,NA,Aken_28_Orpheus
Aken_29_Orpheus,ECT1,A. kenti,Aken,16,2,2023,Orpheus,-18.56333859,146.4864204,-18.56333859,146.4864204,colony GPS,10,3.6,1.3,NA,Aken_29_Orpheus
Aken_3_Orpheus,ECT1,A. kenti,Aken,16,2,2023,Orpheus,-18.56874735,146.4906594,-18.56874735,146.4906594,colony GPS,10,2.1,0.2,NA,Aken_3_Orpheus
Aken_30_Orpheus,ECT1,A. kenti,Aken,16,2,2023,Orpheus,-18.56332367,146.4864075,-18.56332367,146.4864075,colony GPS,10,3,0.7,NA,Aken_30_Orpheus
Aken_4_Orpheus,ECT1,A. kenti,Aken,16,2,2023,Orpheus,-18.56869681,146.4906205,-18.56869681,146.4906205,colony GPS,10,2,0.1,NA,Aken_4_Orpheus
Aken_5_Orpheus,ECT1,A. kenti,Aken,16,2,2023,Orpheus,-18.56868139,146.4906179,-18.56868139,146.4906179,colony GPS,10,1.8,-0.1,NA,Aken_5_Orpheus
Aken_6_Orpheus,ECT1,A. kenti,Aken,16,2,2023,Orpheus,-18.56866848,146.4906213,-18.56866848,146.4906213,colony GPS,10,1.7,-0.2,NA,Aken_6_Orpheus
Aken_7_Orpheus,ECT1,A. kenti,Aken,16,2,2023,Orpheus,-18.56865775,146.4905703,-18.56865775,146.4905703,colony GPS,10,2.1,0.2,NA,Aken_7_Orpheus
Aken_8_Orpheus,ECT1,A. kenti,Aken,16,2,2023,Orpheus,-18.5686984,146.4904465,-18.5686984,146.4904465,colony GPS,10,2.1,0.1,NA,Aken_8_Orpheus
Aken_9_Orpheus,ECT1,A. kenti,Aken,16,2,2023,Orpheus,-18.56866756,146.4903183,-18.56866756,146.4903183,colony GPS,10,2.4,0.4,NA,Aken_9_Orpheus
Ahya_1829_Pelorus ,ECT1,A. hyacinthus,Ahya,18,2,2023,Pelorus,-18.5375998,146.4970958,-18.5375998,146.4970958,colony GPS,10,1.4,0.3,NA,Ahya_1829_Pelorus 
Ahya_1830_Pelorus ,ECT1,A. hyacinthus,Ahya,18,2,2023,Pelorus,-18.5373227,146.4947838,-18.5373227,146.4947838,colony GPS,10,1.3,0.2,NA,Ahya_1830_Pelorus 
Ahya_1831_Pelorus ,ECT1,A. hyacinthus,Ahya,18,2,2023,Pelorus,-18.5369721,146.4943978,-18.5369721,146.4943978,colony GPS,10,1.4,0.3,NA,Ahya_1831_Pelorus 
Ahya_1832_Pelorus ,ECT1,A. hyacinthus,Ahya,18,2,2023,Pelorus,-18.5375261,146.4942126,-18.5375261,146.4942126,colony GPS,10,1.3,0.2,NA,Ahya_1832_Pelorus 
Ahya_1833_Pelorus ,ECT1,A. hyacinthus,Ahya,18,2,2023,Pelorus,-18.5375863,146.4939459,-18.5375863,146.4939459,colony GPS,10,1.9,0.8,NA,Ahya_1833_Pelorus 
Ahya_1834_Pelorus ,ECT1,A. hyacinthus,Ahya,18,2,2023,Pelorus,-18.5376581,146.4939824,-18.5376581,146.4939824,colony GPS,10,2,0.8,NA,Ahya_1834_Pelorus 
Ahya_1835_Pelorus ,ECT1,A. hyacinthus,Ahya,18,2,2023,Pelorus,-18.5377041,146.4938953,-18.5377041,146.4938953,colony GPS,10,2,0.8,NA,Ahya_1835_Pelorus 
Ahya_1836_Pelorus ,ECT1,A. hyacinthus,Ahya,18,2,2023,Pelorus,-18.5375611,146.4938685,-18.5375611,146.4938685,colony GPS,10,1.6,0.4,NA,Ahya_1836_Pelorus 
Ahya_1837_Pelorus ,ECT1,A. hyacinthus,Ahya,18,2,2023,Pelorus,-18.5375252,146.4938283,-18.5375252,146.4938283,colony GPS,10,1.5,0.3,NA,Ahya_1837_Pelorus 
Ahya_1844_Pelorus ,ECT1,A. hyacinthus,Ahya,18,2,2023,Pelorus,-18.53748,146.4944253,-18.53748,146.4944253,colony GPS,10,3.4,2.3,NA,Ahya_1844_Pelorus 
Ahya_1845_Pelorus ,ECT1,A. hyacinthus,Ahya,18,2,2023,Pelorus,-18.53743,146.4946393,-18.53743,146.4946393,colony GPS,10,2.6,1.5,NA,Ahya_1845_Pelorus 
Ahya_1846_Pelorus ,ECT1,A. hyacinthus,Ahya,18,2,2023,Pelorus,-18.537277,146.4946914,-18.537277,146.4946914,colony GPS,10,3.4,2.2,NA,Ahya_1846_Pelorus 
Ahya_1847_Pelorus ,ECT1,A. hyacinthus,Ahya,18,2,2023,Pelorus,-18.537578,146.4945813,-18.537578,146.4945813,colony GPS,10,2.7,1.5,NA,Ahya_1847_Pelorus 
Ahya_1848_Pelorus ,ECT1,A. hyacinthus,Ahya,18,2,2023,Pelorus,-18.537601,146.4946002,-18.537601,146.4946002,colony GPS,10,2.5,1.3,NA,Ahya_1848_Pelorus 
Ahya_1849_Pelorus ,ECT1,A. hyacinthus,Ahya,18,2,2023,Pelorus,-18.537723,146.4946233,-18.537723,146.4946233,colony GPS,10,2.3,1,NA,Ahya_1849_Pelorus 
Ahya_1850_Pelorus ,ECT1,A. hyacinthus,Ahya,18,2,2023,Pelorus,-18.537858,146.4946064,-18.537858,146.4946064,colony GPS,10,1.1,-0.3,NA,Ahya_1850_Pelorus 
Ahya_1851_Pelorus ,ECT1,A. hyacinthus,Ahya,18,2,2023,Pelorus,-18.537898,146.4945286,-18.537898,146.4945286,colony GPS,10,1.3,-0.1,NA,Ahya_1851_Pelorus 
Ahya_1852_Pelorus ,ECT1,A. hyacinthus,Ahya,18,2,2023,Pelorus,-18.537838,146.4944951,-18.537838,146.4944951,colony GPS,10,1.9,0.5,NA,Ahya_1852_Pelorus 
Ahya_1853_Pelorus ,ECT1,A. hyacinthus,Ahya,18,2,2023,Pelorus,-18.537745,146.4945033,-18.537745,146.4945033,colony GPS,10,2,0.6,NA,Ahya_1853_Pelorus 
Ahya_1854_Pelorus ,ECT1,A. hyacinthus,Ahya,18,2,2023,Pelorus,-18.537945,146.4943419,-18.537945,146.4943419,colony GPS,10,1.4,-0.1,NA,Ahya_1854_Pelorus 
Ahya_1855_Pelorus ,ECT1,A. hyacinthus,Ahya,18,2,2023,Pelorus,-18.537983,146.4943046,-18.537983,146.4943046,colony GPS,10,1,-0.6,NA,Ahya_1855_Pelorus 
Ahya_1856_Pelorus ,ECT1,A. hyacinthus,Ahya,18,2,2023,Pelorus,-18.537944,146.4943034,-18.537944,146.4943034,colony GPS,10,1.4,-0.2,NA,Ahya_1856_Pelorus 
Ahya_1_Chicken,ECT1,A. hyacinthus,Ahya,19,2,2023,Chicken,-18.654948,147.7094633,-18.654948,147.7094633,colony GPS,10,1.3,0.4,NA,Ahya_1_Chicken
Ahya_10_Chicken,ECT1,A. hyacinthus,Ahya,19,2,2023,Chicken,-18.654217,147.7098152,-18.654217,147.7098152,colony GPS,10,0.8,-0.2,NA,Ahya_10_Chicken
Ahya_11_Chicken,ECT1,A. hyacinthus,Ahya,19,2,2023,Chicken,-18.654186,147.7098086,-18.654186,147.7098086,colony GPS,10,1,0,NA,Ahya_11_Chicken
Ahya_12_Chicken,ECT1,A. hyacinthus,Ahya,19,2,2023,Chicken,-18.654149,147.7098089,-18.654149,147.7098089,colony GPS,10,1.4,0.4,NA,Ahya_12_Chicken
Ahya_13_Chicken,ECT1,A. hyacinthus,Ahya,19,2,2023,Chicken,-18.654151,147.709808,-18.654151,147.709808,colony GPS,10,1.2,0.2,NA,Ahya_13_Chicken
Ahya_14_Chicken,ECT1,A. hyacinthus,Ahya,19,2,2023,Chicken,-18.654152,147.7097586,-18.654152,147.7097586,colony GPS,10,1.2,0.2,NA,Ahya_14_Chicken
Ahya_15_Chicken,ECT1,A. hyacinthus,Ahya,19,2,2023,Chicken,-18.65407,147.7098029,-18.65407,147.7098029,colony GPS,10,1.3,0.2,NA,Ahya_15_Chicken
Ahya_16_Chicken,ECT1,A. hyacinthus,Ahya,19,2,2023,Chicken,-18.654063,147.7098172,-18.654063,147.7098172,colony GPS,10,1.1,0,NA,Ahya_16_Chicken
Ahya_17_Chicken,ECT1,A. hyacinthus,Ahya,19,2,2023,Chicken,-18.65398,147.7099723,-18.65398,147.7099723,colony GPS,10,1.4,0.3,NA,Ahya_17_Chicken
Ahya_18_Chicken,ECT1,A. hyacinthus,Ahya,19,2,2023,Chicken,-18.654165,147.7100503,-18.654165,147.7100503,colony GPS,10,1.5,0.4,NA,Ahya_18_Chicken
Ahya_1838,ECT1,A. hyacinthus,Ahya,19,2,2023,Chicken,-18.670042,147.7074879,-18.670042,147.7074879,colony GPS,10,0.8,0.1,NA,Ahya_1838
Ahya_1839,ECT1,A. hyacinthus,Ahya,19,2,2023,Chicken,-18.67003,147.7074275,-18.67003,147.7074275,colony GPS,10,0.7,0,NA,Ahya_1839
Ahya_1840,ECT1,A. hyacinthus,Ahya,19,2,2023,Chicken,-18.669994,147.7073892,-18.669994,147.7073892,colony GPS,10,0.7,0,NA,Ahya_1840
Ahya_1841,ECT1,A. hyacinthus,Ahya,19,2,2023,Chicken,-18.670001,147.7072808,-18.670001,147.7072808,colony GPS,10,0.7,-0.1,NA,Ahya_1841
Ahya_1842,ECT1,A. hyacinthus,Ahya,19,2,2023,Chicken,-18.670107,147.7067266,-18.670107,147.7067266,colony GPS,10,0.7,-0.1,NA,Ahya_1842
Ahya_1843,ECT1,A. hyacinthus,Ahya,19,2,2023,Chicken,-18.670077,147.706557,-18.670077,147.706557,colony GPS,10,0.7,-0.1,NA,Ahya_1843
Ahya_1857,ECT1,A. hyacinthus,Ahya,19,2,2023,Chicken,-18.670141,147.7063916,-18.670141,147.7063916,colony GPS,10,0.7,-0.1,NA,Ahya_1857
Ahya_19_Chicken,ECT1,A. hyacinthus,Ahya,19,2,2023,Chicken,-18.654166,147.7100622,-18.654166,147.7100622,colony GPS,10,1.1,0,NA,Ahya_19_Chicken
Ahya_2_Chicken,ECT1,A. hyacinthus,Ahya,19,2,2023,Chicken,-18.654654,147.7094135,-18.654654,147.7094135,colony GPS,10,1.5,0.6,NA,Ahya_2_Chicken
Ahya_20_Chicken,ECT1,A. hyacinthus,Ahya,19,2,2023,Chicken,-18.654042,147.710119,-18.654042,147.710119,colony GPS,10,1.1,0,NA,Ahya_20_Chicken
Ahya_21_Chicken,ECT1,A. hyacinthus,Ahya,19,2,2023,Chicken,-18.654027,147.7101427,-18.654027,147.7101427,colony GPS,10,1.2,0.1,NA,Ahya_21_Chicken
Ahya_22_Chicken,ECT1,A. hyacinthus,Ahya,19,2,2023,Chicken,-18.654,147.7101735,-18.654,147.7101735,colony GPS,10,1.5,0.3,NA,Ahya_22_Chicken
Ahya_23_Chicken,ECT1,A. hyacinthus,Ahya,19,2,2023,Chicken,-18.65397,147.710146,-18.65397,147.710146,colony GPS,10,1.4,0.2,NA,Ahya_23_Chicken
Ahya_24_Chicken,ECT1,A. hyacinthus,Ahya,19,2,2023,Chicken,-18.653874,147.7103024,-18.653874,147.7103024,colony GPS,10,1.7,0.5,NA,Ahya_24_Chicken
Ahya_25_Chicken,ECT1,A. hyacinthus,Ahya,19,2,2023,Chicken,-18.654285,147.7099648,-18.654285,147.7099648,colony GPS,10,1.6,0.4,NA,Ahya_25_Chicken
Ahya_3_Chicken,ECT1,A. hyacinthus,Ahya,19,2,2023,Chicken,-18.65463,147.7094357,-18.65463,147.7094357,colony GPS,10,1.6,0.7,NA,Ahya_3_Chicken
Ahya_301_R2023,ECT1,A. hyacinthus,Ahya,19,2,2023,Chicken,-18.670393,147.706726,-18.670393,147.706726,colony GPS,10,4.4,2.3,NA,Ahya_301_R2023
Ahya_302_R2023,ECT1,A. hyacinthus,Ahya,19,2,2023,Chicken,-18.67043,147.7066264,-18.67043,147.7066264,colony GPS,10,2.8,0.7,NA,Ahya_302_R2023
Ahya_303_R2023,ECT1,A. hyacinthus,Ahya,19,2,2023,Chicken,-18.670415,147.7066218,-18.670415,147.7066218,colony GPS,10,3.6,1.6,NA,Ahya_303_R2023
Ahya_305_R2023,ECT1,A. hyacinthus,Ahya,19,2,2023,Chicken,-18.67044,147.7067388,-18.67044,147.7067388,colony GPS,10,1.5,-0.1,NA,Ahya_305_R2023
Ahya_307_R2023,ECT1,A. hyacinthus,Ahya,19,2,2023,Chicken,-18.670445,147.7067477,-18.670445,147.7067477,colony GPS,10,1.6,-0.1,NA,Ahya_307_R2023
Ahya_309_R2023,ECT1,A. hyacinthus,Ahya,19,2,2023,Chicken,-18.670348,147.7066289,-18.670348,147.7066289,colony GPS,10,1.5,0.1,NA,Ahya_309_R2023
Ahya_312_R2023,ECT1,A. hyacinthus,Ahya,19,2,2023,Chicken,-18.670434,147.7066306,-18.670434,147.7066306,colony GPS,10,2.1,0,NA,Ahya_312_R2023
Ahya_313_R2023,ECT1,A. hyacinthus,Ahya,19,2,2023,Chicken,-18.670443,147.7066416,-18.670443,147.7066416,colony GPS,10,2.4,0.3,NA,Ahya_313_R2023
Ahya_314_R2023,ECT1,A. hyacinthus,Ahya,19,2,2023,Chicken,-18.670417,147.7066267,-18.670417,147.7066267,colony GPS,10,2,0,NA,Ahya_314_R2023
Ahya_315_R2023,ECT1,A. hyacinthus,Ahya,19,2,2023,Chicken,-18.670403,147.7067281,-18.670403,147.7067281,colony GPS,10,1.5,-0.3,NA,Ahya_315_R2023
Ahya_316_R2023,ECT1,A. hyacinthus,Ahya,19,2,2023,Chicken,-18.670389,147.7066236,-18.670389,147.7066236,colony GPS,10,1.9,0,NA,Ahya_316_R2023
Ahya_317_R2023,ECT1,A. hyacinthus,Ahya,19,2,2023,Chicken,-18.670415,147.7066277,-18.670415,147.7066277,colony GPS,10,2.5,0.6,NA,Ahya_317_R2023
Ahya_318_R2023,ECT1,A. hyacinthus,Ahya,19,2,2023,Chicken,-18.670386,147.7067226,-18.670386,147.7067226,colony GPS,10,1.9,0,NA,Ahya_318_R2023
Ahya_319_R2023,ECT1,A. hyacinthus,Ahya,19,2,2023,Chicken,-18.670397,147.7067247,-18.670397,147.7067247,colony GPS,10,2,-0.1,NA,Ahya_319_R2023
Ahya_320_R2023,ECT1,A. hyacinthus,Ahya,19,2,2023,Chicken,-18.670389,147.706724,-18.670389,147.706724,colony GPS,10,2,0,NA,Ahya_320_R2023
Ahya_323_R2023,ECT1,A. hyacinthus,Ahya,19,2,2023,Chicken,-18.67041,147.706619,-18.67041,147.706619,colony GPS,10,1.8,-0.1,NA,Ahya_323_R2023
Ahya_326_R2023,ECT1,A. hyacinthus,Ahya,19,2,2023,Chicken,-18.670409,147.7066275,-18.670409,147.7066275,colony GPS,10,2,0.2,NA,Ahya_326_R2023
Ahya_328_R2023,ECT1,A. hyacinthus,Ahya,19,2,2023,Chicken,-18.670458,147.7066487,-18.670458,147.7066487,colony GPS,10,1.5,-0.1,NA,Ahya_328_R2023
Ahya_329_R2023,ECT1,A. hyacinthus,Ahya,19,2,2023,Chicken,-18.670442,147.7066374,-18.670442,147.7066374,colony GPS,10,1.7,-0.1,NA,Ahya_329_R2023
Ahya_330_R2023,ECT1,A. hyacinthus,Ahya,19,2,2023,Chicken,-18.670467,147.7066495,-18.670467,147.7066495,colony GPS,10,1.7,0,NA,Ahya_330_R2023
Ahya_4_Chicken,ECT1,A. hyacinthus,Ahya,19,2,2023,Chicken,-18.654459,147.7092164,-18.654459,147.7092164,colony GPS,10,2.3,1.4,NA,Ahya_4_Chicken
Ahya_5_Chicken,ECT1,A. hyacinthus,Ahya,19,2,2023,Chicken,-18.654333,147.7093888,-18.654333,147.7093888,colony GPS,10,2.1,1.2,NA,Ahya_5_Chicken
Ahya_6_Chicken,ECT1,A. hyacinthus,Ahya,19,2,2023,Chicken,-18.654338,147.7096243,-18.654338,147.7096243,colony GPS,10,1.5,0.6,NA,Ahya_6_Chicken
Ahya_7_Chicken,ECT1,A. hyacinthus,Ahya,19,2,2023,Chicken,-18.654353,147.7098456,-18.654353,147.7098456,colony GPS,10,1.1,0.1,NA,Ahya_7_Chicken
Ahya_8_Chicken,ECT1,A. hyacinthus,Ahya,19,2,2023,Chicken,-18.654308,147.7098108,-18.654308,147.7098108,colony GPS,10,0.9,-0.1,NA,Ahya_8_Chicken
Ahya_9_Chicken,ECT1,A. hyacinthus,Ahya,19,2,2023,Chicken,-18.654245,147.7097898,-18.654245,147.7097898,colony GPS,10,0.9,-0.1,NA,Ahya_9_Chicken
Ahya_1_Davies,ECT1,A. hyacinthus,Ahya,20,2,2023,Davies,NA,NA,NA,NA,no GPS or TBC,10,1.1,0.3,NA,Ahya_1_Davies
Ahya_10_Davies,ECT1,A. hyacinthus,Ahya,20,2,2023,Davies,NA,NA,NA,NA,no GPS or TBC,10,1.6,0.9,NA,Ahya_10_Davies
Ahya_11_Davies,ECT1,A. hyacinthus,Ahya,20,2,2023,Davies,NA,NA,NA,NA,no GPS or TBC,10,2.8,2.1,NA,Ahya_11_Davies
Ahya_12_Davies,ECT1,A. hyacinthus,Ahya,20,2,2023,Davies,NA,NA,NA,NA,no GPS or TBC,10,2.5,1.8,NA,Ahya_12_Davies
Ahya_13_Davies,ECT1,A. hyacinthus,Ahya,20,2,2023,Davies,NA,NA,NA,NA,no GPS or TBC,10,2.5,1.8,NA,Ahya_13_Davies
Ahya_14_Davies,ECT1,A. hyacinthus,Ahya,20,2,2023,Davies,NA,NA,NA,NA,no GPS or TBC,10,1.3,0.6,NA,Ahya_14_Davies
Ahya_15_Davies,ECT1,A. hyacinthus,Ahya,20,2,2023,Davies,NA,NA,NA,NA,no GPS or TBC,10,2.5,1.8,NA,Ahya_15_Davies
Ahya_16_Davies,ECT1,A. hyacinthus,Ahya,20,2,2023,Davies,NA,NA,NA,NA,no GPS or TBC,10,1.6,0.9,NA,Ahya_16_Davies
Ahya_17_Davies,ECT1,A. hyacinthus,Ahya,20,2,2023,Davies,NA,NA,NA,NA,no GPS or TBC,10,4.1,3.4,NA,Ahya_17_Davies
Ahya_18_Davies,ECT1,A. hyacinthus,Ahya,20,2,2023,Davies,NA,NA,NA,NA,no GPS or TBC,10,2.4,1.7,NA,Ahya_18_Davies
Ahya_19_Davies,ECT1,A. hyacinthus,Ahya,20,2,2023,Davies,NA,NA,NA,NA,no GPS or TBC,10,1,0.3,NA,Ahya_19_Davies
Ahya_2_Davies,ECT1,A. hyacinthus,Ahya,20,2,2023,Davies,NA,NA,NA,NA,no GPS or TBC,10,1.6,0.9,NA,Ahya_2_Davies
Ahya_20_Davies,ECT1,A. hyacinthus,Ahya,20,2,2023,Davies,NA,NA,NA,NA,no GPS or TBC,10,1.6,0.9,NA,Ahya_20_Davies
Ahya_3_Davies,ECT1,A. hyacinthus,Ahya,20,2,2023,Davies,NA,NA,NA,NA,no GPS or TBC,10,1.3,0.6,NA,Ahya_3_Davies
Ahya_4_Davies,ECT1,A. hyacinthus,Ahya,20,2,2023,Davies,NA,NA,NA,NA,no GPS or TBC,10,1.7,1,NA,Ahya_4_Davies
Ahya_5_Davies,ECT1,A. hyacinthus,Ahya,20,2,2023,Davies,NA,NA,NA,NA,no GPS or TBC,10,2.1,1.4,NA,Ahya_5_Davies
Ahya_6_Davies,ECT1,A. hyacinthus,Ahya,20,2,2023,Davies,NA,NA,NA,NA,no GPS or TBC,10,1.6,0.9,NA,Ahya_6_Davies
Ahya_7_Davies,ECT1,A. hyacinthus,Ahya,20,2,2023,Davies,NA,NA,NA,NA,no GPS or TBC,10,1,0.3,NA,Ahya_7_Davies
Ahya_8_Davies,ECT1,A. hyacinthus,Ahya,20,2,2023,Davies,NA,NA,NA,NA,no GPS or TBC,10,1.3,0.6,NA,Ahya_8_Davies
Ahya_9_Davies,ECT1,A. hyacinthus,Ahya,20,2,2023,Davies,NA,NA,NA,NA,no GPS or TBC,10,1.4,0.7,NA,Ahya_9_Davies
Aken_1859,ECT1,A. kenti,Aken,20,2,2023,Chicken,-18.67037927,147.706492,-18.67037927,147.706492,colony GPS,10,7.2,4.1,NA,Aken_1859
Aken_1860,ECT1,A. kenti,Aken,20,2,2023,Chicken,-18.67043199,147.7064835,-18.67043199,147.7064835,colony GPS,10,6.7,3.6,NA,Aken_1860
Aken_1861,ECT1,A. kenti,Aken,20,2,2023,Chicken,-18.67042897,147.7063577,-18.67042897,147.7063577,colony GPS,10,6.8,3.7,NA,Aken_1861
Aken_1862,ECT1,A. kenti,Aken,20,2,2023,Chicken,-18.67042788,147.7063333,-18.67042788,147.7063333,colony GPS,10,6,2.9,NA,Aken_1862
Aken_1863,ECT1,A. kenti,Aken,20,2,2023,Chicken,-18.67042554,147.7063247,-18.67042554,147.7063247,colony GPS,10,6.9,3.8,NA,Aken_1863
Aken_1864,ECT1,A. kenti,Aken,20,2,2023,Chicken,-18.67045563,147.7063281,-18.67045563,147.7063281,colony GPS,10,8.4,5.3,NA,Aken_1864
Aken_1865,ECT1,A. kenti,Aken,20,2,2023,Chicken,-18.67048346,147.7063299,-18.67048346,147.7063299,colony GPS,10,8,5,NA,Aken_1865
Aken_1866,ECT1,A. kenti,Aken,20,2,2023,Chicken,-18.67048664,147.7063112,-18.67048664,147.7063112,colony GPS,10,7.4,4.4,NA,Aken_1866
Aken_1867,ECT1,A. kenti,Aken,20,2,2023,Chicken,-18.67046719,147.7062929,-18.67046719,147.7062929,colony GPS,10,7.4,4.4,NA,Aken_1867
Aken_1868,ECT1,A. kenti,Aken,20,2,2023,Chicken,-18.67044917,147.7062928,-18.67044917,147.7062928,colony GPS,10,6.4,3.4,NA,Aken_1868
Aken_1869,ECT1,A. kenti,Aken,20,2,2023,Chicken,-18.67040483,147.7062572,-18.67040483,147.7062572,colony GPS,10,6.2,3.2,NA,Aken_1869
Aken_1870,ECT1,A. kenti,Aken,20,2,2023,Chicken,-18.67005363,147.7062531,-18.67005363,147.7062531,colony GPS,10,6.7,3.7,NA,Aken_1870
Aken_1871,ECT1,A. kenti,Aken,20,2,2023,Chicken,-18.67001725,147.706292,-18.67001725,147.706292,colony GPS,10,7.1,4.1,NA,Aken_1871
Aken_1872,ECT1,A. kenti,Aken,20,2,2023,Chicken,-18.67001826,147.7062945,-18.67001826,147.7062945,colony GPS,10,7.5,4.5,NA,Aken_1872
Aken_1873,ECT1,A. kenti,Aken,20,2,2023,Chicken,-18.67000929,147.706307,-18.67000929,147.706307,colony GPS,10,7.2,4.2,NA,Aken_1873
Aken_1874,ECT1,A. kenti,Aken,20,2,2023,Chicken,-18.66999831,147.7062937,-18.66999831,147.7062937,colony GPS,10,7.7,4.7,NA,Aken_1874
Aken_1875,ECT1,A. kenti,Aken,20,2,2023,Chicken,-18.66993989,147.7063448,-18.66993989,147.7063448,colony GPS,10,8.6,5.6,NA,Aken_1875
Aken_1876,ECT1,A. kenti,Aken,20,2,2023,Chicken,-18.66992002,147.7064399,-18.66992002,147.7064399,colony GPS,10,6.3,3.3,NA,Aken_1876
Aken_1877,ECT1,A. kenti,Aken,20,2,2023,Chicken,-18.66983403,147.7066355,-18.66983403,147.7066355,colony GPS,10,7,4,NA,Aken_1877
Aken_1878,ECT1,A. kenti,Aken,20,2,2023,Chicken,-18.66981978,147.7066694,-18.66981978,147.7066694,colony GPS,10,6.4,3.4,NA,Aken_1878
Aken_1879,ECT1,A. kenti,Aken,20,2,2023,Chicken,-18.66993017,147.7067698,-18.66993017,147.7067698,colony GPS,10,6.9,4,NA,Aken_1879
Aken_1880,ECT1,A. kenti,Aken,20,2,2023,Chicken,-18.66996101,147.7068039,-18.66996101,147.7068039,colony GPS,10,7.8,4.9,NA,Aken_1880
Aken_1881,ECT1,A. kenti,Aken,20,2,2023,Chicken,-18.66991566,147.7068665,-18.66991566,147.7068665,colony GPS,10,7,4.1,NA,Aken_1881
Aken_1882,ECT1,A. kenti,Aken,20,2,2023,Chicken,-18.66987417,147.7068563,-18.66987417,147.7068563,colony GPS,10,7.1,4.2,NA,Aken_1882
Aken_1883,ECT1,A. kenti,Aken,20,2,2023,Chicken,-18.6698207,147.7068951,-18.6698207,147.7068951,colony GPS,10,7.9,5,NA,Aken_1883
Aken_1884,ECT1,A. kenti,Aken,20,2,2023,Chicken,-18.66980729,147.7069033,-18.66980729,147.7069033,colony GPS,10,7.5,4.6,NA,Aken_1884
Aken_1885,ECT1,A. kenti,Aken,20,2,2023,Chicken,-18.66979874,147.7068846,-18.66979874,147.7068846,colony GPS,10,6.9,4,NA,Aken_1885
Aken_1886,ECT1,A. kenti,Aken,20,2,2023,Chicken,-18.66984459,147.7067902,-18.66984459,147.7067902,colony GPS,10,7.8,4.9,NA,Aken_1886
Aken_1887,ECT1,A. kenti,Aken,20,2,2023,Chicken,-18.67000644,147.7067526,-18.67000644,147.7067526,colony GPS,10,7.3,4.5,NA,Aken_1887
Aken_1888,ECT1,A. kenti,Aken,20,2,2023,Chicken,-18.67005455,147.7067585,-18.67005455,147.7067585,colony GPS,10,6.5,3.7,NA,Aken_1888
Aken_1889,ECT1,A. kenti,Aken,20,2,2023,Chicken,-18.67003838,147.7067799,-18.67003838,147.7067799,colony GPS,10,6.3,3.2,NA,Aken_1889
Aken_1890,ECT1,A. kenti,Aken,20,2,2023,Chicken,-18.67005891,147.7067769,-18.67005891,147.7067769,colony GPS,10,6.9,3.8,NA,Aken_1890
Aken_1891,ECT1,A. kenti,Aken,20,2,2023,Chicken,-18.67010778,147.7067678,-18.67010778,147.7067678,colony GPS,10,7.6,4.5,NA,Aken_1891
Aken_1892,ECT1,A. kenti,Aken,20,2,2023,Chicken,-18.67011314,147.7067657,-18.67011314,147.7067657,colony GPS,10,7.2,4.1,NA,Aken_1892
Aken_1893,ECT1,A. kenti,Aken,20,2,2023,Chicken,-18.67014432,147.7067061,-18.67014432,147.7067061,colony GPS,10,6.7,3.6,NA,Aken_1893
Aken_1894,ECT1,A. kenti,Aken,20,2,2023,Chicken,-18.67015723,147.7066848,-18.67015723,147.7066848,colony GPS,10,5.8,2.7,NA,Aken_1894
Aken_1895,ECT1,A. kenti,Aken,20,2,2023,Chicken,-18.67017936,147.7065452,-18.67017936,147.7065452,colony GPS,10,6.9,3.8,NA,Aken_1895
Aken_1896,ECT1,A. kenti,Aken,20,2,2023,Chicken,-18.67020643,147.706589,-18.67020643,147.706589,colony GPS,10,5.4,2.4,NA,Aken_1896
Aken_1897,ECT1,A. kenti,Aken,20,2,2023,Chicken,-18.67036837,147.7065098,-18.67036837,147.7065098,colony GPS,10,6.1,3.1,NA,Aken_1897
Aken_1898,ECT1,A. kenti,Aken,20,2,2023,Chicken,-18.67059829,147.7065983,-18.67059829,147.7065983,colony GPS,10,8.1,5.1,NA,Aken_1898
Aken_1899,ECT1,A. kenti,Aken,20,2,2023,Chicken,-18.67059183,147.7066432,-18.67059183,147.7066432,colony GPS,10,8.3,5.3,NA,Aken_1899
Aken_1900,ECT1,A. kenti,Aken,20,2,2023,Chicken,-18.67061086,147.7066658,-18.67061086,147.7066658,colony GPS,10,8.1,5.1,NA,Aken_1900
Aken_1901,ECT1,A. kenti,Aken,20,2,2023,Chicken,-18.67074472,147.7066244,-18.67074472,147.7066244,colony GPS,10,8.2,5.2,NA,Aken_1901
Aken_1902,ECT1,A. kenti,Aken,20,2,2023,Chicken,-18.67084723,147.7065797,-18.67084723,147.7065797,colony GPS,10,8.4,5.4,NA,Aken_1902
Aken_1903,ECT1,A. kenti,Aken,20,2,2023,Chicken,-18.67043249,147.7066702,-18.67043249,147.7066702,colony GPS,10,8.2,5.2,NA,Aken_1903
Aken_1961,ECT1,A. kenti,Aken,20,2,2023,Chicken,-18.67042922,147.7065433,-18.67042922,147.7065433,colony GPS,10,8.1,5.1,NA,Aken_1961
Aken_1962,ECT1,A. kenti,Aken,20,2,2023,Chicken,-18.67049863,147.7065465,-18.67049863,147.7065465,colony GPS,10,8.5,5.5,NA,Aken_1962
Aken_1963,ECT1,A. kenti,Aken,20,2,2023,Chicken,-18.67057859,147.7066071,-18.67057859,147.7066071,colony GPS,10,8.7,5.7,NA,Aken_1963
Aken_1964,ECT1,A. kenti,Aken,20,2,2023,Chicken,-18.67055152,147.7067028,-18.67055152,147.7067028,colony GPS,10,8.4,5.4,NA,Aken_1964
Aken_1965,ECT1,A. kenti,Aken,20,2,2023,Chicken,-18.67054733,147.7067148,-18.67054733,147.7067148,colony GPS,10,8,5,NA,Aken_1965
Aken_1966,ECT1,A. kenti,Aken,20,2,2023,Chicken,-18.67052176,147.7067376,-18.67052176,147.7067376,colony GPS,10,8.1,5.1,NA,Aken_1966
Aken_1967,ECT1,A. kenti,Aken,20,2,2023,Chicken,-18.67041648,147.7067609,-18.67041648,147.7067609,colony GPS,10,8.5,5.5,NA,Aken_1967
Aken_1968,ECT1,A. kenti,Aken,20,2,2023,Chicken,-18.67039218,147.7067407,-18.67039218,147.7067407,colony GPS,10,8.7,5.7,NA,Aken_1968
Aken_1969,ECT1,A. kenti,Aken,20,2,2023,Chicken,-18.67037365,147.7067122,-18.67037365,147.7067122,colony GPS,10,8.5,5.5,NA,Aken_1969
Aken_1970,ECT1,A. kenti,Aken,20,2,2023,Chicken,-18.67035479,147.7067572,-18.67035479,147.7067572,colony GPS,10,8,5,NA,Aken_1970
Aken_1971,ECT1,A. kenti,Aken,20,2,2023,Chicken,-18.67034809,147.7067818,-18.67034809,147.7067818,colony GPS,10,7,4,NA,Aken_1971
Aken_1972,ECT1,A. kenti,Aken,20,2,2023,Chicken,-18.67039494,147.7068034,-18.67039494,147.7068034,colony GPS,10,7.8,4.9,NA,Aken_1972
Aken_1973,ECT1,A. kenti,Aken,20,2,2023,Chicken,-18.67040148,147.7068001,-18.67040148,147.7068001,colony GPS,10,7.8,4.9,NA,Aken_1973
Aken_1974,ECT1,A. kenti,Aken,20,2,2023,Chicken,-18.67043727,147.7068578,-18.67043727,147.7068578,colony GPS,10,6.7,3.8,NA,Aken_1974
Aken_1975,ECT1,A. kenti,Aken,20,2,2023,Chicken,-18.67050039,147.7069122,-18.67050039,147.7069122,colony GPS,10,5.7,2.8,NA,Aken_1975
Ahya_239_Davies,ECT1,A. hyacinthus,Ahya,21,2,2023,Davies,-18.826631,147.6263646,-18.826631,147.6263646,colony GPS,10,1,0.1,NA,Ahya_239_Davies
Ahya_270_Davies,ECT1,A. hyacinthus,Ahya,21,2,2023,Davies,-18.826257,147.6267484,-18.826257,147.6267484,colony GPS,10,0.9,0.1,NA,Ahya_270_Davies
Ahya_271_Davies,ECT1,A. hyacinthus,Ahya,21,2,2023,Davies,-18.826319,147.6267341,-18.826319,147.6267341,colony GPS,10,0.6,-0.2,NA,Ahya_271_Davies
Ahya_272_Davies,ECT1,A. hyacinthus,Ahya,21,2,2023,Davies,-18.826168,147.6267475,-18.826168,147.6267475,colony GPS,10,0.8,0,NA,Ahya_272_Davies
Ahya_273_Davies,ECT1,A. hyacinthus,Ahya,21,2,2023,Davies,-18.826932,147.6268889,-18.826932,147.6268889,colony GPS,10,1.8,0.8,NA,Ahya_273_Davies
Ahya_274_Davies,ECT1,A. hyacinthus,Ahya,21,2,2023,Davies,-18.826399,147.6267185,-18.826399,147.6267185,colony GPS,10,0.5,-0.3,NA,Ahya_274_Davies
Ahya_275_Davies,ECT1,A. hyacinthus,Ahya,21,2,2023,Davies,-18.826311,147.6267473,-18.826311,147.6267473,colony GPS,10,0.6,-0.2,NA,Ahya_275_Davies
Ahya_279_Davies,ECT1,A. hyacinthus,Ahya,21,2,2023,Davies,-18.826356,147.6267455,-18.826356,147.6267455,colony GPS,10,1,0.2,NA,Ahya_279_Davies
Ahya_292_Davies,ECT1,A. hyacinthus,Ahya,21,2,2023,Davies,-18.826248,147.6267448,-18.826248,147.6267448,colony GPS,10,0.9,0.1,NA,Ahya_292_Davies
Ahya_293_Davies,ECT1,A. hyacinthus,Ahya,21,2,2023,Davies,-18.826904,147.6265616,-18.826904,147.6265616,colony GPS,10,0.9,0,NA,Ahya_293_Davies
Ahya_298_Davies,ECT1,A. hyacinthus,Ahya,21,2,2023,Davies,-18.826243,147.6267383,-18.826243,147.6267383,colony GPS,10,0.9,0.1,NA,Ahya_298_Davies
Aken_1976,ECT1,A. kenti,Aken,21,2,2023,Davies,-18.82579694,147.6264594,-18.82579694,147.6264594,colony GPS,10,6.3,3.6,NA,Aken_1976
Aken_1977,ECT1,A. kenti,Aken,21,2,2023,Davies,-18.82551405,147.6264275,-18.82551405,147.6264275,colony GPS,10,4.7,2,NA,Aken_1977
Aken_1978,ECT1,A. kenti,Aken,21,2,2023,Davies,-18.82550684,147.6264477,-18.82550684,147.6264477,colony GPS,10,5.2,2.5,NA,Aken_1978
Aken_1979,ECT1,A. kenti,Aken,21,2,2023,Davies,-18.82537415,147.626795,-18.82537415,147.626795,colony GPS,10,4.8,2.1,NA,Aken_1979
Aken_1980,ECT1,A. kenti,Aken,21,2,2023,Davies,-18.82526527,147.6269275,-18.82526527,147.6269275,colony GPS,10,5.6,2.9,NA,Aken_1980
Aken_1981,ECT1,A. kenti,Aken,21,2,2023,Davies,-18.82521741,147.626934,-18.82521741,147.626934,colony GPS,10,5.8,3.1,NA,Aken_1981
Aken_1982,ECT1,A. kenti,Aken,21,2,2023,Davies,-18.82517776,147.6269794,-18.82517776,147.6269794,colony GPS,10,7.6,4.9,NA,Aken_1982
Aken_1983,ECT1,A. kenti,Aken,21,2,2023,Davies,-18.82517148,147.6270664,-18.82517148,147.6270664,colony GPS,10,8.6,5.9,NA,Aken_1983
Aken_1984,ECT1,A. kenti,Aken,21,2,2023,Davies,-18.82567716,147.6272135,-18.82567716,147.6272135,colony GPS,10,4.4,1.6,NA,Aken_1984
Aken_1985,ECT1,A. kenti,Aken,21,2,2023,Davies,-18.8254578,147.6264787,-18.8254578,147.6264787,colony GPS,10,6.3,3.5,NA,Aken_1985
Aken_1986,ECT1,A. kenti,Aken,21,2,2023,Davies,-18.82638451,147.6262119,-18.82638451,147.6262119,colony GPS,10,3.9,1.5,NA,Aken_1986
Aken_1987,ECT1,A. kenti,Aken,21,2,2023,Davies,-18.82653471,147.6262405,-18.82653471,147.6262405,colony GPS,10,2.7,0.5,NA,Aken_1987
Aken_1988,ECT1,A. kenti,Aken,21,2,2023,Davies,-18.82684962,147.6261352,-18.82684962,147.6261352,colony GPS,10,6,3.8,NA,Aken_1988
Aken_1989,ECT1,A. kenti,Aken,21,2,2023,Davies,-18.8265876,147.6263021,-18.8265876,147.6263021,colony GPS,10,5.5,3.3,NA,Aken_1989
Aken_1990,ECT1,A. kenti,Aken,21,2,2023,Davies,-18.82629801,147.6263906,-18.82629801,147.6263906,colony GPS,10,2.5,0.3,NA,Aken_1990
Aken_2006,ECT1,A. kenti,Aken,21,2,2023,Davies,-18.82600078,147.6262603,-18.82600078,147.6262603,colony GPS,10,3.8,1.2,NA,Aken_2006
Aken_2007,ECT1,A. kenti,Aken,21,2,2023,Davies,-18.82631301,147.6263009,-18.82631301,147.6263009,colony GPS,10,3,0.3,NA,Aken_2007
Aken_2008,ECT1,A. kenti,Aken,21,2,2023,Davies,-18.82631795,147.6263185,-18.82631795,147.6263185,colony GPS,10,3.3,0.6,NA,Aken_2008
Aken_2009,ECT1,A. kenti,Aken,21,2,2023,Davies,-18.82638115,147.6262713,-18.82638115,147.6262713,colony GPS,10,3.6,0.9,NA,Aken_2009
Aken_2010,ECT1,A. kenti,Aken,21,2,2023,Davies,-18.82646891,147.6262399,-18.82646891,147.6262399,colony GPS,10,3.3,0.6,NA,Aken_2010
Aken_2011,ECT1,A. kenti,Aken,21,2,2023,Davies,-18.82648459,147.6263522,-18.82648459,147.6263522,colony GPS,10,3.3,0.6,NA,Aken_2011
Aken_2012,ECT1,A. kenti,Aken,21,2,2023,Davies,-18.82655139,147.6263559,-18.82655139,147.6263559,colony GPS,10,4.2,1.5,NA,Aken_2012
Aken_2013,ECT1,A. kenti,Aken,21,2,2023,Davies,-18.8266803,147.6264692,-18.8266803,147.6264692,colony GPS,10,3.2,0.5,NA,Aken_2013
Aken_2014,ECT1,A. kenti,Aken,21,2,2023,Davies,-18.82666279,147.6265107,-18.82666279,147.6265107,colony GPS,10,3.3,0.6,NA,Aken_2014
Aken_2015,ECT1,A. kenti,Aken,21,2,2023,Davies,-18.82666832,147.626516,-18.82666832,147.626516,colony GPS,10,3.6,0.9,NA,Aken_2015
Aken_2016,ECT1,A. kenti,Aken,21,2,2023,Davies,-18.82670411,147.626529,-18.82670411,147.626529,colony GPS,10,6.8,4.1,NA,Aken_2016
Aken_2017,ECT1,A. kenti,Aken,21,2,2023,Davies,-18.82669237,147.6265441,-18.82669237,147.6265441,colony GPS,10,7,4.3,NA,Aken_2017
Aken_2018,ECT1,A. kenti,Aken,21,2,2023,Davies,-18.82664342,147.6265606,-18.82664342,147.6265606,colony GPS,10,6.5,3.7,NA,Aken_2018
Aken_2019,ECT1,A. kenti,Aken,21,2,2023,Davies,-18.82659397,147.6265939,-18.82659397,147.6265939,colony GPS,10,6,3.2,NA,Aken_2019
Aken_2020,ECT1,A. kenti,Aken,21,2,2023,Davies,-18.82661191,147.6266073,-18.82661191,147.6266073,colony GPS,10,8.4,5.6,NA,Aken_2020
Aken_2021,ECT1,A. kenti,Aken,21,2,2023,Davies,-18.82662272,147.6266278,-18.82662272,147.6266278,colony GPS,10,7,4.2,NA,Aken_2021
Aken_2022,ECT1,A. kenti,Aken,21,2,2023,Davies,-18.82662498,147.6266273,-18.82662498,147.6266273,colony GPS,10,6.8,4,NA,Aken_2022
Aken_2023,ECT1,A. kenti,Aken,21,2,2023,Davies,-18.82668265,147.6265786,-18.82668265,147.6265786,colony GPS,10,7,4.2,NA,Aken_2023
Aken_2024,ECT1,A. kenti,Aken,21,2,2023,Davies,-18.82672691,147.6265971,-18.82672691,147.6265971,colony GPS,10,5,2.2,NA,Aken_2024
Aken_2025,ECT1,A. kenti,Aken,21,2,2023,Davies,-18.826729,147.6266147,-18.826729,147.6266147,colony GPS,10,7.5,4.7,NA,Aken_2025
Aken_2026,ECT1,A. kenti,Aken,21,2,2023,Davies,-18.82678843,147.6264559,-18.82678843,147.6264559,colony GPS,10,5.6,2.8,NA,Aken_2026
Aken_2027,ECT1,A. kenti,Aken,21,2,2023,Davies,-18.82680771,147.6263729,-18.82680771,147.6263729,colony GPS,10,4.8,2,NA,Aken_2027
Aken_2028,ECT1,A. kenti,Aken,21,2,2023,Davies,-18.82677846,147.6262906,-18.82677846,147.6262906,colony GPS,10,4.7,1.9,NA,Aken_2028
Aken_2029,ECT1,A. kenti,Aken,21,2,2023,Davies,-18.82676672,147.6262514,-18.82676672,147.6262514,colony GPS,10,4.6,1.8,NA,Aken_2029
Aken_2030,ECT1,A. kenti,Aken,21,2,2023,Davies,-18.82676035,147.6261725,-18.82676035,147.6261725,colony GPS,10,5.5,2.7,NA,Aken_2030
Aken_2031,ECT1,A. kenti,Aken,21,2,2023,Davies,-18.82676974,147.6261748,-18.82676974,147.6261748,colony GPS,10,5.4,2.6,NA,Aken_2031
Aken_2032,ECT1,A. kenti,Aken,21,2,2023,Davies,-18.82676664,147.6261503,-18.82676664,147.6261503,colony GPS,10,5.4,2.6,NA,Aken_2032
Aken_2033,ECT1,A. kenti,Aken,21,2,2023,Davies,-18.82671953,147.6261432,-18.82671953,147.6261432,colony GPS,10,5.3,2.5,NA,Aken_2033
Aken_2035,ECT1,A. kenti,Aken,21,2,2023,Davies,-18.82659473,147.626247,-18.82659473,147.626247,colony GPS,10,4.2,1.4,NA,Aken_2035
Aken_Logger 2,ECT1,A. kenti,Aken,21,2,2023,Davies,-18.82580381,147.6264326,-18.82580381,147.6264326,colony GPS,10,5.7,3.1,NA,Aken_Logger 2
Amil_1_Magnetic,ECT1,A. millepora,Amil,5,9,2023,Magnetic_Island,-19.16572267,146.8520262,-19.16572267,146.8520262,colony GPS,10,2.4,NA,NA,Amil_1_Magnetic
Amil_10_Magnetic,ECT1,A. millepora,Amil,5,9,2023,Magnetic_Island,-19.16537491,146.8525482,-19.16537491,146.8525482,colony GPS,10,1.2,NA,NA,Amil_10_Magnetic
Amil_11_Magnetic,ECT1,A. millepora,Amil,5,9,2023,Magnetic_Island,-19.1652729,146.8525649,-19.1652729,146.8525649,colony GPS,10,1.2,NA,NA,Amil_11_Magnetic
Amil_12_Magnetic,ECT1,A. millepora,Amil,5,9,2023,Magnetic_Island,-19.16524138,146.8525608,-19.16524138,146.8525608,colony GPS,10,1.2,NA,NA,Amil_12_Magnetic
Amil_13_Magnetic,ECT1,A. millepora,Amil,5,9,2023,Magnetic_Island,-19.1652387,146.8525678,-19.1652387,146.8525678,colony GPS,10,1.2,NA,NA,Amil_13_Magnetic
Amil_14_Magnetic,ECT1,A. millepora,Amil,5,9,2023,Magnetic_Island,-19.16524675,146.8525656,-19.16524675,146.8525656,colony GPS,10,1.7,NA,NA,Amil_14_Magnetic
Amil_15_Magnetic,ECT1,A. millepora,Amil,5,9,2023,Magnetic_Island,-19.16522739,146.8525566,-19.16522739,146.8525566,colony GPS,10,1.7,NA,NA,Amil_15_Magnetic
Amil_16_Magnetic,ECT1,A. millepora,Amil,5,9,2023,Magnetic_Island,-19.16521749,146.852554,-19.16521749,146.852554,colony GPS,10,1.6,NA,NA,Amil_16_Magnetic
Amil_17_Magnetic,ECT1,A. millepora,Amil,5,9,2023,Magnetic_Island,-19.16523417,146.8525557,-19.16523417,146.8525557,colony GPS,10,1.8,NA,NA,Amil_17_Magnetic
Amil_18_Magnetic,ECT1,A. millepora,Amil,5,9,2023,Magnetic_Island,-19.16523409,146.8525631,-19.16523409,146.8525631,colony GPS,10,1.7,NA,NA,Amil_18_Magnetic
Amil_19_Magnetic,ECT1,A. millepora,Amil,5,9,2023,Magnetic_Island,-19.16524499,146.8525567,-19.16524499,146.8525567,colony GPS,10,1.3,NA,NA,Amil_19_Magnetic
Amil_2_Magnetic,ECT1,A. millepora,Amil,5,9,2023,Magnetic_Island,-19.16575528,146.8520791,-19.16575528,146.8520791,colony GPS,10,2.4,NA,NA,Amil_2_Magnetic
Amil_20_Magnetic,ECT1,A. millepora,Amil,5,9,2023,Magnetic_Island,-19.16523158,146.8525614,-19.16523158,146.8525614,colony GPS,10,1.3,NA,NA,Amil_20_Magnetic
Amil_21_Magnetic,ECT1,A. millepora,Amil,5,9,2023,Magnetic_Island,-19.16566123,146.8519413,-19.16566123,146.8519413,colony GPS,10,3.4,NA,NA,Amil_21_Magnetic
Amil_22_Magnetic,ECT1,A. millepora,Amil,5,9,2023,Magnetic_Island,-19.16590129,146.8521029,-19.16590129,146.8521029,colony GPS,10,3.7,NA,NA,Amil_22_Magnetic
Amil_23_Magnetic,ECT1,A. millepora,Amil,5,9,2023,Magnetic_Island,-19.16591747,146.8520919,-19.16591747,146.8520919,colony GPS,10,3.3,NA,NA,Amil_23_Magnetic
Amil_24_Magnetic,ECT1,A. millepora,Amil,5,9,2023,Magnetic_Island,-19.16521372,146.8525489,-19.16521372,146.8525489,colony GPS,10,1.6,NA,NA,Amil_24_Magnetic
Amil_25_Magnetic,ECT1,A. millepora,Amil,5,9,2023,Magnetic_Island,-19.16520157,146.8525583,-19.16520157,146.8525583,colony GPS,10,2.1,NA,NA,Amil_25_Magnetic
Amil_26_Magnetic,ECT1,A. millepora,Amil,5,9,2023,Magnetic_Island,-19.16523032,146.8525578,-19.16523032,146.8525578,colony GPS,10,2.3,NA,NA,Amil_26_Magnetic
Amil_27_Magnetic,ECT1,A. millepora,Amil,5,9,2023,Magnetic_Island,-19.16523853,146.8525572,-19.16523853,146.8525572,colony GPS,10,2.6,NA,NA,Amil_27_Magnetic
Amil_28_Magnetic,ECT1,A. millepora,Amil,5,9,2023,Magnetic_Island,-19.16523946,146.8525568,-19.16523946,146.8525568,colony GPS,10,2.6,NA,NA,Amil_28_Magnetic
Amil_29_Magnetic,ECT1,A. millepora,Amil,5,9,2023,Magnetic_Island,-19.16524792,146.8525564,-19.16524792,146.8525564,colony GPS,10,3,NA,NA,Amil_29_Magnetic
Amil_3_Magnetic,ECT1,A. millepora,Amil,5,9,2023,Magnetic_Island,-19.16576743,146.8520853,-19.16576743,146.8520853,colony GPS,10,2.4,NA,NA,Amil_3_Magnetic
Amil_30_Magnetic,ECT1,A. millepora,Amil,5,9,2023,Magnetic_Island,-19.16522764,146.8525811,-19.16522764,146.8525811,colony GPS,10,2.1,NA,NA,Amil_30_Magnetic
Amil_31_Magnetic,ECT1,A. millepora,Amil,5,9,2023,Magnetic_Island,-19.16617144,146.8521584,-19.16617144,146.8521584,colony GPS,10,3,NA,NA,Amil_31_Magnetic
Amil_32_Magnetic,ECT1,A. millepora,Amil,5,9,2023,Magnetic_Island,-19.16604538,146.8521603,-19.16604538,146.8521603,colony GPS,10,4,NA,NA,Amil_32_Magnetic
Amil_33_Magnetic,ECT1,A. millepora,Amil,5,9,2023,Magnetic_Island,-19.16614185,146.8522173,-19.16614185,146.8522173,colony GPS,10,4.1,NA,NA,Amil_33_Magnetic
Amil_34.1_Magnetic,ECT1,A. millepora,Amil,5,9,2023,Magnetic_Island,-19.1661307,146.8521344,-19.1661307,146.8521344,colony GPS,10,3.3,NA,NA,Amil_34.1_Magnetic
Amil_34.2_Magnetic,ECT1,A. millepora,Amil,5,9,2023,Magnetic_Island,-19.16620337,146.8521011,-19.16620337,146.8521011,colony GPS,10,3.3,NA,NA,Amil_34.2_Magnetic
Amil_35_Magnetic,ECT1,A. millepora,Amil,5,9,2023,Magnetic_Island,-19.16619684,146.8520728,-19.16619684,146.8520728,colony GPS,10,3.1,NA,NA,Amil_35_Magnetic
Amil_36_Magnetic,ECT1,A. millepora,Amil,5,9,2023,Magnetic_Island,-19.16618762,146.8520932,-19.16618762,146.8520932,colony GPS,10,3.6,NA,NA,Amil_36_Magnetic
Amil_37_Magnetic,ECT1,A. millepora,Amil,5,9,2023,Magnetic_Island,-19.16626892,146.8520673,-19.16626892,146.8520673,colony GPS,10,3.5,NA,NA,Amil_37_Magnetic
Amil_38_Magnetic,ECT1,A. millepora,Amil,5,9,2023,Magnetic_Island,-19.16623942,146.8521169,-19.16623942,146.8521169,colony GPS,10,3.9,NA,NA,Amil_38_Magnetic
Amil_39_Magnetic,ECT1,A. millepora,Amil,5,9,2023,Magnetic_Island,-19.16619038,146.852093,-19.16619038,146.852093,colony GPS,10,3.6,NA,NA,Amil_39_Magnetic
Amil_4_Magnetic,ECT1,A. millepora,Amil,5,9,2023,Magnetic_Island,-19.16581571,146.8520631,-19.16581571,146.8520631,colony GPS,10,2.2,NA,NA,Amil_4_Magnetic
Amil_40_Magnetic,ECT1,A. millepora,Amil,5,9,2023,Magnetic_Island,-19.16619415,146.8520884,-19.16619415,146.8520884,colony GPS,10,4.2,NA,NA,Amil_40_Magnetic
Amil_41_Magnetic,ECT1,A. millepora,Amil,5,9,2023,Magnetic_Island,-19.16620103,146.8521036,-19.16620103,146.8521036,colony GPS,10,4.2,NA,NA,Amil_41_Magnetic
Amil_42_Magnetic,ECT1,A. millepora,Amil,5,9,2023,Magnetic_Island,-19.16620195,146.852095,-19.16620195,146.852095,colony GPS,10,3.5,NA,NA,Amil_42_Magnetic
Amil_43_Magnetic,ECT1,A. millepora,Amil,5,9,2023,Magnetic_Island,-19.1662115,146.8520993,-19.1662115,146.8520993,colony GPS,10,3.4,NA,NA,Amil_43_Magnetic
Amil_44_Magnetic,ECT1,A. millepora,Amil,5,9,2023,Magnetic_Island,-19.16621662,146.8521069,-19.16621662,146.8521069,colony GPS,10,2.5,NA,NA,Amil_44_Magnetic
Amil_45_Magnetic,ECT1,A. millepora,Amil,5,9,2023,Magnetic_Island,-19.16619558,146.8520966,-19.16619558,146.8520966,colony GPS,10,3.1,NA,NA,Amil_45_Magnetic
Amil_46_Magnetic,ECT1,A. millepora,Amil,5,9,2023,Magnetic_Island,-19.16619751,146.8521043,-19.16619751,146.8521043,colony GPS,10,3.2,NA,NA,Amil_46_Magnetic
Amil_47_Magnetic,ECT1,A. millepora,Amil,5,9,2023,Magnetic_Island,-19.16619332,146.8521067,-19.16619332,146.8521067,colony GPS,10,3.8,NA,NA,Amil_47_Magnetic
Amil_48_Magnetic,ECT1,A. millepora,Amil,5,9,2023,Magnetic_Island,-19.16619751,146.8521102,-19.16619751,146.8521102,colony GPS,10,3.9,NA,NA,Amil_48_Magnetic
Amil_49_Magnetic,ECT1,A. millepora,Amil,5,9,2023,Magnetic_Island,-19.16619516,146.8521005,-19.16619516,146.8521005,colony GPS,10,3.8,NA,NA,Amil_49_Magnetic
Amil_5_Magnetic,ECT1,A. millepora,Amil,5,9,2023,Magnetic_Island,-19.16575117,146.8522009,-19.16575117,146.8522009,colony GPS,10,2,NA,NA,Amil_5_Magnetic
Amil_50_Magnetic,ECT1,A. millepora,Amil,5,9,2023,Magnetic_Island,-19.16618661,146.8521017,-19.16618661,146.8521017,colony GPS,10,3.6,NA,NA,Amil_50_Magnetic
Amil_6_Magnetic,ECT1,A. millepora,Amil,5,9,2023,Magnetic_Island,-19.16576014,146.8522133,-19.16576014,146.8522133,colony GPS,10,2,NA,NA,Amil_6_Magnetic
Amil_7_Magnetic,ECT1,A. millepora,Amil,5,9,2023,Magnetic_Island,-19.16591956,146.8522454,-19.16591956,146.8522454,colony GPS,10,1.7,NA,NA,Amil_7_Magnetic
Amil_8_Magnetic,ECT1,A. millepora,Amil,5,9,2023,Magnetic_Island,-19.16584128,146.8523627,-19.16584128,146.8523627,colony GPS,10,1.7,NA,NA,Amil_8_Magnetic
Amil_9_Magnetic,ECT1,A. millepora,Amil,5,9,2023,Magnetic_Island,-19.1656635,146.8524781,-19.1656635,146.8524781,colony GPS,10,1.2,NA,NA,Amil_9_Magnetic
Aken_1_Magnetic,ECT1,A. kenti,Aken,5,9,2023,Magnetic_Island,-19.16573592,146.8520385,-19.16573592,146.8520385,colony GPS,10,2.4,NA,NA,Aken_1_Magnetic
Aken_10_Magnetic,ECT1,A. kenti,Aken,5,9,2023,Magnetic_Island,-19.16618594,146.8521751,-19.16618594,146.8521751,colony GPS,10,2.8,NA,NA,Aken_10_Magnetic
Aken_11_Magnetic,ECT1,A. kenti,Aken,5,9,2023,Magnetic_Island,-19.16617454,146.8521513,-19.16617454,146.8521513,colony GPS,10,3.7,NA,NA,Aken_11_Magnetic
Aken_12_Magnetic,ECT1,A. kenti,Aken,5,9,2023,Magnetic_Island,-19.16617571,146.852142,-19.16617571,146.852142,colony GPS,10,2.8,NA,NA,Aken_12_Magnetic
Aken_13_Magnetic,ECT1,A. kenti,Aken,5,9,2023,Magnetic_Island,-19.16617027,146.8521381,-19.16617027,146.8521381,colony GPS,10,2.8,NA,NA,Aken_13_Magnetic
Aken_14_Magnetic,ECT1,A. kenti,Aken,5,9,2023,Magnetic_Island,-19.16618829,146.8521423,-19.16618829,146.8521423,colony GPS,10,2.8,NA,NA,Aken_14_Magnetic
Aken_15_Magnetic,ECT1,A. kenti,Aken,5,9,2023,Magnetic_Island,-19.16617488,146.8521377,-19.16617488,146.8521377,colony GPS,10,2.8,NA,NA,Aken_15_Magnetic
Aken_16_Magnetic,ECT1,A. kenti,Aken,5,9,2023,Magnetic_Island,-19.1661908,146.8521498,-19.1661908,146.8521498,colony GPS,10,2.8,NA,NA,Aken_16_Magnetic
Aken_17_Magnetic,ECT1,A. kenti,Aken,5,9,2023,Magnetic_Island,-19.16617479,146.8521378,-19.16617479,146.8521378,colony GPS,10,2.8,NA,NA,Aken_17_Magnetic
Aken_18_Magnetic,ECT1,A. kenti,Aken,5,9,2023,Magnetic_Island,-19.16618544,146.8521514,-19.16618544,146.8521514,colony GPS,10,2.8,NA,NA,Aken_18_Magnetic
Aken_19_Magnetic,ECT1,A. kenti,Aken,5,9,2023,Magnetic_Island,-19.16618887,146.85215,-19.16618887,146.85215,colony GPS,10,2.8,NA,NA,Aken_19_Magnetic
Aken_2_Magnetic,ECT1,A. kenti,Aken,5,9,2023,Magnetic_Island,-19.16579962,146.8521348,-19.16579962,146.8521348,colony GPS,10,2.1,NA,NA,Aken_2_Magnetic
Aken_20_Magnetic,ECT1,A. kenti,Aken,5,9,2023,Magnetic_Island,-19.16618275,146.852152,-19.16618275,146.852152,colony GPS,10,3.4,NA,NA,Aken_20_Magnetic
Aken_21_Magnetic,ECT1,A. kenti,Aken,5,9,2023,Magnetic_Island,-19.1661696,146.8521408,-19.1661696,146.8521408,colony GPS,10,3.1,NA,NA,Aken_21_Magnetic
Aken_22_Magnetic,ECT1,A. kenti,Aken,5,9,2023,Magnetic_Island,-19.16617806,146.8521472,-19.16617806,146.8521472,colony GPS,10,3.4,NA,NA,Aken_22_Magnetic
Aken_23_Magnetic,ECT1,A. kenti,Aken,5,9,2023,Magnetic_Island,-19.16577313,146.8520423,-19.16577313,146.8520423,colony GPS,10,3.4,NA,NA,Aken_23_Magnetic
Aken_24_Magnetic,ECT1,A. kenti,Aken,5,9,2023,Magnetic_Island,-19.16585217,146.8521066,-19.16585217,146.8521066,colony GPS,10,3.5,NA,NA,Aken_24_Magnetic
Aken_25.1_Magnetic,ECT1,A. kenti,Aken,5,9,2023,Magnetic_Island,-19.16586516,146.8521018,-19.16586516,146.8521018,colony GPS,10,3.5,NA,NA,Aken_25.1_Magnetic
Aken_25.2_Magnetic,ECT1,A. kenti,Aken,5,9,2023,Magnetic_Island,-19.16602828,146.8521022,-19.16602828,146.8521022,colony GPS,10,3.8,NA,NA,Aken_25.2_Magnetic
Aken_26_Magnetic,ECT1,A. kenti,Aken,5,9,2023,Magnetic_Island,-19.16609718,146.8522852,-19.16609718,146.8522852,colony GPS,10,4.2,NA,NA,Aken_26_Magnetic
Aken_27_Magnetic,ECT1,A. kenti,Aken,5,9,2023,Magnetic_Island,-19.16611763,146.8521672,-19.16611763,146.8521672,colony GPS,10,3.8,NA,NA,Aken_27_Magnetic
Aken_28_Magnetic,ECT1,A. kenti,Aken,5,9,2023,Magnetic_Island,-19.16612576,146.8521206,-19.16612576,146.8521206,colony GPS,10,3.1,NA,NA,Aken_28_Magnetic
Aken_29_Magnetic,ECT1,A. kenti,Aken,5,9,2023,Magnetic_Island,-19.16618787,146.8520591,-19.16618787,146.8520591,colony GPS,10,3.1,NA,NA,Aken_29_Magnetic
Aken_3_Magnetic,ECT1,A. kenti,Aken,5,9,2023,Magnetic_Island,-19.16579358,146.8522898,-19.16579358,146.8522898,colony GPS,10,1.9,NA,NA,Aken_3_Magnetic
Aken_30_Magnetic,ECT1,A. kenti,Aken,5,9,2023,Magnetic_Island,-19.16622047,146.852094,-19.16622047,146.852094,colony GPS,10,3.5,NA,NA,Aken_30_Magnetic
Aken_31_Magnetic,ECT1,A. kenti,Aken,5,9,2023,Magnetic_Island,-19.16618804,146.8520934,-19.16618804,146.8520934,colony GPS,10,3.7,NA,NA,Aken_31_Magnetic
Aken_32_Magnetic,ECT1,A. kenti,Aken,5,9,2023,Magnetic_Island,-19.16621712,146.852116,-19.16621712,146.852116,colony GPS,10,3.7,NA,NA,Aken_32_Magnetic
Aken_33_Magnetic,ECT1,A. kenti,Aken,5,9,2023,Magnetic_Island,-19.16619114,146.8520953,-19.16619114,146.8520953,colony GPS,10,3.6,NA,NA,Aken_33_Magnetic
Aken_35_Magnetic,ECT1,A. kenti,Aken,5,9,2023,Magnetic_Island,-19.16620379,146.8520923,-19.16620379,146.8520923,colony GPS,10,2.4,NA,NA,Aken_35_Magnetic
Aken_36_Magnetic,ECT1,A. kenti,Aken,5,9,2023,Magnetic_Island,-19.16620949,146.8521056,-19.16620949,146.8521056,colony GPS,10,3.1,NA,NA,Aken_36_Magnetic
Aken_37_Magnetic,ECT1,A. kenti,Aken,5,9,2023,Magnetic_Island,-19.16619977,146.8521025,-19.16619977,146.8521025,colony GPS,10,2.8,NA,NA,Aken_37_Magnetic
Aken_38_Magnetic,ECT1,A. kenti,Aken,5,9,2023,Magnetic_Island,-19.16620949,146.8521052,-19.16620949,146.8521052,colony GPS,10,2.8,NA,NA,Aken_38_Magnetic
Aken_39_Magnetic,ECT1,A. kenti,Aken,5,9,2023,Magnetic_Island,-19.16621829,146.8521206,-19.16621829,146.8521206,colony GPS,10,2.8,NA,NA,Aken_39_Magnetic
Aken_4_Magnetic,ECT1,A. kenti,Aken,5,9,2023,Magnetic_Island,-19.16582099,146.8523074,-19.16582099,146.8523074,colony GPS,10,1.4,NA,NA,Aken_4_Magnetic
Aken_40_Magnetic,ECT1,A. kenti,Aken,5,9,2023,Magnetic_Island,-19.16620463,146.8521115,-19.16620463,146.8521115,colony GPS,10,3,NA,NA,Aken_40_Magnetic
Aken_41_Magnetic,ECT1,A. kenti,Aken,5,9,2023,Magnetic_Island,-19.16620891,146.8521108,-19.16620891,146.8521108,colony GPS,10,3.3,NA,NA,Aken_41_Magnetic
Aken_42_Magnetic,ECT1,A. kenti,Aken,5,9,2023,Magnetic_Island,-19.1661882,146.8521,-19.1661882,146.8521,colony GPS,10,3.4,NA,NA,Aken_42_Magnetic
Aken_43_Magnetic,ECT1,A. kenti,Aken,5,9,2023,Magnetic_Island,-19.16618745,146.8521071,-19.16618745,146.8521071,colony GPS,10,3.11,NA,NA,Aken_43_Magnetic
Aken_44_Magnetic,ECT1,A. kenti,Aken,5,9,2023,Magnetic_Island,-19.16619382,146.852105,-19.16619382,146.852105,colony GPS,10,3.5,NA,NA,Aken_44_Magnetic
Aken_5_Magnetic,ECT1,A. kenti,Aken,5,9,2023,Magnetic_Island,-19.16584002,146.8523036,-19.16584002,146.8523036,colony GPS,10,1.4,NA,NA,Aken_5_Magnetic
Aken_6_Magnetic,ECT1,A. kenti,Aken,5,9,2023,Magnetic_Island,-19.16584823,146.8522964,-19.16584823,146.8522964,colony GPS,10,1.5,NA,NA,Aken_6_Magnetic
Aken_7_Magnetic,ECT1,A. kenti,Aken,5,9,2023,Magnetic_Island,-19.16596332,146.8522072,-19.16596332,146.8522072,colony GPS,10,1.8,NA,NA,Aken_7_Magnetic
Aken_8_Magnetic,ECT1,A. kenti,Aken,5,9,2023,Magnetic_Island,-19.16597195,146.8521953,-19.16597195,146.8521953,colony GPS,10,1.9,NA,NA,Aken_8_Magnetic
Aken_9_Magnetic,ECT1,A. kenti,Aken,5,9,2023,Magnetic_Island,-19.16591344,146.8522634,-19.16591344,146.8522634,colony GPS,10,1.3,NA,NA,Aken_9_Magnetic